count	kind	name	caller_package	entry
10264	L-full	meta::relational::extension::relationalExtensions	<query>	com.legend.test.PureTestRunner
8719	L	execute	<query>	com.legend.test.PureTestRunner
8368	L-full	meta::external::store::relational::tests::testRuntime	<query>	com.legend.test.PureTestRunner
4448	L	sqlRemoveFormatting	<query>	com.legend.test.PureTestRunner
1728	L	assertSameSQL	<query>	com.legend.test.PureTestRunner
1348	L	assertEqualsH2Compatible	<query>	com.legend.test.PureTestRunner
892	L	relationalExtensions	<query>	com.legend.test.PureTestRunner
720	L	toCSV	<query>	com.legend.test.PureTestRunner
620	L	testDataTypeMappingRuntime	<query>	com.legend.test.PureTestRunner
536	L	noDebug	<query>	com.legend.test.PureTestRunner
484	L	executionPlan	<query>	com.legend.test.PureTestRunner
428	L-full	meta::relational::testDataGeneration::createRowIdentifier	<query>	com.legend.test.PureTestRunner
392	L	planToString	<query>	com.legend.test.PureTestRunner
368	L	toSQLString	<query>	com.legend.test.PureTestRunner
280	L	relationTreeAsString	<query>	com.legend.test.PureTestRunner
275	L-full	meta::lite::metamodel::MetamodelMapping$class$meta::relational::metamodel::TableAliasColumn	<query>	com.legend.normalizer.ModelNormalizer
275	L-full	meta::lite::metamodel::MetamodelMapping$class$meta::relational::metamodel::RelationalOperationElementWithJoin	<query>	com.legend.normalizer.ModelNormalizer
275	L-full	meta::lite::metamodel::MetamodelMapping$class$meta::relational::metamodel::LiteralList	<query>	com.legend.normalizer.ModelNormalizer
275	L-full	meta::lite::metamodel::MetamodelMapping$class$meta::relational::metamodel::Literal	<query>	com.legend.normalizer.ModelNormalizer
275	L-full	meta::lite::metamodel::MetamodelMapping$class$meta::relational::metamodel::DynaFunction	<query>	com.legend.normalizer.ModelNormalizer
269	L-full	meta::legend::lite::sourceUrl	<query>	com.legend.normalizer.ModelNormalizer
268	L-full	meta::pure::lineage::scanRelations::scanRelations	<query>	com.legend.test.PureTestRunner
244	L	assertTestData	<query>	com.legend.test.PureTestRunner
216	L	println	<query>	com.legend.test.PureTestRunner
208	L	testRuntime	<query>	com.legend.test.PureTestRunner
192	L-full	meta::relational::tests::mapping::modelJoin::setupTestData	<query>	com.legend.test.PureTestRunner
180	L	sql	<query>	com.legend.test.PureTestRunner
180	L	assertSqlEquals	<query>	com.legend.test.PureTestRunner
172	L	pkOfFunc	<query>	com.legend.test.PureTestRunner
164	L-full	meta::relational::testDataGeneration::createTableRowIdentifiers	<query>	com.legend.test.PureTestRunner
160	L	createRowIdentifier	<query>	com.legend.test.PureTestRunner
156	L	validate	<query>	com.legend.test.PureTestRunner
144	L	assertConversion	<query>	com.legend.test.PureTestRunner
140	L	generateTestData	<query>	com.legend.test.PureTestRunner
136	L	runtime	<query>	com.legend.test.PureTestRunner
128	L-full	meta::relational::tests::createTablesAndFillDb	<query>	com.legend.test.PureTestRunner
128	L	loadAndTestExecution	<query>	com.legend.test.PureTestRunner
120	L	createTableRowIdentifiers	<query>	com.legend.test.PureTestRunner
116	L	enumTestRuntime	<query>	com.legend.test.PureTestRunner
112	L-full	meta::alloy::test::mayExecuteAlloyTest	<query>	com.legend.test.PureTestRunner
110	L-full	meta::pure::functions::collection::removeAll	<query>	com.legend.normalizer.ModelNormalizer
104	L-full	meta::relational::functions::asserts::assertSameSQL	<query>	com.legend.test.PureTestRunner
104	L	pathToElement	<query>	com.legend.test.PureTestRunner
104	L	evaluate	<query>	com.legend.test.PureTestRunner
100	L-full	meta::relational::metamodel::datatype::dataTypeToSqlText	<query>	com.legend.test.PureTestRunner
100	L	classMappingById	<query>	com.legend.test.PureTestRunner
96	L-full	meta::relational::functions::typeInference::inferRelationalType	<query>	com.legend.test.PureTestRunner
96	L	evaluateAndDeactivate	<query>	com.legend.test.PureTestRunner
92	L-full	meta::legend::executeLegendQuery	<query>	com.legend.test.PureTestRunner
88	L-full	meta::lite::metamodel::MetamodelMapping$class$meta::relational::mapping::SQLExecutionNode	<query>	com.legend.normalizer.ModelNormalizer
88	L-full	meta::lite::metamodel::MetamodelMapping$class$meta::relational::mapping::RelationalInstantiationExecutionNode	<query>	com.legend.normalizer.ModelNormalizer
88	L-full	meta::lite::metamodel::MetamodelMapping$class$meta::pure::executionPlan::SequenceExecutionNode	<query>	com.legend.normalizer.ModelNormalizer
88	L-full	meta::lite::metamodel::MetamodelMapping$class$meta::pure::executionPlan::FunctionParametersValidationNode	<query>	com.legend.normalizer.ModelNormalizer
84	L-full	meta::pure::executionPlan::executionPlan	<query>	com.legend.test.PureTestRunner
84	L	table	<query>	com.legend.test.PureTestRunner
80	L	getColumn	<query>	com.legend.test.PureTestRunner
77	L-full	meta::lite::metamodel::MetamodelMapping$class$meta::relational::metamodel::datatype::Varchar	<query>	com.legend.normalizer.ModelNormalizer
77	L-full	meta::lite::metamodel::MetamodelMapping$class$meta::relational::metamodel::datatype::Varbinary	<query>	com.legend.normalizer.ModelNormalizer
77	L-full	meta::lite::metamodel::MetamodelMapping$class$meta::relational::metamodel::datatype::TinyInt	<query>	com.legend.normalizer.ModelNormalizer
77	L-full	meta::lite::metamodel::MetamodelMapping$class$meta::relational::metamodel::datatype::Timestamp	<query>	com.legend.normalizer.ModelNormalizer
77	L-full	meta::lite::metamodel::MetamodelMapping$class$meta::relational::metamodel::datatype::SmallInt	<query>	com.legend.normalizer.ModelNormalizer
77	L-full	meta::lite::metamodel::MetamodelMapping$class$meta::relational::metamodel::datatype::SemiStructured	<query>	com.legend.normalizer.ModelNormalizer
77	L-full	meta::lite::metamodel::MetamodelMapping$class$meta::relational::metamodel::datatype::Real	<query>	com.legend.normalizer.ModelNormalizer
77	L-full	meta::lite::metamodel::MetamodelMapping$class$meta::relational::metamodel::datatype::Other	<query>	com.legend.normalizer.ModelNormalizer
77	L-full	meta::lite::metamodel::MetamodelMapping$class$meta::relational::metamodel::datatype::Object	<query>	com.legend.normalizer.ModelNormalizer
77	L-full	meta::lite::metamodel::MetamodelMapping$class$meta::relational::metamodel::datatype::Numeric	<query>	com.legend.normalizer.ModelNormalizer
77	L-full	meta::lite::metamodel::MetamodelMapping$class$meta::relational::metamodel::datatype::Integer	<query>	com.legend.normalizer.ModelNormalizer
77	L-full	meta::lite::metamodel::MetamodelMapping$class$meta::relational::metamodel::datatype::Float	<query>	com.legend.normalizer.ModelNormalizer
77	L-full	meta::lite::metamodel::MetamodelMapping$class$meta::relational::metamodel::datatype::Double	<query>	com.legend.normalizer.ModelNormalizer
77	L-full	meta::lite::metamodel::MetamodelMapping$class$meta::relational::metamodel::datatype::Distinct	<query>	com.legend.normalizer.ModelNormalizer
77	L-full	meta::lite::metamodel::MetamodelMapping$class$meta::relational::metamodel::datatype::Decimal	<query>	com.legend.normalizer.ModelNormalizer
77	L-full	meta::lite::metamodel::MetamodelMapping$class$meta::relational::metamodel::datatype::Date	<query>	com.legend.normalizer.ModelNormalizer
77	L-full	meta::lite::metamodel::MetamodelMapping$class$meta::relational::metamodel::datatype::Char	<query>	com.legend.normalizer.ModelNormalizer
77	L-full	meta::lite::metamodel::MetamodelMapping$class$meta::relational::metamodel::datatype::Bit	<query>	com.legend.normalizer.ModelNormalizer
77	L-full	meta::lite::metamodel::MetamodelMapping$class$meta::relational::metamodel::datatype::Binary	<query>	com.legend.normalizer.ModelNormalizer
77	L-full	meta::lite::metamodel::MetamodelMapping$class$meta::relational::metamodel::datatype::BigInt	<query>	com.legend.normalizer.ModelNormalizer
77	L-full	meta::lite::metamodel::MetamodelMapping$class$meta::relational::metamodel::datatype::Array	<query>	com.legend.normalizer.ModelNormalizer
76	L	schema	<query>	com.legend.test.PureTestRunner
76	L	getRuntime	<query>	com.legend.test.PureTestRunner
69	L	assertTdsEquivalent	<query>	com.legend.tools.junit.JUnitMain
68	L	templateFunctionsList	<query>	com.legend.test.PureTestRunner
64	L-full	meta::relational::tests::csv::toCSV	<query>	com.legend.test.PureTestRunner
64	L	resolvePrimaryKey	<query>	com.legend.test.PureTestRunner
64	L	executeInternal	<query>	com.legend.test.PureTestRunner
60	L-full	meta::relational::tests::mapping::inheritance::createTablesAndFillDb	<query>	com.legend.test.PureTestRunner
56	L	toDomainValue	<query>	com.legend.test.PureTestRunner
56	L	generateObjectReferences	<query>	com.legend.test.PureTestRunner
56	L	expressionSequenceReturnsAtLeastToOneDataType	<query>	com.legend.test.PureTestRunner
52	L	propertyMappingsByPropertyName	<query>	com.legend.test.PureTestRunner
48	L-full	meta::relational::tests::mapping::enumeration::enumTestRuntime	<query>	com.legend.test.PureTestRunner
48	L-full	meta::pure::router::execute	<query>	com.legend.test.PureTestRunner
44	L-full	meta::pure::functions::meta::elementToPath	<query>	com.legend.normalizer.ModelNormalizer
44	L-full	meta::lite::metamodel::MetamodelMapping$class$meta::pure::metamodel::valuespecification::VariableExpression	<query>	com.legend.normalizer.ModelNormalizer
44	L-full	meta::lite::metamodel::MetamodelMapping$class$meta::pure::metamodel::valuespecification::InstanceValue	<query>	com.legend.normalizer.ModelNormalizer
44	L-full	meta::lite::metamodel::MetamodelMapping$class$meta::pure::metamodel::valuespecification::FunctionExpression	<query>	com.legend.normalizer.ModelNormalizer
44	L	rootClassMappingByClass	<query>	com.legend.test.PureTestRunner
44	L	getTable	<query>	com.legend.test.PureTestRunner
44	L	firmProjected	<query>	com.legend.test.PureTestRunner
44	L	executeInDb	<query>	com.legend.test.PureTestRunner
42	L-full	meta::pure::functions::relation::greaterThanAll	<query>	com.legend.server.QueryService
40	L-full	meta::relational::testDataGeneration::tests::initDatabase	<query>	com.legend.test.PureTestRunner
40	L	relationalMapperSqlQuery	<query>	com.legend.test.PureTestRunner
39	L-full	meta::pure::functions::relation::greaterThanAny	<query>	com.legend.server.QueryService
36	L	wrapH2Boolean	<query>	com.legend.test.PureTestRunner
36	L	testFirmAgg	<query>	com.legend.test.PureTestRunner
36	L	deactivate	<query>	com.legend.test.PureTestRunner
33	L-full	meta::lite::metamodel::MetamodelMapping$class$meta::relational::metamodel::relation::View	<query>	com.legend.normalizer.ModelNormalizer
33	L-full	meta::lite::metamodel::MetamodelMapping$class$meta::relational::metamodel::relation::Table	<query>	com.legend.normalizer.ModelNormalizer
32	L-full	meta::relational::functions::sqlstring::toSQLString	<query>	com.legend.test.PureTestRunner
32	L	runTest	<query>	com.legend.test.PureTestRunner
32	L	mainTable	<query>	com.legend.test.PureTestRunner
32	L	assertSchemaRoundTripEquality	<query>	com.legend.test.PureTestRunner
32	L	allNodes	<query>	com.legend.test.PureTestRunner
28	L-full	meta::relational::tests::mapping::inheritance::inheritanceMain$class$meta::relational::tests::model::inheritance::Car	<query>	com.legend.normalizer.ModelNormalizer
28	L-full	meta::relational::tests::mapping::inheritance::inheritanceMain$class$meta::relational::tests::model::inheritance::Bicycle	<query>	com.legend.normalizer.ModelNormalizer
28	L-full	meta::relational::testDataGeneration::executionPlan::planTestDataGeneration	<query>	com.legend.test.PureTestRunner
28	L-full	meta::pure::executionPlan::toString::planToString	<query>	com.legend.test.PureTestRunner
28	L	testRuntimeWithCTEPP	<query>	com.legend.test.PureTestRunner
28	L	tableMappers	<query>	com.legend.test.PureTestRunner
28	L	schemaMappers	<query>	com.legend.test.PureTestRunner
28	L	greaterThanAll	<query>	com.legend.tools.junit.JUnitMain
28	L	getModelChainRuntime	<query>	com.legend.test.PureTestRunner
28	L	getM2M2RRuntime	<query>	com.legend.test.PureTestRunner
28	L	fetchDynamicTemplateFunctionsForEnumParams	<query>	com.legend.test.PureTestRunner
28	L	elementToPath	<query>	com.legend.test.PureTestRunner
28	L	databaseMappers	<query>	com.legend.test.PureTestRunner
28	L	createTemporalMilestoningDates	<query>	com.legend.test.PureTestRunner
26	L	greaterThanAny	<query>	com.legend.tools.junit.JUnitMain
24	L-full	meta::relational::transform::autogen::tests::transformClass	<query>	com.legend.test.PureTestRunner
24	L-full	meta::relational::tests::tds::tdsJoin::twoDBRunTime	<query>	com.legend.test.PureTestRunner
24	L-full	meta::relational::tests::mapping::union::createTablesAndFillDb	<query>	com.legend.test.PureTestRunner
24	L-full	meta::relational::tests::mapping::association::inheritence::childMapping$class$meta::relational::tests::model::inheritance::Car	<query>	com.legend.normalizer.ModelNormalizer
24	L-full	meta::relational::tests::mapping::association::inheritence::childMapping$class$meta::relational::tests::model::inheritance::Bicycle	<query>	com.legend.normalizer.ModelNormalizer
24	L-full	meta::relational::milestoning::applyMilestoningFilters	<query>	com.legend.test.PureTestRunner
24	L-full	meta::relational::functions::sqlQueryToString::sqlQueryToString	<query>	com.legend.test.PureTestRunner
24	L-full	meta::pure::mapping::modelToModel::test::shared::getConnection	<query>	com.legend.test.PureTestRunner
24	L-full	meta::pure::executionPlan::toString::planToStringWithoutFormatting	<query>	com.legend.test.PureTestRunner
24	L	view	<query>	com.legend.test.PureTestRunner
24	L	scanProperties	<query>	com.legend.test.PureTestRunner
24	L	scanColumns	<query>	com.legend.test.PureTestRunner
24	L	runLegendTest	<query>	com.legend.test.PureTestRunner
24	L	planToStringWithoutFormatting	<query>	com.legend.test.PureTestRunner
24	L	getXStoreRuntime	<query>	com.legend.test.PureTestRunner
24	L	getConstraintsContextInformation	<query>	com.legend.test.PureTestRunner
24	L	conditionRightTable	<query>	com.legend.test.PureTestRunner
24	L	buildTableAlias	<query>	com.legend.test.PureTestRunner
24	L	buildPropertyTree	<query>	com.legend.test.PureTestRunner
24	L	assertError	<query>	com.legend.tools.junit.JUnitMain
23	L-full	meta::pure::mapping::classMappingById	<query>	com.legend.integration.MetamodelMappingStoreTest
22	L-full	meta::lite::metamodel::MetamodelMapping$class$meta::relational::mapping::RelationalActivity	<query>	com.legend.normalizer.ModelNormalizer
22	L-full	meta::lite::metamodel::MetamodelMapping$class$meta::pure::mapping::aggregationAware::AggregationAwareActivity	<query>	com.legend.normalizer.ModelNormalizer
22	L-full	meta::lite::metamodel::MetamodelMapping$class$meta::external::store::relational::runtime::TestDatabaseConnection	<query>	com.legend.normalizer.ModelNormalizer
22	L-full	meta::lite::metamodel::MetamodelMapping$class$meta::external::store::relational::runtime::RelationalDatabaseConnection	<query>	com.legend.normalizer.ModelNormalizer
22	L	execute	<query>	com.legend.AssertVerdictSpliceTest
20	L-full	meta::relational::tests::mapping::union::unionToUnionMapping$class$meta::relational::tests::model::simple::Person$set$set2	<query>	com.legend.normalizer.ModelNormalizer
20	L-full	meta::relational::tests::mapping::union::unionToUnionMapping$class$meta::relational::tests::model::simple::Person$set$set1	<query>	com.legend.normalizer.ModelNormalizer
20	L-full	meta::relational::tests::mapping::union::unionToUnionMapping$class$meta::relational::tests::model::simple::Firm$set$firm_set2	<query>	com.legend.normalizer.ModelNormalizer
20	L-full	meta::relational::tests::mapping::union::unionToUnionMapping$class$meta::relational::tests::model::simple::Firm$set$firm_set1	<query>	com.legend.normalizer.ModelNormalizer
20	L-full	meta::relational::tests::mapping::union::unionToUnionMapping$class$meta::relational::tests::model::simple::Address$set$a_set2	<query>	com.legend.normalizer.ModelNormalizer
20	L-full	meta::relational::tests::mapping::union::unionToUnionMapping$class$meta::relational::tests::model::simple::Address$set$a_set1	<query>	com.legend.normalizer.ModelNormalizer
20	L-full	meta::relational::tests::mapping::union::unionMappingWithSelfJoin$class$meta::relational::tests::model::simple::Person$set$set2	<query>	com.legend.normalizer.ModelNormalizer
20	L-full	meta::relational::tests::mapping::union::unionMappingWithSelfJoin$class$meta::relational::tests::model::simple::Person$set$set1	<query>	com.legend.normalizer.ModelNormalizer
20	L-full	meta::relational::tests::mapping::union::unionMappingWithEmbeddedProperty2$class$meta::relational::tests::model::simple::Person$set$set2	<query>	com.legend.normalizer.ModelNormalizer
20	L-full	meta::relational::tests::mapping::union::unionMappingWithEmbeddedProperty2$class$meta::relational::tests::model::simple::Person$set$set1	<query>	com.legend.normalizer.ModelNormalizer
20	L-full	meta::relational::tests::mapping::union::unionMappingWithEmbeddedProperty2$class$meta::relational::tests::model::simple::Firm$set$firm_set2	<query>	com.legend.normalizer.ModelNormalizer
20	L-full	meta::relational::tests::mapping::union::unionMappingWithEmbeddedProperty2$class$meta::relational::tests::model::simple::Firm$set$firm_set1	<query>	com.legend.normalizer.ModelNormalizer
20	L-full	meta::relational::tests::mapping::inheritance::relational::union::inheritanceUnion$class$meta::relational::tests::model::inheritance::Car$set$car2	<query>	com.legend.normalizer.ModelNormalizer
20	L-full	meta::relational::tests::mapping::inheritance::relational::union::inheritanceUnion$class$meta::relational::tests::model::inheritance::Car$set$car1	<query>	com.legend.normalizer.ModelNormalizer
20	L-full	meta::relational::tests::m2m2r::runtime	<query>	com.legend.test.PureTestRunner
20	L-full	meta::relational::postProcessor::removeUnionOrJoins::testRuntimeWithRemoveUnionOrJoinsFeatureEnabled	<query>	com.legend.test.PureTestRunner
20	L-full	meta::relational::mapping::sql	<query>	com.legend.test.PureTestRunner
20	L-full	meta::relational::functions::pureToSqlQuery::explodeReturnType	<query>	com.legend.test.PureTestRunner
20	L-full	meta::pure::functions::relation::assertTdsEquivalent	<query>	com.legend.tools.junit.JUnitMain
20	L	useDbNativeImplicitNullOrdering	<query>	com.legend.test.PureTestRunner
20	L	runtimeWithTableReplace	<query>	com.legend.test.PureTestRunner
20	L	runRelationalRouterExtensionConnectionEquality	<query>	com.legend.test.PureTestRunner
20	L	parseJSON	<query>	com.legend.test.PureTestRunner
20	L	fetchDbTablesMetaData	<query>	com.legend.test.PureTestRunner
20	L	fetchDbPrimaryKeysMetaData	<query>	com.legend.test.PureTestRunner
20	L	fetchDbColumnsMetaData	<query>	com.legend.test.PureTestRunner
20	L	dropAndCreateTableInDb	<query>	com.legend.test.PureTestRunner
16	L-full	meta::relational::tests::platform::operations::runtime::testRuntimeUS	<query>	com.legend.test.PureTestRunner
16	L-full	meta::relational::tests::platform::operations::createTablesAndFillDbUS	<query>	com.legend.test.PureTestRunner
16	L-full	meta::relational::tests::mapping::inheritance::relational::union::inheritanceUnion$class$meta::relational::tests::model::inheritance::Bicycle	<query>	com.legend.normalizer.ModelNormalizer
16	L-full	meta::relational::tests::mapping::inheritance::relational::selfJoin::inheritanceMappingDBSelfJoin$class$meta::relational::tests::model::inheritance::Car	<query>	com.legend.normalizer.ModelNormalizer
16	L-full	meta::relational::tests::mapping::inheritance::relational::selfJoin::inheritanceMappingDBSelfJoin$class$meta::relational::tests::model::inheritance::Bicycle	<query>	com.legend.normalizer.ModelNormalizer
16	L-full	meta::relational::tests::mapping::inheritance::relational::multiJoins::inheritance$class$meta::relational::tests::model::inheritance::Car	<query>	com.legend.normalizer.ModelNormalizer
16	L-full	meta::relational::tests::mapping::inheritance::relational::multiJoins::inheritance$class$meta::relational::tests::model::inheritance::Bicycle	<query>	com.legend.normalizer.ModelNormalizer
16	L-full	meta::relational::tests::mapping::association::inheritence::assocMapping$class$meta::relational::tests::model::inheritance::Car	<query>	com.legend.normalizer.ModelNormalizer
16	L-full	meta::relational::tests::mapping::association::inheritence::assocMapping$class$meta::relational::tests::model::inheritance::Bicycle	<query>	com.legend.normalizer.ModelNormalizer
16	L-full	meta::relational::tests::m2m2r::runtimeWithoutChain	<query>	com.legend.test.PureTestRunner
16	L-full	meta::relational::tests::injection::testRuntime	<query>	com.legend.test.PureTestRunner
16	L-full	meta::relational::metamodel::datatype::dataTypeToSqlText	<query>	com.legend.integration.MetamodelQueryFunctionsTest
16	L-full	meta::relational::graphFetch::tests::union::propertyLevel::Mapping6$class$meta::relational::tests::model::simple::Person$set$person_set3	<query>	com.legend.normalizer.ModelNormalizer
16	L-full	meta::relational::graphFetch::tests::union::propertyLevel::Mapping6$class$meta::relational::tests::model::simple::Person$set$person_set2	<query>	com.legend.normalizer.ModelNormalizer
16	L-full	meta::relational::graphFetch::tests::union::propertyLevel::Mapping6$class$meta::relational::tests::model::simple::Person$set$person_set1	<query>	com.legend.normalizer.ModelNormalizer
16	L-full	meta::relational::graphFetch::tests::union::propertyLevel::Mapping6$class$meta::relational::tests::model::simple::Address$set$a_set3	<query>	com.legend.normalizer.ModelNormalizer
16	L-full	meta::relational::graphFetch::tests::union::propertyLevel::Mapping6$class$meta::relational::tests::model::simple::Address$set$a_set2	<query>	com.legend.normalizer.ModelNormalizer
16	L-full	meta::relational::graphFetch::tests::union::propertyLevel::Mapping6$class$meta::relational::tests::model::simple::Address$set$a_set1	<query>	com.legend.normalizer.ModelNormalizer
16	L-full	meta::relational::graphFetch::tests::subType::RootSubTypeWithSubtypeLevelAndRootLevelPropertyUnionMapping$class$meta::relational::graphFetch::tests::subType::LandMark$set$landMarkSet2	<query>	com.legend.normalizer.ModelNormalizer
16	L-full	meta::relational::graphFetch::tests::subType::RootSubTypeWithSubtypeLevelAndRootLevelPropertyUnionMapping$class$meta::relational::graphFetch::tests::subType::LandMark$set$landMarkSet1	<query>	com.legend.normalizer.ModelNormalizer
16	L-full	meta::relational::graphFetch::tests::subType::RootSubTypeWithRootPropertyUnionMapping$class$meta::relational::graphFetch::tests::subType::LandMark$set$landMarkSet2	<query>	com.legend.normalizer.ModelNormalizer
16	L-full	meta::relational::graphFetch::tests::subType::RootSubTypeWithRootPropertyUnionMapping$class$meta::relational::graphFetch::tests::subType::LandMark$set$landMarkSet1	<query>	com.legend.normalizer.ModelNormalizer
16	L-full	meta::pure::router::preeval::preval	<query>	com.legend.test.PureTestRunner
16	L	twoDBRunTime	<query>	com.legend.test.PureTestRunner
16	L	toPrettyJSONString	<query>	com.legend.test.PureTestRunner
16	L	testFetchDbMetaDataRuntime	<query>	com.legend.test.PureTestRunner
16	L	resolveStore	<query>	com.legend.test.PureTestRunner
16	L	getConnection	<query>	com.legend.test.PureTestRunner
16	L	fetchDbSchemasMetaData	<query>	com.legend.test.PureTestRunner
16	L	enumerationMappingByName	<query>	com.legend.test.PureTestRunner
16	L	createDbAndGetConnection	<query>	com.legend.test.PureTestRunner
16	L	createAndFillTestDb	<query>	com.legend.test.PureTestRunner
16	L	constantDate	<query>	com.legend.test.PureTestRunner
16	L	connectionByElement	<query>	com.legend.test.PureTestRunner
16	L	concatenateTemporalTdsQueries	<query>	com.legend.test.PureTestRunner
15	L-full	meta::pure::mapping::rootClassMappingByClass	<query>	com.legend.integration.MetamodelQueryFunctionsTest
15	L-full	meta::pure::functions::relation::lessThanEqualAny	<query>	com.legend.server.QueryService
15	L-full	meta::pure::functions::relation::lessThanEqualAll	<query>	com.legend.server.QueryService
15	L-full	meta::pure::functions::relation::lessThanAny	<query>	com.legend.server.QueryService
15	L-full	meta::pure::functions::relation::lessThanAll	<query>	com.legend.server.QueryService
15	L-full	meta::pure::functions::relation::greaterThanEqualAny	<query>	com.legend.server.QueryService
15	L-full	meta::pure::functions::relation::greaterThanEqualAll	<query>	com.legend.server.QueryService
15	L-full	meta::pure::functions::relation::equalAny	<query>	com.legend.server.QueryService
15	L-full	meta::pure::functions::relation::equalAll	<query>	com.legend.server.QueryService
14	L-full	meta::relational::functions::typeInference::inferRelationalType	<query>	com.legend.integration.MetamodelQueryFunctionsTest
14	L-full	meta::pure::functions::collection::find	<query>	com.legend.server.QueryService
13	L	assertError	<query>	com.legend.AssertErrorNativeTest
12	L-full	meta::relational::tests::simpleRelationalMappingWithChainedUnions$class$meta::relational::tests::model::simple::Address$set$aSet2	<query>	com.legend.normalizer.ModelNormalizer
12	L-full	meta::relational::tests::simpleRelationalMappingWithChainedUnions$class$meta::relational::tests::model::simple::Address$set$aSet1	<query>	com.legend.normalizer.ModelNormalizer
12	L-full	meta::relational::tests::milestoning::milestoningUnionMapWithOrderNonUnion$class$meta::relational::tests::milestoning::Product$set$p2	<query>	com.legend.normalizer.ModelNormalizer
12	L-full	meta::relational::tests::milestoning::milestoningUnionMapWithOrderNonUnion$class$meta::relational::tests::milestoning::Product$set$p1	<query>	com.legend.normalizer.ModelNormalizer
12	L-full	meta::relational::tests::milestoning::businessSnapshotMilestoningMap$class$meta::relational::tests::milestoning::ProductClassification	<query>	com.legend.normalizer.ModelNormalizer
12	L-full	meta::relational::tests::mapping::union::unionMappingWithJoinSequenceInProperty$class$meta::relational::tests::model::simple::Person$set$set2	<query>	com.legend.normalizer.ModelNormalizer
12	L-full	meta::relational::tests::mapping::union::unionMappingWithJoinSequenceInProperty$class$meta::relational::tests::model::simple::Person$set$set1	<query>	com.legend.normalizer.ModelNormalizer
12	L-full	meta::relational::tests::mapping::union::unionMappingWithJoinInProperty$class$meta::relational::tests::model::simple::Person$set$set2	<query>	com.legend.normalizer.ModelNormalizer
12	L-full	meta::relational::tests::mapping::union::unionMappingWithJoinInProperty$class$meta::relational::tests::model::simple::Person$set$set1	<query>	com.legend.normalizer.ModelNormalizer
12	L-full	meta::relational::tests::mapping::union::unionMappingOverlappingPKAndFKColumns$class$meta::relational::tests::model::simple::Person$set$set2	<query>	com.legend.normalizer.ModelNormalizer
12	L-full	meta::relational::tests::mapping::union::unionMappingOverlappingPKAndFKColumns$class$meta::relational::tests::model::simple::Person$set$set1	<query>	com.legend.normalizer.ModelNormalizer
12	L-full	meta::relational::tests::mapping::union::unionMappingOverlappingPKAndFKColumns$class$meta::relational::tests::model::simple::Firm$set$FirmSet2	<query>	com.legend.normalizer.ModelNormalizer
12	L-full	meta::relational::tests::mapping::union::unionMappingOverlappingPKAndFKColumns$class$meta::relational::tests::model::simple::Firm$set$FirmSet1	<query>	com.legend.normalizer.ModelNormalizer
12	L-full	meta::relational::tests::mapping::union::unionMapping$class$meta::relational::tests::model::simple::Person$set$set2	<query>	com.legend.normalizer.ModelNormalizer
12	L-full	meta::relational::tests::mapping::union::unionMapping$class$meta::relational::tests::model::simple::Person$set$set1	<query>	com.legend.normalizer.ModelNormalizer
12	L-full	meta::relational::tests::mapping::union::relation::testTds	<query>	com.legend.test.PureTestRunner
12	L-full	meta::relational::tests::mapping::union::partialForeignKeyUsage::mapping::relationalMapping$class$meta::relational::tests::mapping::union::partialForeignKeyUsage::model::C$set$c2	<query>	com.legend.normalizer.ModelNormalizer
12	L-full	meta::relational::tests::mapping::union::partialForeignKeyUsage::mapping::relationalMapping$class$meta::relational::tests::mapping::union::partialForeignKeyUsage::model::C$set$c1	<query>	com.legend.normalizer.ModelNormalizer
12	L-full	meta::relational::tests::mapping::union::partialForeignKeyUsage::mapping::relationalMapping$class$meta::relational::tests::mapping::union::partialForeignKeyUsage::model::B$set$b2	<query>	com.legend.normalizer.ModelNormalizer
12	L-full	meta::relational::tests::mapping::union::partialForeignKeyUsage::mapping::relationalMapping$class$meta::relational::tests::mapping::union::partialForeignKeyUsage::model::B$set$b1	<query>	com.legend.normalizer.ModelNormalizer
12	L-full	meta::relational::tests::mapping::union::optimized::unionToUnionMappingOptimizedHalf$class$meta::relational::tests::model::simple::Person$set$set2	<query>	com.legend.normalizer.ModelNormalizer
12	L-full	meta::relational::tests::mapping::union::optimized::unionToUnionMappingOptimizedHalf$class$meta::relational::tests::model::simple::Person$set$set1	<query>	com.legend.normalizer.ModelNormalizer
12	L-full	meta::relational::tests::mapping::union::optimized::unionToUnionMappingOptimizedHalf$class$meta::relational::tests::model::simple::Firm$set$firm_set2	<query>	com.legend.normalizer.ModelNormalizer
12	L-full	meta::relational::tests::mapping::union::optimized::unionToUnionMappingOptimizedHalf$class$meta::relational::tests::model::simple::Firm$set$firm_set1	<query>	com.legend.normalizer.ModelNormalizer
12	L-full	meta::relational::tests::mapping::union::optimized::unionToUnionMappingOptimized$class$meta::relational::tests::model::simple::Person$set$set2	<query>	com.legend.normalizer.ModelNormalizer
12	L-full	meta::relational::tests::mapping::union::optimized::unionToUnionMappingOptimized$class$meta::relational::tests::model::simple::Person$set$set1	<query>	com.legend.normalizer.ModelNormalizer
12	L-full	meta::relational::tests::mapping::union::optimized::unionToUnionMappingOptimized$class$meta::relational::tests::model::simple::Firm$set$firm_set2	<query>	com.legend.normalizer.ModelNormalizer
12	L-full	meta::relational::tests::mapping::union::optimized::unionToUnionMappingOptimized$class$meta::relational::tests::model::simple::Firm$set$firm_set1	<query>	com.legend.normalizer.ModelNormalizer
12	L-full	meta::relational::tests::mapping::union::multipleChainedJoins::mapping::unionOfViewsToViewToUnion$class$meta::relational::tests::mapping::union::multipleChainedJoins::model::Z$set$z2	<query>	com.legend.normalizer.ModelNormalizer
12	L-full	meta::relational::tests::mapping::union::multipleChainedJoins::mapping::unionOfViewsToViewToUnion$class$meta::relational::tests::mapping::union::multipleChainedJoins::model::Z$set$z1	<query>	com.legend.normalizer.ModelNormalizer
12	L-full	meta::relational::tests::mapping::union::multipleChainedJoins::mapping::multipleChainedJoinsMappingWithUnionAcross4SetsV5$class$meta::relational::tests::mapping::union::multipleChainedJoins::model::Y$set$y3	<query>	com.legend.normalizer.ModelNormalizer
12	L-full	meta::relational::tests::mapping::union::multipleChainedJoins::mapping::multipleChainedJoinsMappingWithUnionAcross4SetsV5$class$meta::relational::tests::mapping::union::multipleChainedJoins::model::Y$set$y2	<query>	com.legend.normalizer.ModelNormalizer
12	L-full	meta::relational::tests::mapping::union::multipleChainedJoins::mapping::multipleChainedJoinsMappingWithUnionAcross4SetsV5$class$meta::relational::tests::mapping::union::multipleChainedJoins::model::Y$set$y1	<query>	com.legend.normalizer.ModelNormalizer
12	L-full	meta::relational::tests::mapping::union::multipleChainedJoins::mapping::multipleChainedJoinsMappingWithUnionAcross4SetsV5$class$meta::relational::tests::mapping::union::multipleChainedJoins::model::Y$set$y0	<query>	com.legend.normalizer.ModelNormalizer
12	L-full	meta::relational::tests::mapping::union::multipleChainedJoins::mapping::multipleChainedJoinsMappingWithUnionAcross4SetsV4$class$meta::relational::tests::mapping::union::multipleChainedJoins::model::Y$set$y3	<query>	com.legend.normalizer.ModelNormalizer
12	L-full	meta::relational::tests::mapping::union::multipleChainedJoins::mapping::multipleChainedJoinsMappingWithUnionAcross4SetsV4$class$meta::relational::tests::mapping::union::multipleChainedJoins::model::Y$set$y2	<query>	com.legend.normalizer.ModelNormalizer
12	L-full	meta::relational::tests::mapping::union::multipleChainedJoins::mapping::multipleChainedJoinsMappingWithUnionAcross4SetsV4$class$meta::relational::tests::mapping::union::multipleChainedJoins::model::Y$set$y1	<query>	com.legend.normalizer.ModelNormalizer
12	L-full	meta::relational::tests::mapping::union::multipleChainedJoins::mapping::multipleChainedJoinsMappingWithUnionAcross4SetsV4$class$meta::relational::tests::mapping::union::multipleChainedJoins::model::Y$set$y0	<query>	com.legend.normalizer.ModelNormalizer
12	L-full	meta::relational::tests::mapping::union::multipleChainedJoins::mapping::multipleChainedJoinsMappingWithUnionAcross4SetsV2$class$meta::relational::tests::mapping::union::multipleChainedJoins::model::Y$set$y3	<query>	com.legend.normalizer.ModelNormalizer
12	L-full	meta::relational::tests::mapping::union::multipleChainedJoins::mapping::multipleChainedJoinsMappingWithUnionAcross4SetsV2$class$meta::relational::tests::mapping::union::multipleChainedJoins::model::Y$set$y2	<query>	com.legend.normalizer.ModelNormalizer
12	L-full	meta::relational::tests::mapping::union::multipleChainedJoins::mapping::multipleChainedJoinsMappingWithUnionAcross4SetsV2$class$meta::relational::tests::mapping::union::multipleChainedJoins::model::Y$set$y1	<query>	com.legend.normalizer.ModelNormalizer
12	L-full	meta::relational::tests::mapping::union::multipleChainedJoins::mapping::multipleChainedJoinsMappingWithUnionAcross4SetsV2$class$meta::relational::tests::mapping::union::multipleChainedJoins::model::Y$set$y0	<query>	com.legend.normalizer.ModelNormalizer
12	L-full	meta::relational::tests::mapping::union::multipleChainedJoins::mapping::multipleChainedJoinsMappingWithUnionAcross4SetsV1$class$meta::relational::tests::mapping::union::multipleChainedJoins::model::Y$set$y3	<query>	com.legend.normalizer.ModelNormalizer
12	L-full	meta::relational::tests::mapping::union::multipleChainedJoins::mapping::multipleChainedJoinsMappingWithUnionAcross4SetsV1$class$meta::relational::tests::mapping::union::multipleChainedJoins::model::Y$set$y2	<query>	com.legend.normalizer.ModelNormalizer
12	L-full	meta::relational::tests::mapping::union::multipleChainedJoins::mapping::multipleChainedJoinsMappingWithUnionAcross4SetsV1$class$meta::relational::tests::mapping::union::multipleChainedJoins::model::Y$set$y1	<query>	com.legend.normalizer.ModelNormalizer
12	L-full	meta::relational::tests::mapping::union::multipleChainedJoins::mapping::multipleChainedJoinsMappingWithUnionAcross4SetsV1$class$meta::relational::tests::mapping::union::multipleChainedJoins::model::Y$set$y0	<query>	com.legend.normalizer.ModelNormalizer
12	L-full	meta::relational::tests::mapping::union::multipleChainedJoins::mapping::multipleChainedJoinsMappingWithUnionAcross3SetsV5$class$meta::relational::tests::mapping::union::multipleChainedJoins::model::Y$set$y2	<query>	com.legend.normalizer.ModelNormalizer
12	L-full	meta::relational::tests::mapping::union::multipleChainedJoins::mapping::multipleChainedJoinsMappingWithUnionAcross3SetsV5$class$meta::relational::tests::mapping::union::multipleChainedJoins::model::Y$set$y1	<query>	com.legend.normalizer.ModelNormalizer
12	L-full	meta::relational::tests::mapping::union::multipleChainedJoins::mapping::multipleChainedJoinsMappingWithUnionAcross3SetsV5$class$meta::relational::tests::mapping::union::multipleChainedJoins::model::Y$set$y0	<query>	com.legend.normalizer.ModelNormalizer
12	L-full	meta::relational::tests::mapping::union::multipleChainedJoins::mapping::multipleChainedJoinsMappingWithUnionAcross3SetsV4$class$meta::relational::tests::mapping::union::multipleChainedJoins::model::Y$set$y2	<query>	com.legend.normalizer.ModelNormalizer
12	L-full	meta::relational::tests::mapping::union::multipleChainedJoins::mapping::multipleChainedJoinsMappingWithUnionAcross3SetsV4$class$meta::relational::tests::mapping::union::multipleChainedJoins::model::Y$set$y1	<query>	com.legend.normalizer.ModelNormalizer
12	L-full	meta::relational::tests::mapping::union::multipleChainedJoins::mapping::multipleChainedJoinsMappingWithUnionAcross3SetsV4$class$meta::relational::tests::mapping::union::multipleChainedJoins::model::Y$set$y0	<query>	com.legend.normalizer.ModelNormalizer
12	L-full	meta::relational::tests::mapping::union::multipleChainedJoins::mapping::multipleChainedJoinsMappingWithUnionAcross3SetsV2$class$meta::relational::tests::mapping::union::multipleChainedJoins::model::Y$set$y2	<query>	com.legend.normalizer.ModelNormalizer
12	L-full	meta::relational::tests::mapping::union::multipleChainedJoins::mapping::multipleChainedJoinsMappingWithUnionAcross3SetsV2$class$meta::relational::tests::mapping::union::multipleChainedJoins::model::Y$set$y1	<query>	com.legend.normalizer.ModelNormalizer
12	L-full	meta::relational::tests::mapping::union::multipleChainedJoins::mapping::multipleChainedJoinsMappingWithUnionAcross3SetsV2$class$meta::relational::tests::mapping::union::multipleChainedJoins::model::Y$set$y0	<query>	com.legend.normalizer.ModelNormalizer
12	L-full	meta::relational::tests::mapping::union::multipleChainedJoins::mapping::multipleChainedJoinsMappingWithUnionAcross3SetsV1$class$meta::relational::tests::mapping::union::multipleChainedJoins::model::Y$set$y2	<query>	com.legend.normalizer.ModelNormalizer
12	L-full	meta::relational::tests::mapping::union::multipleChainedJoins::mapping::multipleChainedJoinsMappingWithUnionAcross3SetsV1$class$meta::relational::tests::mapping::union::multipleChainedJoins::model::Y$set$y1	<query>	com.legend.normalizer.ModelNormalizer
12	L-full	meta::relational::tests::mapping::union::multipleChainedJoins::mapping::multipleChainedJoinsMappingWithUnionAcross3SetsV1$class$meta::relational::tests::mapping::union::multipleChainedJoins::model::Y$set$y0	<query>	com.legend.normalizer.ModelNormalizer
12	L-full	meta::relational::tests::mapping::union::multipleChainedJoins::mapping::multipleChainedJoinsMappingWithUnionAcross2SetsV5$class$meta::relational::tests::mapping::union::multipleChainedJoins::model::Y$set$y1	<query>	com.legend.normalizer.ModelNormalizer
12	L-full	meta::relational::tests::mapping::union::multipleChainedJoins::mapping::multipleChainedJoinsMappingWithUnionAcross2SetsV5$class$meta::relational::tests::mapping::union::multipleChainedJoins::model::Y$set$y0	<query>	com.legend.normalizer.ModelNormalizer
12	L-full	meta::relational::tests::mapping::union::multipleChainedJoins::mapping::multipleChainedJoinsMappingWithUnionAcross2SetsV4$class$meta::relational::tests::mapping::union::multipleChainedJoins::model::Y$set$y1	<query>	com.legend.normalizer.ModelNormalizer
12	L-full	meta::relational::tests::mapping::union::multipleChainedJoins::mapping::multipleChainedJoinsMappingWithUnionAcross2SetsV4$class$meta::relational::tests::mapping::union::multipleChainedJoins::model::Y$set$y0	<query>	com.legend.normalizer.ModelNormalizer
12	L-full	meta::relational::tests::mapping::union::multipleChainedJoins::mapping::multipleChainedJoinsMappingWithUnionAcross2SetsV2$class$meta::relational::tests::mapping::union::multipleChainedJoins::model::Y$set$y1	<query>	com.legend.normalizer.ModelNormalizer
12	L-full	meta::relational::tests::mapping::union::multipleChainedJoins::mapping::multipleChainedJoinsMappingWithUnionAcross2SetsV2$class$meta::relational::tests::mapping::union::multipleChainedJoins::model::Y$set$y0	<query>	com.legend.normalizer.ModelNormalizer
12	L-full	meta::relational::tests::mapping::union::multipleChainedJoins::mapping::multipleChainedJoinsMappingWithUnionAcross2SetsV1$class$meta::relational::tests::mapping::union::multipleChainedJoins::model::Y$set$y1	<query>	com.legend.normalizer.ModelNormalizer
12	L-full	meta::relational::tests::mapping::union::multipleChainedJoins::mapping::multipleChainedJoinsMappingWithUnionAcross2SetsV1$class$meta::relational::tests::mapping::union::multipleChainedJoins::model::Y$set$y0	<query>	com.legend.normalizer.ModelNormalizer
12	L-full	meta::relational::tests::mapping::union::chainedJoinsWithUnionsAndIsolation$class$meta::relational::tests::model::simple::Person$set$set2	<query>	com.legend.normalizer.ModelNormalizer
12	L-full	meta::relational::tests::mapping::union::chainedJoinsWithUnionsAndIsolation$class$meta::relational::tests::model::simple::Person$set$set1	<query>	com.legend.normalizer.ModelNormalizer
12	L-full	meta::relational::tests::mapping::union::chainedJoinsWithUnionsAndIsolation$class$meta::relational::tests::model::simple::Firm$set$FirmSet2	<query>	com.legend.normalizer.ModelNormalizer
12	L-full	meta::relational::tests::mapping::union::chainedJoinsWithUnionsAndIsolation$class$meta::relational::tests::model::simple::Firm$set$FirmSet1	<query>	com.legend.normalizer.ModelNormalizer
12	L-full	meta::relational::tests::mapping::union::biTemporal::biTemporalUnionMapping$class$meta::relational::tests::mapping::union::biTemporal::BiTemporalParty$set$selectParty	<query>	com.legend.normalizer.ModelNormalizer
12	L-full	meta::relational::tests::mapping::extend::union::propertyMapping::testMapping$class$meta::relational::tests::mapping::extend::model::E$set$eSet2	<query>	com.legend.normalizer.ModelNormalizer
12	L-full	meta::relational::tests::mapping::extend::union::propertyMapping::testMapping$class$meta::relational::tests::mapping::extend::model::C$set$cSet2	<query>	com.legend.normalizer.ModelNormalizer
12	L-full	meta::relational::tests::mapping::extend::union::propertyMapping::testMapping$class$meta::relational::tests::mapping::extend::model::C$set$cSet1	<query>	com.legend.normalizer.ModelNormalizer
12	L-full	meta::relational::tests::mapping::extend::union::propertyMapping::testMapping$class$meta::relational::tests::mapping::extend::model::B$set$bSet2	<query>	com.legend.normalizer.ModelNormalizer
12	L-full	meta::relational::tests::mapping::extend::union::propertyMapping::testMapping$class$meta::relational::tests::mapping::extend::model::B$set$bSet1	<query>	com.legend.normalizer.ModelNormalizer
12	L-full	meta::relational::tests::mapping::extend::union::propertyMapping::testMapping$class$meta::relational::tests::mapping::extend::model::A$set$aSet2	<query>	com.legend.normalizer.ModelNormalizer
12	L-full	meta::relational::tests::mapping::extend::union::propertyMapping::testMapping$class$meta::relational::tests::mapping::extend::model::A$set$aSet1	<query>	com.legend.normalizer.ModelNormalizer
12	L-full	meta::relational::tests::advanced::resultSourcing::getConnection	<query>	com.legend.test.PureTestRunner
12	L-full	meta::relational::testDataGeneration::getRelationalCSVDataFromQuery	<query>	com.legend.test.PureTestRunner
12	L-full	meta::relational::postProcessor::postprocess	<query>	com.legend.test.PureTestRunner
12	L-full	meta::relational::graphFetch::tests::union::relationalGraphFetchUnionWithMilestoning::MilestoningUnionMap$class$meta::relational::tests::milestoning::ProductSynonym$set$s2	<query>	com.legend.normalizer.ModelNormalizer
12	L-full	meta::relational::graphFetch::tests::union::relationalGraphFetchUnionWithMilestoning::MilestoningUnionMap$class$meta::relational::tests::milestoning::ProductSynonym$set$s1	<query>	com.legend.normalizer.ModelNormalizer
12	L-full	meta::relational::graphFetch::tests::union::relationalGraphFetchUnionWithMilestoning::MilestoningUnionMap$class$meta::relational::tests::milestoning::ProductClassification$set$c2	<query>	com.legend.normalizer.ModelNormalizer
12	L-full	meta::relational::graphFetch::tests::union::relationalGraphFetchUnionWithMilestoning::MilestoningUnionMap$class$meta::relational::tests::milestoning::ProductClassification$set$c1	<query>	com.legend.normalizer.ModelNormalizer
12	L-full	meta::relational::graphFetch::tests::union::relationalGraphFetchUnionWithMilestoning::MilestoningUnionMap$class$meta::relational::tests::milestoning::Product$set$p2	<query>	com.legend.normalizer.ModelNormalizer
12	L-full	meta::relational::graphFetch::tests::union::relationalGraphFetchUnionWithMilestoning::MilestoningUnionMap$class$meta::relational::tests::milestoning::Product$set$p1	<query>	com.legend.normalizer.ModelNormalizer
12	L-full	meta::relational::graphFetch::tests::union::relationalGraphFetchUnionWithMilestoning::MilestoningUnionMap$class$meta::relational::tests::milestoning::Exchange$set$e2	<query>	com.legend.normalizer.ModelNormalizer
12	L-full	meta::relational::graphFetch::tests::union::relationalGraphFetchUnionWithMilestoning::MilestoningUnionMap$class$meta::relational::tests::milestoning::Exchange$set$e1	<query>	com.legend.normalizer.ModelNormalizer
12	L-full	meta::relational::graphFetch::tests::union::propertyLevel::Mapping5$class$meta::relational::tests::model::simple::Person$set$person_set2	<query>	com.legend.normalizer.ModelNormalizer
12	L-full	meta::relational::graphFetch::tests::union::propertyLevel::Mapping5$class$meta::relational::tests::model::simple::Person$set$person_set1	<query>	com.legend.normalizer.ModelNormalizer
12	L-full	meta::relational::graphFetch::tests::union::propertyLevel::Mapping4$class$meta::relational::tests::model::simple::Address$set$a_set2	<query>	com.legend.normalizer.ModelNormalizer
12	L-full	meta::relational::graphFetch::tests::union::propertyLevel::Mapping4$class$meta::relational::tests::model::simple::Address$set$a_set1	<query>	com.legend.normalizer.ModelNormalizer
12	L-full	meta::relational::graphFetch::tests::union::propertyLevel::Mapping3$class$meta::relational::tests::model::simple::Address$set$a_set2	<query>	com.legend.normalizer.ModelNormalizer
12	L-full	meta::relational::graphFetch::tests::union::propertyLevel::Mapping3$class$meta::relational::tests::model::simple::Address$set$a_set1	<query>	com.legend.normalizer.ModelNormalizer
12	L-full	meta::relational::graphFetch::tests::union::propertyLevel::Mapping1$class$meta::relational::tests::model::simple::Person$set$person_set2	<query>	com.legend.normalizer.ModelNormalizer
12	L-full	meta::relational::graphFetch::tests::union::propertyLevel::Mapping1$class$meta::relational::tests::model::simple::Person$set$person_set1	<query>	com.legend.normalizer.ModelNormalizer
12	L-full	meta::relational::graphFetch::tests::union::propertyLevel::Mapping1$class$meta::relational::tests::model::simple::Address$set$a_set2	<query>	com.legend.normalizer.ModelNormalizer
12	L-full	meta::relational::graphFetch::tests::union::propertyLevel::Mapping1$class$meta::relational::tests::model::simple::Address$set$a_set1	<query>	com.legend.normalizer.ModelNormalizer
12	L-full	meta::relational::functions::sqlstring::toSQLStringPretty	<query>	com.legend.test.PureTestRunner
12	L-full	meta::relational::functions::sqlstring::toSQL	<query>	com.legend.test.PureTestRunner
12	L-full	meta::relational::functions::sqlQueryToString::createDbConfig	<query>	com.legend.test.PureTestRunner
12	L-full	meta::alloy::service::execution::setUpDataSQLs	<query>	com.legend.test.PureTestRunner
12	L	useDbNativeImplicitNullOrderingGenerationFeatureName	<query>	com.legend.test.PureTestRunner
12	L	scanRelations	<query>	com.legend.test.PureTestRunner
12	L	processIdentifierWithDoubleQuotes	<query>	com.legend.test.PureTestRunner
12	L	processIdentifierWithBackTicks	<query>	com.legend.test.PureTestRunner
12	L	plusOne	<query>	com.legend.test.PureTestRunner
12	L	newState	<query>	com.legend.test.PureTestRunner
12	L	getValue	<query>	com.legend.test.PureTestRunner
12	L	getJoinTreeNode	<query>	com.legend.test.PureTestRunner
12	L	firmGetAll	<query>	com.legend.test.PureTestRunner
12	L	findAliasMappingBySchemaName	<query>	com.legend.test.PureTestRunner
12	L	fetchExecutionPlanStringForEnumParams	<query>	com.legend.test.PureTestRunner
12	L	executionPlanForQueryWithDateTimeConstantForDatabaseConnectionTimeZone	<query>	com.legend.test.PureTestRunner
12	L	executeServiceTests	<query>	com.legend.test.PureTestRunner
12	L	createTableStatement	<query>	com.legend.test.PureTestRunner
12	L	column	<query>	com.legend.test.PureTestRunner
12	L	buildQuery	<query>	com.legend.test.PureTestRunner
12	L	buildJoinTreeNode	<query>	com.legend.test.PureTestRunner
12	L	biTemporalTestRuntime	<query>	com.legend.test.PureTestRunner
12	L	assertPlanGenerationForOptionalParameter	<query>	com.legend.test.PureTestRunner
12	L	alloyConfig	<query>	com.legend.test.PureTestRunner
11	L-full	meta::pure::tools::indent	<query>	com.legend.normalizer.ModelNormalizer
11	L-full	meta::pure::functions::lang::mutateAdd	<query>	com.legend.normalizer.ModelNormalizer
11	L-full	meta::pure::functions::lang::evaluate	<query>	com.legend.normalizer.ModelNormalizer
11	L-full	meta::lite::metamodel::MetamodelMapping$class$meta::relational::metamodel::TableAlias	<query>	com.legend.normalizer.ModelNormalizer
11	L-full	meta::lite::metamodel::MetamodelMapping$class$meta::relational::metamodel::Column	<query>	com.legend.normalizer.ModelNormalizer
11	L-full	meta::lite::metamodel::MetamodelMapping$class$meta::pure::metamodel::multiplicity::MultiplicityValue$set$mvHi	<query>	com.legend.normalizer.ModelNormalizer
10	L-full	meta::pure::mapping::propertyMappingsByPropertyName	<query>	com.legend.integration.MetamodelQueryFunctionsTest
10	L-full	meta::pure::functions::lang::tests::newInferenceAtRuntime::structure	<query>	com.legend.normalizer.ModelNormalizer
10	L	lessThanEqualAny	<query>	com.legend.tools.junit.JUnitMain
10	L	lessThanEqualAll	<query>	com.legend.tools.junit.JUnitMain
10	L	lessThanAny	<query>	com.legend.tools.junit.JUnitMain
10	L	lessThanAll	<query>	com.legend.tools.junit.JUnitMain
10	L	greaterThanEqualAny	<query>	com.legend.tools.junit.JUnitMain
10	L	greaterThanEqualAll	<query>	com.legend.tools.junit.JUnitMain
10	L	execute	l	com.legend.ladder.LeanSqlLadderTest
10	L	equalAny	<query>	com.legend.tools.junit.JUnitMain
10	L	equalAll	<query>	com.legend.tools.junit.JUnitMain
9	L-full	meta::relational::mapping::resolvePrimaryKey	<query>	com.legend.integration.MetamodelMappingStoreTest
9	L-full	meta::pure::router::execute	<query>	com.legend.exec.ExecuteFrameTest
8	L-full	meta::relational::validation::tests::milestoning::MilestoneUnionMapping$class$meta::relational::validation::tests::milestoning::ProductClassification$set$c2	<query>	com.legend.normalizer.ModelNormalizer
8	L-full	meta::relational::validation::tests::milestoning::MilestoneUnionMapping$class$meta::relational::validation::tests::milestoning::ProductClassification$set$c1	<query>	com.legend.normalizer.ModelNormalizer
8	L-full	meta::relational::tests::UnionViewJoinsMapping$class$meta::relational::tests::model::simple::Person$set$p2	<query>	com.legend.normalizer.ModelNormalizer
8	L-full	meta::relational::tests::UnionViewJoinsMapping$class$meta::relational::tests::model::simple::Person$set$p1	<query>	com.legend.normalizer.ModelNormalizer
8	L-full	meta::relational::tests::simpleRelationalMappingWithChainedUnions$class$meta::relational::tests::model::simple::Person$set$pSet2	<query>	com.legend.normalizer.ModelNormalizer
8	L-full	meta::relational::tests::simpleRelationalMappingWithChainedUnions$class$meta::relational::tests::model::simple::Person$set$pSet1	<query>	com.legend.normalizer.ModelNormalizer
8	L-full	meta::relational::tests::projection::exists::mappingForMultipleSubTypes$class$meta::relational::tests::projection::exists::Public	<query>	com.legend.normalizer.ModelNormalizer
8	L-full	meta::relational::tests::projection::exists::mappingForMultipleSubTypes$class$meta::relational::tests::projection::exists::Private	<query>	com.legend.normalizer.ModelNormalizer
8	L-full	meta::relational::tests::model::inheritance::milestoned::MilestonedInheritanceMapping$class$meta::relational::tests::model::inheritance::milestoned::Car	<query>	com.legend.normalizer.ModelNormalizer
8	L-full	meta::relational::tests::model::inheritance::milestoned::MilestonedInheritanceMapping$class$meta::relational::tests::model::inheritance::milestoned::Bicycle	<query>	com.legend.normalizer.ModelNormalizer
8	L-full	meta::relational::tests::milestoning::UnionOnViewWithMilestoningMapping$class$meta::relational::tests::milestoning::ProductClassification$set$stock	<query>	com.legend.normalizer.ModelNormalizer
8	L-full	meta::relational::tests::milestoning::UnionOnViewWithMilestoningMapping$class$meta::relational::tests::milestoning::ProductClassification$set$option	<query>	com.legend.normalizer.ModelNormalizer
8	L-full	meta::relational::tests::milestoning::processingSnapshotMilestoningUnionMap$class$meta::relational::tests::milestoning::ProcessingTemporalProductClassification$set$c2	<query>	com.legend.normalizer.ModelNormalizer
8	L-full	meta::relational::tests::milestoning::processingSnapshotMilestoningUnionMap$class$meta::relational::tests::milestoning::ProcessingTemporalProduct$set$p2	<query>	com.legend.normalizer.ModelNormalizer
8	L-full	meta::relational::tests::milestoning::partiallyMilestoningUnionMap$class$meta::relational::tests::milestoning::ProductClassification$set$c2	<query>	com.legend.normalizer.ModelNormalizer
8	L-full	meta::relational::tests::milestoning::partiallyMilestoningUnionMap$class$meta::relational::tests::milestoning::ProductClassification$set$c1	<query>	com.legend.normalizer.ModelNormalizer
8	L-full	meta::relational::tests::milestoning::partiallyMilestoningUnionMap$class$meta::relational::tests::milestoning::Product$set$p2	<query>	com.legend.normalizer.ModelNormalizer
8	L-full	meta::relational::tests::milestoning::partiallyMilestoningUnionMap$class$meta::relational::tests::milestoning::Product$set$p1	<query>	com.legend.normalizer.ModelNormalizer
8	L-full	meta::relational::tests::milestoning::OutFromInclusiveMapping$class$meta::relational::tests::milestoning::BiTemporalProduct	<query>	com.legend.normalizer.ModelNormalizer
8	L-full	meta::relational::tests::milestoning::milestoningUnionMapWithOrderNonUnion$class$meta::relational::tests::milestoning::ProductClassification$set$c2	<query>	com.legend.normalizer.ModelNormalizer
8	L-full	meta::relational::tests::milestoning::milestoningUnionMapWithOrderNonUnion$class$meta::relational::tests::milestoning::ProductClassification$set$c1	<query>	com.legend.normalizer.ModelNormalizer
8	L-full	meta::relational::tests::milestoning::InThruInclusiveMapping$class$meta::relational::tests::milestoning::BiTemporalProduct	<query>	com.legend.normalizer.ModelNormalizer
8	L-full	meta::relational::tests::milestoning::inheritance::union::inheritanceUnionMapping$class$meta::relational::tests::milestoning::ProductSynonym$set$isin	<query>	com.legend.normalizer.ModelNormalizer
8	L-full	meta::relational::tests::milestoning::inheritance::union::inheritanceUnionMapping$class$meta::relational::tests::milestoning::ProductSynonym$set$cusip	<query>	com.legend.normalizer.ModelNormalizer
8	L-full	meta::relational::tests::milestoning::hybridMilestoningUnionMap$class$meta::relational::tests::milestoning::BiTemporalProductClassification$set$c6	<query>	com.legend.normalizer.ModelNormalizer
8	L-full	meta::relational::tests::milestoning::hybridMilestoningUnionMap$class$meta::relational::tests::milestoning::BiTemporalProductClassification$set$c5	<query>	com.legend.normalizer.ModelNormalizer
8	L-full	meta::relational::tests::milestoning::hybridMilestoningUnionMap$class$meta::relational::tests::milestoning::BiTemporalProductClassification$set$c4	<query>	com.legend.normalizer.ModelNormalizer
8	L-full	meta::relational::tests::milestoning::hybridMilestoningUnionMap$class$meta::relational::tests::milestoning::BiTemporalProductClassification$set$c3	<query>	com.legend.normalizer.ModelNormalizer
8	L-full	meta::relational::tests::milestoning::hybridMilestoningUnionMap$class$meta::relational::tests::milestoning::BiTemporalProductClassification$set$c2	<query>	com.legend.normalizer.ModelNormalizer
8	L-full	meta::relational::tests::milestoning::hybridMilestoningUnionMap$class$meta::relational::tests::milestoning::BiTemporalProductClassification$set$c1	<query>	com.legend.normalizer.ModelNormalizer
8	L-full	meta::relational::tests::milestoning::hybridMilestoningUnionMap$class$meta::relational::tests::milestoning::BiTemporalProduct$set$p6	<query>	com.legend.normalizer.ModelNormalizer
8	L-full	meta::relational::tests::milestoning::hybridMilestoningUnionMap$class$meta::relational::tests::milestoning::BiTemporalProduct$set$p5	<query>	com.legend.normalizer.ModelNormalizer
8	L-full	meta::relational::tests::milestoning::hybridMilestoningUnionMap$class$meta::relational::tests::milestoning::BiTemporalProduct$set$p4	<query>	com.legend.normalizer.ModelNormalizer
8	L-full	meta::relational::tests::milestoning::hybridMilestoningUnionMap$class$meta::relational::tests::milestoning::BiTemporalProduct$set$p3	<query>	com.legend.normalizer.ModelNormalizer
8	L-full	meta::relational::tests::milestoning::hybridMilestoningUnionMap$class$meta::relational::tests::milestoning::BiTemporalProduct$set$p2	<query>	com.legend.normalizer.ModelNormalizer
8	L-full	meta::relational::tests::milestoning::hybridMilestoningUnionMap$class$meta::relational::tests::milestoning::BiTemporalProduct$set$p1	<query>	com.legend.normalizer.ModelNormalizer
8	L-full	meta::relational::tests::milestoning::businessSnapshotMilestoningUnionMap$class$meta::relational::tests::milestoning::ProductClassification$set$c2	<query>	com.legend.normalizer.ModelNormalizer
8	L-full	meta::relational::tests::milestoning::businessSnapshotMilestoningUnionMap$class$meta::relational::tests::milestoning::Product$set$p2	<query>	com.legend.normalizer.ModelNormalizer
8	L-full	meta::relational::tests::mapping::union::unionToUnionMappingWithJoinToSameTableWithDiffKeys$class$meta::relational::tests::model::simple::Person$set$set2	<query>	com.legend.normalizer.ModelNormalizer
8	L-full	meta::relational::tests::mapping::union::unionToUnionMappingWithJoinToSameTableWithDiffKeys$class$meta::relational::tests::model::simple::Person$set$set1	<query>	com.legend.normalizer.ModelNormalizer
8	L-full	meta::relational::tests::mapping::union::unionToUnionMappingForChainedUnions$class$meta::relational::tests::model::simple::TemporalEntityWithAddress$set$set2	<query>	com.legend.normalizer.ModelNormalizer
8	L-full	meta::relational::tests::mapping::union::unionToUnionMappingForChainedUnions$class$meta::relational::tests::model::simple::TemporalEntityWithAddress$set$set1	<query>	com.legend.normalizer.ModelNormalizer
8	L-full	meta::relational::tests::mapping::union::unionToUnionMappingForChainedUnions$class$meta::relational::tests::model::simple::Firm$set$firm_set2	<query>	com.legend.normalizer.ModelNormalizer
8	L-full	meta::relational::tests::mapping::union::unionToUnionMappingForChainedUnions$class$meta::relational::tests::model::simple::Firm$set$firm_set1	<query>	com.legend.normalizer.ModelNormalizer
8	L-full	meta::relational::tests::mapping::union::unionToUnionMappingForChainedUnions$class$meta::relational::tests::model::simple::Address$set$a_set2	<query>	com.legend.normalizer.ModelNormalizer
8	L-full	meta::relational::tests::mapping::union::unionToUnionMappingForChainedUnions$class$meta::relational::tests::model::simple::Address$set$a_set1	<query>	com.legend.normalizer.ModelNormalizer
8	L-full	meta::relational::tests::mapping::union::unionToUnionMapping2$class$meta::relational::tests::model::simple::Firm$set$firm_set2	<query>	com.legend.normalizer.ModelNormalizer
8	L-full	meta::relational::tests::mapping::union::unionToUnionMapping2$class$meta::relational::tests::model::simple::Firm$set$firm_set1	<query>	com.legend.normalizer.ModelNormalizer
8	L-full	meta::relational::tests::mapping::union::unionOfViews2$class$meta::relational::tests::model::simple::PersonExtension$set$e2	<query>	com.legend.normalizer.ModelNormalizer
8	L-full	meta::relational::tests::mapping::union::unionOfViews2$class$meta::relational::tests::model::simple::PersonExtension$set$e1	<query>	com.legend.normalizer.ModelNormalizer
8	L-full	meta::relational::tests::mapping::union::unionOfViews$class$meta::relational::tests::model::simple::PersonExtension$set$e2	<query>	com.legend.normalizer.ModelNormalizer
8	L-full	meta::relational::tests::mapping::union::unionOfViews$class$meta::relational::tests::model::simple::PersonExtension$set$e1	<query>	com.legend.normalizer.ModelNormalizer
8	L-full	meta::relational::tests::mapping::union::unionMappingWithSameJoinInPropertyInBothUnions$class$meta::relational::tests::model::simple::Person$set$set2	<query>	com.legend.normalizer.ModelNormalizer
8	L-full	meta::relational::tests::mapping::union::unionMappingWithSameJoinInPropertyInBothUnions$class$meta::relational::tests::model::simple::Person$set$set1	<query>	com.legend.normalizer.ModelNormalizer
8	L-full	meta::relational::tests::mapping::union::unionMappingWithSameJoinInPropertyInBothUnions$class$meta::relational::tests::model::simple::Firm$set$FirmSet2	<query>	com.legend.normalizer.ModelNormalizer
8	L-full	meta::relational::tests::mapping::union::unionMappingWithSameJoinInPropertyInBothUnions$class$meta::relational::tests::model::simple::Firm$set$FirmSet1	<query>	com.legend.normalizer.ModelNormalizer
8	L-full	meta::relational::tests::mapping::union::unionMappingWithAssociationMappingHalfStoreMappingProperty$class$meta::relational::tests::model::simple::Person$set$set2	<query>	com.legend.normalizer.ModelNormalizer
8	L-full	meta::relational::tests::mapping::union::unionMappingWithAssociationMappingHalfStoreMappingProperty$class$meta::relational::tests::model::simple::Person$set$set1	<query>	com.legend.normalizer.ModelNormalizer
8	L-full	meta::relational::tests::mapping::union::unionMappingWithAssociationMapping$class$meta::relational::tests::model::simple::Person$set$set2	<query>	com.legend.normalizer.ModelNormalizer
8	L-full	meta::relational::tests::mapping::union::unionMappingWithAssociationMapping$class$meta::relational::tests::model::simple::Person$set$set1	<query>	com.legend.normalizer.ModelNormalizer
8	L-full	meta::relational::tests::mapping::union::sqlQueryMerging::mapping::unionMapping$class$meta::relational::tests::mapping::union::sqlQueryMerging::model::D$set$d2	<query>	com.legend.normalizer.ModelNormalizer
8	L-full	meta::relational::tests::mapping::union::sqlQueryMerging::mapping::unionMapping$class$meta::relational::tests::mapping::union::sqlQueryMerging::model::D$set$d1	<query>	com.legend.normalizer.ModelNormalizer
8	L-full	meta::relational::tests::mapping::union::sqlQueryMerging::mapping::unionMapping$class$meta::relational::tests::mapping::union::sqlQueryMerging::model::C$set$c2	<query>	com.legend.normalizer.ModelNormalizer
8	L-full	meta::relational::tests::mapping::union::sqlQueryMerging::mapping::unionMapping$class$meta::relational::tests::mapping::union::sqlQueryMerging::model::C$set$c1	<query>	com.legend.normalizer.ModelNormalizer
8	L-full	meta::relational::tests::mapping::union::sqlQueryMerging::mapping::unionMapping$class$meta::relational::tests::mapping::union::sqlQueryMerging::model::B$set$b2	<query>	com.legend.normalizer.ModelNormalizer
8	L-full	meta::relational::tests::mapping::union::sqlQueryMerging::mapping::unionMapping$class$meta::relational::tests::mapping::union::sqlQueryMerging::model::B$set$b1	<query>	com.legend.normalizer.ModelNormalizer
8	L-full	meta::relational::tests::mapping::union::specialUnion::specialUnionMapping$class$meta::relational::tests::model::simple::Person$set$set2	<query>	com.legend.normalizer.ModelNormalizer
8	L-full	meta::relational::tests::mapping::union::specialUnion::specialUnionMapping$class$meta::relational::tests::model::simple::Person$set$set1	<query>	com.legend.normalizer.ModelNormalizer
8	L-full	meta::relational::tests::mapping::union::partialForeignKeyUsage::mapping::relationalMapping$class$meta::relational::tests::mapping::union::partialForeignKeyUsage::model::D$set$d2	<query>	com.legend.normalizer.ModelNormalizer
8	L-full	meta::relational::tests::mapping::union::partialForeignKeyUsage::mapping::relationalMapping$class$meta::relational::tests::mapping::union::partialForeignKeyUsage::model::D$set$d1	<query>	com.legend.normalizer.ModelNormalizer
8	L-full	meta::relational::tests::mapping::union::partialForeignKeyUsage::mapping::relationalMapping$class$meta::relational::tests::mapping::union::partialForeignKeyUsage::model::A$set$a2	<query>	com.legend.normalizer.ModelNormalizer
8	L-full	meta::relational::tests::mapping::union::partialForeignKeyUsage::mapping::relationalMapping$class$meta::relational::tests::mapping::union::partialForeignKeyUsage::model::A$set$a1	<query>	com.legend.normalizer.ModelNormalizer
8	L-full	meta::relational::tests::mapping::union::partial::unionMapping$class$meta::relational::tests::model::simple::Person$set$set2	<query>	com.legend.normalizer.ModelNormalizer
8	L-full	meta::relational::tests::mapping::union::partial::partialUnionMappingOfAddressWithManyPropertyMappings_FirmIdKey_Unmapped$class$meta::relational::tests::model::simple::Person$set$set2	<query>	com.legend.normalizer.ModelNormalizer
8	L-full	meta::relational::tests::mapping::union::partial::partialUnionMappingOfAddressWithManyPropertyMappings_FirmIdKey_Unmapped$class$meta::relational::tests::model::simple::Person$set$set1	<query>	com.legend.normalizer.ModelNormalizer
8	L-full	meta::relational::tests::mapping::union::partial::partialUnionMappingOfAddressWithManyPropertyMappings_FirmIdKey_Unmapped$class$meta::relational::tests::model::simple::Address$set$add2	<query>	com.legend.normalizer.ModelNormalizer
8	L-full	meta::relational::tests::mapping::union::partial::partialUnionMappingOfAddressWithManyPropertyMappings_FirmIdKey_Unmapped$class$meta::relational::tests::model::simple::Address$set$add1	<query>	com.legend.normalizer.ModelNormalizer
8	L-full	meta::relational::tests::mapping::union::partial::partialUnionMappingOfAddressWithManyPropertyMappings_FirmIdKey_Mapped$class$meta::relational::tests::model::simple::Person$set$set2	<query>	com.legend.normalizer.ModelNormalizer
8	L-full	meta::relational::tests::mapping::union::partial::partialUnionMappingOfAddressWithManyPropertyMappings_FirmIdKey_Mapped$class$meta::relational::tests::model::simple::Person$set$set1	<query>	com.legend.normalizer.ModelNormalizer
8	L-full	meta::relational::tests::mapping::union::partial::partialUnionMappingOfAddressWithManyPropertyMappings_FirmIdKey_Mapped$class$meta::relational::tests::model::simple::Address$set$add2	<query>	com.legend.normalizer.ModelNormalizer
8	L-full	meta::relational::tests::mapping::union::partial::partialUnionMappingOfAddressWithManyPropertyMappings_FirmIdKey_Mapped$class$meta::relational::tests::model::simple::Address$set$add1	<query>	com.legend.normalizer.ModelNormalizer
8	L-full	meta::relational::tests::mapping::union::partial::partialUnionMappingOfAddressWithManyPropertyMappings_AddressIdKey$class$meta::relational::tests::model::simple::Person$set$set2	<query>	com.legend.normalizer.ModelNormalizer
8	L-full	meta::relational::tests::mapping::union::partial::partialUnionMappingOfAddressWithManyPropertyMappings_AddressIdKey$class$meta::relational::tests::model::simple::Person$set$set1	<query>	com.legend.normalizer.ModelNormalizer
8	L-full	meta::relational::tests::mapping::union::partial::partialUnionMappingOfAddressWithManyPropertyMappings_AddressIdKey$class$meta::relational::tests::model::simple::Address$set$add2	<query>	com.legend.normalizer.ModelNormalizer
8	L-full	meta::relational::tests::mapping::union::partial::partialUnionMappingOfAddressWithManyPropertyMappings_AddressIdKey$class$meta::relational::tests::model::simple::Address$set$add1	<query>	com.legend.normalizer.ModelNormalizer
8	L-full	meta::relational::tests::mapping::union::optimized::unionMappingWithAssociationMappingOptimized$class$meta::relational::tests::model::simple::Person$set$set2	<query>	com.legend.normalizer.ModelNormalizer
8	L-full	meta::relational::tests::mapping::union::optimized::unionMappingWithAssociationMappingOptimized$class$meta::relational::tests::model::simple::Person$set$set1	<query>	com.legend.normalizer.ModelNormalizer
8	L-full	meta::relational::tests::mapping::union::multipleChainedJoins::mapping::viewToViewToUnion$class$meta::relational::tests::mapping::union::multipleChainedJoins::model::Z$set$z2	<query>	com.legend.normalizer.ModelNormalizer
8	L-full	meta::relational::tests::mapping::union::multipleChainedJoins::mapping::viewToViewToUnion$class$meta::relational::tests::mapping::union::multipleChainedJoins::model::Z$set$z1	<query>	com.legend.normalizer.ModelNormalizer
8	L-full	meta::relational::tests::mapping::union::multipleChainedJoins::mapping::multipleChainedJoinsMappingWithUnionAcross4SetsV4$class$meta::relational::tests::mapping::union::multipleChainedJoins::model::Z$set$z3	<query>	com.legend.normalizer.ModelNormalizer
8	L-full	meta::relational::tests::mapping::union::multipleChainedJoins::mapping::multipleChainedJoinsMappingWithUnionAcross4SetsV4$class$meta::relational::tests::mapping::union::multipleChainedJoins::model::Z$set$z2	<query>	com.legend.normalizer.ModelNormalizer
8	L-full	meta::relational::tests::mapping::union::multipleChainedJoins::mapping::multipleChainedJoinsMappingWithUnionAcross4SetsV4$class$meta::relational::tests::mapping::union::multipleChainedJoins::model::Z$set$z1	<query>	com.legend.normalizer.ModelNormalizer
8	L-full	meta::relational::tests::mapping::union::multipleChainedJoins::mapping::multipleChainedJoinsMappingWithUnionAcross4SetsV4$class$meta::relational::tests::mapping::union::multipleChainedJoins::model::Z$set$z0	<query>	com.legend.normalizer.ModelNormalizer
8	L-full	meta::relational::tests::mapping::union::multipleChainedJoins::mapping::multipleChainedJoinsMappingWithUnionAcross4SetsV3$class$meta::relational::tests::mapping::union::multipleChainedJoins::model::X$set$x3	<query>	com.legend.normalizer.ModelNormalizer
8	L-full	meta::relational::tests::mapping::union::multipleChainedJoins::mapping::multipleChainedJoinsMappingWithUnionAcross4SetsV3$class$meta::relational::tests::mapping::union::multipleChainedJoins::model::X$set$x2	<query>	com.legend.normalizer.ModelNormalizer
8	L-full	meta::relational::tests::mapping::union::multipleChainedJoins::mapping::multipleChainedJoinsMappingWithUnionAcross4SetsV3$class$meta::relational::tests::mapping::union::multipleChainedJoins::model::X$set$x1	<query>	com.legend.normalizer.ModelNormalizer
8	L-full	meta::relational::tests::mapping::union::multipleChainedJoins::mapping::multipleChainedJoinsMappingWithUnionAcross4SetsV3$class$meta::relational::tests::mapping::union::multipleChainedJoins::model::X$set$x0	<query>	com.legend.normalizer.ModelNormalizer
8	L-full	meta::relational::tests::mapping::union::multipleChainedJoins::mapping::multipleChainedJoinsMappingWithUnionAcross4SetsV2$class$meta::relational::tests::mapping::union::multipleChainedJoins::model::X$set$x3	<query>	com.legend.normalizer.ModelNormalizer
8	L-full	meta::relational::tests::mapping::union::multipleChainedJoins::mapping::multipleChainedJoinsMappingWithUnionAcross4SetsV2$class$meta::relational::tests::mapping::union::multipleChainedJoins::model::X$set$x2	<query>	com.legend.normalizer.ModelNormalizer
8	L-full	meta::relational::tests::mapping::union::multipleChainedJoins::mapping::multipleChainedJoinsMappingWithUnionAcross4SetsV2$class$meta::relational::tests::mapping::union::multipleChainedJoins::model::X$set$x1	<query>	com.legend.normalizer.ModelNormalizer
8	L-full	meta::relational::tests::mapping::union::multipleChainedJoins::mapping::multipleChainedJoinsMappingWithUnionAcross4SetsV2$class$meta::relational::tests::mapping::union::multipleChainedJoins::model::X$set$x0	<query>	com.legend.normalizer.ModelNormalizer
8	L-full	meta::relational::tests::mapping::union::multipleChainedJoins::mapping::multipleChainedJoinsMappingWithUnionAcross4SetsV1$class$meta::relational::tests::mapping::union::multipleChainedJoins::model::Z$set$z3	<query>	com.legend.normalizer.ModelNormalizer
8	L-full	meta::relational::tests::mapping::union::multipleChainedJoins::mapping::multipleChainedJoinsMappingWithUnionAcross4SetsV1$class$meta::relational::tests::mapping::union::multipleChainedJoins::model::Z$set$z2	<query>	com.legend.normalizer.ModelNormalizer
8	L-full	meta::relational::tests::mapping::union::multipleChainedJoins::mapping::multipleChainedJoinsMappingWithUnionAcross4SetsV1$class$meta::relational::tests::mapping::union::multipleChainedJoins::model::Z$set$z1	<query>	com.legend.normalizer.ModelNormalizer
8	L-full	meta::relational::tests::mapping::union::multipleChainedJoins::mapping::multipleChainedJoinsMappingWithUnionAcross4SetsV1$class$meta::relational::tests::mapping::union::multipleChainedJoins::model::Z$set$z0	<query>	com.legend.normalizer.ModelNormalizer
8	L-full	meta::relational::tests::mapping::union::multipleChainedJoins::mapping::multipleChainedJoinsMappingWithUnionAcross4SetsV1$class$meta::relational::tests::mapping::union::multipleChainedJoins::model::X$set$x3	<query>	com.legend.normalizer.ModelNormalizer
8	L-full	meta::relational::tests::mapping::union::multipleChainedJoins::mapping::multipleChainedJoinsMappingWithUnionAcross4SetsV1$class$meta::relational::tests::mapping::union::multipleChainedJoins::model::X$set$x2	<query>	com.legend.normalizer.ModelNormalizer
8	L-full	meta::relational::tests::mapping::union::multipleChainedJoins::mapping::multipleChainedJoinsMappingWithUnionAcross4SetsV1$class$meta::relational::tests::mapping::union::multipleChainedJoins::model::X$set$x1	<query>	com.legend.normalizer.ModelNormalizer
8	L-full	meta::relational::tests::mapping::union::multipleChainedJoins::mapping::multipleChainedJoinsMappingWithUnionAcross4SetsV1$class$meta::relational::tests::mapping::union::multipleChainedJoins::model::X$set$x0	<query>	com.legend.normalizer.ModelNormalizer
8	L-full	meta::relational::tests::mapping::union::multipleChainedJoins::mapping::multipleChainedJoinsMappingWithUnionAcross3SetsV4$class$meta::relational::tests::mapping::union::multipleChainedJoins::model::Z$set$z2	<query>	com.legend.normalizer.ModelNormalizer
8	L-full	meta::relational::tests::mapping::union::multipleChainedJoins::mapping::multipleChainedJoinsMappingWithUnionAcross3SetsV4$class$meta::relational::tests::mapping::union::multipleChainedJoins::model::Z$set$z1	<query>	com.legend.normalizer.ModelNormalizer
8	L-full	meta::relational::tests::mapping::union::multipleChainedJoins::mapping::multipleChainedJoinsMappingWithUnionAcross3SetsV4$class$meta::relational::tests::mapping::union::multipleChainedJoins::model::Z$set$z0	<query>	com.legend.normalizer.ModelNormalizer
8	L-full	meta::relational::tests::mapping::union::multipleChainedJoins::mapping::multipleChainedJoinsMappingWithUnionAcross3SetsV3$class$meta::relational::tests::mapping::union::multipleChainedJoins::model::X$set$x2	<query>	com.legend.normalizer.ModelNormalizer
8	L-full	meta::relational::tests::mapping::union::multipleChainedJoins::mapping::multipleChainedJoinsMappingWithUnionAcross3SetsV3$class$meta::relational::tests::mapping::union::multipleChainedJoins::model::X$set$x1	<query>	com.legend.normalizer.ModelNormalizer
8	L-full	meta::relational::tests::mapping::union::multipleChainedJoins::mapping::multipleChainedJoinsMappingWithUnionAcross3SetsV3$class$meta::relational::tests::mapping::union::multipleChainedJoins::model::X$set$x0	<query>	com.legend.normalizer.ModelNormalizer
8	L-full	meta::relational::tests::mapping::union::multipleChainedJoins::mapping::multipleChainedJoinsMappingWithUnionAcross3SetsV2$class$meta::relational::tests::mapping::union::multipleChainedJoins::model::X$set$x2	<query>	com.legend.normalizer.ModelNormalizer
8	L-full	meta::relational::tests::mapping::union::multipleChainedJoins::mapping::multipleChainedJoinsMappingWithUnionAcross3SetsV2$class$meta::relational::tests::mapping::union::multipleChainedJoins::model::X$set$x1	<query>	com.legend.normalizer.ModelNormalizer
8	L-full	meta::relational::tests::mapping::union::multipleChainedJoins::mapping::multipleChainedJoinsMappingWithUnionAcross3SetsV2$class$meta::relational::tests::mapping::union::multipleChainedJoins::model::X$set$x0	<query>	com.legend.normalizer.ModelNormalizer
8	L-full	meta::relational::tests::mapping::union::multipleChainedJoins::mapping::multipleChainedJoinsMappingWithUnionAcross3SetsV1$class$meta::relational::tests::mapping::union::multipleChainedJoins::model::Z$set$z2	<query>	com.legend.normalizer.ModelNormalizer
8	L-full	meta::relational::tests::mapping::union::multipleChainedJoins::mapping::multipleChainedJoinsMappingWithUnionAcross3SetsV1$class$meta::relational::tests::mapping::union::multipleChainedJoins::model::Z$set$z1	<query>	com.legend.normalizer.ModelNormalizer
8	L-full	meta::relational::tests::mapping::union::multipleChainedJoins::mapping::multipleChainedJoinsMappingWithUnionAcross3SetsV1$class$meta::relational::tests::mapping::union::multipleChainedJoins::model::Z$set$z0	<query>	com.legend.normalizer.ModelNormalizer
8	L-full	meta::relational::tests::mapping::union::multipleChainedJoins::mapping::multipleChainedJoinsMappingWithUnionAcross3SetsV1$class$meta::relational::tests::mapping::union::multipleChainedJoins::model::Y$set$y3	<query>	com.legend.normalizer.ModelNormalizer
8	L-full	meta::relational::tests::mapping::union::multipleChainedJoins::mapping::multipleChainedJoinsMappingWithUnionAcross3SetsV1$class$meta::relational::tests::mapping::union::multipleChainedJoins::model::X$set$x2	<query>	com.legend.normalizer.ModelNormalizer
8	L-full	meta::relational::tests::mapping::union::multipleChainedJoins::mapping::multipleChainedJoinsMappingWithUnionAcross3SetsV1$class$meta::relational::tests::mapping::union::multipleChainedJoins::model::X$set$x1	<query>	com.legend.normalizer.ModelNormalizer
8	L-full	meta::relational::tests::mapping::union::multipleChainedJoins::mapping::multipleChainedJoinsMappingWithUnionAcross3SetsV1$class$meta::relational::tests::mapping::union::multipleChainedJoins::model::X$set$x0	<query>	com.legend.normalizer.ModelNormalizer
8	L-full	meta::relational::tests::mapping::union::multipleChainedJoins::mapping::multipleChainedJoinsMappingWithUnionAcross2SetsV4$class$meta::relational::tests::mapping::union::multipleChainedJoins::model::Z$set$z1	<query>	com.legend.normalizer.ModelNormalizer
8	L-full	meta::relational::tests::mapping::union::multipleChainedJoins::mapping::multipleChainedJoinsMappingWithUnionAcross2SetsV4$class$meta::relational::tests::mapping::union::multipleChainedJoins::model::Z$set$z0	<query>	com.legend.normalizer.ModelNormalizer
8	L-full	meta::relational::tests::mapping::union::multipleChainedJoins::mapping::multipleChainedJoinsMappingWithUnionAcross2SetsV3$class$meta::relational::tests::mapping::union::multipleChainedJoins::model::X$set$x1	<query>	com.legend.normalizer.ModelNormalizer
8	L-full	meta::relational::tests::mapping::union::multipleChainedJoins::mapping::multipleChainedJoinsMappingWithUnionAcross2SetsV3$class$meta::relational::tests::mapping::union::multipleChainedJoins::model::X$set$x0	<query>	com.legend.normalizer.ModelNormalizer
8	L-full	meta::relational::tests::mapping::union::multipleChainedJoins::mapping::multipleChainedJoinsMappingWithUnionAcross2SetsV2$class$meta::relational::tests::mapping::union::multipleChainedJoins::model::X$set$x1	<query>	com.legend.normalizer.ModelNormalizer
8	L-full	meta::relational::tests::mapping::union::multipleChainedJoins::mapping::multipleChainedJoinsMappingWithUnionAcross2SetsV2$class$meta::relational::tests::mapping::union::multipleChainedJoins::model::X$set$x0	<query>	com.legend.normalizer.ModelNormalizer
8	L-full	meta::relational::tests::mapping::union::multipleChainedJoins::mapping::multipleChainedJoinsMappingWithUnionAcross2SetsV1$class$meta::relational::tests::mapping::union::multipleChainedJoins::model::Z$set$z1	<query>	com.legend.normalizer.ModelNormalizer
8	L-full	meta::relational::tests::mapping::union::multipleChainedJoins::mapping::multipleChainedJoinsMappingWithUnionAcross2SetsV1$class$meta::relational::tests::mapping::union::multipleChainedJoins::model::Z$set$z0	<query>	com.legend.normalizer.ModelNormalizer
8	L-full	meta::relational::tests::mapping::union::multipleChainedJoins::mapping::multipleChainedJoinsMappingWithUnionAcross2SetsV1$class$meta::relational::tests::mapping::union::multipleChainedJoins::model::Y$set$y3	<query>	com.legend.normalizer.ModelNormalizer
8	L-full	meta::relational::tests::mapping::union::multipleChainedJoins::mapping::multipleChainedJoinsMappingWithUnionAcross2SetsV1$class$meta::relational::tests::mapping::union::multipleChainedJoins::model::Y$set$y2	<query>	com.legend.normalizer.ModelNormalizer
8	L-full	meta::relational::tests::mapping::union::multipleChainedJoins::mapping::multipleChainedJoinsMappingWithUnionAcross2SetsV1$class$meta::relational::tests::mapping::union::multipleChainedJoins::model::X$set$x1	<query>	com.legend.normalizer.ModelNormalizer
8	L-full	meta::relational::tests::mapping::union::multipleChainedJoins::mapping::multipleChainedJoinsMappingWithUnionAcross2SetsV1$class$meta::relational::tests::mapping::union::multipleChainedJoins::model::X$set$x0	<query>	com.legend.normalizer.ModelNormalizer
8	L-full	meta::relational::tests::mapping::union::multipleChainedJoins::mapping::multipleChainedJoinsAssociationMappingV1$class$meta::relational::tests::mapping::union::multipleChainedJoins::model::Y$set$y3	<query>	com.legend.normalizer.ModelNormalizer
8	L-full	meta::relational::tests::mapping::union::multipleChainedJoins::mapping::multipleChainedJoinsAssociationMappingV1$class$meta::relational::tests::mapping::union::multipleChainedJoins::model::Y$set$y2	<query>	com.legend.normalizer.ModelNormalizer
8	L-full	meta::relational::tests::mapping::union::multipleChainedJoins::mapping::multipleChainedJoinsAssociationMappingV1$class$meta::relational::tests::mapping::union::multipleChainedJoins::model::Y$set$y1	<query>	com.legend.normalizer.ModelNormalizer
8	L-full	meta::relational::tests::mapping::union::biTemporal::biTemporalUnionMapping$class$meta::relational::tests::mapping::union::biTemporal::BiTemporalPerson$set$selectPerson	<query>	com.legend.normalizer.ModelNormalizer
8	L-full	meta::relational::tests::mapping::union::biTemporal::biTemporalUnionMapping$class$meta::relational::tests::mapping::union::biTemporal::BiTemporalPerson$set$selectBeneficiaryPerson	<query>	com.legend.normalizer.ModelNormalizer
8	L-full	meta::relational::tests::mapping::inheritance::inheritanceWithEmbedded$class$meta::relational::tests::model::inheritance::Car	<query>	com.legend.normalizer.ModelNormalizer
8	L-full	meta::relational::tests::mapping::inheritance::inheritanceWithEmbedded$class$meta::relational::tests::model::inheritance::Bicycle	<query>	com.legend.normalizer.ModelNormalizer
8	L-full	meta::relational::tests::mapping::extend::union::propertyMapping::testMapping$class$meta::relational::tests::mapping::extend::model::H$set$hSet2	<query>	com.legend.normalizer.ModelNormalizer
8	L-full	meta::relational::tests::mapping::embedded::advanced::mapping::testMappingEmbeddedOtherwiseWithUnion$class$meta::relational::tests::mapping::embedded::advanced::model::Product$set$product2	<query>	com.legend.normalizer.ModelNormalizer
8	L-full	meta::relational::tests::mapping::embedded::advanced::mapping::testMappingEmbeddedOtherwiseWithUnion$class$meta::relational::tests::mapping::embedded::advanced::model::Product$set$product1	<query>	com.legend.normalizer.ModelNormalizer
8	L-full	meta::relational::tests::mapping::dataType::setUp	<query>	com.legend.test.PureTestRunner
8	L-full	meta::relational::tests::mapping::classMappingFilterWithInnerJoin::mapping::chainedJoinsWithUnionsAndIsolation$class$meta::relational::tests::model::simple::Person$set$set2	<query>	com.legend.normalizer.ModelNormalizer
8	L-full	meta::relational::tests::mapping::classMappingFilterWithInnerJoin::mapping::chainedJoinsWithUnionsAndIsolation$class$meta::relational::tests::model::simple::Person$set$set1	<query>	com.legend.normalizer.ModelNormalizer
8	L-full	meta::relational::tests::mapping::classMappingFilterWithInnerJoin::mapping::chainedJoinsWithUnionsAndIsolation$class$meta::relational::tests::model::simple::Firm$set$FirmSet2	<query>	com.legend.normalizer.ModelNormalizer
8	L-full	meta::relational::tests::mapping::classMappingFilterWithInnerJoin::mapping::chainedJoinsWithUnionsAndIsolation$class$meta::relational::tests::model::simple::Firm$set$FirmSet1	<query>	com.legend.normalizer.ModelNormalizer
8	L-full	meta::relational::tests::functions::sqlstring::runTestCaseById	<query>	com.legend.test.PureTestRunner
8	L-full	meta::relational::tests::advanced::forced::qualifier::testDerivedWithFilteringTwoProperties	<query>	com.legend.test.PureTestRunner
8	L-full	meta::relational::tests::advanced::forced::milestoning::testNonMilestoningQueryWithMilestoneFilterProject	<query>	com.legend.test.PureTestRunner
8	L-full	meta::relational::tests::advanced::forced::milestoning::testMilestoningQueryWithSimpleProjectWithMilestoneFilter	<query>	com.legend.test.PureTestRunner
8	L-full	meta::relational::tests::advanced::forced::filter::testFilterMappingWithProjectionOverlapp	<query>	com.legend.test.PureTestRunner
8	L-full	meta::relational::tests::advanced::contractmoneyscenario::setUp	<query>	com.legend.test.PureTestRunner
8	L-full	meta::relational::testDataGeneration::tests::model::setUp	<query>	com.legend.test.PureTestRunner
8	L-full	meta::relational::milestoning::concatenateTemporalTdsQueries	<query>	com.legend.test.PureTestRunner
8	L-full	meta::relational::graphFetch::tests::union::rootLevel::SameStoreMapping$class$meta::relational::graphFetch::tests::union::rootLevel::Product$set$prod_set_relational2	<query>	com.legend.normalizer.ModelNormalizer
8	L-full	meta::relational::graphFetch::tests::union::rootLevel::SameStoreMapping$class$meta::relational::graphFetch::tests::union::rootLevel::Product$set$prod_set_relational1	<query>	com.legend.normalizer.ModelNormalizer
8	L-full	meta::relational::graphFetch::tests::union::rootLevel::CrossStoreMapping$class$meta::relational::graphFetch::tests::union::rootLevel::Product$set$prod_set_relational2	<query>	com.legend.normalizer.ModelNormalizer
8	L-full	meta::relational::graphFetch::tests::union::rootLevel::CrossStoreMapping$class$meta::relational::graphFetch::tests::union::rootLevel::Product$set$prod_set_relational1	<query>	com.legend.normalizer.ModelNormalizer
8	L-full	meta::relational::graphFetch::tests::union::propertyLevel::Mapping5$class$meta::relational::tests::model::simple::Address$set$a_set2	<query>	com.legend.normalizer.ModelNormalizer
8	L-full	meta::relational::graphFetch::tests::union::propertyLevel::Mapping5$class$meta::relational::tests::model::simple::Address$set$a_set1	<query>	com.legend.normalizer.ModelNormalizer
8	L-full	meta::relational::graphFetch::tests::union::propertyLevel::Mapping4$class$meta::relational::tests::model::simple::Person$set$person_set2	<query>	com.legend.normalizer.ModelNormalizer
8	L-full	meta::relational::graphFetch::tests::union::propertyLevel::Mapping4$class$meta::relational::tests::model::simple::Person$set$person_set1	<query>	com.legend.normalizer.ModelNormalizer
8	L-full	meta::relational::graphFetch::tests::union::propertyLevel::Mapping3$class$meta::relational::tests::model::simple::Person$set$person_set2	<query>	com.legend.normalizer.ModelNormalizer
8	L-full	meta::relational::graphFetch::tests::union::propertyLevel::Mapping3$class$meta::relational::tests::model::simple::Person$set$person_set1	<query>	com.legend.normalizer.ModelNormalizer
8	L-full	meta::relational::graphFetch::tests::union::propertyLevel::Mapping2$class$meta::relational::tests::model::simple::Person$set$person_set2	<query>	com.legend.normalizer.ModelNormalizer
8	L-full	meta::relational::graphFetch::tests::union::propertyLevel::Mapping2$class$meta::relational::tests::model::simple::Person$set$person_set1	<query>	com.legend.normalizer.ModelNormalizer
8	L-full	meta::relational::graphFetch::tests::union::propertyLevel::Mapping2$class$meta::relational::tests::model::simple::Address$set$a_set2	<query>	com.legend.normalizer.ModelNormalizer
8	L-full	meta::relational::graphFetch::tests::union::propertyLevel::Mapping2$class$meta::relational::tests::model::simple::Address$set$a_set1	<query>	com.legend.normalizer.ModelNormalizer
8	L-full	meta::relational::graphFetch::tests::subType::RootSubTypeWithSubtypeLevelPropertyUnionMappingImpl	<query>	com.legend.test.PureTestRunner
8	L-full	meta::relational::graphFetch::tests::subType::RootSubTypeWithSubtypeLevelPropertyUnionMapping$class$meta::relational::graphFetch::tests::subType::Coordinate$set$CoordinateSet2	<query>	com.legend.normalizer.ModelNormalizer
8	L-full	meta::relational::graphFetch::tests::subType::RootSubTypeWithSubtypeLevelPropertyUnionMapping$class$meta::relational::graphFetch::tests::subType::Coordinate$set$CoordinateSet1	<query>	com.legend.normalizer.ModelNormalizer
8	L-full	meta::relational::graphFetch::tests::subType::RootSubTypeWithSubtypeLevelAndRootLevelPropertyUnionMapping$class$meta::relational::graphFetch::tests::subType::Coordinate$set$CoordinateSet2	<query>	com.legend.normalizer.ModelNormalizer
8	L-full	meta::relational::graphFetch::tests::subType::RootSubTypeWithSubtypeLevelAndRootLevelPropertyUnionMapping$class$meta::relational::graphFetch::tests::subType::Coordinate$set$CoordinateSet1	<query>	com.legend.normalizer.ModelNormalizer
8	L-full	meta::relational::functions::pureToSqlQuery::toSQLQuery	<query>	com.legend.test.PureTestRunner
8	L-full	meta::pure::mapping::modelToModel::test::alloy::simple::userFunction::countNameParts	<query>	com.legend.normalizer.ModelNormalizer
8	L-full	meta::pure::functions::collection::repeat	<query>	com.legend.normalizer.ModelNormalizer
8	L-full	meta::json::parseJSON	<query>	com.legend.test.PureTestRunner
8	L-full	meta::external::store::relational::runtime::knownGenerationFeatures	<query>	com.legend.normalizer.ModelNormalizer
8	L	toSQLQuery	<query>	com.legend.test.PureTestRunner
8	L	testToSqlGenerationFirstDayOfQuarter	<query>	com.legend.test.PureTestRunner
8	L	test	<query>	com.legend.test.PureTestRunner
8	L	subFunction6	<query>	com.legend.test.PureTestRunner
8	L	runtimeM2M2R	<query>	com.legend.test.PureTestRunner
8	L	replaceTables	<query>	com.legend.test.PureTestRunner
8	L	repeat	<query>	com.legend.test.PureTestRunner
8	L	nullsLowWithClauseSupport	<query>	com.legend.test.PureTestRunner
8	L	nullsLowWithCaseSupport	<query>	com.legend.test.PureTestRunner
8	L	nullsLastWithClauseSupport	<query>	com.legend.test.PureTestRunner
8	L	nullsHighWithClauseSupport	<query>	com.legend.test.PureTestRunner
8	L	myGetAllProduct	<query>	com.legend.test.PureTestRunner
8	L	getNames	<query>	com.legend.test.PureTestRunner
8	L	getHiddenPayload	<query>	com.legend.test.PureTestRunner
8	L	getColumns	<query>	com.legend.test.PureTestRunner
8	L	genericType	<query>	com.legend.test.PureTestRunner
8	L	executionPlanForQueryWithDateTimeVariableForDatabaseConnectionTimeZone	<query>	com.legend.test.PureTestRunner
8	L	dropTableStatement	<query>	com.legend.test.PureTestRunner
8	L	createTempTableStatement	<query>	com.legend.test.PureTestRunner
8	L	conditionLeftAndRightTablesNestedDynaFunction	<query>	com.legend.test.PureTestRunner
8	L	conditionLeftAndRightTablesNested	<query>	com.legend.test.PureTestRunner
8	L	conditionLeftAndRightTables	<query>	com.legend.test.PureTestRunner
8	L	buildQueryWithIn	<query>	com.legend.test.PureTestRunner
8	L	buildAndTransformJoinMetaData	<query>	com.legend.test.PureTestRunner
8	L	autoMobileRuntime	<query>	com.legend.test.PureTestRunner
8	L	assertTdsEquivalent	<query>	com.legend.test.PureTestRunner
8	L	assertPlanGenerationForOptionalParameterWithGreaterThanLessThan	<query>	com.legend.test.PureTestRunner
8	L	addFilter	<query>	com.legend.test.PureTestRunner
7	L-full	meta::relational::metamodel::view	<query>	com.legend.integration.MetamodelQueryFunctionsTest
7	L-full	meta::relational::metamodel::execute::executeInDb	<query>	com.legend.exec.ExecuteInDbTest
7	L	sortByReversed	<query>	com.legend.server.QueryService
6	L-full	meta::relational::metamodel::mainTable	<query>	com.legend.integration.MetamodelMappingStoreTest
6	L-full	meta::pure::mapping::resolveStore	<query>	com.legend.integration.MetamodelStoreSubstitutionTest
6	L-full	meta::pure::functions::lang::copy	<query>	com.legend.server.QueryService
5	L-full	meta::relational::runtime::extractDBs	<query>	com.legend.integration.MetamodelStoreSubstitutionTest
5	L-full	meta::relational::metamodel::execute::executeInDb	<query>	com.legend.exec.RawGridSchemaTest
5	L-full	meta::pure::metamodel::relation::newTDSRelationAccessor	<query>	com.legend.server.QueryService
5	L	find	<query>	com.legend.tools.junit.JUnitMain
4	L-full	meta::relational::validation::tests::milestoning::setUp	<query>	com.legend.test.PureTestRunner
4	L-full	meta::relational::validation::tests::milestoning::MilestoneUnionMapping$class$meta::relational::validation::tests::milestoning::Product$set$p2	<query>	com.legend.normalizer.ModelNormalizer
4	L-full	meta::relational::validation::tests::milestoning::MilestoneUnionMapping$class$meta::relational::validation::tests::milestoning::Product$set$p1	<query>	com.legend.normalizer.ModelNormalizer
4	L-full	meta::relational::validation::showcase::standalone::createTablesInDb	<query>	com.legend.test.PureTestRunner
4	L-full	meta::relational::validation::complex::createTablesInDb	<query>	com.legend.test.PureTestRunner
4	L-full	meta::relational::transform::autogen::classesAssociationsAndMappingFromDatabase	<query>	com.legend.test.PureTestRunner
4	L-full	meta::relational::tests::tds::tdsJoin::alloy::createAndFillDatabaseForMultiDBJoins	<query>	com.legend.test.PureTestRunner
4	L-full	meta::relational::tests::tds::setUp	<query>	com.legend.test.PureTestRunner
4	L-full	meta::relational::tests::simpleRelationalMappingWithChainedUnions$class$meta::relational::tests::model::simple::Firm$set$set2	<query>	com.legend.normalizer.ModelNormalizer
4	L-full	meta::relational::tests::simpleRelationalMappingWithChainedUnions$class$meta::relational::tests::model::simple::Firm$set$set1	<query>	com.legend.normalizer.ModelNormalizer
4	L-full	meta::relational::tests::query::setUp	<query>	com.legend.test.PureTestRunner
4	L-full	meta::relational::tests::query::function::isempty::setUp	<query>	com.legend.test.PureTestRunner
4	L-full	meta::relational::tests::query::filter::in::getNames	<query>	com.legend.test.PureTestRunner
4	L-full	meta::relational::tests::query::enumeration::setUp	<query>	com.legend.test.PureTestRunner
4	L-full	meta::relational::tests::projection::view::unionOnViewsMapping$class$meta::relational::tests::model::simple::OrderPnl$set$nonNeg	<query>	com.legend.normalizer.ModelNormalizer
4	L-full	meta::relational::tests::projection::view::unionOnViewsMapping$class$meta::relational::tests::model::simple::OrderPnl$set$neg	<query>	com.legend.normalizer.ModelNormalizer
4	L-full	meta::relational::tests::projection::view::unionOnViewOnViewMapping$class$meta::relational::tests::model::simple::OrderPnl$set$nonNeg	<query>	com.legend.normalizer.ModelNormalizer
4	L-full	meta::relational::tests::projection::view::unionOnViewOnViewMapping$class$meta::relational::tests::model::simple::OrderPnl$set$neg	<query>	com.legend.normalizer.ModelNormalizer
4	L-full	meta::relational::tests::projection::simple::getCols	<query>	com.legend.test.PureTestRunner
4	L-full	meta::relational::tests::projection::setUp	<query>	com.legend.test.PureTestRunner
4	L-full	meta::relational::tests::projection::functionvariables::setUp	<query>	com.legend.test.PureTestRunner
4	L-full	meta::relational::tests::projection::function::concatenate::setUp	<query>	com.legend.test.PureTestRunner
4	L-full	meta::relational::tests::projection::exists::setUp	<query>	com.legend.test.PureTestRunner
4	L-full	meta::relational::tests::projection::enumeration::setUp	<query>	com.legend.test.PureTestRunner
4	L-full	meta::relational::tests::projection::concatenate::tdsQueries::setUp	<query>	com.legend.test.PureTestRunner
4	L-full	meta::relational::tests::postProcessor::setUp	<query>	com.legend.test.PureTestRunner
4	L-full	meta::relational::tests::postProcessor::cteExtraction::setup	<query>	com.legend.test.PureTestRunner
4	L-full	meta::relational::tests::milestoning::union::setUp	<query>	com.legend.test.PureTestRunner
4	L-full	meta::relational::tests::milestoning::temporalDate::setUp	<query>	com.legend.test.PureTestRunner
4	L-full	meta::relational::tests::milestoning::snapshot::setUp	<query>	com.legend.test.PureTestRunner
4	L-full	meta::relational::tests::milestoning::rangeQuery::setUp	<query>	com.legend.test.PureTestRunner
4	L-full	meta::relational::tests::milestoning::qualifier::setUp	<query>	com.legend.test.PureTestRunner
4	L-full	meta::relational::tests::milestoning::projection::setUp	<query>	com.legend.test.PureTestRunner
4	L-full	meta::relational::tests::milestoning::processingSnapshotMilestoningUnionMap$class$meta::relational::tests::milestoning::Order$set$o2	<query>	com.legend.normalizer.ModelNormalizer
4	L-full	meta::relational::tests::milestoning::processingSnapshotMilestoningMap$class$meta::relational::tests::milestoning::ProcessingTemporalProductClassification	<query>	com.legend.normalizer.ModelNormalizer
4	L-full	meta::relational::tests::milestoning::processingSnapshotMilestoningMap$class$meta::relational::tests::milestoning::ProcessingTemporalProduct	<query>	com.legend.normalizer.ModelNormalizer
4	L-full	meta::relational::tests::milestoning::processingSnapshotMilestoningMap$class$meta::relational::tests::milestoning::Order	<query>	com.legend.normalizer.ModelNormalizer
4	L-full	meta::relational::tests::milestoning::processingSnapshot::setUp	<query>	com.legend.test.PureTestRunner
4	L-full	meta::relational::tests::milestoning::processingDate::setUp	<query>	com.legend.test.PureTestRunner
4	L-full	meta::relational::tests::milestoning::partiallyMilestoningUnionMap$class$meta::relational::tests::milestoning::Order$set$o2	<query>	com.legend.normalizer.ModelNormalizer
4	L-full	meta::relational::tests::milestoning::partiallyMilestoningUnionMap$class$meta::relational::tests::milestoning::Order$set$o1	<query>	com.legend.normalizer.ModelNormalizer
4	L-full	meta::relational::tests::milestoning::OutFromInclusiveUnionOutFromInclusiveMapping$class$meta::relational::tests::milestoning::Order$set$oOutFrom2	<query>	com.legend.normalizer.ModelNormalizer
4	L-full	meta::relational::tests::milestoning::OutFromInclusiveMapping$class$meta::relational::tests::milestoning::Order	<query>	com.legend.normalizer.ModelNormalizer
4	L-full	meta::relational::tests::milestoning::otherwise::setUp	<query>	com.legend.test.PureTestRunner
4	L-full	meta::relational::tests::milestoning::milestoningmapWithVehiclesUnion$class$meta::relational::tests::milestoning::inheritance::CarDetails$set$c2	<query>	com.legend.normalizer.ModelNormalizer
4	L-full	meta::relational::tests::milestoning::milestoningmapWithVehiclesUnion$class$meta::relational::tests::milestoning::inheritance::CarDetails$set$c1	<query>	com.legend.normalizer.ModelNormalizer
4	L-full	meta::relational::tests::milestoning::latestDate::setUp	<query>	com.legend.test.PureTestRunner
4	L-full	meta::relational::tests::milestoning::InThruInclusiveUnionInThruInclusiveMapping$class$meta::relational::tests::milestoning::Order$set$oInThru2	<query>	com.legend.normalizer.ModelNormalizer
4	L-full	meta::relational::tests::milestoning::InThruInclusiveMapping$class$meta::relational::tests::milestoning::Order	<query>	com.legend.normalizer.ModelNormalizer
4	L-full	meta::relational::tests::milestoning::initDatabase	<query>	com.legend.test.PureTestRunner
4	L-full	meta::relational::tests::milestoning::inheritance::union::inheritanceUnionMapping$class$meta::relational::tests::milestoning::BiTemporalProduct$set$set2	<query>	com.legend.normalizer.ModelNormalizer
4	L-full	meta::relational::tests::milestoning::inheritance::union::inheritanceUnionMapping$class$meta::relational::tests::milestoning::BiTemporalProduct$set$set1	<query>	com.legend.normalizer.ModelNormalizer
4	L-full	meta::relational::tests::milestoning::inheritance::union::createTablesAndFillDb	<query>	com.legend.test.PureTestRunner
4	L-full	meta::relational::tests::milestoning::inclusive::setUp	<query>	com.legend.test.PureTestRunner
4	L-full	meta::relational::tests::milestoning::hybridMilestoningUnionMap$class$meta::relational::tests::milestoning::Order$set$o6	<query>	com.legend.normalizer.ModelNormalizer
4	L-full	meta::relational::tests::milestoning::hybridMilestoningUnionMap$class$meta::relational::tests::milestoning::Order$set$o5	<query>	com.legend.normalizer.ModelNormalizer
4	L-full	meta::relational::tests::milestoning::hybridMilestoningUnionMap$class$meta::relational::tests::milestoning::Order$set$o4	<query>	com.legend.normalizer.ModelNormalizer
4	L-full	meta::relational::tests::milestoning::hybridMilestoningUnionMap$class$meta::relational::tests::milestoning::Order$set$o3	<query>	com.legend.normalizer.ModelNormalizer
4	L-full	meta::relational::tests::milestoning::hybridMilestoningUnionMap$class$meta::relational::tests::milestoning::Order$set$o2	<query>	com.legend.normalizer.ModelNormalizer
4	L-full	meta::relational::tests::milestoning::hybridMilestoningUnionMap$class$meta::relational::tests::milestoning::Order$set$o1	<query>	com.legend.normalizer.ModelNormalizer
4	L-full	meta::relational::tests::milestoning::distinct::setUp	<query>	com.legend.test.PureTestRunner
4	L-full	meta::relational::tests::milestoning::contextpropagation::setup	<query>	com.legend.test.PureTestRunner
4	L-full	meta::relational::tests::milestoning::businessSnapshotMilestoningUnionMap$class$meta::relational::tests::milestoning::Order$set$o2	<query>	com.legend.normalizer.ModelNormalizer
4	L-full	meta::relational::tests::milestoning::businessSnapshotMilestoningMap$class$meta::relational::tests::milestoning::Product	<query>	com.legend.normalizer.ModelNormalizer
4	L-full	meta::relational::tests::milestoning::businessSnapshotMilestoningMap$class$meta::relational::tests::milestoning::Order	<query>	com.legend.normalizer.ModelNormalizer
4	L-full	meta::relational::tests::milestoning::businessdate::setUp	<query>	com.legend.test.PureTestRunner
4	L-full	meta::relational::tests::milestoning::biTemporalClassificationType	<query>	com.legend.normalizer.ModelNormalizer
4	L-full	meta::relational::tests::milestoning::bitemporal::setUp	<query>	com.legend.test.PureTestRunner
4	L-full	meta::relational::tests::mergerules::setUp	<query>	com.legend.test.PureTestRunner
4	L-full	meta::relational::tests::mergerules::milestoning::setUp	<query>	com.legend.test.PureTestRunner
4	L-full	meta::relational::tests::mapping::union::unionWithSinglePropertyMapping$class$meta::relational::tests::model::simple::Person$set$set2	<query>	com.legend.normalizer.ModelNormalizer
4	L-full	meta::relational::tests::mapping::union::unionWithSinglePropertyMapping$class$meta::relational::tests::model::simple::Person$set$set1	<query>	com.legend.normalizer.ModelNormalizer
4	L-full	meta::relational::tests::mapping::union::unionToUnionMapping3$class$meta::relational::tests::model::simple::Firm$set$firm_set2	<query>	com.legend.normalizer.ModelNormalizer
4	L-full	meta::relational::tests::mapping::union::unionToUnionMapping3$class$meta::relational::tests::model::simple::Firm$set$firm_set1	<query>	com.legend.normalizer.ModelNormalizer
4	L-full	meta::relational::tests::mapping::union::unionMappingWithLongPropertyMapping$class$meta::relational::tests::model::simple::Person$set$set2	<query>	com.legend.normalizer.ModelNormalizer
4	L-full	meta::relational::tests::mapping::union::unionMappingWithLongPropertyMapping$class$meta::relational::tests::model::simple::Person$set$set1	<query>	com.legend.normalizer.ModelNormalizer
4	L-full	meta::relational::tests::mapping::union::unionMappingWithFunction$class$meta::relational::tests::model::simple::Person$set$set2	<query>	com.legend.normalizer.ModelNormalizer
4	L-full	meta::relational::tests::mapping::union::unionMappingWithFunction$class$meta::relational::tests::model::simple::Person$set$set1	<query>	com.legend.normalizer.ModelNormalizer
4	L-full	meta::relational::tests::mapping::union::unionMappingWithFilter$class$meta::relational::tests::model::simple::Person$set$set2	<query>	com.legend.normalizer.ModelNormalizer
4	L-full	meta::relational::tests::mapping::union::unionMappingWithFilter$class$meta::relational::tests::model::simple::Person$set$set1	<query>	com.legend.normalizer.ModelNormalizer
4	L-full	meta::relational::tests::mapping::union::unionMappingWithEnumerationMapping$class$meta::relational::tests::model::simple::Address$set$set2	<query>	com.legend.normalizer.ModelNormalizer
4	L-full	meta::relational::tests::mapping::union::unionMappingWithEnumerationMapping$class$meta::relational::tests::model::simple::Address$set$set1	<query>	com.legend.normalizer.ModelNormalizer
4	L-full	meta::relational::tests::mapping::union::unionMappingWithEmbeddedPropertyWithConstant$class$meta::relational::tests::model::simple::Person$set$set2	<query>	com.legend.normalizer.ModelNormalizer
4	L-full	meta::relational::tests::mapping::union::unionMappingWithEmbeddedPropertyWithConstant$class$meta::relational::tests::model::simple::Person$set$set1	<query>	com.legend.normalizer.ModelNormalizer
4	L-full	meta::relational::tests::mapping::union::unionMappingWithEmbeddedPropertyWithColumnsWithSameNames$class$meta::relational::tests::model::simple::Application$set$set2	<query>	com.legend.normalizer.ModelNormalizer
4	L-full	meta::relational::tests::mapping::union::unionMappingWithEmbeddedPropertyWithColumnsWithSameNames$class$meta::relational::tests::model::simple::Application$set$set1	<query>	com.legend.normalizer.ModelNormalizer
4	L-full	meta::relational::tests::mapping::union::unionMappingWithEmbeddedPropertyOneThroughJoin$class$meta::relational::tests::model::simple::Person$set$set2	<query>	com.legend.normalizer.ModelNormalizer
4	L-full	meta::relational::tests::mapping::union::unionMappingWithEmbeddedPropertyOneThroughJoin$class$meta::relational::tests::model::simple::Person$set$set1	<query>	com.legend.normalizer.ModelNormalizer
4	L-full	meta::relational::tests::mapping::union::unionMappingWithEmbeddedProperty$class$meta::relational::tests::model::simple::Person$set$set2	<query>	com.legend.normalizer.ModelNormalizer
4	L-full	meta::relational::tests::mapping::union::unionMappingWithEmbeddedProperty$class$meta::relational::tests::model::simple::Person$set$set1	<query>	com.legend.normalizer.ModelNormalizer
4	L-full	meta::relational::tests::mapping::union::unionMappingWithConstant$class$meta::relational::tests::model::simple::Person$set$set2	<query>	com.legend.normalizer.ModelNormalizer
4	L-full	meta::relational::tests::mapping::union::unionMappingWithConstant$class$meta::relational::tests::model::simple::Person$set$set1	<query>	com.legend.normalizer.ModelNormalizer
4	L-full	meta::relational::tests::mapping::union::sqlQueryMerging::setup	<query>	com.legend.test.PureTestRunner
4	L-full	meta::relational::tests::mapping::union::sqlQueryMerging::mapping::unionMapping$class$meta::relational::tests::mapping::union::sqlQueryMerging::model::A$set$a2	<query>	com.legend.normalizer.ModelNormalizer
4	L-full	meta::relational::tests::mapping::union::sqlQueryMerging::mapping::unionMapping$class$meta::relational::tests::mapping::union::sqlQueryMerging::model::A$set$a1	<query>	com.legend.normalizer.ModelNormalizer
4	L-full	meta::relational::tests::mapping::union::specialUnion::setUp	<query>	com.legend.test.PureTestRunner
4	L-full	meta::relational::tests::mapping::union::setUp	<query>	com.legend.test.PureTestRunner
4	L-full	meta::relational::tests::mapping::union::relation::setUp	<query>	com.legend.test.PureTestRunner
4	L-full	meta::relational::tests::mapping::union::relation::mapping::unionOfTwoRelationMappingsWithFunctionInProject$class$meta::relational::tests::model::simple::Person$set$rfSet2	<query>	com.legend.normalizer.ModelNormalizer
4	L-full	meta::relational::tests::mapping::union::relation::mapping::unionOfTwoRelationMappingsWithFunctionInProject$class$meta::relational::tests::model::simple::Person$set$rfSet1	<query>	com.legend.normalizer.ModelNormalizer
4	L-full	meta::relational::tests::mapping::union::relation::mapping::unionOfTwoRelationMappingsWithFilterInFunc$class$meta::relational::tests::model::simple::Person$set$rfSet2	<query>	com.legend.normalizer.ModelNormalizer
4	L-full	meta::relational::tests::mapping::union::relation::mapping::unionOfTwoRelationMappingsWithFilterInFunc$class$meta::relational::tests::model::simple::Person$set$rfSet1	<query>	com.legend.normalizer.ModelNormalizer
4	L-full	meta::relational::tests::mapping::union::relation::mapping::unionOfTwoRelationMappingsWithEnumFilter$class$meta::relational::tests::model::simple::Address$set$rfSet2	<query>	com.legend.normalizer.ModelNormalizer
4	L-full	meta::relational::tests::mapping::union::relation::mapping::unionOfTwoRelationMappingsWithEnumFilter$class$meta::relational::tests::model::simple::Address$set$rfSet1	<query>	com.legend.normalizer.ModelNormalizer
4	L-full	meta::relational::tests::mapping::union::relation::mapping::unionOfTwoRelationMappingsWithEmbeddedFirm$class$meta::relational::tests::model::simple::Person$set$rfSet2	<query>	com.legend.normalizer.ModelNormalizer
4	L-full	meta::relational::tests::mapping::union::relation::mapping::unionOfTwoRelationMappingsWithEmbeddedFirm$class$meta::relational::tests::model::simple::Person$set$rfSet1	<query>	com.legend.normalizer.ModelNormalizer
4	L-full	meta::relational::tests::mapping::union::relation::mapping::unionOfTwoRelationMappingsWithConstantInProject$class$meta::relational::tests::model::simple::Person$set$rfSet2	<query>	com.legend.normalizer.ModelNormalizer
4	L-full	meta::relational::tests::mapping::union::relation::mapping::unionOfTwoRelationMappingsWithConstantInProject$class$meta::relational::tests::model::simple::Person$set$rfSet1	<query>	com.legend.normalizer.ModelNormalizer
4	L-full	meta::relational::tests::mapping::union::relation::mapping::unionOfTwoRelationMappingsFirstAndLast$class$meta::relational::tests::model::simple::Person$set$rfSet2	<query>	com.legend.normalizer.ModelNormalizer
4	L-full	meta::relational::tests::mapping::union::relation::mapping::unionOfTwoRelationMappingsFirstAndLast$class$meta::relational::tests::model::simple::Person$set$rfSet1	<query>	com.legend.normalizer.ModelNormalizer
4	L-full	meta::relational::tests::mapping::union::relation::mapping::unionOfTwoRelationMappings$class$meta::relational::tests::model::simple::Person$set$rfSet2	<query>	com.legend.normalizer.ModelNormalizer
4	L-full	meta::relational::tests::mapping::union::relation::mapping::unionOfTwoRelationMappings$class$meta::relational::tests::model::simple::Person$set$rfSet1	<query>	com.legend.normalizer.ModelNormalizer
4	L-full	meta::relational::tests::mapping::union::relation::mapping::unionOfRelationAndRelationalMappingsWithFirm$class$meta::relational::tests::model::simple::Person$set$rfSet1	<query>	com.legend.normalizer.ModelNormalizer
4	L-full	meta::relational::tests::mapping::union::relation::mapping::unionOfRelationAndRelationalMappingsWithFirm$class$meta::relational::tests::model::simple::Person$set$relSet2	<query>	com.legend.normalizer.ModelNormalizer
4	L-full	meta::relational::tests::mapping::union::relation::mapping::unionOfRelationAndRelationalMappings$class$meta::relational::tests::model::simple::Person$set$rfSet1	<query>	com.legend.normalizer.ModelNormalizer
4	L-full	meta::relational::tests::mapping::union::relation::mapping::unionOfRelationAndRelationalMappings$class$meta::relational::tests::model::simple::Person$set$relSet2	<query>	com.legend.normalizer.ModelNormalizer
4	L-full	meta::relational::tests::mapping::union::relation::advanced::setUp	<query>	com.legend.test.PureTestRunner
4	L-full	meta::relational::tests::mapping::union::relation::advanced::mapping::unionOfTwoRelationMappingsWithSubAggregation$class$meta::relational::tests::model::simple::Person$set$rfAggSet2	<query>	com.legend.normalizer.ModelNormalizer
4	L-full	meta::relational::tests::mapping::union::relation::advanced::mapping::unionOfTwoRelationMappingsWithSubAggregation$class$meta::relational::tests::model::simple::Person$set$rfAggSet1	<query>	com.legend.normalizer.ModelNormalizer
4	L-full	meta::relational::tests::mapping::union::relation::advanced::mapping::unionOfTwoRelationMappingsWithMultiColumnSubAggregation$class$meta::relational::tests::model::simple::Person$set$rfMmAggSet2	<query>	com.legend.normalizer.ModelNormalizer
4	L-full	meta::relational::tests::mapping::union::relation::advanced::mapping::unionOfTwoRelationMappingsWithMultiColumnSubAggregation$class$meta::relational::tests::model::simple::Person$set$rfMmAggSet1	<query>	com.legend.normalizer.ModelNormalizer
4	L-full	meta::relational::tests::mapping::union::relation::advanced::mapping::unionOfTwoRelationMappingsWithFirm$class$meta::relational::tests::model::simple::Person$set$rfSet2	<query>	com.legend.normalizer.ModelNormalizer
4	L-full	meta::relational::tests::mapping::union::relation::advanced::mapping::unionOfTwoRelationMappingsWithFirm$class$meta::relational::tests::model::simple::Person$set$rfSet1	<query>	com.legend.normalizer.ModelNormalizer
4	L-full	meta::relational::tests::mapping::union::partialForeignKeyUsage::initDatabase	<query>	com.legend.test.PureTestRunner
4	L-full	meta::relational::tests::mapping::union::partial::unionMapping$class$meta::relational::tests::model::simple::Person$set$set1	<query>	com.legend.normalizer.ModelNormalizer
4	L-full	meta::relational::tests::mapping::union::partial::partialUnionMappingOfSubTypePrimitiveProperties$class$meta::relational::tests::mapping::union::partial::PersonExt2	<query>	com.legend.normalizer.ModelNormalizer
4	L-full	meta::relational::tests::mapping::union::partial::partialUnionMappingOfSubTypePrimitiveProperties$class$meta::relational::tests::mapping::union::partial::PersonExt1	<query>	com.legend.normalizer.ModelNormalizer
4	L-full	meta::relational::tests::mapping::union::multipleChainedJoins::setup	<query>	com.legend.test.PureTestRunner
4	L-full	meta::relational::tests::mapping::union::multipleChainedJoins::mapping::unionOfViewsToViewToUnion$class$meta::relational::tests::mapping::union::multipleChainedJoins::model::Y$set$y2	<query>	com.legend.normalizer.ModelNormalizer
4	L-full	meta::relational::tests::mapping::union::multipleChainedJoins::mapping::unionOfViewsToViewToUnion$class$meta::relational::tests::mapping::union::multipleChainedJoins::model::Y$set$y1	<query>	com.legend.normalizer.ModelNormalizer
4	L-full	meta::relational::tests::mapping::union::multipleChainedJoins::mapping::multipleChainedJoinsMappingWithUnionAcross3SetsV4$class$meta::relational::tests::mapping::union::multipleChainedJoins::model::Z$set$z3	<query>	com.legend.normalizer.ModelNormalizer
4	L-full	meta::relational::tests::mapping::union::multipleChainedJoins::mapping::multipleChainedJoinsMappingWithUnionAcross3SetsV4$class$meta::relational::tests::mapping::union::multipleChainedJoins::model::Y$set$y3	<query>	com.legend.normalizer.ModelNormalizer
4	L-full	meta::relational::tests::mapping::union::multipleChainedJoins::mapping::multipleChainedJoinsMappingWithUnionAcross3SetsV2$class$meta::relational::tests::mapping::union::multipleChainedJoins::model::Y$set$y3	<query>	com.legend.normalizer.ModelNormalizer
4	L-full	meta::relational::tests::mapping::union::multipleChainedJoins::mapping::multipleChainedJoinsMappingWithUnionAcross3SetsV2$class$meta::relational::tests::mapping::union::multipleChainedJoins::model::X$set$x3	<query>	com.legend.normalizer.ModelNormalizer
4	L-full	meta::relational::tests::mapping::union::multipleChainedJoins::mapping::multipleChainedJoinsMappingWithUnionAcross3SetsV1$class$meta::relational::tests::mapping::union::multipleChainedJoins::model::Z$set$z3	<query>	com.legend.normalizer.ModelNormalizer
4	L-full	meta::relational::tests::mapping::union::multipleChainedJoins::mapping::multipleChainedJoinsMappingWithUnionAcross3SetsV1$class$meta::relational::tests::mapping::union::multipleChainedJoins::model::X$set$x3	<query>	com.legend.normalizer.ModelNormalizer
4	L-full	meta::relational::tests::mapping::union::multipleChainedJoins::mapping::multipleChainedJoinsMappingWithUnionAcross2SetsV4$class$meta::relational::tests::mapping::union::multipleChainedJoins::model::Z$set$z3	<query>	com.legend.normalizer.ModelNormalizer
4	L-full	meta::relational::tests::mapping::union::multipleChainedJoins::mapping::multipleChainedJoinsMappingWithUnionAcross2SetsV4$class$meta::relational::tests::mapping::union::multipleChainedJoins::model::Z$set$z2	<query>	com.legend.normalizer.ModelNormalizer
4	L-full	meta::relational::tests::mapping::union::multipleChainedJoins::mapping::multipleChainedJoinsMappingWithUnionAcross2SetsV4$class$meta::relational::tests::mapping::union::multipleChainedJoins::model::Y$set$y3	<query>	com.legend.normalizer.ModelNormalizer
4	L-full	meta::relational::tests::mapping::union::multipleChainedJoins::mapping::multipleChainedJoinsMappingWithUnionAcross2SetsV4$class$meta::relational::tests::mapping::union::multipleChainedJoins::model::Y$set$y2	<query>	com.legend.normalizer.ModelNormalizer
4	L-full	meta::relational::tests::mapping::union::multipleChainedJoins::mapping::multipleChainedJoinsMappingWithUnionAcross2SetsV2$class$meta::relational::tests::mapping::union::multipleChainedJoins::model::Y$set$y3	<query>	com.legend.normalizer.ModelNormalizer
4	L-full	meta::relational::tests::mapping::union::multipleChainedJoins::mapping::multipleChainedJoinsMappingWithUnionAcross2SetsV2$class$meta::relational::tests::mapping::union::multipleChainedJoins::model::Y$set$y2	<query>	com.legend.normalizer.ModelNormalizer
4	L-full	meta::relational::tests::mapping::union::multipleChainedJoins::mapping::multipleChainedJoinsMappingWithUnionAcross2SetsV2$class$meta::relational::tests::mapping::union::multipleChainedJoins::model::X$set$x3	<query>	com.legend.normalizer.ModelNormalizer
4	L-full	meta::relational::tests::mapping::union::multipleChainedJoins::mapping::multipleChainedJoinsMappingWithUnionAcross2SetsV2$class$meta::relational::tests::mapping::union::multipleChainedJoins::model::X$set$x2	<query>	com.legend.normalizer.ModelNormalizer
4	L-full	meta::relational::tests::mapping::union::multipleChainedJoins::mapping::multipleChainedJoinsMappingWithUnionAcross2SetsV1$class$meta::relational::tests::mapping::union::multipleChainedJoins::model::Z$set$z3	<query>	com.legend.normalizer.ModelNormalizer
4	L-full	meta::relational::tests::mapping::union::multipleChainedJoins::mapping::multipleChainedJoinsMappingWithUnionAcross2SetsV1$class$meta::relational::tests::mapping::union::multipleChainedJoins::model::Z$set$z2	<query>	com.legend.normalizer.ModelNormalizer
4	L-full	meta::relational::tests::mapping::union::multipleChainedJoins::mapping::multipleChainedJoinsMappingWithUnionAcross2SetsV1$class$meta::relational::tests::mapping::union::multipleChainedJoins::model::X$set$x3	<query>	com.legend.normalizer.ModelNormalizer
4	L-full	meta::relational::tests::mapping::union::multipleChainedJoins::mapping::multipleChainedJoinsMappingWithUnionAcross2SetsV1$class$meta::relational::tests::mapping::union::multipleChainedJoins::model::X$set$x2	<query>	com.legend.normalizer.ModelNormalizer
4	L-full	meta::relational::tests::mapping::union::multipleChainedJoins::mapping::multipleChainedJoinsAssociationMappingV4$class$meta::relational::tests::mapping::union::multipleChainedJoins::model::Z$set$z3	<query>	com.legend.normalizer.ModelNormalizer
4	L-full	meta::relational::tests::mapping::union::multipleChainedJoins::mapping::multipleChainedJoinsAssociationMappingV4$class$meta::relational::tests::mapping::union::multipleChainedJoins::model::Z$set$z2	<query>	com.legend.normalizer.ModelNormalizer
4	L-full	meta::relational::tests::mapping::union::multipleChainedJoins::mapping::multipleChainedJoinsAssociationMappingV4$class$meta::relational::tests::mapping::union::multipleChainedJoins::model::Z$set$z1	<query>	com.legend.normalizer.ModelNormalizer
4	L-full	meta::relational::tests::mapping::union::multipleChainedJoins::mapping::multipleChainedJoinsAssociationMappingV4$class$meta::relational::tests::mapping::union::multipleChainedJoins::model::Y$set$y3	<query>	com.legend.normalizer.ModelNormalizer
4	L-full	meta::relational::tests::mapping::union::multipleChainedJoins::mapping::multipleChainedJoinsAssociationMappingV4$class$meta::relational::tests::mapping::union::multipleChainedJoins::model::Y$set$y2	<query>	com.legend.normalizer.ModelNormalizer
4	L-full	meta::relational::tests::mapping::union::multipleChainedJoins::mapping::multipleChainedJoinsAssociationMappingV4$class$meta::relational::tests::mapping::union::multipleChainedJoins::model::Y$set$y1	<query>	com.legend.normalizer.ModelNormalizer
4	L-full	meta::relational::tests::mapping::union::multipleChainedJoins::mapping::multipleChainedJoinsAssociationMappingV2$class$meta::relational::tests::mapping::union::multipleChainedJoins::model::Y$set$y3	<query>	com.legend.normalizer.ModelNormalizer
4	L-full	meta::relational::tests::mapping::union::multipleChainedJoins::mapping::multipleChainedJoinsAssociationMappingV2$class$meta::relational::tests::mapping::union::multipleChainedJoins::model::Y$set$y2	<query>	com.legend.normalizer.ModelNormalizer
4	L-full	meta::relational::tests::mapping::union::multipleChainedJoins::mapping::multipleChainedJoinsAssociationMappingV2$class$meta::relational::tests::mapping::union::multipleChainedJoins::model::Y$set$y1	<query>	com.legend.normalizer.ModelNormalizer
4	L-full	meta::relational::tests::mapping::union::multipleChainedJoins::mapping::multipleChainedJoinsAssociationMappingV2$class$meta::relational::tests::mapping::union::multipleChainedJoins::model::X$set$x3	<query>	com.legend.normalizer.ModelNormalizer
4	L-full	meta::relational::tests::mapping::union::multipleChainedJoins::mapping::multipleChainedJoinsAssociationMappingV2$class$meta::relational::tests::mapping::union::multipleChainedJoins::model::X$set$x2	<query>	com.legend.normalizer.ModelNormalizer
4	L-full	meta::relational::tests::mapping::union::multipleChainedJoins::mapping::multipleChainedJoinsAssociationMappingV2$class$meta::relational::tests::mapping::union::multipleChainedJoins::model::X$set$x1	<query>	com.legend.normalizer.ModelNormalizer
4	L-full	meta::relational::tests::mapping::union::multipleChainedJoins::mapping::multipleChainedJoinsAssociationMappingV1$class$meta::relational::tests::mapping::union::multipleChainedJoins::model::Z$set$z3	<query>	com.legend.normalizer.ModelNormalizer
4	L-full	meta::relational::tests::mapping::union::multipleChainedJoins::mapping::multipleChainedJoinsAssociationMappingV1$class$meta::relational::tests::mapping::union::multipleChainedJoins::model::Z$set$z2	<query>	com.legend.normalizer.ModelNormalizer
4	L-full	meta::relational::tests::mapping::union::multipleChainedJoins::mapping::multipleChainedJoinsAssociationMappingV1$class$meta::relational::tests::mapping::union::multipleChainedJoins::model::Z$set$z1	<query>	com.legend.normalizer.ModelNormalizer
4	L-full	meta::relational::tests::mapping::union::multipleChainedJoins::mapping::multipleChainedJoinsAssociationMappingV1$class$meta::relational::tests::mapping::union::multipleChainedJoins::model::X$set$x3	<query>	com.legend.normalizer.ModelNormalizer
4	L-full	meta::relational::tests::mapping::union::multipleChainedJoins::mapping::multipleChainedJoinsAssociationMappingV1$class$meta::relational::tests::mapping::union::multipleChainedJoins::model::X$set$x2	<query>	com.legend.normalizer.ModelNormalizer
4	L-full	meta::relational::tests::mapping::union::multipleChainedJoins::mapping::multipleChainedJoinsAssociationMappingV1$class$meta::relational::tests::mapping::union::multipleChainedJoins::model::X$set$x1	<query>	com.legend.normalizer.ModelNormalizer
4	L-full	meta::relational::tests::mapping::union::extend::unionToUnionMapping$class$meta::relational::tests::mapping::union::extend::Person$set$mySet2	<query>	com.legend.normalizer.ModelNormalizer
4	L-full	meta::relational::tests::mapping::union::extend::unionToUnionMapping$class$meta::relational::tests::mapping::union::extend::Person$set$mySet1	<query>	com.legend.normalizer.ModelNormalizer
4	L-full	meta::relational::tests::mapping::union::extend::unionToUnionMapping$class$meta::relational::tests::mapping::union::extend::Firm$set$my_firm_set2	<query>	com.legend.normalizer.ModelNormalizer
4	L-full	meta::relational::tests::mapping::union::extend::unionToUnionMapping$class$meta::relational::tests::mapping::union::extend::Firm$set$my_firm_set1	<query>	com.legend.normalizer.ModelNormalizer
4	L-full	meta::relational::tests::mapping::union::extend::unionToUnionMapping$class$meta::relational::tests::mapping::union::extend::Address$set$my_a_set2	<query>	com.legend.normalizer.ModelNormalizer
4	L-full	meta::relational::tests::mapping::union::extend::unionToUnionMapping$class$meta::relational::tests::mapping::union::extend::Address$set$my_a_set1	<query>	com.legend.normalizer.ModelNormalizer
4	L-full	meta::relational::tests::mapping::union::extend::unionMappingWithSelfJoin$class$meta::relational::tests::mapping::union::extend::Person$set$mySet2	<query>	com.legend.normalizer.ModelNormalizer
4	L-full	meta::relational::tests::mapping::union::extend::unionMappingWithSelfJoin$class$meta::relational::tests::mapping::union::extend::Person$set$mySet1	<query>	com.legend.normalizer.ModelNormalizer
4	L-full	meta::relational::tests::mapping::union::extend::unionMappingWithJoinSequenceInProperty$class$meta::relational::tests::mapping::union::extend::Person$set$mySet2	<query>	com.legend.normalizer.ModelNormalizer
4	L-full	meta::relational::tests::mapping::union::extend::unionMappingWithJoinSequenceInProperty$class$meta::relational::tests::mapping::union::extend::Person$set$mySet1	<query>	com.legend.normalizer.ModelNormalizer
4	L-full	meta::relational::tests::mapping::union::extend::unionMappingWithJoinInProperty$class$meta::relational::tests::mapping::union::extend::Person$set$mySet2	<query>	com.legend.normalizer.ModelNormalizer
4	L-full	meta::relational::tests::mapping::union::extend::unionMappingWithJoinInProperty$class$meta::relational::tests::mapping::union::extend::Person$set$mySet1	<query>	com.legend.normalizer.ModelNormalizer
4	L-full	meta::relational::tests::mapping::union::extend::unionMappingWithFunction$class$meta::relational::tests::mapping::union::extend::Person$set$mySet2	<query>	com.legend.normalizer.ModelNormalizer
4	L-full	meta::relational::tests::mapping::union::extend::unionMappingWithFunction$class$meta::relational::tests::mapping::union::extend::Person$set$mySet1	<query>	com.legend.normalizer.ModelNormalizer
4	L-full	meta::relational::tests::mapping::union::extend::unionMappingWithFilter$class$meta::relational::tests::mapping::union::extend::Person$set$mySet2	<query>	com.legend.normalizer.ModelNormalizer
4	L-full	meta::relational::tests::mapping::union::extend::unionMappingWithFilter$class$meta::relational::tests::mapping::union::extend::Person$set$mySet1	<query>	com.legend.normalizer.ModelNormalizer
4	L-full	meta::relational::tests::mapping::union::extend::unionMappingWithEmbeddedPropertyWithConstant$class$meta::relational::tests::mapping::union::extend::Person$set$mySet2	<query>	com.legend.normalizer.ModelNormalizer
4	L-full	meta::relational::tests::mapping::union::extend::unionMappingWithEmbeddedPropertyWithConstant$class$meta::relational::tests::mapping::union::extend::Person$set$mySet1	<query>	com.legend.normalizer.ModelNormalizer
4	L-full	meta::relational::tests::mapping::union::extend::unionMappingWithEmbeddedPropertyWithColumnsWithSameNames$class$meta::relational::tests::mapping::union::extend::Application$set$mySet2	<query>	com.legend.normalizer.ModelNormalizer
4	L-full	meta::relational::tests::mapping::union::extend::unionMappingWithEmbeddedPropertyWithColumnsWithSameNames$class$meta::relational::tests::mapping::union::extend::Application$set$mySet1	<query>	com.legend.normalizer.ModelNormalizer
4	L-full	meta::relational::tests::mapping::union::extend::unionMappingWithEmbeddedPropertyOneThroughJoin$class$meta::relational::tests::mapping::union::extend::Person$set$mySet2	<query>	com.legend.normalizer.ModelNormalizer
4	L-full	meta::relational::tests::mapping::union::extend::unionMappingWithEmbeddedPropertyOneThroughJoin$class$meta::relational::tests::mapping::union::extend::Person$set$mySet1	<query>	com.legend.normalizer.ModelNormalizer
4	L-full	meta::relational::tests::mapping::union::extend::unionMappingWithEmbeddedProperty2$class$meta::relational::tests::mapping::union::extend::Person$set$mySet2	<query>	com.legend.normalizer.ModelNormalizer
4	L-full	meta::relational::tests::mapping::union::extend::unionMappingWithEmbeddedProperty2$class$meta::relational::tests::mapping::union::extend::Person$set$mySet1	<query>	com.legend.normalizer.ModelNormalizer
4	L-full	meta::relational::tests::mapping::union::extend::unionMappingWithEmbeddedProperty2$class$meta::relational::tests::mapping::union::extend::Firm$set$my_firm_set2	<query>	com.legend.normalizer.ModelNormalizer
4	L-full	meta::relational::tests::mapping::union::extend::unionMappingWithEmbeddedProperty2$class$meta::relational::tests::mapping::union::extend::Firm$set$my_firm_set1	<query>	com.legend.normalizer.ModelNormalizer
4	L-full	meta::relational::tests::mapping::union::extend::unionMappingWithEmbeddedProperty$class$meta::relational::tests::mapping::union::extend::Person$set$mySet2	<query>	com.legend.normalizer.ModelNormalizer
4	L-full	meta::relational::tests::mapping::union::extend::unionMappingWithEmbeddedProperty$class$meta::relational::tests::mapping::union::extend::Person$set$mySet1	<query>	com.legend.normalizer.ModelNormalizer
4	L-full	meta::relational::tests::mapping::union::extend::unionMappingWithConstant$class$meta::relational::tests::mapping::union::extend::Person$set$mySet2	<query>	com.legend.normalizer.ModelNormalizer
4	L-full	meta::relational::tests::mapping::union::extend::unionMappingWithConstant$class$meta::relational::tests::mapping::union::extend::Person$set$mySet1	<query>	com.legend.normalizer.ModelNormalizer
4	L-full	meta::relational::tests::mapping::union::extend::unionMappingWithAssociationMapping$class$meta::relational::tests::model::simple::Person$set$set2	<query>	com.legend.normalizer.ModelNormalizer
4	L-full	meta::relational::tests::mapping::union::extend::unionMappingWithAssociationMapping$class$meta::relational::tests::model::simple::Person$set$set1	<query>	com.legend.normalizer.ModelNormalizer
4	L-full	meta::relational::tests::mapping::union::extend::unionMappingWithAssociationMapping$class$meta::relational::tests::mapping::union::extend::Person$set$mySet2	<query>	com.legend.normalizer.ModelNormalizer
4	L-full	meta::relational::tests::mapping::union::extend::unionMappingWithAssociationMapping$class$meta::relational::tests::mapping::union::extend::Person$set$mySet1	<query>	com.legend.normalizer.ModelNormalizer
4	L-full	meta::relational::tests::mapping::union::extend::unionMappingOverlappingPKAndFKColumns$class$meta::relational::tests::mapping::union::extend::Person$set$mySet2	<query>	com.legend.normalizer.ModelNormalizer
4	L-full	meta::relational::tests::mapping::union::extend::unionMappingOverlappingPKAndFKColumns$class$meta::relational::tests::mapping::union::extend::Person$set$mySet1	<query>	com.legend.normalizer.ModelNormalizer
4	L-full	meta::relational::tests::mapping::union::extend::unionMappingOverlappingPKAndFKColumns$class$meta::relational::tests::mapping::union::extend::Firm$set$MyFirmSet2	<query>	com.legend.normalizer.ModelNormalizer
4	L-full	meta::relational::tests::mapping::union::extend::unionMappingOverlappingPKAndFKColumns$class$meta::relational::tests::mapping::union::extend::Firm$set$MyFirmSet1	<query>	com.legend.normalizer.ModelNormalizer
4	L-full	meta::relational::tests::mapping::union::extend::unionMapping$class$meta::relational::tests::mapping::union::extend::Person$set$mySet2	<query>	com.legend.normalizer.ModelNormalizer
4	L-full	meta::relational::tests::mapping::union::extend::unionMapping$class$meta::relational::tests::mapping::union::extend::Person$set$mySet1	<query>	com.legend.normalizer.ModelNormalizer
4	L-full	meta::relational::tests::mapping::union::extend::chainedJoinsWithUnionsAndIsolation$class$meta::relational::tests::mapping::union::extend::Person$set$mySet2	<query>	com.legend.normalizer.ModelNormalizer
4	L-full	meta::relational::tests::mapping::union::extend::chainedJoinsWithUnionsAndIsolation$class$meta::relational::tests::mapping::union::extend::Person$set$mySet1	<query>	com.legend.normalizer.ModelNormalizer
4	L-full	meta::relational::tests::mapping::union::extend::chainedJoinsWithUnionsAndIsolation$class$meta::relational::tests::mapping::union::extend::Firm$set$MyFirmSet2	<query>	com.legend.normalizer.ModelNormalizer
4	L-full	meta::relational::tests::mapping::union::extend::chainedJoinsWithUnionsAndIsolation$class$meta::relational::tests::mapping::union::extend::Firm$set$MyFirmSet1	<query>	com.legend.normalizer.ModelNormalizer
4	L-full	meta::relational::tests::mapping::union::biTemporal::setUp	<query>	com.legend.test.PureTestRunner
4	L-full	meta::relational::tests::mapping::union::biTemporal::biTemporalUnionMapping$class$meta::relational::tests::mapping::union::biTemporal::BiTemporalParty$set$selectBeneficiary	<query>	com.legend.normalizer.ModelNormalizer
4	L-full	meta::relational::tests::mapping::tree::setUp	<query>	com.legend.test.PureTestRunner
4	L-full	meta::relational::tests::mapping::subType::setUp	<query>	com.legend.test.PureTestRunner
4	L-full	meta::relational::tests::mapping::sqlFunction::setUp	<query>	com.legend.test.PureTestRunner
4	L-full	meta::relational::tests::mapping::selfJoin::setUp	<query>	com.legend.test.PureTestRunner
4	L-full	meta::relational::tests::mapping::relation::setUp	<query>	com.legend.test.PureTestRunner
4	L-full	meta::relational::tests::mapping::propertyfunc::setUp	<query>	com.legend.test.PureTestRunner
4	L-full	meta::relational::tests::mapping::multigrain::setUp	<query>	com.legend.test.PureTestRunner
4	L-full	meta::relational::tests::mapping::modelJoin::union::UnionWithSubtypeQueryMapping$class$meta::relational::tests::mapping::modelJoin::domain::Person$set$personFT	<query>	com.legend.normalizer.ModelNormalizer
4	L-full	meta::relational::tests::mapping::modelJoin::union::UnionWithSubtypeQueryMapping$class$meta::relational::tests::mapping::modelJoin::domain::Firm$set$firmB	<query>	com.legend.normalizer.ModelNormalizer
4	L-full	meta::relational::tests::mapping::modelJoin::union::UnionWithSubtypeQueryMapping$class$meta::relational::tests::mapping::modelJoin::domain::Firm$set$firmA	<query>	com.legend.normalizer.ModelNormalizer
4	L-full	meta::relational::tests::mapping::modelJoin::union::UnionWithSubtypeQueryMapping$class$meta::relational::tests::mapping::modelJoin::domain::ExtendedPerson	<query>	com.legend.normalizer.ModelNormalizer
4	L-full	meta::relational::tests::mapping::modelJoin::union::UnionWithExistsMapping$class$meta::relational::tests::mapping::modelJoin::domain::Person$set$personFT	<query>	com.legend.normalizer.ModelNormalizer
4	L-full	meta::relational::tests::mapping::modelJoin::union::UnionWithExistsMapping$class$meta::relational::tests::mapping::modelJoin::domain::Person$set$personCT	<query>	com.legend.normalizer.ModelNormalizer
4	L-full	meta::relational::tests::mapping::modelJoin::union::UnionPropertyInConditionMapping$class$meta::relational::tests::mapping::modelJoin::domain::Person$set$personFT	<query>	com.legend.normalizer.ModelNormalizer
4	L-full	meta::relational::tests::mapping::modelJoin::union::UnionPropertyInConditionMapping$class$meta::relational::tests::mapping::modelJoin::domain::Person$set$personCT	<query>	com.legend.normalizer.ModelNormalizer
4	L-full	meta::relational::tests::mapping::modelJoin::union::UnionPropertyInConditionMapping$class$meta::relational::tests::mapping::modelJoin::domain::Headquarters$set$hqB	<query>	com.legend.normalizer.ModelNormalizer
4	L-full	meta::relational::tests::mapping::modelJoin::union::UnionPropertyInConditionMapping$class$meta::relational::tests::mapping::modelJoin::domain::Headquarters$set$hqA	<query>	com.legend.normalizer.ModelNormalizer
4	L-full	meta::relational::tests::mapping::modelJoin::union::UnionPropertyInConditionMapping$class$meta::relational::tests::mapping::modelJoin::domain::Firm$set$firmB	<query>	com.legend.normalizer.ModelNormalizer
4	L-full	meta::relational::tests::mapping::modelJoin::union::UnionPropertyInConditionMapping$class$meta::relational::tests::mapping::modelJoin::domain::Firm$set$firmA	<query>	com.legend.normalizer.ModelNormalizer
4	L-full	meta::relational::tests::mapping::modelJoin::union::UnionPropertyInConditionMapping$class$meta::relational::tests::mapping::modelJoin::domain::Address$set$addrB	<query>	com.legend.normalizer.ModelNormalizer
4	L-full	meta::relational::tests::mapping::modelJoin::union::UnionPropertyInConditionMapping$class$meta::relational::tests::mapping::modelJoin::domain::Address$set$addrA	<query>	com.legend.normalizer.ModelNormalizer
4	L-full	meta::relational::tests::mapping::modelJoin::union::UnionBothSidesMapping$class$meta::relational::tests::mapping::modelJoin::domain::Person$set$personFT	<query>	com.legend.normalizer.ModelNormalizer
4	L-full	meta::relational::tests::mapping::modelJoin::union::UnionBothSidesMapping$class$meta::relational::tests::mapping::modelJoin::domain::Person$set$personCT	<query>	com.legend.normalizer.ModelNormalizer
4	L-full	meta::relational::tests::mapping::modelJoin::union::UnionBothSidesMapping$class$meta::relational::tests::mapping::modelJoin::domain::Firm$set$firmB	<query>	com.legend.normalizer.ModelNormalizer
4	L-full	meta::relational::tests::mapping::modelJoin::union::UnionBothSidesMapping$class$meta::relational::tests::mapping::modelJoin::domain::Firm$set$firmA	<query>	com.legend.normalizer.ModelNormalizer
4	L-full	meta::relational::tests::mapping::modelJoin::union::RelationalUnionSourceMapping$class$meta::relational::tests::mapping::modelJoin::domain::Person$set$personFT	<query>	com.legend.normalizer.ModelNormalizer
4	L-full	meta::relational::tests::mapping::modelJoin::union::RelationalUnionSourceMapping$class$meta::relational::tests::mapping::modelJoin::domain::Person$set$personCT	<query>	com.legend.normalizer.ModelNormalizer
4	L-full	meta::relational::tests::mapping::modelJoin::union::RelationalUnionBothSidesMapping$class$meta::relational::tests::mapping::modelJoin::domain::Person$set$personFT	<query>	com.legend.normalizer.ModelNormalizer
4	L-full	meta::relational::tests::mapping::modelJoin::union::RelationalUnionBothSidesMapping$class$meta::relational::tests::mapping::modelJoin::domain::Person$set$personCT	<query>	com.legend.normalizer.ModelNormalizer
4	L-full	meta::relational::tests::mapping::modelJoin::union::RelationalUnionBothSidesMapping$class$meta::relational::tests::mapping::modelJoin::domain::Firm$set$firmB	<query>	com.legend.normalizer.ModelNormalizer
4	L-full	meta::relational::tests::mapping::modelJoin::union::RelationalUnionBothSidesMapping$class$meta::relational::tests::mapping::modelJoin::domain::Firm$set$firmA	<query>	com.legend.normalizer.ModelNormalizer
4	L-full	meta::relational::tests::mapping::merge::setUp	<query>	com.legend.test.PureTestRunner
4	L-full	meta::relational::tests::mapping::merge::MergeAliasMapping$class$meta::relational::tests::model::simple::Firm$set$firm_set2	<query>	com.legend.normalizer.ModelNormalizer
4	L-full	meta::relational::tests::mapping::merge::MergeAliasMapping$class$meta::relational::tests::model::simple::Firm$set$firm_set1	<query>	com.legend.normalizer.ModelNormalizer
4	L-full	meta::relational::tests::mapping::merge::createRuntime	<query>	com.legend.test.PureTestRunner
4	L-full	meta::relational::tests::mapping::join::setUp	<query>	com.legend.test.PureTestRunner
4	L-full	meta::relational::tests::mapping::innerjoin::isolation::setUp	<query>	com.legend.test.PureTestRunner
4	L-full	meta::relational::tests::mapping::inheritance::setUp	<query>	com.legend.test.PureTestRunner
4	L-full	meta::relational::tests::mapping::inheritance::relational::union::setUp	<query>	com.legend.test.PureTestRunner
4	L-full	meta::relational::tests::mapping::inheritance::relational::selfJoin::setUp	<query>	com.legend.test.PureTestRunner
4	L-full	meta::relational::tests::mapping::inheritance::relational::multiJoins::setUp	<query>	com.legend.test.PureTestRunner
4	L-full	meta::relational::tests::mapping::inheritance::milestoned::setUp	<query>	com.legend.test.PureTestRunner
4	L-full	meta::relational::tests::mapping::in::setUp	<query>	com.legend.test.PureTestRunner
4	L-full	meta::relational::tests::mapping::groupBy::setUp	<query>	com.legend.test.PureTestRunner
4	L-full	meta::relational::tests::mapping::filter::setUp	<query>	com.legend.test.PureTestRunner
4	L-full	meta::relational::tests::mapping::filter::model::store::createTablesAndFillDb	<query>	com.legend.test.PureTestRunner
4	L-full	meta::relational::tests::mapping::extend::union::propertyMapping::UnionMappingWithExtendOverrides$class$meta::relational::tests::mapping::extend::model::C	<query>	com.legend.normalizer.ModelNormalizer
4	L-full	meta::relational::tests::mapping::extend::union::propertyMapping::UnionMappingWithExtendOverrides$class$meta::relational::tests::mapping::extend::model::B	<query>	com.legend.normalizer.ModelNormalizer
4	L-full	meta::relational::tests::mapping::extend::union::propertyMapping::testMapping$class$meta::relational::tests::mapping::extend::model::K$set$kSet2	<query>	com.legend.normalizer.ModelNormalizer
4	L-full	meta::relational::tests::mapping::extend::union::inlineEmbeddedPropertyMapping::testMapping$class$meta::relational::tests::mapping::extend::model::C$set$cSet2	<query>	com.legend.normalizer.ModelNormalizer
4	L-full	meta::relational::tests::mapping::extend::union::inlineEmbeddedPropertyMapping::testMapping$class$meta::relational::tests::mapping::extend::model::C$set$cSet1	<query>	com.legend.normalizer.ModelNormalizer
4	L-full	meta::relational::tests::mapping::extend::union::inlineEmbeddedPropertyMapping::testMapping$class$meta::relational::tests::mapping::extend::model::B$set$bSet2	<query>	com.legend.normalizer.ModelNormalizer
4	L-full	meta::relational::tests::mapping::extend::union::inlineEmbeddedPropertyMapping::testMapping$class$meta::relational::tests::mapping::extend::model::B$set$bSet1	<query>	com.legend.normalizer.ModelNormalizer
4	L-full	meta::relational::tests::mapping::extend::union::inlineEmbeddedPropertyMapping::testMapping$class$meta::relational::tests::mapping::extend::model::A$set$aSet2	<query>	com.legend.normalizer.ModelNormalizer
4	L-full	meta::relational::tests::mapping::extend::union::inlineEmbeddedPropertyMapping::testMapping$class$meta::relational::tests::mapping::extend::model::A$set$aSet1	<query>	com.legend.normalizer.ModelNormalizer
4	L-full	meta::relational::tests::mapping::extend::union::embeddedPropertyMapping::testMapping$class$meta::relational::tests::mapping::extend::model::C$set$cSet2	<query>	com.legend.normalizer.ModelNormalizer
4	L-full	meta::relational::tests::mapping::extend::union::embeddedPropertyMapping::testMapping$class$meta::relational::tests::mapping::extend::model::C$set$cSet1	<query>	com.legend.normalizer.ModelNormalizer
4	L-full	meta::relational::tests::mapping::extend::union::embeddedPropertyMapping::testMapping$class$meta::relational::tests::mapping::extend::model::B$set$bSet2	<query>	com.legend.normalizer.ModelNormalizer
4	L-full	meta::relational::tests::mapping::extend::union::embeddedPropertyMapping::testMapping$class$meta::relational::tests::mapping::extend::model::B$set$bSet1	<query>	com.legend.normalizer.ModelNormalizer
4	L-full	meta::relational::tests::mapping::extend::union::embeddedPropertyMapping::testMapping$class$meta::relational::tests::mapping::extend::model::A$set$aSet2	<query>	com.legend.normalizer.ModelNormalizer
4	L-full	meta::relational::tests::mapping::extend::union::embeddedPropertyMapping::testMapping$class$meta::relational::tests::mapping::extend::model::A$set$aSet1	<query>	com.legend.normalizer.ModelNormalizer
4	L-full	meta::relational::tests::mapping::extend::setUp	<query>	com.legend.test.PureTestRunner
4	L-full	meta::relational::tests::mapping::enumeration::setUp	<query>	com.legend.test.PureTestRunner
4	L-full	meta::relational::tests::mapping::embedded::setUp	<query>	com.legend.test.PureTestRunner
4	L-full	meta::relational::tests::mapping::embedded::optionalNumeric::setUp	<query>	com.legend.test.PureTestRunner
4	L-full	meta::relational::tests::mapping::embedded::model::store::testDataTypeMappingRuntime	<query>	com.legend.test.PureTestRunner
4	L-full	meta::relational::tests::mapping::embedded::advanced::setUp	<query>	com.legend.test.PureTestRunner
4	L-full	meta::relational::tests::mapping::embedded::advanced::mapping::testMappingEmbeddedOtherwise2$class$meta::relational::tests::mapping::embedded::advanced::model::BondDetail$set$bondMapping1	<query>	com.legend.normalizer.ModelNormalizer
4	L-full	meta::relational::tests::mapping::dynajoin::setUp	<query>	com.legend.test.PureTestRunner
4	L-full	meta::relational::tests::mapping::distinct::setUp	<query>	com.legend.test.PureTestRunner
4	L-full	meta::relational::tests::mapping::dates::setUp	<query>	com.legend.test.PureTestRunner
4	L-full	meta::relational::tests::mapping::dataType::model::store::testDataTypeMappingRuntime	<query>	com.legend.test.PureTestRunner
4	L-full	meta::relational::tests::mapping::crossStore::model::mapping::mft::crossStoreUnionTestMapping$class$Firm$set$firm2	<query>	com.legend.normalizer.ModelNormalizer
4	L-full	meta::relational::tests::mapping::crossStore::model::mapping::mft::crossStoreUnionTestMapping$class$Firm$set$firm1	<query>	com.legend.normalizer.ModelNormalizer
4	L-full	meta::relational::tests::mapping::classMappingFilterWithInnerJoin::setUp	<query>	com.legend.test.PureTestRunner
4	L-full	meta::relational::tests::mapping::classMappingFilterWithInnerJoin::mapping::MergeAliasMappingWithInnerJoinFilter$class$meta::relational::tests::model::simple::Firm$set$firm_set2	<query>	com.legend.normalizer.ModelNormalizer
4	L-full	meta::relational::tests::mapping::classMappingFilterWithInnerJoin::mapping::MergeAliasMappingWithInnerJoinFilter$class$meta::relational::tests::model::simple::Firm$set$firm_set1	<query>	com.legend.normalizer.ModelNormalizer
4	L-full	meta::relational::tests::mapping::classMappingFilterWithInnerJoin::mapping::mappingWithMultipleClassMappings$class$meta::relational::tests::mapping::classMappingFilterWithInnerJoin::model::Person$set$p3	<query>	com.legend.normalizer.ModelNormalizer
4	L-full	meta::relational::tests::mapping::classMappingFilterWithInnerJoin::mapping::mappingWithMultipleClassMappings$class$meta::relational::tests::mapping::classMappingFilterWithInnerJoin::model::Person$set$p2	<query>	com.legend.normalizer.ModelNormalizer
4	L-full	meta::relational::tests::mapping::boolean::setUp	<query>	com.legend.test.PureTestRunner
4	L-full	meta::relational::tests::mapping::association::setUp	<query>	com.legend.test.PureTestRunner
4	L-full	meta::relational::tests::mapping::association::inheritence::setUp	<query>	com.legend.test.PureTestRunner
4	L-full	meta::relational::tests::mapping::association::inheritence::ineritanceMappingWithInlineEmbeddedSets$class$meta::relational::tests::model::inheritance::Person	<query>	com.legend.normalizer.ModelNormalizer
4	L-full	meta::relational::tests::mapping::association::inheritence::ineritanceMappingWithInlineEmbeddedSets$class$meta::relational::tests::model::inheritance::Car	<query>	com.legend.normalizer.ModelNormalizer
4	L-full	meta::relational::tests::mapping::association::inheritence::ineritanceMappingWithInlineEmbeddedSets$class$meta::relational::tests::model::inheritance::Bicycle	<query>	com.legend.normalizer.ModelNormalizer
4	L-full	meta::relational::tests::mapping::association::inheritence::ineritanceMappingWithInlineEmbeddedSets$class$meta::relational::tests::model::inheritance::Airline	<query>	com.legend.normalizer.ModelNormalizer
4	L-full	meta::relational::tests::mapping::association::inheritence::assocMapping2$class$meta::relational::tests::model::inheritance::Person	<query>	com.legend.normalizer.ModelNormalizer
4	L-full	meta::relational::tests::mapping::association::inheritence::assocMapping2$class$meta::relational::tests::model::inheritance::Airline	<query>	com.legend.normalizer.ModelNormalizer
4	L-full	meta::relational::tests::mapping::association::embedded::setUp	<query>	com.legend.test.PureTestRunner
4	L-full	meta::relational::tests::mapping::association::associationMappingWithDifferentRoot$class$meta::relational::tests::model::simple::Person$set$o	<query>	com.legend.normalizer.ModelNormalizer
4	L-full	meta::relational::tests::map::setUp	<query>	com.legend.test.PureTestRunner
4	L-full	meta::relational::tests::injection::setUp	<query>	com.legend.test.PureTestRunner
4	L-full	meta::relational::tests::groupBy::setUp	<query>	com.legend.test.PureTestRunner
4	L-full	meta::relational::tests::groupBy::datePeriods::setUp	<query>	com.legend.test.PureTestRunner
4	L-full	meta::relational::tests::groupBy::datePeriods::filterReportDates	<query>	com.legend.test.PureTestRunner
4	L-full	meta::relational::tests::getter::setUp	<query>	com.legend.test.PureTestRunner
4	L-full	meta::relational::tests::functions::sqlstring::filterReportDates	<query>	com.legend.test.PureTestRunner
4	L-full	meta::relational::tests::functions::pureToSqlQuery::calendarAggregations::setUp	<query>	com.legend.test.PureTestRunner
4	L-full	meta::relational::tests::functions::pureToSqlQuery::calendarAggregations::EmployeeMappingUnion$class$meta::relational::tests::functions::pureToSqlQuery::calendarAggregations::Employee$set$emp2	<query>	com.legend.normalizer.ModelNormalizer
4	L-full	meta::relational::tests::functions::pureToSqlQuery::calendarAggregations::EmployeeMappingUnion$class$meta::relational::tests::functions::pureToSqlQuery::calendarAggregations::Employee$set$emp1	<query>	com.legend.normalizer.ModelNormalizer
4	L-full	meta::relational::tests::functions::objectReferenceIn::setUp	<query>	com.legend.test.PureTestRunner
4	L-full	meta::relational::tests::functions::fetchDbMetaData::setUp	<query>	com.legend.test.PureTestRunner
4	L-full	meta::relational::tests::functions::distance::setUp	<query>	com.legend.test.PureTestRunner
4	L-full	meta::relational::tests::fromMapping::setUp	<query>	com.legend.test.PureTestRunner
4	L-full	meta::relational::tests::database::setUp	<query>	com.legend.test.PureTestRunner
4	L-full	meta::relational::tests::createTablesAndFillDb	<query>	com.legend.rcorpus.MinimalCorpus
4	L-full	meta::relational::tests::aggregationAware::setUp	<query>	com.legend.test.PureTestRunner
4	L-full	meta::relational::tests::advanced::structure::setUp	<query>	com.legend.test.PureTestRunner
4	L-full	meta::relational::tests::advanced::forcedselfjoin::setUp	<query>	com.legend.test.PureTestRunner
4	L-full	meta::relational::tests::advanced::forced::structure::setUp	<query>	com.legend.test.PureTestRunner
4	L-full	meta::relational::tests::advanced::forced::qualifier::setUp	<query>	com.legend.test.PureTestRunner
4	L-full	meta::relational::tests::advanced::forced::injection::setUp	<query>	com.legend.test.PureTestRunner
4	L-full	meta::relational::tests::advanced::forced::filter::setUp	<query>	com.legend.test.PureTestRunner
4	L-full	meta::relational::tests::advanced::failures::moveFilterInOnClause::setUp	<query>	com.legend.test.PureTestRunner
4	L-full	meta::relational::testDataGeneration::generateSeedDataString	<query>	com.legend.test.PureTestRunner
4	L-full	meta::relational::runtime::extractDBs	<query>	com.legend.test.PureTestRunner
4	L-full	meta::relational::postProcessor::reAliasColumnName::trimColumnName	<query>	com.legend.test.PureTestRunner
4	L-full	meta::relational::milestoning::getTemporalDateAlias	<query>	com.legend.normalizer.ModelNormalizer
4	L-full	meta::relational::metamodel::execute::executeInDbToTDS	<query>	com.legend.test.PureTestRunner
4	L-full	meta::relational::metamodel::execute::executeInDb	my::w	com.legend.exec.ExecuteInDbTest
4	L-full	meta::relational::metamodel::execute::executeInDb	<query>	com.legend.test.PureTestRunner
4	L-full	meta::relational::metamodel::execute::executeInDb	<query>	com.legend.exec.Phase1AuditTest
4	L-full	meta::relational::metamodel::execute::createTestDatabaseConnection	<query>	com.legend.rcorpus.MinimalCorpus
4	L-full	meta::relational::mapping::sqlRemoveFormatting	<query>	com.legend.test.PureTestRunner
4	L-full	meta::relational::graphFetch::tests::union::rootLevel::SameStoreMapping2$class$meta::relational::graphFetch::tests::union::rootLevel::Trade$set$trade_set_relational2	<query>	com.legend.normalizer.ModelNormalizer
4	L-full	meta::relational::graphFetch::tests::union::rootLevel::SameStoreMapping2$class$meta::relational::graphFetch::tests::union::rootLevel::Trade$set$trade_set_relational1	<query>	com.legend.normalizer.ModelNormalizer
4	L-full	meta::relational::graphFetch::tests::union::rootLevel::SameStoreMapping$class$meta::relational::graphFetch::tests::union::rootLevel::Trade$set$trade_set_relational2	<query>	com.legend.normalizer.ModelNormalizer
4	L-full	meta::relational::graphFetch::tests::union::rootLevel::SameStoreMapping$class$meta::relational::graphFetch::tests::union::rootLevel::Trade$set$trade_set_relational1	<query>	com.legend.normalizer.ModelNormalizer
4	L-full	meta::relational::graphFetch::tests::union::rootLevel::FirmsAndEmployees_Relational$class$meta::relational::graphFetch::tests::union::rootLevel::Person$set$p2	<query>	com.legend.normalizer.ModelNormalizer
4	L-full	meta::relational::graphFetch::tests::union::rootLevel::FirmsAndEmployees_Relational$class$meta::relational::graphFetch::tests::union::rootLevel::Person$set$p1	<query>	com.legend.normalizer.ModelNormalizer
4	L-full	meta::relational::graphFetch::tests::union::rootLevel::CrossStoreMapping2$class$meta::relational::graphFetch::tests::union::rootLevel::Trade$set$trade_set_relational2	<query>	com.legend.normalizer.ModelNormalizer
4	L-full	meta::relational::graphFetch::tests::union::rootLevel::CrossStoreMapping2$class$meta::relational::graphFetch::tests::union::rootLevel::Trade$set$trade_set_relational1	<query>	com.legend.normalizer.ModelNormalizer
4	L-full	meta::relational::graphFetch::tests::union::rootLevel::CrossStoreMapping$class$meta::relational::graphFetch::tests::union::rootLevel::Trade$set$trade_set_relational2	<query>	com.legend.normalizer.ModelNormalizer
4	L-full	meta::relational::graphFetch::tests::union::rootLevel::CrossStoreMapping$class$meta::relational::graphFetch::tests::union::rootLevel::Trade$set$trade_set_relational1	<query>	com.legend.normalizer.ModelNormalizer
4	L-full	meta::relational::graphFetch::tests::union::rootLevel::createTablesInDb	<query>	com.legend.test.PureTestRunner
4	L-full	meta::relational::graphFetch::tests::union::relationalGraphFetchUnionWithMilestoning::setUp	<query>	com.legend.test.PureTestRunner
4	L-full	meta::relational::graphFetch::tests::union::relationalGraphFetchUnionWithMilestoning::MilestoningUnionMap$class$meta::relational::tests::milestoning::Order$set$o2	<query>	com.legend.normalizer.ModelNormalizer
4	L-full	meta::relational::graphFetch::tests::union::relationalGraphFetchUnionWithMilestoning::MilestoningUnionMap$class$meta::relational::tests::milestoning::Order$set$o1	<query>	com.legend.normalizer.ModelNormalizer
4	L-full	meta::relational::graphFetch::tests::union::propertyLevel::setup	<query>	com.legend.test.PureTestRunner
4	L-full	meta::relational::graphFetch::tests::union::propertyLevel::Mapping6$class$meta::relational::tests::model::simple::Firm$set$firm_set3	<query>	com.legend.normalizer.ModelNormalizer
4	L-full	meta::relational::graphFetch::tests::union::propertyLevel::Mapping6$class$meta::relational::tests::model::simple::Firm$set$firm_set2	<query>	com.legend.normalizer.ModelNormalizer
4	L-full	meta::relational::graphFetch::tests::union::propertyLevel::Mapping6$class$meta::relational::tests::model::simple::Firm$set$firm_set1	<query>	com.legend.normalizer.ModelNormalizer
4	L-full	meta::relational::graphFetch::tests::union::propertyLevel::Mapping5$class$meta::relational::tests::model::simple::Firm$set$firm_set2	<query>	com.legend.normalizer.ModelNormalizer
4	L-full	meta::relational::graphFetch::tests::union::propertyLevel::Mapping5$class$meta::relational::tests::model::simple::Firm$set$firm_set1	<query>	com.legend.normalizer.ModelNormalizer
4	L-full	meta::relational::graphFetch::tests::union::propertyLevel::Mapping4$class$meta::relational::tests::model::simple::Firm$set$firm_set2	<query>	com.legend.normalizer.ModelNormalizer
4	L-full	meta::relational::graphFetch::tests::union::propertyLevel::Mapping4$class$meta::relational::tests::model::simple::Firm$set$firm_set1	<query>	com.legend.normalizer.ModelNormalizer
4	L-full	meta::relational::graphFetch::tests::union::propertyLevel::Mapping1$class$meta::relational::tests::model::simple::Firm$set$firm_set2	<query>	com.legend.normalizer.ModelNormalizer
4	L-full	meta::relational::graphFetch::tests::union::propertyLevel::Mapping1$class$meta::relational::tests::model::simple::Firm$set$firm_set1	<query>	com.legend.normalizer.ModelNormalizer
4	L-full	meta::relational::graphFetch::tests::subType::unionMapping$class$meta::relational::graphFetch::tests::subType::Street	<query>	com.legend.normalizer.ModelNormalizer
4	L-full	meta::relational::graphFetch::tests::subType::unionMapping$class$meta::relational::graphFetch::tests::subType::City	<query>	com.legend.normalizer.ModelNormalizer
4	L-full	meta::relational::graphFetch::tests::subType::setup	<query>	com.legend.test.PureTestRunner
4	L-full	meta::relational::graphFetch::tests::subType::RootSubTypeWithSubtypeLevelPropertyUnionMapping$class$meta::relational::graphFetch::tests::subType::Street	<query>	com.legend.normalizer.ModelNormalizer
4	L-full	meta::relational::graphFetch::tests::subType::RootSubTypeWithSubtypeLevelPropertyUnionMapping$class$meta::relational::graphFetch::tests::subType::City	<query>	com.legend.normalizer.ModelNormalizer
4	L-full	meta::relational::graphFetch::tests::subType::RootSubTypeWithSubtypeLevelAndRootLevelPropertyUnionMapping$class$meta::relational::graphFetch::tests::subType::Street	<query>	com.legend.normalizer.ModelNormalizer
4	L-full	meta::relational::graphFetch::tests::subType::RootSubTypeWithSubtypeLevelAndRootLevelPropertyUnionMapping$class$meta::relational::graphFetch::tests::subType::City	<query>	com.legend.normalizer.ModelNormalizer
4	L-full	meta::relational::graphFetch::tests::subType::RootSubTypeWithRootPropertyUnionMapping$class$meta::relational::graphFetch::tests::subType::Street	<query>	com.legend.normalizer.ModelNormalizer
4	L-full	meta::relational::graphFetch::tests::subType::RootSubTypeWithRootPropertyUnionMapping$class$meta::relational::graphFetch::tests::subType::City	<query>	com.legend.normalizer.ModelNormalizer
4	L-full	meta::relational::graphFetch::tests::subType::InheritanceMapping$class$meta::relational::graphFetch::tests::subType::Street	<query>	com.legend.normalizer.ModelNormalizer
4	L-full	meta::relational::graphFetch::tests::subType::InheritanceMapping$class$meta::relational::graphFetch::tests::subType::City	<query>	com.legend.normalizer.ModelNormalizer
4	L-full	meta::relational::graphFetch::tests::simple::setup	<query>	com.legend.test.PureTestRunner
4	L-full	meta::relational::graphFetch::tests::qualifier::setup	<query>	com.legend.test.PureTestRunner
4	L-full	meta::relational::graphFetch::tests::milestoning::setup	<query>	com.legend.test.PureTestRunner
4	L-full	meta::relational::graphFetch::tests::embedded::setup	<query>	com.legend.test.PureTestRunner
4	L-full	meta::relational::graphFetch::tests::embedded::otherwise::setup	<query>	com.legend.test.PureTestRunner
4	L-full	meta::relational::graphFetch::tests::embedded::inline::setup	<query>	com.legend.test.PureTestRunner
4	L-full	meta::relational::graphFetch::tests::crossDatabase::setUpDBs	<query>	com.legend.test.PureTestRunner
4	L-full	meta::relational::graphFetch::tests::classMappingFilterWithInnerJoin::setup	<query>	com.legend.test.PureTestRunner
4	L-full	meta::relational::graphFetch::tests::chain::setup	<query>	com.legend.test.PureTestRunner
4	L-full	meta::relational::functions::typeInference::safeTypeMap	<query>	com.legend.rcorpus.MinimalCorpus
4	L-full	meta::relational::functions::typeInference::getDynaFunctionTypeInferenceMap	<query>	com.legend.rcorpus.MinimalCorpus
4	L-full	meta::relational::functions::toDDL::dropAndCreateTableInDb	<query>	com.legend.test.PureTestRunner
4	L-full	meta::relational::functions::sqlQueryToString::tests::compareSqls	<query>	com.legend.test.PureTestRunner
4	L-full	meta::relational::functions::sqlQueryToString::h2::v2_1_214::createDbExtensionForH2	<query>	com.legend.test.PureTestRunner
4	L-full	meta::relational::contract::relationalStoreContract	<query>	com.legend.test.PureTestRunner
4	L-full	meta::pure::tds::tests::setup	<query>	com.legend.test.PureTestRunner
4	L-full	meta::pure::milestoning::expandToSingleTemporalStrategies	<query>	com.legend.normalizer.ModelNormalizer
4	L-full	meta::pure::mapping::modelToModel::test::alloy::simple::userFunction::fullName	<query>	com.legend.normalizer.ModelNormalizer
4	L-full	meta::pure::mapping::modelToModel::test::alloy::qualifiedProperties::printBook	<query>	com.legend.normalizer.ModelNormalizer
4	L-full	meta::pure::mapping::modelToModel::test::alloy::match::getType	<query>	com.legend.normalizer.ModelNormalizer
4	L-full	meta::pure::mapping::modelToModel::test::alloy::match::getSeries	<query>	com.legend.normalizer.ModelNormalizer
4	L-full	meta::pure::mapping::modelToModel::test::alloy::dataQuality::dest::totalWords	<query>	com.legend.normalizer.ModelNormalizer
4	L-full	meta::pure::mapping::allSuperSetImplementations	<query>	com.legend.test.PureTestRunner
4	L-full	meta::pure::mapping::_classMappingByClass	<query>	com.legend.integration.MetamodelQueryFunctionsTest
4	L-full	meta::pure::lineage::scanRelations::test::DetailMapping$class$meta::pure::lineage::scanRelations::test::Identifier$set$id1	<query>	com.legend.normalizer.ModelNormalizer
4	L-full	meta::pure::lineage::scanRelations::test::DetailMapping$class$meta::pure::lineage::scanRelations::test::Identifier	<query>	com.legend.normalizer.ModelNormalizer
4	L-full	meta::pure::graphFetch::tests::XStoreUnion::inMemoryAndRelational::crossMappingUnion2$class$meta::pure::graphFetch::tests::XStoreUnion::inMemoryAndRelational::Product$set$prod_set_relational	<query>	com.legend.normalizer.ModelNormalizer
4	L-full	meta::pure::graphFetch::tests::XStoreUnion::inMemoryAndRelational::crossMappingUnion$class$meta::pure::graphFetch::tests::XStoreUnion::inMemoryAndRelational::Product$set$prod_set_relational	<query>	com.legend.normalizer.ModelNormalizer
4	L-full	meta::pure::graphFetch::tests::XStoreUnion::inMemoryAndRelational::createTablesInDb	<query>	com.legend.test.PureTestRunner
4	L-full	meta::pure::graphFetch::tests::XStore::ordered::createTablesInDb	<query>	com.legend.test.PureTestRunner
4	L-full	meta::pure::graphFetch::tests::XStore::inMemoryAndRelational::createTablesInDb	<query>	com.legend.test.PureTestRunner
4	L-full	meta::pure::graphFetch::tests::m2m2r::milestoning::milestonedSourceToNonMilestonedTargetProperty::getNoArgFlattenMapping_ViaAssociation	<query>	com.legend.test.PureTestRunner
4	L-full	meta::pure::graphFetch::tests::m2m2r::milestoning::milestonedSourceToNonMilestonedTargetProperty::getNoArgFlattenMapping	<query>	com.legend.test.PureTestRunner
4	L-full	meta::pure::functions::relation::tests::composition::testVariantColumn_functionComposition_filterValues	<query>	com.legend.server.QueryService
4	L-full	meta::pure::functions::meta::genericTypeClass	<query>	com.legend.normalizer.ModelNormalizer
4	L-full	meta::pure::functions::meta::genericType	<query>	com.legend.normalizer.ModelNormalizer
4	L-full	meta::pure::functions::lang::rawEvalProperty	<query>	com.legend.normalizer.ModelNormalizer
4	L-full	meta::pure::functions::io::println	<query>	com.legend.normalizer.ModelNormalizer
4	L-full	meta::json::getValue	<query>	com.legend.test.PureTestRunner
4	L-full	meta::external::store::relational::tests::testRuntimeForBQ	<query>	com.legend.rcorpus.MinimalCorpus
4	L-full	meta::external::store::relational::tests::testRuntime	<query>	com.legend.rcorpus.MinimalCorpus
4	L-full	meta::external::store::relational::modelJoins::test::setUp	<query>	com.legend.test.PureTestRunner
4	L-full	meta::alloy::objectReference::decodeObjectReferencesAndGetPkMap	<query>	com.legend.test.PureTestRunner
4	L	withContext	<query>	com.legend.test.PureTestRunner
4	L	translateCoreTypeToDbSpecificType	<query>	com.legend.test.PureTestRunner
4	L	toSQL	<query>	com.legend.test.PureTestRunner
4	L	toNonExecutableSQLString	<query>	com.legend.test.PureTestRunner
4	L	toCompactJSONString	<query>	com.legend.test.PureTestRunner
4	L	testHybridMilestoningUnionOperationWithTemporalRootWithPropagation	<query>	com.legend.test.PureTestRunner
4	L	testHybridMilestoningUnionOperationWithNonTemporalRootWithPropagation	<query>	com.legend.test.PureTestRunner
4	L	testFunction	<query>	com.legend.test.PureTestRunner
4	L	subFunction5	<query>	com.legend.test.PureTestRunner
4	L	subFunction3	<query>	com.legend.test.PureTestRunner
4	L	subFunction2	<query>	com.legend.test.PureTestRunner
4	L	subFunction	<query>	com.legend.test.PureTestRunner
4	L	runtimeWithNonExecutable	<query>	com.legend.test.PureTestRunner
4	L	runQuery	<query>	com.legend.test.PureTestRunner
4	L	runGraphFetchTest	<query>	com.legend.test.PureTestRunner
4	L	routeInternal	<query>	com.legend.test.PureTestRunner
4	L	reAliasMergedJoinOperations	<query>	com.legend.test.PureTestRunner
4	L	print	<query>	com.legend.test.PureTestRunner
4	L	personProjected	<query>	com.legend.test.PureTestRunner
4	L	nativeOnlySupport	<query>	com.legend.test.PureTestRunner
4	L	mergeOldAliasToNewAlias	<query>	com.legend.test.PureTestRunner
4	L	mapNestedInUserFunction	<query>	com.legend.test.PureTestRunner
4	L	loadCsvToDbTable	<query>	com.legend.test.PureTestRunner
4	L	getTempTableSqlStatements	<query>	com.legend.test.PureTestRunner
4	L	getSingleConnectionRuntime	<query>	com.legend.test.PureTestRunner
4	L	getReportingStartDate	<query>	com.legend.test.PureTestRunner
4	L	getReportingEndDate	<query>	com.legend.test.PureTestRunner
4	L	getNoStoreRuntime	<query>	com.legend.test.PureTestRunner
4	L	getJoin	<query>	com.legend.test.PureTestRunner
4	L	generateAndExecutePlan	<query>	com.legend.test.PureTestRunner
4	L	function3	<query>	com.legend.test.PureTestRunner
4	L	function2	<query>	com.legend.test.PureTestRunner
4	L	function1	<query>	com.legend.test.PureTestRunner
4	L	firmProjected1	<query>	com.legend.test.PureTestRunner
4	L	findFunctionSequenceMultiplicity	<query>	com.legend.test.PureTestRunner
4	L	filterOrders	<query>	com.legend.test.PureTestRunner
4	L	extractDomainTypeClassFromFunction	<query>	com.legend.test.PureTestRunner
4	L	extendWithIsAdult	<query>	com.legend.test.PureTestRunner
4	L	expectedSqlForValueThatCanBeNull	<query>	com.legend.test.PureTestRunner
4	L	evalWrapper	<query>	com.legend.test.PureTestRunner
4	L	dropTempTable	<query>	com.legend.test.PureTestRunner
4	L	dateFilter	<query>	com.legend.test.PureTestRunner
4	L	createTestDatabaseConnection	<query>	com.legend.test.PureTestRunner
4	L	createTempTable	<query>	com.legend.test.PureTestRunner
4	L	createRuntime	<query>	com.legend.test.PureTestRunner
4	L	convertSelectSqlQuery	<query>	com.legend.test.PureTestRunner
4	L	convertElement	<query>	com.legend.test.PureTestRunner
4	L	conditionRightTableNested	<query>	com.legend.test.PureTestRunner
4	L	columns	<query>	com.legend.tools.junit.JUnitMain
4	L	checkPlans	<query>	com.legend.test.PureTestRunner
4	L	assertRoundTrip	<query>	com.legend.test.PureTestRunner
4	L	addGroupBy	<query>	com.legend.test.PureTestRunner
4	L	_classMappingByClass	<query>	com.legend.test.PureTestRunner
3	L-full	meta::relational::tests::csv::toCSV	<query>	com.legend.server.QueryService
3	L-full	meta::relational::metamodel::execute::executeInDb	<query>	com.legend.exec.ExecuteInDbProbeCountTest
3	L-full	meta::pure::functions::lang::tests::letFn::letWithParam	<query>	com.legend.server.QueryService
3	L-full	meta::pure::functions::lang::tests::letFn::letAsLastStatement	<query>	com.legend.server.QueryService
2	L-full	meta::relational::metamodel::execute::executeInDb	<query>	com.legend.exec.AuditTier1PipelineTest
2	L-full	meta::relational::functions::toDDL::dropAndCreateTableInDb	<query>	com.legend.exec.ExecuteInDbTest
2	L-full	meta::pure::router::execute	test	com.legend.tools.junit.JUnitMain
2	L-full	meta::pure::mapping::superMapping	<query>	com.legend.integration.MetamodelMappingStoreTest
2	L-full	meta::pure::functions::relation::tests::composition::testVariantColumn_functionComposition_filterValues	<query>	com.legend.tools.junit.JUnitMain
2	L-full	meta::pure::functions::meta::deactivate	<query>	com.legend.server.QueryService
2	L-full	meta::pure::functions::lang::tests::letFn::letChainedWithAnotherFunction	<query>	com.legend.server.QueryService
2	L	newTDSRelationAccessor	<query>	com.legend.tools.junit.JUnitMain
2	L	assertTdsEquivalent	<query>	com.legend.AssertVerdictsTest
1	L-full	meta::relational::milestoning::concatenateTemporalTdsQueries	test	com.legend.tools.junit.JUnitMain
1	L-full	meta::relational::metamodel::execute::fetchDbTablesMetaData	<query>	com.legend.exec.Phase1AuditTest
1	L-full	meta::relational::mapping::sqlRemoveFormatting	<query>	com.legend.AssertVerdictSpliceTest
1	L-full	meta::pure::router::preeval::preval	test	com.legend.tools.junit.JUnitMain
1	L-full	meta::pure::mapping::resolveStore	<query>	com.legend.exec.RowLoadTest
1	L-full	meta::pure::mapping::allSuperSetImplementations	<query>	com.legend.integration.MetamodelMappingStoreTest
1	L-full	meta::pure::functions::meta::evaluateAndDeactivate	<query>	com.legend.tools.junit.JUnitMain
1	L	removeAllOptimized	<query>	com.legend.PipelineStageFailureTest
1	L	removeAllOptimized	<query>	com.legend.lowering.LowerRelationTest
1	L	letWithParam	<query>	com.legend.tools.junit.JUnitMain
1	L	letChainedWithAnotherFunction	<query>	com.legend.tools.junit.JUnitMain
1	L	letAsLastStatement	<query>	com.legend.tools.junit.JUnitMain
1	L	genericType	<query>	com.legend.tools.junit.JUnitMain
1	L	fromEpochValue	<query>	com.legend.server.QueryService
1	L	executeInDb	<query>	com.legend.tools.junit.JUnitMain
1	L	execute	l	com.legend.ladder.FrameQuotedColumnTest
1	L	execute	<query>	com.legend.resolver.ResolveDeepEmptinessProbeTest
1	L	elementToPath	<query>	com.legend.integration.MetamodelMappingStoreTest
1	L	deactivate	<query>	com.legend.tools.junit.JUnitMain
1	J	joinStrings	<query>	com.legend.tools.junit.JUnitMain
