_classMappingByClass	unreachable
addFilter	unreachable
addGroupBy	unreachable
allNodes	unreachable
alloyConfig	unreachable
assertConversion	unreachable
assertEqualsH2Compatible	unreachable
assertError	unreachable
assertPlanGenerationForOptionalParameter	unreachable
assertPlanGenerationForOptionalParameterWithGreaterThanLessThan	unreachable
assertRoundTrip	unreachable
assertSameSQL	unreachable
assertSchemaRoundTripEquality	unreachable
assertSqlEquals	unreachable
assertTdsEquivalent	unreachable
assertTestData	unreachable
autoMobileRuntime	unreachable
biTemporalTestRuntime	unreachable
buildAndTransformJoinMetaData	unreachable
buildJoinTreeNode	unreachable
buildPropertyTree	unreachable
buildQuery	unreachable
buildQueryWithIn	unreachable
buildTableAlias	unreachable
checkPlans	unreachable
classMappingById	unreachable
column	unreachable
columns	unreachable
concatenateTemporalTdsQueries	unreachable
conditionLeftAndRightTables	unreachable
conditionLeftAndRightTablesNested	unreachable
conditionLeftAndRightTablesNestedDynaFunction	unreachable
conditionRightTable	unreachable
conditionRightTableNested	unreachable
connectionByElement	unreachable
constantDate	unreachable
convertElement	unreachable
convertSelectSqlQuery	unreachable
createAndFillTestDb	unreachable
createDbAndGetConnection	unreachable
createRowIdentifier	unreachable
createRuntime	unreachable
createTableRowIdentifiers	unreachable
createTableStatement	unreachable
createTemporalMilestoningDates	unreachable
createTempTable	unreachable
createTempTableStatement	unreachable
createTestDatabaseConnection	unreachable
databaseMappers	unreachable
dateFilter	unreachable
deactivate	unreachable
dropAndCreateTableInDb	unreachable
dropTableStatement	unreachable
dropTempTable	unreachable
elementToPath	unreachable
enumerationMappingByName	unreachable
enumTestRuntime	unreachable
equalAll	other: Error in 'my::probe::q__Any_MANY_': Index 1 out of bounds for length 0
equalAny	other: Error in 'my::probe::q__Any_MANY_': Index 1 out of bounds for length 0
evaluate	unreachable
evaluateAndDeactivate	unreachable
evalWrapper	unreachable
execute	unreachable
executeInDb	unreachable
executeInternal	unreachable
executeServiceTests	unreachable
executionPlan	unreachable
executionPlanForQueryWithDateTimeConstantForDatabaseConnectionTimeZone	unreachable
executionPlanForQueryWithDateTimeVariableForDatabaseConnectionTimeZone	unreachable
expectedSqlForValueThatCanBeNull	unreachable
expressionSequenceReturnsAtLeastToOneDataType	unreachable
extendWithIsAdult	unreachable
extractDomainTypeClassFromFunction	unreachable
fetchDbColumnsMetaData	unreachable
fetchDbPrimaryKeysMetaData	unreachable
fetchDbSchemasMetaData	unreachable
fetchDbTablesMetaData	unreachable
fetchDynamicTemplateFunctionsForEnumParams	unreachable
fetchExecutionPlanStringForEnumParams	unreachable
filterOrders	unreachable
find	unreachable
findAliasMappingBySchemaName	unreachable
findFunctionSequenceMultiplicity	unreachable
firmGetAll	unreachable
firmProjected	unreachable
firmProjected1	unreachable
fromEpochValue	unreachable
function1	unreachable
function2	unreachable
function3	unreachable
generateAndExecutePlan	unreachable
generateObjectReferences	unreachable
generateTestData	unreachable
genericType	unreachable
getColumn	unreachable
getColumns	unreachable
getConnection	unreachable
getConstraintsContextInformation	unreachable
getHiddenPayload	unreachable
getJoin	unreachable
getJoinTreeNode	unreachable
getM2M2RRuntime	unreachable
getModelChainRuntime	unreachable
getNames	unreachable
getNoStoreRuntime	unreachable
getReportingEndDate	unreachable
getReportingStartDate	unreachable
getRuntime	unreachable
getSingleConnectionRuntime	unreachable
getTable	unreachable
getTempTableSqlStatements	unreachable
getValue	unreachable
getXStoreRuntime	unreachable
greaterThanAll	other: Error in 'my::probe::q__Any_MANY_': Index 1 out of bounds for length 0
greaterThanAny	other: Error in 'my::probe::q__Any_MANY_': Index 1 out of bounds for length 0
greaterThanEqualAll	other: Error in 'my::probe::q__Any_MANY_': Index 1 out of bounds for length 0
greaterThanEqualAny	other: Error in 'my::probe::q__Any_MANY_': Index 1 out of bounds for length 0
lessThanAll	other: Error in 'my::probe::q__Any_MANY_': Index 1 out of bounds for length 0
lessThanAny	other: Error in 'my::probe::q__Any_MANY_': Index 1 out of bounds for length 0
lessThanEqualAll	other: Error in 'my::probe::q__Any_MANY_': Index 1 out of bounds for length 0
lessThanEqualAny	other: Error in 'my::probe::q__Any_MANY_': Index 1 out of bounds for length 0
letAsLastStatement	unreachable
letChainedWithAnotherFunction	unreachable
letWithParam	unreachable
loadAndTestExecution	unreachable
loadCsvToDbTable	unreachable
mainTable	unreachable
mapNestedInUserFunction	unreachable
mergeOldAliasToNewAlias	unreachable
meta::alloy::objectReference::decodeObjectReferencesAndGetPkMap	unreachable
meta::alloy::service::execution::setUpDataSQLs	unreachable
meta::alloy::test::mayExecuteAlloyTest	unreachable
meta::external::store::relational::modelJoins::test::setUp	unreachable
meta::external::store::relational::runtime::knownGenerationFeatures	unreachable
meta::external::store::relational::tests::testRuntime	unreachable
meta::external::store::relational::tests::testRuntimeForBQ	unreachable
meta::json::getValue	unreachable
meta::json::parseJSON	unreachable
meta::legend::executeLegendQuery	unreachable
meta::legend::lite::sourceUrl	unreachable
meta::lite::metamodel::MetamodelMapping$class$meta::external::store::relational::runtime::RelationalDatabaseConnection	unreachable
meta::lite::metamodel::MetamodelMapping$class$meta::external::store::relational::runtime::TestDatabaseConnection	unreachable
meta::lite::metamodel::MetamodelMapping$class$meta::pure::executionPlan::FunctionParametersValidationNode	unreachable
meta::lite::metamodel::MetamodelMapping$class$meta::pure::executionPlan::SequenceExecutionNode	unreachable
meta::lite::metamodel::MetamodelMapping$class$meta::pure::mapping::aggregationAware::AggregationAwareActivity	unreachable
meta::lite::metamodel::MetamodelMapping$class$meta::pure::metamodel::multiplicity::MultiplicityValue$set$mvHi	unreachable
meta::lite::metamodel::MetamodelMapping$class$meta::pure::metamodel::valuespecification::FunctionExpression	unreachable
meta::lite::metamodel::MetamodelMapping$class$meta::pure::metamodel::valuespecification::InstanceValue	unreachable
meta::lite::metamodel::MetamodelMapping$class$meta::pure::metamodel::valuespecification::VariableExpression	unreachable
meta::lite::metamodel::MetamodelMapping$class$meta::relational::mapping::RelationalActivity	unreachable
meta::lite::metamodel::MetamodelMapping$class$meta::relational::mapping::RelationalInstantiationExecutionNode	unreachable
meta::lite::metamodel::MetamodelMapping$class$meta::relational::mapping::SQLExecutionNode	unreachable
meta::lite::metamodel::MetamodelMapping$class$meta::relational::metamodel::Column	unreachable
meta::lite::metamodel::MetamodelMapping$class$meta::relational::metamodel::datatype::Array	unreachable
meta::lite::metamodel::MetamodelMapping$class$meta::relational::metamodel::datatype::BigInt	unreachable
meta::lite::metamodel::MetamodelMapping$class$meta::relational::metamodel::datatype::Binary	unreachable
meta::lite::metamodel::MetamodelMapping$class$meta::relational::metamodel::datatype::Bit	unreachable
meta::lite::metamodel::MetamodelMapping$class$meta::relational::metamodel::datatype::Char	unreachable
meta::lite::metamodel::MetamodelMapping$class$meta::relational::metamodel::datatype::Date	unreachable
meta::lite::metamodel::MetamodelMapping$class$meta::relational::metamodel::datatype::Decimal	unreachable
meta::lite::metamodel::MetamodelMapping$class$meta::relational::metamodel::datatype::Distinct	unreachable
meta::lite::metamodel::MetamodelMapping$class$meta::relational::metamodel::datatype::Double	unreachable
meta::lite::metamodel::MetamodelMapping$class$meta::relational::metamodel::datatype::Float	unreachable
meta::lite::metamodel::MetamodelMapping$class$meta::relational::metamodel::datatype::Integer	unreachable
meta::lite::metamodel::MetamodelMapping$class$meta::relational::metamodel::datatype::Numeric	unreachable
meta::lite::metamodel::MetamodelMapping$class$meta::relational::metamodel::datatype::Object	unreachable
meta::lite::metamodel::MetamodelMapping$class$meta::relational::metamodel::datatype::Other	unreachable
meta::lite::metamodel::MetamodelMapping$class$meta::relational::metamodel::datatype::Real	unreachable
meta::lite::metamodel::MetamodelMapping$class$meta::relational::metamodel::datatype::SemiStructured	unreachable
meta::lite::metamodel::MetamodelMapping$class$meta::relational::metamodel::datatype::SmallInt	unreachable
meta::lite::metamodel::MetamodelMapping$class$meta::relational::metamodel::datatype::Timestamp	unreachable
meta::lite::metamodel::MetamodelMapping$class$meta::relational::metamodel::datatype::TinyInt	unreachable
meta::lite::metamodel::MetamodelMapping$class$meta::relational::metamodel::datatype::Varbinary	unreachable
meta::lite::metamodel::MetamodelMapping$class$meta::relational::metamodel::datatype::Varchar	unreachable
meta::lite::metamodel::MetamodelMapping$class$meta::relational::metamodel::DynaFunction	unreachable
meta::lite::metamodel::MetamodelMapping$class$meta::relational::metamodel::Literal	unreachable
meta::lite::metamodel::MetamodelMapping$class$meta::relational::metamodel::LiteralList	unreachable
meta::lite::metamodel::MetamodelMapping$class$meta::relational::metamodel::relation::Table	unreachable
meta::lite::metamodel::MetamodelMapping$class$meta::relational::metamodel::relation::View	unreachable
meta::lite::metamodel::MetamodelMapping$class$meta::relational::metamodel::RelationalOperationElementWithJoin	unreachable
meta::lite::metamodel::MetamodelMapping$class$meta::relational::metamodel::TableAlias	unreachable
meta::lite::metamodel::MetamodelMapping$class$meta::relational::metamodel::TableAliasColumn	unreachable
meta::pure::executionPlan::executionPlan	unreachable
meta::pure::executionPlan::toString::planToString	unreachable
meta::pure::executionPlan::toString::planToStringWithoutFormatting	unreachable
meta::pure::functions::collection::find	unreachable
meta::pure::functions::collection::removeAll	unreachable
meta::pure::functions::collection::repeat	unreachable
meta::pure::functions::io::println	unreachable
meta::pure::functions::lang::copy	unreachable
meta::pure::functions::lang::evaluate	unreachable
meta::pure::functions::lang::mutateAdd	unreachable
meta::pure::functions::lang::rawEvalProperty	unreachable
meta::pure::functions::lang::tests::letFn::letAsLastStatement	unreachable
meta::pure::functions::lang::tests::letFn::letChainedWithAnotherFunction	unreachable
meta::pure::functions::lang::tests::letFn::letWithParam	unreachable
meta::pure::functions::lang::tests::newInferenceAtRuntime::structure	unreachable
meta::pure::functions::meta::deactivate	unreachable
meta::pure::functions::meta::elementToPath	unreachable
meta::pure::functions::meta::evaluateAndDeactivate	unreachable
meta::pure::functions::meta::genericType	unreachable
meta::pure::functions::meta::genericTypeClass	unreachable
meta::pure::functions::relation::assertTdsEquivalent	unreachable
meta::pure::functions::relation::equalAll	other: Error in 'my::probe::q__Any_MANY_': Index 1 out of bounds for length 0
meta::pure::functions::relation::equalAny	other: Error in 'my::probe::q__Any_MANY_': Index 1 out of bounds for length 0
meta::pure::functions::relation::greaterThanAll	other: Error in 'my::probe::q__Any_MANY_': Index 1 out of bounds for length 0
meta::pure::functions::relation::greaterThanAny	other: Error in 'my::probe::q__Any_MANY_': Index 1 out of bounds for length 0
meta::pure::functions::relation::greaterThanEqualAll	other: Error in 'my::probe::q__Any_MANY_': Index 1 out of bounds for length 0
meta::pure::functions::relation::greaterThanEqualAny	other: Error in 'my::probe::q__Any_MANY_': Index 1 out of bounds for length 0
meta::pure::functions::relation::lessThanAll	other: Error in 'my::probe::q__Any_MANY_': Index 1 out of bounds for length 0
meta::pure::functions::relation::lessThanAny	other: Error in 'my::probe::q__Any_MANY_': Index 1 out of bounds for length 0
meta::pure::functions::relation::lessThanEqualAll	other: Error in 'my::probe::q__Any_MANY_': Index 1 out of bounds for length 0
meta::pure::functions::relation::lessThanEqualAny	other: Error in 'my::probe::q__Any_MANY_': Index 1 out of bounds for length 0
meta::pure::functions::relation::tests::composition::testVariantColumn_functionComposition_filterValues	unreachable
meta::pure::graphFetch::tests::m2m2r::milestoning::milestonedSourceToNonMilestonedTargetProperty::getNoArgFlattenMapping	unreachable
meta::pure::graphFetch::tests::m2m2r::milestoning::milestonedSourceToNonMilestonedTargetProperty::getNoArgFlattenMapping_ViaAssociation	unreachable
meta::pure::graphFetch::tests::XStore::inMemoryAndRelational::createTablesInDb	unreachable
meta::pure::graphFetch::tests::XStore::ordered::createTablesInDb	unreachable
meta::pure::graphFetch::tests::XStoreUnion::inMemoryAndRelational::createTablesInDb	unreachable
meta::pure::graphFetch::tests::XStoreUnion::inMemoryAndRelational::crossMappingUnion$class$meta::pure::graphFetch::tests::XStoreUnion::inMemoryAndRelational::Product$set$prod_set_relational	unreachable
meta::pure::graphFetch::tests::XStoreUnion::inMemoryAndRelational::crossMappingUnion2$class$meta::pure::graphFetch::tests::XStoreUnion::inMemoryAndRelational::Product$set$prod_set_relational	unreachable
meta::pure::lineage::scanRelations::scanRelations	unreachable
meta::pure::lineage::scanRelations::test::DetailMapping$class$meta::pure::lineage::scanRelations::test::Identifier	unreachable
meta::pure::lineage::scanRelations::test::DetailMapping$class$meta::pure::lineage::scanRelations::test::Identifier$set$id1	unreachable
meta::pure::mapping::_classMappingByClass	unreachable
meta::pure::mapping::allSuperSetImplementations	unreachable
meta::pure::mapping::classMappingById	unreachable
meta::pure::mapping::modelToModel::test::alloy::dataQuality::dest::totalWords	unreachable
meta::pure::mapping::modelToModel::test::alloy::match::getSeries	unreachable
meta::pure::mapping::modelToModel::test::alloy::match::getType	unreachable
meta::pure::mapping::modelToModel::test::alloy::qualifiedProperties::printBook	unreachable
meta::pure::mapping::modelToModel::test::alloy::simple::userFunction::countNameParts	unreachable
meta::pure::mapping::modelToModel::test::alloy::simple::userFunction::fullName	unreachable
meta::pure::mapping::modelToModel::test::shared::getConnection	unreachable
meta::pure::mapping::propertyMappingsByPropertyName	unreachable
meta::pure::mapping::resolveStore	unreachable
meta::pure::mapping::rootClassMappingByClass	unreachable
meta::pure::mapping::superMapping	unreachable
meta::pure::metamodel::relation::newTDSRelationAccessor	unreachable
meta::pure::milestoning::expandToSingleTemporalStrategies	unreachable
meta::pure::router::execute	unreachable
meta::pure::router::preeval::preval	unreachable
meta::pure::tds::tests::setup	unreachable
meta::pure::tools::indent	unreachable
meta::relational::contract::relationalStoreContract	unreachable
meta::relational::extension::relationalExtensions	unreachable
meta::relational::functions::asserts::assertSameSQL	unreachable
meta::relational::functions::pureToSqlQuery::explodeReturnType	unreachable
meta::relational::functions::pureToSqlQuery::toSQLQuery	unreachable
meta::relational::functions::sqlQueryToString::createDbConfig	unreachable
meta::relational::functions::sqlQueryToString::h2::v2_1_214::createDbExtensionForH2	unreachable
meta::relational::functions::sqlQueryToString::sqlQueryToString	unreachable
meta::relational::functions::sqlQueryToString::tests::compareSqls	unreachable
meta::relational::functions::sqlstring::toSQL	unreachable
meta::relational::functions::sqlstring::toSQLString	unreachable
meta::relational::functions::sqlstring::toSQLStringPretty	unreachable
meta::relational::functions::toDDL::dropAndCreateTableInDb	unreachable
meta::relational::functions::typeInference::getDynaFunctionTypeInferenceMap	unreachable
meta::relational::functions::typeInference::inferRelationalType	unreachable
meta::relational::functions::typeInference::safeTypeMap	unreachable
meta::relational::graphFetch::tests::chain::setup	unreachable
meta::relational::graphFetch::tests::classMappingFilterWithInnerJoin::setup	unreachable
meta::relational::graphFetch::tests::crossDatabase::setUpDBs	unreachable
meta::relational::graphFetch::tests::embedded::inline::setup	unreachable
meta::relational::graphFetch::tests::embedded::otherwise::setup	unreachable
meta::relational::graphFetch::tests::embedded::setup	unreachable
meta::relational::graphFetch::tests::milestoning::setup	unreachable
meta::relational::graphFetch::tests::qualifier::setup	unreachable
meta::relational::graphFetch::tests::simple::setup	unreachable
meta::relational::graphFetch::tests::subType::InheritanceMapping$class$meta::relational::graphFetch::tests::subType::City	unreachable
meta::relational::graphFetch::tests::subType::InheritanceMapping$class$meta::relational::graphFetch::tests::subType::Street	unreachable
meta::relational::graphFetch::tests::subType::RootSubTypeWithRootPropertyUnionMapping$class$meta::relational::graphFetch::tests::subType::City	unreachable
meta::relational::graphFetch::tests::subType::RootSubTypeWithRootPropertyUnionMapping$class$meta::relational::graphFetch::tests::subType::LandMark$set$landMarkSet1	unreachable
meta::relational::graphFetch::tests::subType::RootSubTypeWithRootPropertyUnionMapping$class$meta::relational::graphFetch::tests::subType::LandMark$set$landMarkSet2	unreachable
meta::relational::graphFetch::tests::subType::RootSubTypeWithRootPropertyUnionMapping$class$meta::relational::graphFetch::tests::subType::Street	unreachable
meta::relational::graphFetch::tests::subType::RootSubTypeWithSubtypeLevelAndRootLevelPropertyUnionMapping$class$meta::relational::graphFetch::tests::subType::City	unreachable
meta::relational::graphFetch::tests::subType::RootSubTypeWithSubtypeLevelAndRootLevelPropertyUnionMapping$class$meta::relational::graphFetch::tests::subType::Coordinate$set$CoordinateSet1	unreachable
meta::relational::graphFetch::tests::subType::RootSubTypeWithSubtypeLevelAndRootLevelPropertyUnionMapping$class$meta::relational::graphFetch::tests::subType::Coordinate$set$CoordinateSet2	unreachable
meta::relational::graphFetch::tests::subType::RootSubTypeWithSubtypeLevelAndRootLevelPropertyUnionMapping$class$meta::relational::graphFetch::tests::subType::LandMark$set$landMarkSet1	unreachable
meta::relational::graphFetch::tests::subType::RootSubTypeWithSubtypeLevelAndRootLevelPropertyUnionMapping$class$meta::relational::graphFetch::tests::subType::LandMark$set$landMarkSet2	unreachable
meta::relational::graphFetch::tests::subType::RootSubTypeWithSubtypeLevelAndRootLevelPropertyUnionMapping$class$meta::relational::graphFetch::tests::subType::Street	unreachable
meta::relational::graphFetch::tests::subType::RootSubTypeWithSubtypeLevelPropertyUnionMapping$class$meta::relational::graphFetch::tests::subType::City	unreachable
meta::relational::graphFetch::tests::subType::RootSubTypeWithSubtypeLevelPropertyUnionMapping$class$meta::relational::graphFetch::tests::subType::Coordinate$set$CoordinateSet1	unreachable
meta::relational::graphFetch::tests::subType::RootSubTypeWithSubtypeLevelPropertyUnionMapping$class$meta::relational::graphFetch::tests::subType::Coordinate$set$CoordinateSet2	unreachable
meta::relational::graphFetch::tests::subType::RootSubTypeWithSubtypeLevelPropertyUnionMapping$class$meta::relational::graphFetch::tests::subType::Street	unreachable
meta::relational::graphFetch::tests::subType::RootSubTypeWithSubtypeLevelPropertyUnionMappingImpl	unreachable
meta::relational::graphFetch::tests::subType::setup	unreachable
meta::relational::graphFetch::tests::subType::unionMapping$class$meta::relational::graphFetch::tests::subType::City	unreachable
meta::relational::graphFetch::tests::subType::unionMapping$class$meta::relational::graphFetch::tests::subType::Street	unreachable
meta::relational::graphFetch::tests::union::propertyLevel::Mapping1$class$meta::relational::tests::model::simple::Address$set$a_set1	unreachable
meta::relational::graphFetch::tests::union::propertyLevel::Mapping1$class$meta::relational::tests::model::simple::Address$set$a_set2	unreachable
meta::relational::graphFetch::tests::union::propertyLevel::Mapping1$class$meta::relational::tests::model::simple::Firm$set$firm_set1	unreachable
meta::relational::graphFetch::tests::union::propertyLevel::Mapping1$class$meta::relational::tests::model::simple::Firm$set$firm_set2	unreachable
meta::relational::graphFetch::tests::union::propertyLevel::Mapping1$class$meta::relational::tests::model::simple::Person$set$person_set1	unreachable
meta::relational::graphFetch::tests::union::propertyLevel::Mapping1$class$meta::relational::tests::model::simple::Person$set$person_set2	unreachable
meta::relational::graphFetch::tests::union::propertyLevel::Mapping2$class$meta::relational::tests::model::simple::Address$set$a_set1	unreachable
meta::relational::graphFetch::tests::union::propertyLevel::Mapping2$class$meta::relational::tests::model::simple::Address$set$a_set2	unreachable
meta::relational::graphFetch::tests::union::propertyLevel::Mapping2$class$meta::relational::tests::model::simple::Person$set$person_set1	unreachable
meta::relational::graphFetch::tests::union::propertyLevel::Mapping2$class$meta::relational::tests::model::simple::Person$set$person_set2	unreachable
meta::relational::graphFetch::tests::union::propertyLevel::Mapping3$class$meta::relational::tests::model::simple::Address$set$a_set1	unreachable
meta::relational::graphFetch::tests::union::propertyLevel::Mapping3$class$meta::relational::tests::model::simple::Address$set$a_set2	unreachable
meta::relational::graphFetch::tests::union::propertyLevel::Mapping3$class$meta::relational::tests::model::simple::Person$set$person_set1	unreachable
meta::relational::graphFetch::tests::union::propertyLevel::Mapping3$class$meta::relational::tests::model::simple::Person$set$person_set2	unreachable
meta::relational::graphFetch::tests::union::propertyLevel::Mapping4$class$meta::relational::tests::model::simple::Address$set$a_set1	unreachable
meta::relational::graphFetch::tests::union::propertyLevel::Mapping4$class$meta::relational::tests::model::simple::Address$set$a_set2	unreachable
meta::relational::graphFetch::tests::union::propertyLevel::Mapping4$class$meta::relational::tests::model::simple::Firm$set$firm_set1	unreachable
meta::relational::graphFetch::tests::union::propertyLevel::Mapping4$class$meta::relational::tests::model::simple::Firm$set$firm_set2	unreachable
meta::relational::graphFetch::tests::union::propertyLevel::Mapping4$class$meta::relational::tests::model::simple::Person$set$person_set1	unreachable
meta::relational::graphFetch::tests::union::propertyLevel::Mapping4$class$meta::relational::tests::model::simple::Person$set$person_set2	unreachable
meta::relational::graphFetch::tests::union::propertyLevel::Mapping5$class$meta::relational::tests::model::simple::Address$set$a_set1	unreachable
meta::relational::graphFetch::tests::union::propertyLevel::Mapping5$class$meta::relational::tests::model::simple::Address$set$a_set2	unreachable
meta::relational::graphFetch::tests::union::propertyLevel::Mapping5$class$meta::relational::tests::model::simple::Firm$set$firm_set1	unreachable
meta::relational::graphFetch::tests::union::propertyLevel::Mapping5$class$meta::relational::tests::model::simple::Firm$set$firm_set2	unreachable
meta::relational::graphFetch::tests::union::propertyLevel::Mapping5$class$meta::relational::tests::model::simple::Person$set$person_set1	unreachable
meta::relational::graphFetch::tests::union::propertyLevel::Mapping5$class$meta::relational::tests::model::simple::Person$set$person_set2	unreachable
meta::relational::graphFetch::tests::union::propertyLevel::Mapping6$class$meta::relational::tests::model::simple::Address$set$a_set1	unreachable
meta::relational::graphFetch::tests::union::propertyLevel::Mapping6$class$meta::relational::tests::model::simple::Address$set$a_set2	unreachable
meta::relational::graphFetch::tests::union::propertyLevel::Mapping6$class$meta::relational::tests::model::simple::Address$set$a_set3	unreachable
meta::relational::graphFetch::tests::union::propertyLevel::Mapping6$class$meta::relational::tests::model::simple::Firm$set$firm_set1	unreachable
meta::relational::graphFetch::tests::union::propertyLevel::Mapping6$class$meta::relational::tests::model::simple::Firm$set$firm_set2	unreachable
meta::relational::graphFetch::tests::union::propertyLevel::Mapping6$class$meta::relational::tests::model::simple::Firm$set$firm_set3	unreachable
meta::relational::graphFetch::tests::union::propertyLevel::Mapping6$class$meta::relational::tests::model::simple::Person$set$person_set1	unreachable
meta::relational::graphFetch::tests::union::propertyLevel::Mapping6$class$meta::relational::tests::model::simple::Person$set$person_set2	unreachable
meta::relational::graphFetch::tests::union::propertyLevel::Mapping6$class$meta::relational::tests::model::simple::Person$set$person_set3	unreachable
meta::relational::graphFetch::tests::union::propertyLevel::setup	unreachable
meta::relational::graphFetch::tests::union::relationalGraphFetchUnionWithMilestoning::MilestoningUnionMap$class$meta::relational::tests::milestoning::Exchange$set$e1	unreachable
meta::relational::graphFetch::tests::union::relationalGraphFetchUnionWithMilestoning::MilestoningUnionMap$class$meta::relational::tests::milestoning::Exchange$set$e2	unreachable
meta::relational::graphFetch::tests::union::relationalGraphFetchUnionWithMilestoning::MilestoningUnionMap$class$meta::relational::tests::milestoning::Order$set$o1	unreachable
meta::relational::graphFetch::tests::union::relationalGraphFetchUnionWithMilestoning::MilestoningUnionMap$class$meta::relational::tests::milestoning::Order$set$o2	unreachable
meta::relational::graphFetch::tests::union::relationalGraphFetchUnionWithMilestoning::MilestoningUnionMap$class$meta::relational::tests::milestoning::Product$set$p1	unreachable
meta::relational::graphFetch::tests::union::relationalGraphFetchUnionWithMilestoning::MilestoningUnionMap$class$meta::relational::tests::milestoning::Product$set$p2	unreachable
meta::relational::graphFetch::tests::union::relationalGraphFetchUnionWithMilestoning::MilestoningUnionMap$class$meta::relational::tests::milestoning::ProductClassification$set$c1	unreachable
meta::relational::graphFetch::tests::union::relationalGraphFetchUnionWithMilestoning::MilestoningUnionMap$class$meta::relational::tests::milestoning::ProductClassification$set$c2	unreachable
meta::relational::graphFetch::tests::union::relationalGraphFetchUnionWithMilestoning::MilestoningUnionMap$class$meta::relational::tests::milestoning::ProductSynonym$set$s1	unreachable
meta::relational::graphFetch::tests::union::relationalGraphFetchUnionWithMilestoning::MilestoningUnionMap$class$meta::relational::tests::milestoning::ProductSynonym$set$s2	unreachable
meta::relational::graphFetch::tests::union::relationalGraphFetchUnionWithMilestoning::setUp	unreachable
meta::relational::graphFetch::tests::union::rootLevel::createTablesInDb	unreachable
meta::relational::graphFetch::tests::union::rootLevel::CrossStoreMapping$class$meta::relational::graphFetch::tests::union::rootLevel::Product$set$prod_set_relational1	unreachable
meta::relational::graphFetch::tests::union::rootLevel::CrossStoreMapping$class$meta::relational::graphFetch::tests::union::rootLevel::Product$set$prod_set_relational2	unreachable
meta::relational::graphFetch::tests::union::rootLevel::CrossStoreMapping$class$meta::relational::graphFetch::tests::union::rootLevel::Trade$set$trade_set_relational1	unreachable
meta::relational::graphFetch::tests::union::rootLevel::CrossStoreMapping$class$meta::relational::graphFetch::tests::union::rootLevel::Trade$set$trade_set_relational2	unreachable
meta::relational::graphFetch::tests::union::rootLevel::CrossStoreMapping2$class$meta::relational::graphFetch::tests::union::rootLevel::Trade$set$trade_set_relational1	unreachable
meta::relational::graphFetch::tests::union::rootLevel::CrossStoreMapping2$class$meta::relational::graphFetch::tests::union::rootLevel::Trade$set$trade_set_relational2	unreachable
meta::relational::graphFetch::tests::union::rootLevel::FirmsAndEmployees_Relational$class$meta::relational::graphFetch::tests::union::rootLevel::Person$set$p1	unreachable
meta::relational::graphFetch::tests::union::rootLevel::FirmsAndEmployees_Relational$class$meta::relational::graphFetch::tests::union::rootLevel::Person$set$p2	unreachable
meta::relational::graphFetch::tests::union::rootLevel::SameStoreMapping$class$meta::relational::graphFetch::tests::union::rootLevel::Product$set$prod_set_relational1	unreachable
meta::relational::graphFetch::tests::union::rootLevel::SameStoreMapping$class$meta::relational::graphFetch::tests::union::rootLevel::Product$set$prod_set_relational2	unreachable
meta::relational::graphFetch::tests::union::rootLevel::SameStoreMapping$class$meta::relational::graphFetch::tests::union::rootLevel::Trade$set$trade_set_relational1	unreachable
meta::relational::graphFetch::tests::union::rootLevel::SameStoreMapping$class$meta::relational::graphFetch::tests::union::rootLevel::Trade$set$trade_set_relational2	unreachable
meta::relational::graphFetch::tests::union::rootLevel::SameStoreMapping2$class$meta::relational::graphFetch::tests::union::rootLevel::Trade$set$trade_set_relational1	unreachable
meta::relational::graphFetch::tests::union::rootLevel::SameStoreMapping2$class$meta::relational::graphFetch::tests::union::rootLevel::Trade$set$trade_set_relational2	unreachable
meta::relational::mapping::resolvePrimaryKey	unreachable
meta::relational::mapping::sql	unreachable
meta::relational::mapping::sqlRemoveFormatting	unreachable
meta::relational::metamodel::datatype::dataTypeToSqlText	unreachable
meta::relational::metamodel::execute::createTestDatabaseConnection	unreachable
meta::relational::metamodel::execute::executeInDb	unreachable
meta::relational::metamodel::execute::executeInDbToTDS	unreachable
meta::relational::metamodel::execute::fetchDbTablesMetaData	unreachable
meta::relational::metamodel::mainTable	unreachable
meta::relational::metamodel::view	unreachable
meta::relational::milestoning::applyMilestoningFilters	unreachable
meta::relational::milestoning::concatenateTemporalTdsQueries	unreachable
meta::relational::milestoning::getTemporalDateAlias	unreachable
meta::relational::postProcessor::postprocess	unreachable
meta::relational::postProcessor::reAliasColumnName::trimColumnName	unreachable
meta::relational::postProcessor::removeUnionOrJoins::testRuntimeWithRemoveUnionOrJoinsFeatureEnabled	unreachable
meta::relational::runtime::extractDBs	unreachable
meta::relational::testDataGeneration::createRowIdentifier	unreachable
meta::relational::testDataGeneration::createTableRowIdentifiers	unreachable
meta::relational::testDataGeneration::executionPlan::planTestDataGeneration	unreachable
meta::relational::testDataGeneration::generateSeedDataString	unreachable
meta::relational::testDataGeneration::getRelationalCSVDataFromQuery	unreachable
meta::relational::testDataGeneration::tests::initDatabase	unreachable
meta::relational::testDataGeneration::tests::model::setUp	unreachable
meta::relational::tests::advanced::contractmoneyscenario::setUp	unreachable
meta::relational::tests::advanced::failures::moveFilterInOnClause::setUp	unreachable
meta::relational::tests::advanced::forced::filter::setUp	unreachable
meta::relational::tests::advanced::forced::filter::testFilterMappingWithProjectionOverlapp	unreachable
meta::relational::tests::advanced::forced::injection::setUp	unreachable
meta::relational::tests::advanced::forced::milestoning::testMilestoningQueryWithSimpleProjectWithMilestoneFilter	unreachable
meta::relational::tests::advanced::forced::milestoning::testNonMilestoningQueryWithMilestoneFilterProject	unreachable
meta::relational::tests::advanced::forced::qualifier::setUp	unreachable
meta::relational::tests::advanced::forced::qualifier::testDerivedWithFilteringTwoProperties	unreachable
meta::relational::tests::advanced::forced::structure::setUp	unreachable
meta::relational::tests::advanced::forcedselfjoin::setUp	unreachable
meta::relational::tests::advanced::resultSourcing::getConnection	unreachable
meta::relational::tests::advanced::structure::setUp	unreachable
meta::relational::tests::aggregationAware::setUp	unreachable
meta::relational::tests::createTablesAndFillDb	unreachable
meta::relational::tests::csv::toCSV	unreachable
meta::relational::tests::database::setUp	unreachable
meta::relational::tests::fromMapping::setUp	unreachable
meta::relational::tests::functions::distance::setUp	unreachable
meta::relational::tests::functions::fetchDbMetaData::setUp	unreachable
meta::relational::tests::functions::objectReferenceIn::setUp	unreachable
meta::relational::tests::functions::pureToSqlQuery::calendarAggregations::EmployeeMappingUnion$class$meta::relational::tests::functions::pureToSqlQuery::calendarAggregations::Employee$set$emp1	unreachable
meta::relational::tests::functions::pureToSqlQuery::calendarAggregations::EmployeeMappingUnion$class$meta::relational::tests::functions::pureToSqlQuery::calendarAggregations::Employee$set$emp2	unreachable
meta::relational::tests::functions::pureToSqlQuery::calendarAggregations::setUp	unreachable
meta::relational::tests::functions::sqlstring::filterReportDates	unreachable
meta::relational::tests::functions::sqlstring::runTestCaseById	unreachable
meta::relational::tests::getter::setUp	unreachable
meta::relational::tests::groupBy::datePeriods::filterReportDates	unreachable
meta::relational::tests::groupBy::datePeriods::setUp	unreachable
meta::relational::tests::groupBy::setUp	unreachable
meta::relational::tests::injection::setUp	unreachable
meta::relational::tests::injection::testRuntime	unreachable
meta::relational::tests::m2m2r::runtime	unreachable
meta::relational::tests::m2m2r::runtimeWithoutChain	unreachable
meta::relational::tests::map::setUp	unreachable
meta::relational::tests::mapping::association::associationMappingWithDifferentRoot$class$meta::relational::tests::model::simple::Person$set$o	unreachable
meta::relational::tests::mapping::association::embedded::setUp	unreachable
meta::relational::tests::mapping::association::inheritence::assocMapping$class$meta::relational::tests::model::inheritance::Bicycle	unreachable
meta::relational::tests::mapping::association::inheritence::assocMapping$class$meta::relational::tests::model::inheritance::Car	unreachable
meta::relational::tests::mapping::association::inheritence::assocMapping2$class$meta::relational::tests::model::inheritance::Airline	unreachable
meta::relational::tests::mapping::association::inheritence::assocMapping2$class$meta::relational::tests::model::inheritance::Person	unreachable
meta::relational::tests::mapping::association::inheritence::childMapping$class$meta::relational::tests::model::inheritance::Bicycle	unreachable
meta::relational::tests::mapping::association::inheritence::childMapping$class$meta::relational::tests::model::inheritance::Car	unreachable
meta::relational::tests::mapping::association::inheritence::ineritanceMappingWithInlineEmbeddedSets$class$meta::relational::tests::model::inheritance::Airline	unreachable
meta::relational::tests::mapping::association::inheritence::ineritanceMappingWithInlineEmbeddedSets$class$meta::relational::tests::model::inheritance::Bicycle	unreachable
meta::relational::tests::mapping::association::inheritence::ineritanceMappingWithInlineEmbeddedSets$class$meta::relational::tests::model::inheritance::Car	unreachable
meta::relational::tests::mapping::association::inheritence::ineritanceMappingWithInlineEmbeddedSets$class$meta::relational::tests::model::inheritance::Person	unreachable
meta::relational::tests::mapping::association::inheritence::setUp	unreachable
meta::relational::tests::mapping::association::setUp	unreachable
meta::relational::tests::mapping::boolean::setUp	unreachable
meta::relational::tests::mapping::classMappingFilterWithInnerJoin::mapping::chainedJoinsWithUnionsAndIsolation$class$meta::relational::tests::model::simple::Firm$set$FirmSet1	unreachable
meta::relational::tests::mapping::classMappingFilterWithInnerJoin::mapping::chainedJoinsWithUnionsAndIsolation$class$meta::relational::tests::model::simple::Firm$set$FirmSet2	unreachable
meta::relational::tests::mapping::classMappingFilterWithInnerJoin::mapping::chainedJoinsWithUnionsAndIsolation$class$meta::relational::tests::model::simple::Person$set$set1	unreachable
meta::relational::tests::mapping::classMappingFilterWithInnerJoin::mapping::chainedJoinsWithUnionsAndIsolation$class$meta::relational::tests::model::simple::Person$set$set2	unreachable
meta::relational::tests::mapping::classMappingFilterWithInnerJoin::mapping::mappingWithMultipleClassMappings$class$meta::relational::tests::mapping::classMappingFilterWithInnerJoin::model::Person$set$p2	unreachable
meta::relational::tests::mapping::classMappingFilterWithInnerJoin::mapping::mappingWithMultipleClassMappings$class$meta::relational::tests::mapping::classMappingFilterWithInnerJoin::model::Person$set$p3	unreachable
meta::relational::tests::mapping::classMappingFilterWithInnerJoin::mapping::MergeAliasMappingWithInnerJoinFilter$class$meta::relational::tests::model::simple::Firm$set$firm_set1	unreachable
meta::relational::tests::mapping::classMappingFilterWithInnerJoin::mapping::MergeAliasMappingWithInnerJoinFilter$class$meta::relational::tests::model::simple::Firm$set$firm_set2	unreachable
meta::relational::tests::mapping::classMappingFilterWithInnerJoin::setUp	unreachable
meta::relational::tests::mapping::crossStore::model::mapping::mft::crossStoreUnionTestMapping$class$Firm$set$firm1	unreachable
meta::relational::tests::mapping::crossStore::model::mapping::mft::crossStoreUnionTestMapping$class$Firm$set$firm2	unreachable
meta::relational::tests::mapping::dataType::model::store::testDataTypeMappingRuntime	unreachable
meta::relational::tests::mapping::dataType::setUp	unreachable
meta::relational::tests::mapping::dates::setUp	unreachable
meta::relational::tests::mapping::distinct::setUp	unreachable
meta::relational::tests::mapping::dynajoin::setUp	unreachable
meta::relational::tests::mapping::embedded::advanced::mapping::testMappingEmbeddedOtherwise2$class$meta::relational::tests::mapping::embedded::advanced::model::BondDetail$set$bondMapping1	unreachable
meta::relational::tests::mapping::embedded::advanced::mapping::testMappingEmbeddedOtherwiseWithUnion$class$meta::relational::tests::mapping::embedded::advanced::model::Product$set$product1	unreachable
meta::relational::tests::mapping::embedded::advanced::mapping::testMappingEmbeddedOtherwiseWithUnion$class$meta::relational::tests::mapping::embedded::advanced::model::Product$set$product2	unreachable
meta::relational::tests::mapping::embedded::advanced::setUp	unreachable
meta::relational::tests::mapping::embedded::model::store::testDataTypeMappingRuntime	unreachable
meta::relational::tests::mapping::embedded::optionalNumeric::setUp	unreachable
meta::relational::tests::mapping::embedded::setUp	unreachable
meta::relational::tests::mapping::enumeration::enumTestRuntime	unreachable
meta::relational::tests::mapping::enumeration::setUp	unreachable
meta::relational::tests::mapping::extend::setUp	unreachable
meta::relational::tests::mapping::extend::union::embeddedPropertyMapping::testMapping$class$meta::relational::tests::mapping::extend::model::A$set$aSet1	unreachable
meta::relational::tests::mapping::extend::union::embeddedPropertyMapping::testMapping$class$meta::relational::tests::mapping::extend::model::A$set$aSet2	unreachable
meta::relational::tests::mapping::extend::union::embeddedPropertyMapping::testMapping$class$meta::relational::tests::mapping::extend::model::B$set$bSet1	unreachable
meta::relational::tests::mapping::extend::union::embeddedPropertyMapping::testMapping$class$meta::relational::tests::mapping::extend::model::B$set$bSet2	unreachable
meta::relational::tests::mapping::extend::union::embeddedPropertyMapping::testMapping$class$meta::relational::tests::mapping::extend::model::C$set$cSet1	unreachable
meta::relational::tests::mapping::extend::union::embeddedPropertyMapping::testMapping$class$meta::relational::tests::mapping::extend::model::C$set$cSet2	unreachable
meta::relational::tests::mapping::extend::union::inlineEmbeddedPropertyMapping::testMapping$class$meta::relational::tests::mapping::extend::model::A$set$aSet1	unreachable
meta::relational::tests::mapping::extend::union::inlineEmbeddedPropertyMapping::testMapping$class$meta::relational::tests::mapping::extend::model::A$set$aSet2	unreachable
meta::relational::tests::mapping::extend::union::inlineEmbeddedPropertyMapping::testMapping$class$meta::relational::tests::mapping::extend::model::B$set$bSet1	unreachable
meta::relational::tests::mapping::extend::union::inlineEmbeddedPropertyMapping::testMapping$class$meta::relational::tests::mapping::extend::model::B$set$bSet2	unreachable
meta::relational::tests::mapping::extend::union::inlineEmbeddedPropertyMapping::testMapping$class$meta::relational::tests::mapping::extend::model::C$set$cSet1	unreachable
meta::relational::tests::mapping::extend::union::inlineEmbeddedPropertyMapping::testMapping$class$meta::relational::tests::mapping::extend::model::C$set$cSet2	unreachable
meta::relational::tests::mapping::extend::union::propertyMapping::testMapping$class$meta::relational::tests::mapping::extend::model::A$set$aSet1	unreachable
meta::relational::tests::mapping::extend::union::propertyMapping::testMapping$class$meta::relational::tests::mapping::extend::model::A$set$aSet2	unreachable
meta::relational::tests::mapping::extend::union::propertyMapping::testMapping$class$meta::relational::tests::mapping::extend::model::B$set$bSet1	unreachable
meta::relational::tests::mapping::extend::union::propertyMapping::testMapping$class$meta::relational::tests::mapping::extend::model::B$set$bSet2	unreachable
meta::relational::tests::mapping::extend::union::propertyMapping::testMapping$class$meta::relational::tests::mapping::extend::model::C$set$cSet1	unreachable
meta::relational::tests::mapping::extend::union::propertyMapping::testMapping$class$meta::relational::tests::mapping::extend::model::C$set$cSet2	unreachable
meta::relational::tests::mapping::extend::union::propertyMapping::testMapping$class$meta::relational::tests::mapping::extend::model::E$set$eSet2	unreachable
meta::relational::tests::mapping::extend::union::propertyMapping::testMapping$class$meta::relational::tests::mapping::extend::model::H$set$hSet2	unreachable
meta::relational::tests::mapping::extend::union::propertyMapping::testMapping$class$meta::relational::tests::mapping::extend::model::K$set$kSet2	unreachable
meta::relational::tests::mapping::extend::union::propertyMapping::UnionMappingWithExtendOverrides$class$meta::relational::tests::mapping::extend::model::B	unreachable
meta::relational::tests::mapping::extend::union::propertyMapping::UnionMappingWithExtendOverrides$class$meta::relational::tests::mapping::extend::model::C	unreachable
meta::relational::tests::mapping::filter::model::store::createTablesAndFillDb	unreachable
meta::relational::tests::mapping::filter::setUp	unreachable
meta::relational::tests::mapping::groupBy::setUp	unreachable
meta::relational::tests::mapping::in::setUp	unreachable
meta::relational::tests::mapping::inheritance::createTablesAndFillDb	unreachable
meta::relational::tests::mapping::inheritance::inheritanceMain$class$meta::relational::tests::model::inheritance::Bicycle	unreachable
meta::relational::tests::mapping::inheritance::inheritanceMain$class$meta::relational::tests::model::inheritance::Car	unreachable
meta::relational::tests::mapping::inheritance::inheritanceWithEmbedded$class$meta::relational::tests::model::inheritance::Bicycle	unreachable
meta::relational::tests::mapping::inheritance::inheritanceWithEmbedded$class$meta::relational::tests::model::inheritance::Car	unreachable
meta::relational::tests::mapping::inheritance::milestoned::setUp	unreachable
meta::relational::tests::mapping::inheritance::relational::multiJoins::inheritance$class$meta::relational::tests::model::inheritance::Bicycle	unreachable
meta::relational::tests::mapping::inheritance::relational::multiJoins::inheritance$class$meta::relational::tests::model::inheritance::Car	unreachable
meta::relational::tests::mapping::inheritance::relational::multiJoins::setUp	unreachable
meta::relational::tests::mapping::inheritance::relational::selfJoin::inheritanceMappingDBSelfJoin$class$meta::relational::tests::model::inheritance::Bicycle	unreachable
meta::relational::tests::mapping::inheritance::relational::selfJoin::inheritanceMappingDBSelfJoin$class$meta::relational::tests::model::inheritance::Car	unreachable
meta::relational::tests::mapping::inheritance::relational::selfJoin::setUp	unreachable
meta::relational::tests::mapping::inheritance::relational::union::inheritanceUnion$class$meta::relational::tests::model::inheritance::Bicycle	unreachable
meta::relational::tests::mapping::inheritance::relational::union::inheritanceUnion$class$meta::relational::tests::model::inheritance::Car$set$car1	unreachable
meta::relational::tests::mapping::inheritance::relational::union::inheritanceUnion$class$meta::relational::tests::model::inheritance::Car$set$car2	unreachable
meta::relational::tests::mapping::inheritance::relational::union::setUp	unreachable
meta::relational::tests::mapping::inheritance::setUp	unreachable
meta::relational::tests::mapping::innerjoin::isolation::setUp	unreachable
meta::relational::tests::mapping::join::setUp	unreachable
meta::relational::tests::mapping::merge::createRuntime	unreachable
meta::relational::tests::mapping::merge::MergeAliasMapping$class$meta::relational::tests::model::simple::Firm$set$firm_set1	unreachable
meta::relational::tests::mapping::merge::MergeAliasMapping$class$meta::relational::tests::model::simple::Firm$set$firm_set2	unreachable
meta::relational::tests::mapping::merge::setUp	unreachable
meta::relational::tests::mapping::modelJoin::setupTestData	unreachable
meta::relational::tests::mapping::modelJoin::union::RelationalUnionBothSidesMapping$class$meta::relational::tests::mapping::modelJoin::domain::Firm$set$firmA	unreachable
meta::relational::tests::mapping::modelJoin::union::RelationalUnionBothSidesMapping$class$meta::relational::tests::mapping::modelJoin::domain::Firm$set$firmB	unreachable
meta::relational::tests::mapping::modelJoin::union::RelationalUnionBothSidesMapping$class$meta::relational::tests::mapping::modelJoin::domain::Person$set$personCT	unreachable
meta::relational::tests::mapping::modelJoin::union::RelationalUnionBothSidesMapping$class$meta::relational::tests::mapping::modelJoin::domain::Person$set$personFT	unreachable
meta::relational::tests::mapping::modelJoin::union::RelationalUnionSourceMapping$class$meta::relational::tests::mapping::modelJoin::domain::Person$set$personCT	unreachable
meta::relational::tests::mapping::modelJoin::union::RelationalUnionSourceMapping$class$meta::relational::tests::mapping::modelJoin::domain::Person$set$personFT	unreachable
meta::relational::tests::mapping::modelJoin::union::UnionBothSidesMapping$class$meta::relational::tests::mapping::modelJoin::domain::Firm$set$firmA	unreachable
meta::relational::tests::mapping::modelJoin::union::UnionBothSidesMapping$class$meta::relational::tests::mapping::modelJoin::domain::Firm$set$firmB	unreachable
meta::relational::tests::mapping::modelJoin::union::UnionBothSidesMapping$class$meta::relational::tests::mapping::modelJoin::domain::Person$set$personCT	unreachable
meta::relational::tests::mapping::modelJoin::union::UnionBothSidesMapping$class$meta::relational::tests::mapping::modelJoin::domain::Person$set$personFT	unreachable
meta::relational::tests::mapping::modelJoin::union::UnionPropertyInConditionMapping$class$meta::relational::tests::mapping::modelJoin::domain::Address$set$addrA	unreachable
meta::relational::tests::mapping::modelJoin::union::UnionPropertyInConditionMapping$class$meta::relational::tests::mapping::modelJoin::domain::Address$set$addrB	unreachable
meta::relational::tests::mapping::modelJoin::union::UnionPropertyInConditionMapping$class$meta::relational::tests::mapping::modelJoin::domain::Firm$set$firmA	unreachable
meta::relational::tests::mapping::modelJoin::union::UnionPropertyInConditionMapping$class$meta::relational::tests::mapping::modelJoin::domain::Firm$set$firmB	unreachable
meta::relational::tests::mapping::modelJoin::union::UnionPropertyInConditionMapping$class$meta::relational::tests::mapping::modelJoin::domain::Headquarters$set$hqA	unreachable
meta::relational::tests::mapping::modelJoin::union::UnionPropertyInConditionMapping$class$meta::relational::tests::mapping::modelJoin::domain::Headquarters$set$hqB	unreachable
meta::relational::tests::mapping::modelJoin::union::UnionPropertyInConditionMapping$class$meta::relational::tests::mapping::modelJoin::domain::Person$set$personCT	unreachable
meta::relational::tests::mapping::modelJoin::union::UnionPropertyInConditionMapping$class$meta::relational::tests::mapping::modelJoin::domain::Person$set$personFT	unreachable
meta::relational::tests::mapping::modelJoin::union::UnionWithExistsMapping$class$meta::relational::tests::mapping::modelJoin::domain::Person$set$personCT	unreachable
meta::relational::tests::mapping::modelJoin::union::UnionWithExistsMapping$class$meta::relational::tests::mapping::modelJoin::domain::Person$set$personFT	unreachable
meta::relational::tests::mapping::modelJoin::union::UnionWithSubtypeQueryMapping$class$meta::relational::tests::mapping::modelJoin::domain::ExtendedPerson	unreachable
meta::relational::tests::mapping::modelJoin::union::UnionWithSubtypeQueryMapping$class$meta::relational::tests::mapping::modelJoin::domain::Firm$set$firmA	unreachable
meta::relational::tests::mapping::modelJoin::union::UnionWithSubtypeQueryMapping$class$meta::relational::tests::mapping::modelJoin::domain::Firm$set$firmB	unreachable
meta::relational::tests::mapping::modelJoin::union::UnionWithSubtypeQueryMapping$class$meta::relational::tests::mapping::modelJoin::domain::Person$set$personFT	unreachable
meta::relational::tests::mapping::multigrain::setUp	unreachable
meta::relational::tests::mapping::propertyfunc::setUp	unreachable
meta::relational::tests::mapping::relation::setUp	unreachable
meta::relational::tests::mapping::selfJoin::setUp	unreachable
meta::relational::tests::mapping::sqlFunction::setUp	unreachable
meta::relational::tests::mapping::subType::setUp	unreachable
meta::relational::tests::mapping::tree::setUp	unreachable
meta::relational::tests::mapping::union::biTemporal::biTemporalUnionMapping$class$meta::relational::tests::mapping::union::biTemporal::BiTemporalParty$set$selectBeneficiary	unreachable
meta::relational::tests::mapping::union::biTemporal::biTemporalUnionMapping$class$meta::relational::tests::mapping::union::biTemporal::BiTemporalParty$set$selectParty	unreachable
meta::relational::tests::mapping::union::biTemporal::biTemporalUnionMapping$class$meta::relational::tests::mapping::union::biTemporal::BiTemporalPerson$set$selectBeneficiaryPerson	unreachable
meta::relational::tests::mapping::union::biTemporal::biTemporalUnionMapping$class$meta::relational::tests::mapping::union::biTemporal::BiTemporalPerson$set$selectPerson	unreachable
meta::relational::tests::mapping::union::biTemporal::setUp	unreachable
meta::relational::tests::mapping::union::chainedJoinsWithUnionsAndIsolation$class$meta::relational::tests::model::simple::Firm$set$FirmSet1	unreachable
meta::relational::tests::mapping::union::chainedJoinsWithUnionsAndIsolation$class$meta::relational::tests::model::simple::Firm$set$FirmSet2	unreachable
meta::relational::tests::mapping::union::chainedJoinsWithUnionsAndIsolation$class$meta::relational::tests::model::simple::Person$set$set1	unreachable
meta::relational::tests::mapping::union::chainedJoinsWithUnionsAndIsolation$class$meta::relational::tests::model::simple::Person$set$set2	unreachable
meta::relational::tests::mapping::union::createTablesAndFillDb	unreachable
meta::relational::tests::mapping::union::extend::chainedJoinsWithUnionsAndIsolation$class$meta::relational::tests::mapping::union::extend::Firm$set$MyFirmSet1	unreachable
meta::relational::tests::mapping::union::extend::chainedJoinsWithUnionsAndIsolation$class$meta::relational::tests::mapping::union::extend::Firm$set$MyFirmSet2	unreachable
meta::relational::tests::mapping::union::extend::chainedJoinsWithUnionsAndIsolation$class$meta::relational::tests::mapping::union::extend::Person$set$mySet1	unreachable
meta::relational::tests::mapping::union::extend::chainedJoinsWithUnionsAndIsolation$class$meta::relational::tests::mapping::union::extend::Person$set$mySet2	unreachable
meta::relational::tests::mapping::union::extend::unionMapping$class$meta::relational::tests::mapping::union::extend::Person$set$mySet1	unreachable
meta::relational::tests::mapping::union::extend::unionMapping$class$meta::relational::tests::mapping::union::extend::Person$set$mySet2	unreachable
meta::relational::tests::mapping::union::extend::unionMappingOverlappingPKAndFKColumns$class$meta::relational::tests::mapping::union::extend::Firm$set$MyFirmSet1	unreachable
meta::relational::tests::mapping::union::extend::unionMappingOverlappingPKAndFKColumns$class$meta::relational::tests::mapping::union::extend::Firm$set$MyFirmSet2	unreachable
meta::relational::tests::mapping::union::extend::unionMappingOverlappingPKAndFKColumns$class$meta::relational::tests::mapping::union::extend::Person$set$mySet1	unreachable
meta::relational::tests::mapping::union::extend::unionMappingOverlappingPKAndFKColumns$class$meta::relational::tests::mapping::union::extend::Person$set$mySet2	unreachable
meta::relational::tests::mapping::union::extend::unionMappingWithAssociationMapping$class$meta::relational::tests::mapping::union::extend::Person$set$mySet1	unreachable
meta::relational::tests::mapping::union::extend::unionMappingWithAssociationMapping$class$meta::relational::tests::mapping::union::extend::Person$set$mySet2	unreachable
meta::relational::tests::mapping::union::extend::unionMappingWithAssociationMapping$class$meta::relational::tests::model::simple::Person$set$set1	unreachable
meta::relational::tests::mapping::union::extend::unionMappingWithAssociationMapping$class$meta::relational::tests::model::simple::Person$set$set2	unreachable
meta::relational::tests::mapping::union::extend::unionMappingWithConstant$class$meta::relational::tests::mapping::union::extend::Person$set$mySet1	unreachable
meta::relational::tests::mapping::union::extend::unionMappingWithConstant$class$meta::relational::tests::mapping::union::extend::Person$set$mySet2	unreachable
meta::relational::tests::mapping::union::extend::unionMappingWithEmbeddedProperty$class$meta::relational::tests::mapping::union::extend::Person$set$mySet1	unreachable
meta::relational::tests::mapping::union::extend::unionMappingWithEmbeddedProperty$class$meta::relational::tests::mapping::union::extend::Person$set$mySet2	unreachable
meta::relational::tests::mapping::union::extend::unionMappingWithEmbeddedProperty2$class$meta::relational::tests::mapping::union::extend::Firm$set$my_firm_set1	unreachable
meta::relational::tests::mapping::union::extend::unionMappingWithEmbeddedProperty2$class$meta::relational::tests::mapping::union::extend::Firm$set$my_firm_set2	unreachable
meta::relational::tests::mapping::union::extend::unionMappingWithEmbeddedProperty2$class$meta::relational::tests::mapping::union::extend::Person$set$mySet1	unreachable
meta::relational::tests::mapping::union::extend::unionMappingWithEmbeddedProperty2$class$meta::relational::tests::mapping::union::extend::Person$set$mySet2	unreachable
meta::relational::tests::mapping::union::extend::unionMappingWithEmbeddedPropertyOneThroughJoin$class$meta::relational::tests::mapping::union::extend::Person$set$mySet1	unreachable
meta::relational::tests::mapping::union::extend::unionMappingWithEmbeddedPropertyOneThroughJoin$class$meta::relational::tests::mapping::union::extend::Person$set$mySet2	unreachable
meta::relational::tests::mapping::union::extend::unionMappingWithEmbeddedPropertyWithColumnsWithSameNames$class$meta::relational::tests::mapping::union::extend::Application$set$mySet1	unreachable
meta::relational::tests::mapping::union::extend::unionMappingWithEmbeddedPropertyWithColumnsWithSameNames$class$meta::relational::tests::mapping::union::extend::Application$set$mySet2	unreachable
meta::relational::tests::mapping::union::extend::unionMappingWithEmbeddedPropertyWithConstant$class$meta::relational::tests::mapping::union::extend::Person$set$mySet1	unreachable
meta::relational::tests::mapping::union::extend::unionMappingWithEmbeddedPropertyWithConstant$class$meta::relational::tests::mapping::union::extend::Person$set$mySet2	unreachable
meta::relational::tests::mapping::union::extend::unionMappingWithFilter$class$meta::relational::tests::mapping::union::extend::Person$set$mySet1	unreachable
meta::relational::tests::mapping::union::extend::unionMappingWithFilter$class$meta::relational::tests::mapping::union::extend::Person$set$mySet2	unreachable
meta::relational::tests::mapping::union::extend::unionMappingWithFunction$class$meta::relational::tests::mapping::union::extend::Person$set$mySet1	unreachable
meta::relational::tests::mapping::union::extend::unionMappingWithFunction$class$meta::relational::tests::mapping::union::extend::Person$set$mySet2	unreachable
meta::relational::tests::mapping::union::extend::unionMappingWithJoinInProperty$class$meta::relational::tests::mapping::union::extend::Person$set$mySet1	unreachable
meta::relational::tests::mapping::union::extend::unionMappingWithJoinInProperty$class$meta::relational::tests::mapping::union::extend::Person$set$mySet2	unreachable
meta::relational::tests::mapping::union::extend::unionMappingWithJoinSequenceInProperty$class$meta::relational::tests::mapping::union::extend::Person$set$mySet1	unreachable
meta::relational::tests::mapping::union::extend::unionMappingWithJoinSequenceInProperty$class$meta::relational::tests::mapping::union::extend::Person$set$mySet2	unreachable
meta::relational::tests::mapping::union::extend::unionMappingWithSelfJoin$class$meta::relational::tests::mapping::union::extend::Person$set$mySet1	unreachable
meta::relational::tests::mapping::union::extend::unionMappingWithSelfJoin$class$meta::relational::tests::mapping::union::extend::Person$set$mySet2	unreachable
meta::relational::tests::mapping::union::extend::unionToUnionMapping$class$meta::relational::tests::mapping::union::extend::Address$set$my_a_set1	unreachable
meta::relational::tests::mapping::union::extend::unionToUnionMapping$class$meta::relational::tests::mapping::union::extend::Address$set$my_a_set2	unreachable
meta::relational::tests::mapping::union::extend::unionToUnionMapping$class$meta::relational::tests::mapping::union::extend::Firm$set$my_firm_set1	unreachable
meta::relational::tests::mapping::union::extend::unionToUnionMapping$class$meta::relational::tests::mapping::union::extend::Firm$set$my_firm_set2	unreachable
meta::relational::tests::mapping::union::extend::unionToUnionMapping$class$meta::relational::tests::mapping::union::extend::Person$set$mySet1	unreachable
meta::relational::tests::mapping::union::extend::unionToUnionMapping$class$meta::relational::tests::mapping::union::extend::Person$set$mySet2	unreachable
meta::relational::tests::mapping::union::multipleChainedJoins::mapping::multipleChainedJoinsAssociationMappingV1$class$meta::relational::tests::mapping::union::multipleChainedJoins::model::X$set$x1	unreachable
meta::relational::tests::mapping::union::multipleChainedJoins::mapping::multipleChainedJoinsAssociationMappingV1$class$meta::relational::tests::mapping::union::multipleChainedJoins::model::X$set$x2	unreachable
meta::relational::tests::mapping::union::multipleChainedJoins::mapping::multipleChainedJoinsAssociationMappingV1$class$meta::relational::tests::mapping::union::multipleChainedJoins::model::X$set$x3	unreachable
meta::relational::tests::mapping::union::multipleChainedJoins::mapping::multipleChainedJoinsAssociationMappingV1$class$meta::relational::tests::mapping::union::multipleChainedJoins::model::Y$set$y1	unreachable
meta::relational::tests::mapping::union::multipleChainedJoins::mapping::multipleChainedJoinsAssociationMappingV1$class$meta::relational::tests::mapping::union::multipleChainedJoins::model::Y$set$y2	unreachable
meta::relational::tests::mapping::union::multipleChainedJoins::mapping::multipleChainedJoinsAssociationMappingV1$class$meta::relational::tests::mapping::union::multipleChainedJoins::model::Y$set$y3	unreachable
meta::relational::tests::mapping::union::multipleChainedJoins::mapping::multipleChainedJoinsAssociationMappingV1$class$meta::relational::tests::mapping::union::multipleChainedJoins::model::Z$set$z1	unreachable
meta::relational::tests::mapping::union::multipleChainedJoins::mapping::multipleChainedJoinsAssociationMappingV1$class$meta::relational::tests::mapping::union::multipleChainedJoins::model::Z$set$z2	unreachable
meta::relational::tests::mapping::union::multipleChainedJoins::mapping::multipleChainedJoinsAssociationMappingV1$class$meta::relational::tests::mapping::union::multipleChainedJoins::model::Z$set$z3	unreachable
meta::relational::tests::mapping::union::multipleChainedJoins::mapping::multipleChainedJoinsAssociationMappingV2$class$meta::relational::tests::mapping::union::multipleChainedJoins::model::X$set$x1	unreachable
meta::relational::tests::mapping::union::multipleChainedJoins::mapping::multipleChainedJoinsAssociationMappingV2$class$meta::relational::tests::mapping::union::multipleChainedJoins::model::X$set$x2	unreachable
meta::relational::tests::mapping::union::multipleChainedJoins::mapping::multipleChainedJoinsAssociationMappingV2$class$meta::relational::tests::mapping::union::multipleChainedJoins::model::X$set$x3	unreachable
meta::relational::tests::mapping::union::multipleChainedJoins::mapping::multipleChainedJoinsAssociationMappingV2$class$meta::relational::tests::mapping::union::multipleChainedJoins::model::Y$set$y1	unreachable
meta::relational::tests::mapping::union::multipleChainedJoins::mapping::multipleChainedJoinsAssociationMappingV2$class$meta::relational::tests::mapping::union::multipleChainedJoins::model::Y$set$y2	unreachable
meta::relational::tests::mapping::union::multipleChainedJoins::mapping::multipleChainedJoinsAssociationMappingV2$class$meta::relational::tests::mapping::union::multipleChainedJoins::model::Y$set$y3	unreachable
meta::relational::tests::mapping::union::multipleChainedJoins::mapping::multipleChainedJoinsAssociationMappingV4$class$meta::relational::tests::mapping::union::multipleChainedJoins::model::Y$set$y1	unreachable
meta::relational::tests::mapping::union::multipleChainedJoins::mapping::multipleChainedJoinsAssociationMappingV4$class$meta::relational::tests::mapping::union::multipleChainedJoins::model::Y$set$y2	unreachable
meta::relational::tests::mapping::union::multipleChainedJoins::mapping::multipleChainedJoinsAssociationMappingV4$class$meta::relational::tests::mapping::union::multipleChainedJoins::model::Y$set$y3	unreachable
meta::relational::tests::mapping::union::multipleChainedJoins::mapping::multipleChainedJoinsAssociationMappingV4$class$meta::relational::tests::mapping::union::multipleChainedJoins::model::Z$set$z1	unreachable
meta::relational::tests::mapping::union::multipleChainedJoins::mapping::multipleChainedJoinsAssociationMappingV4$class$meta::relational::tests::mapping::union::multipleChainedJoins::model::Z$set$z2	unreachable
meta::relational::tests::mapping::union::multipleChainedJoins::mapping::multipleChainedJoinsAssociationMappingV4$class$meta::relational::tests::mapping::union::multipleChainedJoins::model::Z$set$z3	unreachable
meta::relational::tests::mapping::union::multipleChainedJoins::mapping::multipleChainedJoinsMappingWithUnionAcross2SetsV1$class$meta::relational::tests::mapping::union::multipleChainedJoins::model::X$set$x0	unreachable
meta::relational::tests::mapping::union::multipleChainedJoins::mapping::multipleChainedJoinsMappingWithUnionAcross2SetsV1$class$meta::relational::tests::mapping::union::multipleChainedJoins::model::X$set$x1	unreachable
meta::relational::tests::mapping::union::multipleChainedJoins::mapping::multipleChainedJoinsMappingWithUnionAcross2SetsV1$class$meta::relational::tests::mapping::union::multipleChainedJoins::model::X$set$x2	unreachable
meta::relational::tests::mapping::union::multipleChainedJoins::mapping::multipleChainedJoinsMappingWithUnionAcross2SetsV1$class$meta::relational::tests::mapping::union::multipleChainedJoins::model::X$set$x3	unreachable
meta::relational::tests::mapping::union::multipleChainedJoins::mapping::multipleChainedJoinsMappingWithUnionAcross2SetsV1$class$meta::relational::tests::mapping::union::multipleChainedJoins::model::Y$set$y0	unreachable
meta::relational::tests::mapping::union::multipleChainedJoins::mapping::multipleChainedJoinsMappingWithUnionAcross2SetsV1$class$meta::relational::tests::mapping::union::multipleChainedJoins::model::Y$set$y1	unreachable
meta::relational::tests::mapping::union::multipleChainedJoins::mapping::multipleChainedJoinsMappingWithUnionAcross2SetsV1$class$meta::relational::tests::mapping::union::multipleChainedJoins::model::Y$set$y2	unreachable
meta::relational::tests::mapping::union::multipleChainedJoins::mapping::multipleChainedJoinsMappingWithUnionAcross2SetsV1$class$meta::relational::tests::mapping::union::multipleChainedJoins::model::Y$set$y3	unreachable
meta::relational::tests::mapping::union::multipleChainedJoins::mapping::multipleChainedJoinsMappingWithUnionAcross2SetsV1$class$meta::relational::tests::mapping::union::multipleChainedJoins::model::Z$set$z0	unreachable
meta::relational::tests::mapping::union::multipleChainedJoins::mapping::multipleChainedJoinsMappingWithUnionAcross2SetsV1$class$meta::relational::tests::mapping::union::multipleChainedJoins::model::Z$set$z1	unreachable
meta::relational::tests::mapping::union::multipleChainedJoins::mapping::multipleChainedJoinsMappingWithUnionAcross2SetsV1$class$meta::relational::tests::mapping::union::multipleChainedJoins::model::Z$set$z2	unreachable
meta::relational::tests::mapping::union::multipleChainedJoins::mapping::multipleChainedJoinsMappingWithUnionAcross2SetsV1$class$meta::relational::tests::mapping::union::multipleChainedJoins::model::Z$set$z3	unreachable
meta::relational::tests::mapping::union::multipleChainedJoins::mapping::multipleChainedJoinsMappingWithUnionAcross2SetsV2$class$meta::relational::tests::mapping::union::multipleChainedJoins::model::X$set$x0	unreachable
meta::relational::tests::mapping::union::multipleChainedJoins::mapping::multipleChainedJoinsMappingWithUnionAcross2SetsV2$class$meta::relational::tests::mapping::union::multipleChainedJoins::model::X$set$x1	unreachable
meta::relational::tests::mapping::union::multipleChainedJoins::mapping::multipleChainedJoinsMappingWithUnionAcross2SetsV2$class$meta::relational::tests::mapping::union::multipleChainedJoins::model::X$set$x2	unreachable
meta::relational::tests::mapping::union::multipleChainedJoins::mapping::multipleChainedJoinsMappingWithUnionAcross2SetsV2$class$meta::relational::tests::mapping::union::multipleChainedJoins::model::X$set$x3	unreachable
meta::relational::tests::mapping::union::multipleChainedJoins::mapping::multipleChainedJoinsMappingWithUnionAcross2SetsV2$class$meta::relational::tests::mapping::union::multipleChainedJoins::model::Y$set$y0	unreachable
meta::relational::tests::mapping::union::multipleChainedJoins::mapping::multipleChainedJoinsMappingWithUnionAcross2SetsV2$class$meta::relational::tests::mapping::union::multipleChainedJoins::model::Y$set$y1	unreachable
meta::relational::tests::mapping::union::multipleChainedJoins::mapping::multipleChainedJoinsMappingWithUnionAcross2SetsV2$class$meta::relational::tests::mapping::union::multipleChainedJoins::model::Y$set$y2	unreachable
meta::relational::tests::mapping::union::multipleChainedJoins::mapping::multipleChainedJoinsMappingWithUnionAcross2SetsV2$class$meta::relational::tests::mapping::union::multipleChainedJoins::model::Y$set$y3	unreachable
meta::relational::tests::mapping::union::multipleChainedJoins::mapping::multipleChainedJoinsMappingWithUnionAcross2SetsV3$class$meta::relational::tests::mapping::union::multipleChainedJoins::model::X$set$x0	unreachable
meta::relational::tests::mapping::union::multipleChainedJoins::mapping::multipleChainedJoinsMappingWithUnionAcross2SetsV3$class$meta::relational::tests::mapping::union::multipleChainedJoins::model::X$set$x1	unreachable
meta::relational::tests::mapping::union::multipleChainedJoins::mapping::multipleChainedJoinsMappingWithUnionAcross2SetsV4$class$meta::relational::tests::mapping::union::multipleChainedJoins::model::Y$set$y0	unreachable
meta::relational::tests::mapping::union::multipleChainedJoins::mapping::multipleChainedJoinsMappingWithUnionAcross2SetsV4$class$meta::relational::tests::mapping::union::multipleChainedJoins::model::Y$set$y1	unreachable
meta::relational::tests::mapping::union::multipleChainedJoins::mapping::multipleChainedJoinsMappingWithUnionAcross2SetsV4$class$meta::relational::tests::mapping::union::multipleChainedJoins::model::Y$set$y2	unreachable
meta::relational::tests::mapping::union::multipleChainedJoins::mapping::multipleChainedJoinsMappingWithUnionAcross2SetsV4$class$meta::relational::tests::mapping::union::multipleChainedJoins::model::Y$set$y3	unreachable
meta::relational::tests::mapping::union::multipleChainedJoins::mapping::multipleChainedJoinsMappingWithUnionAcross2SetsV4$class$meta::relational::tests::mapping::union::multipleChainedJoins::model::Z$set$z0	unreachable
meta::relational::tests::mapping::union::multipleChainedJoins::mapping::multipleChainedJoinsMappingWithUnionAcross2SetsV4$class$meta::relational::tests::mapping::union::multipleChainedJoins::model::Z$set$z1	unreachable
meta::relational::tests::mapping::union::multipleChainedJoins::mapping::multipleChainedJoinsMappingWithUnionAcross2SetsV4$class$meta::relational::tests::mapping::union::multipleChainedJoins::model::Z$set$z2	unreachable
meta::relational::tests::mapping::union::multipleChainedJoins::mapping::multipleChainedJoinsMappingWithUnionAcross2SetsV4$class$meta::relational::tests::mapping::union::multipleChainedJoins::model::Z$set$z3	unreachable
meta::relational::tests::mapping::union::multipleChainedJoins::mapping::multipleChainedJoinsMappingWithUnionAcross2SetsV5$class$meta::relational::tests::mapping::union::multipleChainedJoins::model::Y$set$y0	unreachable
meta::relational::tests::mapping::union::multipleChainedJoins::mapping::multipleChainedJoinsMappingWithUnionAcross2SetsV5$class$meta::relational::tests::mapping::union::multipleChainedJoins::model::Y$set$y1	unreachable
meta::relational::tests::mapping::union::multipleChainedJoins::mapping::multipleChainedJoinsMappingWithUnionAcross3SetsV1$class$meta::relational::tests::mapping::union::multipleChainedJoins::model::X$set$x0	unreachable
meta::relational::tests::mapping::union::multipleChainedJoins::mapping::multipleChainedJoinsMappingWithUnionAcross3SetsV1$class$meta::relational::tests::mapping::union::multipleChainedJoins::model::X$set$x1	unreachable
meta::relational::tests::mapping::union::multipleChainedJoins::mapping::multipleChainedJoinsMappingWithUnionAcross3SetsV1$class$meta::relational::tests::mapping::union::multipleChainedJoins::model::X$set$x2	unreachable
meta::relational::tests::mapping::union::multipleChainedJoins::mapping::multipleChainedJoinsMappingWithUnionAcross3SetsV1$class$meta::relational::tests::mapping::union::multipleChainedJoins::model::X$set$x3	unreachable
meta::relational::tests::mapping::union::multipleChainedJoins::mapping::multipleChainedJoinsMappingWithUnionAcross3SetsV1$class$meta::relational::tests::mapping::union::multipleChainedJoins::model::Y$set$y0	unreachable
meta::relational::tests::mapping::union::multipleChainedJoins::mapping::multipleChainedJoinsMappingWithUnionAcross3SetsV1$class$meta::relational::tests::mapping::union::multipleChainedJoins::model::Y$set$y1	unreachable
meta::relational::tests::mapping::union::multipleChainedJoins::mapping::multipleChainedJoinsMappingWithUnionAcross3SetsV1$class$meta::relational::tests::mapping::union::multipleChainedJoins::model::Y$set$y2	unreachable
meta::relational::tests::mapping::union::multipleChainedJoins::mapping::multipleChainedJoinsMappingWithUnionAcross3SetsV1$class$meta::relational::tests::mapping::union::multipleChainedJoins::model::Y$set$y3	unreachable
meta::relational::tests::mapping::union::multipleChainedJoins::mapping::multipleChainedJoinsMappingWithUnionAcross3SetsV1$class$meta::relational::tests::mapping::union::multipleChainedJoins::model::Z$set$z0	unreachable
meta::relational::tests::mapping::union::multipleChainedJoins::mapping::multipleChainedJoinsMappingWithUnionAcross3SetsV1$class$meta::relational::tests::mapping::union::multipleChainedJoins::model::Z$set$z1	unreachable
meta::relational::tests::mapping::union::multipleChainedJoins::mapping::multipleChainedJoinsMappingWithUnionAcross3SetsV1$class$meta::relational::tests::mapping::union::multipleChainedJoins::model::Z$set$z2	unreachable
meta::relational::tests::mapping::union::multipleChainedJoins::mapping::multipleChainedJoinsMappingWithUnionAcross3SetsV1$class$meta::relational::tests::mapping::union::multipleChainedJoins::model::Z$set$z3	unreachable
meta::relational::tests::mapping::union::multipleChainedJoins::mapping::multipleChainedJoinsMappingWithUnionAcross3SetsV2$class$meta::relational::tests::mapping::union::multipleChainedJoins::model::X$set$x0	unreachable
meta::relational::tests::mapping::union::multipleChainedJoins::mapping::multipleChainedJoinsMappingWithUnionAcross3SetsV2$class$meta::relational::tests::mapping::union::multipleChainedJoins::model::X$set$x1	unreachable
meta::relational::tests::mapping::union::multipleChainedJoins::mapping::multipleChainedJoinsMappingWithUnionAcross3SetsV2$class$meta::relational::tests::mapping::union::multipleChainedJoins::model::X$set$x2	unreachable
meta::relational::tests::mapping::union::multipleChainedJoins::mapping::multipleChainedJoinsMappingWithUnionAcross3SetsV2$class$meta::relational::tests::mapping::union::multipleChainedJoins::model::X$set$x3	unreachable
meta::relational::tests::mapping::union::multipleChainedJoins::mapping::multipleChainedJoinsMappingWithUnionAcross3SetsV2$class$meta::relational::tests::mapping::union::multipleChainedJoins::model::Y$set$y0	unreachable
meta::relational::tests::mapping::union::multipleChainedJoins::mapping::multipleChainedJoinsMappingWithUnionAcross3SetsV2$class$meta::relational::tests::mapping::union::multipleChainedJoins::model::Y$set$y1	unreachable
meta::relational::tests::mapping::union::multipleChainedJoins::mapping::multipleChainedJoinsMappingWithUnionAcross3SetsV2$class$meta::relational::tests::mapping::union::multipleChainedJoins::model::Y$set$y2	unreachable
meta::relational::tests::mapping::union::multipleChainedJoins::mapping::multipleChainedJoinsMappingWithUnionAcross3SetsV2$class$meta::relational::tests::mapping::union::multipleChainedJoins::model::Y$set$y3	unreachable
meta::relational::tests::mapping::union::multipleChainedJoins::mapping::multipleChainedJoinsMappingWithUnionAcross3SetsV3$class$meta::relational::tests::mapping::union::multipleChainedJoins::model::X$set$x0	unreachable
meta::relational::tests::mapping::union::multipleChainedJoins::mapping::multipleChainedJoinsMappingWithUnionAcross3SetsV3$class$meta::relational::tests::mapping::union::multipleChainedJoins::model::X$set$x1	unreachable
meta::relational::tests::mapping::union::multipleChainedJoins::mapping::multipleChainedJoinsMappingWithUnionAcross3SetsV3$class$meta::relational::tests::mapping::union::multipleChainedJoins::model::X$set$x2	unreachable
meta::relational::tests::mapping::union::multipleChainedJoins::mapping::multipleChainedJoinsMappingWithUnionAcross3SetsV4$class$meta::relational::tests::mapping::union::multipleChainedJoins::model::Y$set$y0	unreachable
meta::relational::tests::mapping::union::multipleChainedJoins::mapping::multipleChainedJoinsMappingWithUnionAcross3SetsV4$class$meta::relational::tests::mapping::union::multipleChainedJoins::model::Y$set$y1	unreachable
meta::relational::tests::mapping::union::multipleChainedJoins::mapping::multipleChainedJoinsMappingWithUnionAcross3SetsV4$class$meta::relational::tests::mapping::union::multipleChainedJoins::model::Y$set$y2	unreachable
meta::relational::tests::mapping::union::multipleChainedJoins::mapping::multipleChainedJoinsMappingWithUnionAcross3SetsV4$class$meta::relational::tests::mapping::union::multipleChainedJoins::model::Y$set$y3	unreachable
meta::relational::tests::mapping::union::multipleChainedJoins::mapping::multipleChainedJoinsMappingWithUnionAcross3SetsV4$class$meta::relational::tests::mapping::union::multipleChainedJoins::model::Z$set$z0	unreachable
meta::relational::tests::mapping::union::multipleChainedJoins::mapping::multipleChainedJoinsMappingWithUnionAcross3SetsV4$class$meta::relational::tests::mapping::union::multipleChainedJoins::model::Z$set$z1	unreachable
meta::relational::tests::mapping::union::multipleChainedJoins::mapping::multipleChainedJoinsMappingWithUnionAcross3SetsV4$class$meta::relational::tests::mapping::union::multipleChainedJoins::model::Z$set$z2	unreachable
meta::relational::tests::mapping::union::multipleChainedJoins::mapping::multipleChainedJoinsMappingWithUnionAcross3SetsV4$class$meta::relational::tests::mapping::union::multipleChainedJoins::model::Z$set$z3	unreachable
meta::relational::tests::mapping::union::multipleChainedJoins::mapping::multipleChainedJoinsMappingWithUnionAcross3SetsV5$class$meta::relational::tests::mapping::union::multipleChainedJoins::model::Y$set$y0	unreachable
meta::relational::tests::mapping::union::multipleChainedJoins::mapping::multipleChainedJoinsMappingWithUnionAcross3SetsV5$class$meta::relational::tests::mapping::union::multipleChainedJoins::model::Y$set$y1	unreachable
meta::relational::tests::mapping::union::multipleChainedJoins::mapping::multipleChainedJoinsMappingWithUnionAcross3SetsV5$class$meta::relational::tests::mapping::union::multipleChainedJoins::model::Y$set$y2	unreachable
meta::relational::tests::mapping::union::multipleChainedJoins::mapping::multipleChainedJoinsMappingWithUnionAcross4SetsV1$class$meta::relational::tests::mapping::union::multipleChainedJoins::model::X$set$x0	unreachable
meta::relational::tests::mapping::union::multipleChainedJoins::mapping::multipleChainedJoinsMappingWithUnionAcross4SetsV1$class$meta::relational::tests::mapping::union::multipleChainedJoins::model::X$set$x1	unreachable
meta::relational::tests::mapping::union::multipleChainedJoins::mapping::multipleChainedJoinsMappingWithUnionAcross4SetsV1$class$meta::relational::tests::mapping::union::multipleChainedJoins::model::X$set$x2	unreachable
meta::relational::tests::mapping::union::multipleChainedJoins::mapping::multipleChainedJoinsMappingWithUnionAcross4SetsV1$class$meta::relational::tests::mapping::union::multipleChainedJoins::model::X$set$x3	unreachable
meta::relational::tests::mapping::union::multipleChainedJoins::mapping::multipleChainedJoinsMappingWithUnionAcross4SetsV1$class$meta::relational::tests::mapping::union::multipleChainedJoins::model::Y$set$y0	unreachable
meta::relational::tests::mapping::union::multipleChainedJoins::mapping::multipleChainedJoinsMappingWithUnionAcross4SetsV1$class$meta::relational::tests::mapping::union::multipleChainedJoins::model::Y$set$y1	unreachable
meta::relational::tests::mapping::union::multipleChainedJoins::mapping::multipleChainedJoinsMappingWithUnionAcross4SetsV1$class$meta::relational::tests::mapping::union::multipleChainedJoins::model::Y$set$y2	unreachable
meta::relational::tests::mapping::union::multipleChainedJoins::mapping::multipleChainedJoinsMappingWithUnionAcross4SetsV1$class$meta::relational::tests::mapping::union::multipleChainedJoins::model::Y$set$y3	unreachable
meta::relational::tests::mapping::union::multipleChainedJoins::mapping::multipleChainedJoinsMappingWithUnionAcross4SetsV1$class$meta::relational::tests::mapping::union::multipleChainedJoins::model::Z$set$z0	unreachable
meta::relational::tests::mapping::union::multipleChainedJoins::mapping::multipleChainedJoinsMappingWithUnionAcross4SetsV1$class$meta::relational::tests::mapping::union::multipleChainedJoins::model::Z$set$z1	unreachable
meta::relational::tests::mapping::union::multipleChainedJoins::mapping::multipleChainedJoinsMappingWithUnionAcross4SetsV1$class$meta::relational::tests::mapping::union::multipleChainedJoins::model::Z$set$z2	unreachable
meta::relational::tests::mapping::union::multipleChainedJoins::mapping::multipleChainedJoinsMappingWithUnionAcross4SetsV1$class$meta::relational::tests::mapping::union::multipleChainedJoins::model::Z$set$z3	unreachable
meta::relational::tests::mapping::union::multipleChainedJoins::mapping::multipleChainedJoinsMappingWithUnionAcross4SetsV2$class$meta::relational::tests::mapping::union::multipleChainedJoins::model::X$set$x0	unreachable
meta::relational::tests::mapping::union::multipleChainedJoins::mapping::multipleChainedJoinsMappingWithUnionAcross4SetsV2$class$meta::relational::tests::mapping::union::multipleChainedJoins::model::X$set$x1	unreachable
meta::relational::tests::mapping::union::multipleChainedJoins::mapping::multipleChainedJoinsMappingWithUnionAcross4SetsV2$class$meta::relational::tests::mapping::union::multipleChainedJoins::model::X$set$x2	unreachable
meta::relational::tests::mapping::union::multipleChainedJoins::mapping::multipleChainedJoinsMappingWithUnionAcross4SetsV2$class$meta::relational::tests::mapping::union::multipleChainedJoins::model::X$set$x3	unreachable
meta::relational::tests::mapping::union::multipleChainedJoins::mapping::multipleChainedJoinsMappingWithUnionAcross4SetsV2$class$meta::relational::tests::mapping::union::multipleChainedJoins::model::Y$set$y0	unreachable
meta::relational::tests::mapping::union::multipleChainedJoins::mapping::multipleChainedJoinsMappingWithUnionAcross4SetsV2$class$meta::relational::tests::mapping::union::multipleChainedJoins::model::Y$set$y1	unreachable
meta::relational::tests::mapping::union::multipleChainedJoins::mapping::multipleChainedJoinsMappingWithUnionAcross4SetsV2$class$meta::relational::tests::mapping::union::multipleChainedJoins::model::Y$set$y2	unreachable
meta::relational::tests::mapping::union::multipleChainedJoins::mapping::multipleChainedJoinsMappingWithUnionAcross4SetsV2$class$meta::relational::tests::mapping::union::multipleChainedJoins::model::Y$set$y3	unreachable
meta::relational::tests::mapping::union::multipleChainedJoins::mapping::multipleChainedJoinsMappingWithUnionAcross4SetsV3$class$meta::relational::tests::mapping::union::multipleChainedJoins::model::X$set$x0	unreachable
meta::relational::tests::mapping::union::multipleChainedJoins::mapping::multipleChainedJoinsMappingWithUnionAcross4SetsV3$class$meta::relational::tests::mapping::union::multipleChainedJoins::model::X$set$x1	unreachable
meta::relational::tests::mapping::union::multipleChainedJoins::mapping::multipleChainedJoinsMappingWithUnionAcross4SetsV3$class$meta::relational::tests::mapping::union::multipleChainedJoins::model::X$set$x2	unreachable
meta::relational::tests::mapping::union::multipleChainedJoins::mapping::multipleChainedJoinsMappingWithUnionAcross4SetsV3$class$meta::relational::tests::mapping::union::multipleChainedJoins::model::X$set$x3	unreachable
meta::relational::tests::mapping::union::multipleChainedJoins::mapping::multipleChainedJoinsMappingWithUnionAcross4SetsV4$class$meta::relational::tests::mapping::union::multipleChainedJoins::model::Y$set$y0	unreachable
meta::relational::tests::mapping::union::multipleChainedJoins::mapping::multipleChainedJoinsMappingWithUnionAcross4SetsV4$class$meta::relational::tests::mapping::union::multipleChainedJoins::model::Y$set$y1	unreachable
meta::relational::tests::mapping::union::multipleChainedJoins::mapping::multipleChainedJoinsMappingWithUnionAcross4SetsV4$class$meta::relational::tests::mapping::union::multipleChainedJoins::model::Y$set$y2	unreachable
meta::relational::tests::mapping::union::multipleChainedJoins::mapping::multipleChainedJoinsMappingWithUnionAcross4SetsV4$class$meta::relational::tests::mapping::union::multipleChainedJoins::model::Y$set$y3	unreachable
meta::relational::tests::mapping::union::multipleChainedJoins::mapping::multipleChainedJoinsMappingWithUnionAcross4SetsV4$class$meta::relational::tests::mapping::union::multipleChainedJoins::model::Z$set$z0	unreachable
meta::relational::tests::mapping::union::multipleChainedJoins::mapping::multipleChainedJoinsMappingWithUnionAcross4SetsV4$class$meta::relational::tests::mapping::union::multipleChainedJoins::model::Z$set$z1	unreachable
meta::relational::tests::mapping::union::multipleChainedJoins::mapping::multipleChainedJoinsMappingWithUnionAcross4SetsV4$class$meta::relational::tests::mapping::union::multipleChainedJoins::model::Z$set$z2	unreachable
meta::relational::tests::mapping::union::multipleChainedJoins::mapping::multipleChainedJoinsMappingWithUnionAcross4SetsV4$class$meta::relational::tests::mapping::union::multipleChainedJoins::model::Z$set$z3	unreachable
meta::relational::tests::mapping::union::multipleChainedJoins::mapping::multipleChainedJoinsMappingWithUnionAcross4SetsV5$class$meta::relational::tests::mapping::union::multipleChainedJoins::model::Y$set$y0	unreachable
meta::relational::tests::mapping::union::multipleChainedJoins::mapping::multipleChainedJoinsMappingWithUnionAcross4SetsV5$class$meta::relational::tests::mapping::union::multipleChainedJoins::model::Y$set$y1	unreachable
meta::relational::tests::mapping::union::multipleChainedJoins::mapping::multipleChainedJoinsMappingWithUnionAcross4SetsV5$class$meta::relational::tests::mapping::union::multipleChainedJoins::model::Y$set$y2	unreachable
meta::relational::tests::mapping::union::multipleChainedJoins::mapping::multipleChainedJoinsMappingWithUnionAcross4SetsV5$class$meta::relational::tests::mapping::union::multipleChainedJoins::model::Y$set$y3	unreachable
meta::relational::tests::mapping::union::multipleChainedJoins::mapping::unionOfViewsToViewToUnion$class$meta::relational::tests::mapping::union::multipleChainedJoins::model::Y$set$y1	unreachable
meta::relational::tests::mapping::union::multipleChainedJoins::mapping::unionOfViewsToViewToUnion$class$meta::relational::tests::mapping::union::multipleChainedJoins::model::Y$set$y2	unreachable
meta::relational::tests::mapping::union::multipleChainedJoins::mapping::unionOfViewsToViewToUnion$class$meta::relational::tests::mapping::union::multipleChainedJoins::model::Z$set$z1	unreachable
meta::relational::tests::mapping::union::multipleChainedJoins::mapping::unionOfViewsToViewToUnion$class$meta::relational::tests::mapping::union::multipleChainedJoins::model::Z$set$z2	unreachable
meta::relational::tests::mapping::union::multipleChainedJoins::mapping::viewToViewToUnion$class$meta::relational::tests::mapping::union::multipleChainedJoins::model::Z$set$z1	unreachable
meta::relational::tests::mapping::union::multipleChainedJoins::mapping::viewToViewToUnion$class$meta::relational::tests::mapping::union::multipleChainedJoins::model::Z$set$z2	unreachable
meta::relational::tests::mapping::union::multipleChainedJoins::setup	unreachable
meta::relational::tests::mapping::union::optimized::unionMappingWithAssociationMappingOptimized$class$meta::relational::tests::model::simple::Person$set$set1	unreachable
meta::relational::tests::mapping::union::optimized::unionMappingWithAssociationMappingOptimized$class$meta::relational::tests::model::simple::Person$set$set2	unreachable
meta::relational::tests::mapping::union::optimized::unionToUnionMappingOptimized$class$meta::relational::tests::model::simple::Firm$set$firm_set1	unreachable
meta::relational::tests::mapping::union::optimized::unionToUnionMappingOptimized$class$meta::relational::tests::model::simple::Firm$set$firm_set2	unreachable
meta::relational::tests::mapping::union::optimized::unionToUnionMappingOptimized$class$meta::relational::tests::model::simple::Person$set$set1	unreachable
meta::relational::tests::mapping::union::optimized::unionToUnionMappingOptimized$class$meta::relational::tests::model::simple::Person$set$set2	unreachable
meta::relational::tests::mapping::union::optimized::unionToUnionMappingOptimizedHalf$class$meta::relational::tests::model::simple::Firm$set$firm_set1	unreachable
meta::relational::tests::mapping::union::optimized::unionToUnionMappingOptimizedHalf$class$meta::relational::tests::model::simple::Firm$set$firm_set2	unreachable
meta::relational::tests::mapping::union::optimized::unionToUnionMappingOptimizedHalf$class$meta::relational::tests::model::simple::Person$set$set1	unreachable
meta::relational::tests::mapping::union::optimized::unionToUnionMappingOptimizedHalf$class$meta::relational::tests::model::simple::Person$set$set2	unreachable
meta::relational::tests::mapping::union::partial::partialUnionMappingOfAddressWithManyPropertyMappings_AddressIdKey$class$meta::relational::tests::model::simple::Address$set$add1	unreachable
meta::relational::tests::mapping::union::partial::partialUnionMappingOfAddressWithManyPropertyMappings_AddressIdKey$class$meta::relational::tests::model::simple::Address$set$add2	unreachable
meta::relational::tests::mapping::union::partial::partialUnionMappingOfAddressWithManyPropertyMappings_AddressIdKey$class$meta::relational::tests::model::simple::Person$set$set1	unreachable
meta::relational::tests::mapping::union::partial::partialUnionMappingOfAddressWithManyPropertyMappings_AddressIdKey$class$meta::relational::tests::model::simple::Person$set$set2	unreachable
meta::relational::tests::mapping::union::partial::partialUnionMappingOfAddressWithManyPropertyMappings_FirmIdKey_Mapped$class$meta::relational::tests::model::simple::Address$set$add1	unreachable
meta::relational::tests::mapping::union::partial::partialUnionMappingOfAddressWithManyPropertyMappings_FirmIdKey_Mapped$class$meta::relational::tests::model::simple::Address$set$add2	unreachable
meta::relational::tests::mapping::union::partial::partialUnionMappingOfAddressWithManyPropertyMappings_FirmIdKey_Mapped$class$meta::relational::tests::model::simple::Person$set$set1	unreachable
meta::relational::tests::mapping::union::partial::partialUnionMappingOfAddressWithManyPropertyMappings_FirmIdKey_Mapped$class$meta::relational::tests::model::simple::Person$set$set2	unreachable
meta::relational::tests::mapping::union::partial::partialUnionMappingOfAddressWithManyPropertyMappings_FirmIdKey_Unmapped$class$meta::relational::tests::model::simple::Address$set$add1	unreachable
meta::relational::tests::mapping::union::partial::partialUnionMappingOfAddressWithManyPropertyMappings_FirmIdKey_Unmapped$class$meta::relational::tests::model::simple::Address$set$add2	unreachable
meta::relational::tests::mapping::union::partial::partialUnionMappingOfAddressWithManyPropertyMappings_FirmIdKey_Unmapped$class$meta::relational::tests::model::simple::Person$set$set1	unreachable
meta::relational::tests::mapping::union::partial::partialUnionMappingOfAddressWithManyPropertyMappings_FirmIdKey_Unmapped$class$meta::relational::tests::model::simple::Person$set$set2	unreachable
meta::relational::tests::mapping::union::partial::partialUnionMappingOfSubTypePrimitiveProperties$class$meta::relational::tests::mapping::union::partial::PersonExt1	unreachable
meta::relational::tests::mapping::union::partial::partialUnionMappingOfSubTypePrimitiveProperties$class$meta::relational::tests::mapping::union::partial::PersonExt2	unreachable
meta::relational::tests::mapping::union::partial::unionMapping$class$meta::relational::tests::model::simple::Person$set$set1	unreachable
meta::relational::tests::mapping::union::partial::unionMapping$class$meta::relational::tests::model::simple::Person$set$set2	unreachable
meta::relational::tests::mapping::union::partialForeignKeyUsage::initDatabase	unreachable
meta::relational::tests::mapping::union::partialForeignKeyUsage::mapping::relationalMapping$class$meta::relational::tests::mapping::union::partialForeignKeyUsage::model::A$set$a1	unreachable
meta::relational::tests::mapping::union::partialForeignKeyUsage::mapping::relationalMapping$class$meta::relational::tests::mapping::union::partialForeignKeyUsage::model::A$set$a2	unreachable
meta::relational::tests::mapping::union::partialForeignKeyUsage::mapping::relationalMapping$class$meta::relational::tests::mapping::union::partialForeignKeyUsage::model::B$set$b1	unreachable
meta::relational::tests::mapping::union::partialForeignKeyUsage::mapping::relationalMapping$class$meta::relational::tests::mapping::union::partialForeignKeyUsage::model::B$set$b2	unreachable
meta::relational::tests::mapping::union::partialForeignKeyUsage::mapping::relationalMapping$class$meta::relational::tests::mapping::union::partialForeignKeyUsage::model::C$set$c1	unreachable
meta::relational::tests::mapping::union::partialForeignKeyUsage::mapping::relationalMapping$class$meta::relational::tests::mapping::union::partialForeignKeyUsage::model::C$set$c2	unreachable
meta::relational::tests::mapping::union::partialForeignKeyUsage::mapping::relationalMapping$class$meta::relational::tests::mapping::union::partialForeignKeyUsage::model::D$set$d1	unreachable
meta::relational::tests::mapping::union::partialForeignKeyUsage::mapping::relationalMapping$class$meta::relational::tests::mapping::union::partialForeignKeyUsage::model::D$set$d2	unreachable
meta::relational::tests::mapping::union::relation::advanced::mapping::unionOfTwoRelationMappingsWithFirm$class$meta::relational::tests::model::simple::Person$set$rfSet1	unreachable
meta::relational::tests::mapping::union::relation::advanced::mapping::unionOfTwoRelationMappingsWithFirm$class$meta::relational::tests::model::simple::Person$set$rfSet2	unreachable
meta::relational::tests::mapping::union::relation::advanced::mapping::unionOfTwoRelationMappingsWithMultiColumnSubAggregation$class$meta::relational::tests::model::simple::Person$set$rfMmAggSet1	unreachable
meta::relational::tests::mapping::union::relation::advanced::mapping::unionOfTwoRelationMappingsWithMultiColumnSubAggregation$class$meta::relational::tests::model::simple::Person$set$rfMmAggSet2	unreachable
meta::relational::tests::mapping::union::relation::advanced::mapping::unionOfTwoRelationMappingsWithSubAggregation$class$meta::relational::tests::model::simple::Person$set$rfAggSet1	unreachable
meta::relational::tests::mapping::union::relation::advanced::mapping::unionOfTwoRelationMappingsWithSubAggregation$class$meta::relational::tests::model::simple::Person$set$rfAggSet2	unreachable
meta::relational::tests::mapping::union::relation::advanced::setUp	unreachable
meta::relational::tests::mapping::union::relation::mapping::unionOfRelationAndRelationalMappings$class$meta::relational::tests::model::simple::Person$set$relSet2	unreachable
meta::relational::tests::mapping::union::relation::mapping::unionOfRelationAndRelationalMappings$class$meta::relational::tests::model::simple::Person$set$rfSet1	unreachable
meta::relational::tests::mapping::union::relation::mapping::unionOfRelationAndRelationalMappingsWithFirm$class$meta::relational::tests::model::simple::Person$set$relSet2	unreachable
meta::relational::tests::mapping::union::relation::mapping::unionOfRelationAndRelationalMappingsWithFirm$class$meta::relational::tests::model::simple::Person$set$rfSet1	unreachable
meta::relational::tests::mapping::union::relation::mapping::unionOfTwoRelationMappings$class$meta::relational::tests::model::simple::Person$set$rfSet1	unreachable
meta::relational::tests::mapping::union::relation::mapping::unionOfTwoRelationMappings$class$meta::relational::tests::model::simple::Person$set$rfSet2	unreachable
meta::relational::tests::mapping::union::relation::mapping::unionOfTwoRelationMappingsFirstAndLast$class$meta::relational::tests::model::simple::Person$set$rfSet1	unreachable
meta::relational::tests::mapping::union::relation::mapping::unionOfTwoRelationMappingsFirstAndLast$class$meta::relational::tests::model::simple::Person$set$rfSet2	unreachable
meta::relational::tests::mapping::union::relation::mapping::unionOfTwoRelationMappingsWithConstantInProject$class$meta::relational::tests::model::simple::Person$set$rfSet1	unreachable
meta::relational::tests::mapping::union::relation::mapping::unionOfTwoRelationMappingsWithConstantInProject$class$meta::relational::tests::model::simple::Person$set$rfSet2	unreachable
meta::relational::tests::mapping::union::relation::mapping::unionOfTwoRelationMappingsWithEmbeddedFirm$class$meta::relational::tests::model::simple::Person$set$rfSet1	unreachable
meta::relational::tests::mapping::union::relation::mapping::unionOfTwoRelationMappingsWithEmbeddedFirm$class$meta::relational::tests::model::simple::Person$set$rfSet2	unreachable
meta::relational::tests::mapping::union::relation::mapping::unionOfTwoRelationMappingsWithEnumFilter$class$meta::relational::tests::model::simple::Address$set$rfSet1	unreachable
meta::relational::tests::mapping::union::relation::mapping::unionOfTwoRelationMappingsWithEnumFilter$class$meta::relational::tests::model::simple::Address$set$rfSet2	unreachable
meta::relational::tests::mapping::union::relation::mapping::unionOfTwoRelationMappingsWithFilterInFunc$class$meta::relational::tests::model::simple::Person$set$rfSet1	unreachable
meta::relational::tests::mapping::union::relation::mapping::unionOfTwoRelationMappingsWithFilterInFunc$class$meta::relational::tests::model::simple::Person$set$rfSet2	unreachable
meta::relational::tests::mapping::union::relation::mapping::unionOfTwoRelationMappingsWithFunctionInProject$class$meta::relational::tests::model::simple::Person$set$rfSet1	unreachable
meta::relational::tests::mapping::union::relation::mapping::unionOfTwoRelationMappingsWithFunctionInProject$class$meta::relational::tests::model::simple::Person$set$rfSet2	unreachable
meta::relational::tests::mapping::union::relation::setUp	unreachable
meta::relational::tests::mapping::union::relation::testTds	unreachable
meta::relational::tests::mapping::union::setUp	unreachable
meta::relational::tests::mapping::union::specialUnion::setUp	unreachable
meta::relational::tests::mapping::union::specialUnion::specialUnionMapping$class$meta::relational::tests::model::simple::Person$set$set1	unreachable
meta::relational::tests::mapping::union::specialUnion::specialUnionMapping$class$meta::relational::tests::model::simple::Person$set$set2	unreachable
meta::relational::tests::mapping::union::sqlQueryMerging::mapping::unionMapping$class$meta::relational::tests::mapping::union::sqlQueryMerging::model::A$set$a1	unreachable
meta::relational::tests::mapping::union::sqlQueryMerging::mapping::unionMapping$class$meta::relational::tests::mapping::union::sqlQueryMerging::model::A$set$a2	unreachable
meta::relational::tests::mapping::union::sqlQueryMerging::mapping::unionMapping$class$meta::relational::tests::mapping::union::sqlQueryMerging::model::B$set$b1	unreachable
meta::relational::tests::mapping::union::sqlQueryMerging::mapping::unionMapping$class$meta::relational::tests::mapping::union::sqlQueryMerging::model::B$set$b2	unreachable
meta::relational::tests::mapping::union::sqlQueryMerging::mapping::unionMapping$class$meta::relational::tests::mapping::union::sqlQueryMerging::model::C$set$c1	unreachable
meta::relational::tests::mapping::union::sqlQueryMerging::mapping::unionMapping$class$meta::relational::tests::mapping::union::sqlQueryMerging::model::C$set$c2	unreachable
meta::relational::tests::mapping::union::sqlQueryMerging::mapping::unionMapping$class$meta::relational::tests::mapping::union::sqlQueryMerging::model::D$set$d1	unreachable
meta::relational::tests::mapping::union::sqlQueryMerging::mapping::unionMapping$class$meta::relational::tests::mapping::union::sqlQueryMerging::model::D$set$d2	unreachable
meta::relational::tests::mapping::union::sqlQueryMerging::setup	unreachable
meta::relational::tests::mapping::union::unionMapping$class$meta::relational::tests::model::simple::Person$set$set1	unreachable
meta::relational::tests::mapping::union::unionMapping$class$meta::relational::tests::model::simple::Person$set$set2	unreachable
meta::relational::tests::mapping::union::unionMappingOverlappingPKAndFKColumns$class$meta::relational::tests::model::simple::Firm$set$FirmSet1	unreachable
meta::relational::tests::mapping::union::unionMappingOverlappingPKAndFKColumns$class$meta::relational::tests::model::simple::Firm$set$FirmSet2	unreachable
meta::relational::tests::mapping::union::unionMappingOverlappingPKAndFKColumns$class$meta::relational::tests::model::simple::Person$set$set1	unreachable
meta::relational::tests::mapping::union::unionMappingOverlappingPKAndFKColumns$class$meta::relational::tests::model::simple::Person$set$set2	unreachable
meta::relational::tests::mapping::union::unionMappingWithAssociationMapping$class$meta::relational::tests::model::simple::Person$set$set1	unreachable
meta::relational::tests::mapping::union::unionMappingWithAssociationMapping$class$meta::relational::tests::model::simple::Person$set$set2	unreachable
meta::relational::tests::mapping::union::unionMappingWithAssociationMappingHalfStoreMappingProperty$class$meta::relational::tests::model::simple::Person$set$set1	unreachable
meta::relational::tests::mapping::union::unionMappingWithAssociationMappingHalfStoreMappingProperty$class$meta::relational::tests::model::simple::Person$set$set2	unreachable
meta::relational::tests::mapping::union::unionMappingWithConstant$class$meta::relational::tests::model::simple::Person$set$set1	unreachable
meta::relational::tests::mapping::union::unionMappingWithConstant$class$meta::relational::tests::model::simple::Person$set$set2	unreachable
meta::relational::tests::mapping::union::unionMappingWithEmbeddedProperty$class$meta::relational::tests::model::simple::Person$set$set1	unreachable
meta::relational::tests::mapping::union::unionMappingWithEmbeddedProperty$class$meta::relational::tests::model::simple::Person$set$set2	unreachable
meta::relational::tests::mapping::union::unionMappingWithEmbeddedProperty2$class$meta::relational::tests::model::simple::Firm$set$firm_set1	unreachable
meta::relational::tests::mapping::union::unionMappingWithEmbeddedProperty2$class$meta::relational::tests::model::simple::Firm$set$firm_set2	unreachable
meta::relational::tests::mapping::union::unionMappingWithEmbeddedProperty2$class$meta::relational::tests::model::simple::Person$set$set1	unreachable
meta::relational::tests::mapping::union::unionMappingWithEmbeddedProperty2$class$meta::relational::tests::model::simple::Person$set$set2	unreachable
meta::relational::tests::mapping::union::unionMappingWithEmbeddedPropertyOneThroughJoin$class$meta::relational::tests::model::simple::Person$set$set1	unreachable
meta::relational::tests::mapping::union::unionMappingWithEmbeddedPropertyOneThroughJoin$class$meta::relational::tests::model::simple::Person$set$set2	unreachable
meta::relational::tests::mapping::union::unionMappingWithEmbeddedPropertyWithColumnsWithSameNames$class$meta::relational::tests::model::simple::Application$set$set1	unreachable
meta::relational::tests::mapping::union::unionMappingWithEmbeddedPropertyWithColumnsWithSameNames$class$meta::relational::tests::model::simple::Application$set$set2	unreachable
meta::relational::tests::mapping::union::unionMappingWithEmbeddedPropertyWithConstant$class$meta::relational::tests::model::simple::Person$set$set1	unreachable
meta::relational::tests::mapping::union::unionMappingWithEmbeddedPropertyWithConstant$class$meta::relational::tests::model::simple::Person$set$set2	unreachable
meta::relational::tests::mapping::union::unionMappingWithEnumerationMapping$class$meta::relational::tests::model::simple::Address$set$set1	unreachable
meta::relational::tests::mapping::union::unionMappingWithEnumerationMapping$class$meta::relational::tests::model::simple::Address$set$set2	unreachable
meta::relational::tests::mapping::union::unionMappingWithFilter$class$meta::relational::tests::model::simple::Person$set$set1	unreachable
meta::relational::tests::mapping::union::unionMappingWithFilter$class$meta::relational::tests::model::simple::Person$set$set2	unreachable
meta::relational::tests::mapping::union::unionMappingWithFunction$class$meta::relational::tests::model::simple::Person$set$set1	unreachable
meta::relational::tests::mapping::union::unionMappingWithFunction$class$meta::relational::tests::model::simple::Person$set$set2	unreachable
meta::relational::tests::mapping::union::unionMappingWithJoinInProperty$class$meta::relational::tests::model::simple::Person$set$set1	unreachable
meta::relational::tests::mapping::union::unionMappingWithJoinInProperty$class$meta::relational::tests::model::simple::Person$set$set2	unreachable
meta::relational::tests::mapping::union::unionMappingWithJoinSequenceInProperty$class$meta::relational::tests::model::simple::Person$set$set1	unreachable
meta::relational::tests::mapping::union::unionMappingWithJoinSequenceInProperty$class$meta::relational::tests::model::simple::Person$set$set2	unreachable
meta::relational::tests::mapping::union::unionMappingWithLongPropertyMapping$class$meta::relational::tests::model::simple::Person$set$set1	unreachable
meta::relational::tests::mapping::union::unionMappingWithLongPropertyMapping$class$meta::relational::tests::model::simple::Person$set$set2	unreachable
meta::relational::tests::mapping::union::unionMappingWithSameJoinInPropertyInBothUnions$class$meta::relational::tests::model::simple::Firm$set$FirmSet1	unreachable
meta::relational::tests::mapping::union::unionMappingWithSameJoinInPropertyInBothUnions$class$meta::relational::tests::model::simple::Firm$set$FirmSet2	unreachable
meta::relational::tests::mapping::union::unionMappingWithSameJoinInPropertyInBothUnions$class$meta::relational::tests::model::simple::Person$set$set1	unreachable
meta::relational::tests::mapping::union::unionMappingWithSameJoinInPropertyInBothUnions$class$meta::relational::tests::model::simple::Person$set$set2	unreachable
meta::relational::tests::mapping::union::unionMappingWithSelfJoin$class$meta::relational::tests::model::simple::Person$set$set1	unreachable
meta::relational::tests::mapping::union::unionMappingWithSelfJoin$class$meta::relational::tests::model::simple::Person$set$set2	unreachable
meta::relational::tests::mapping::union::unionOfViews$class$meta::relational::tests::model::simple::PersonExtension$set$e1	unreachable
meta::relational::tests::mapping::union::unionOfViews$class$meta::relational::tests::model::simple::PersonExtension$set$e2	unreachable
meta::relational::tests::mapping::union::unionOfViews2$class$meta::relational::tests::model::simple::PersonExtension$set$e1	unreachable
meta::relational::tests::mapping::union::unionOfViews2$class$meta::relational::tests::model::simple::PersonExtension$set$e2	unreachable
meta::relational::tests::mapping::union::unionToUnionMapping$class$meta::relational::tests::model::simple::Address$set$a_set1	unreachable
meta::relational::tests::mapping::union::unionToUnionMapping$class$meta::relational::tests::model::simple::Address$set$a_set2	unreachable
meta::relational::tests::mapping::union::unionToUnionMapping$class$meta::relational::tests::model::simple::Firm$set$firm_set1	unreachable
meta::relational::tests::mapping::union::unionToUnionMapping$class$meta::relational::tests::model::simple::Firm$set$firm_set2	unreachable
meta::relational::tests::mapping::union::unionToUnionMapping$class$meta::relational::tests::model::simple::Person$set$set1	unreachable
meta::relational::tests::mapping::union::unionToUnionMapping$class$meta::relational::tests::model::simple::Person$set$set2	unreachable
meta::relational::tests::mapping::union::unionToUnionMapping2$class$meta::relational::tests::model::simple::Firm$set$firm_set1	unreachable
meta::relational::tests::mapping::union::unionToUnionMapping2$class$meta::relational::tests::model::simple::Firm$set$firm_set2	unreachable
meta::relational::tests::mapping::union::unionToUnionMapping3$class$meta::relational::tests::model::simple::Firm$set$firm_set1	unreachable
meta::relational::tests::mapping::union::unionToUnionMapping3$class$meta::relational::tests::model::simple::Firm$set$firm_set2	unreachable
meta::relational::tests::mapping::union::unionToUnionMappingForChainedUnions$class$meta::relational::tests::model::simple::Address$set$a_set1	unreachable
meta::relational::tests::mapping::union::unionToUnionMappingForChainedUnions$class$meta::relational::tests::model::simple::Address$set$a_set2	unreachable
meta::relational::tests::mapping::union::unionToUnionMappingForChainedUnions$class$meta::relational::tests::model::simple::Firm$set$firm_set1	unreachable
meta::relational::tests::mapping::union::unionToUnionMappingForChainedUnions$class$meta::relational::tests::model::simple::Firm$set$firm_set2	unreachable
meta::relational::tests::mapping::union::unionToUnionMappingForChainedUnions$class$meta::relational::tests::model::simple::TemporalEntityWithAddress$set$set1	unreachable
meta::relational::tests::mapping::union::unionToUnionMappingForChainedUnions$class$meta::relational::tests::model::simple::TemporalEntityWithAddress$set$set2	unreachable
meta::relational::tests::mapping::union::unionToUnionMappingWithJoinToSameTableWithDiffKeys$class$meta::relational::tests::model::simple::Person$set$set1	unreachable
meta::relational::tests::mapping::union::unionToUnionMappingWithJoinToSameTableWithDiffKeys$class$meta::relational::tests::model::simple::Person$set$set2	unreachable
meta::relational::tests::mapping::union::unionWithSinglePropertyMapping$class$meta::relational::tests::model::simple::Person$set$set1	unreachable
meta::relational::tests::mapping::union::unionWithSinglePropertyMapping$class$meta::relational::tests::model::simple::Person$set$set2	unreachable
meta::relational::tests::mergerules::milestoning::setUp	unreachable
meta::relational::tests::mergerules::setUp	unreachable
meta::relational::tests::milestoning::bitemporal::setUp	unreachable
meta::relational::tests::milestoning::biTemporalClassificationType	unreachable
meta::relational::tests::milestoning::businessdate::setUp	unreachable
meta::relational::tests::milestoning::businessSnapshotMilestoningMap$class$meta::relational::tests::milestoning::Order	unreachable
meta::relational::tests::milestoning::businessSnapshotMilestoningMap$class$meta::relational::tests::milestoning::Product	unreachable
meta::relational::tests::milestoning::businessSnapshotMilestoningMap$class$meta::relational::tests::milestoning::ProductClassification	unreachable
meta::relational::tests::milestoning::businessSnapshotMilestoningUnionMap$class$meta::relational::tests::milestoning::Order$set$o2	unreachable
meta::relational::tests::milestoning::businessSnapshotMilestoningUnionMap$class$meta::relational::tests::milestoning::Product$set$p2	unreachable
meta::relational::tests::milestoning::businessSnapshotMilestoningUnionMap$class$meta::relational::tests::milestoning::ProductClassification$set$c2	unreachable
meta::relational::tests::milestoning::contextpropagation::setup	unreachable
meta::relational::tests::milestoning::distinct::setUp	unreachable
meta::relational::tests::milestoning::hybridMilestoningUnionMap$class$meta::relational::tests::milestoning::BiTemporalProduct$set$p1	unreachable
meta::relational::tests::milestoning::hybridMilestoningUnionMap$class$meta::relational::tests::milestoning::BiTemporalProduct$set$p2	unreachable
meta::relational::tests::milestoning::hybridMilestoningUnionMap$class$meta::relational::tests::milestoning::BiTemporalProduct$set$p3	unreachable
meta::relational::tests::milestoning::hybridMilestoningUnionMap$class$meta::relational::tests::milestoning::BiTemporalProduct$set$p4	unreachable
meta::relational::tests::milestoning::hybridMilestoningUnionMap$class$meta::relational::tests::milestoning::BiTemporalProduct$set$p5	unreachable
meta::relational::tests::milestoning::hybridMilestoningUnionMap$class$meta::relational::tests::milestoning::BiTemporalProduct$set$p6	unreachable
meta::relational::tests::milestoning::hybridMilestoningUnionMap$class$meta::relational::tests::milestoning::BiTemporalProductClassification$set$c1	unreachable
meta::relational::tests::milestoning::hybridMilestoningUnionMap$class$meta::relational::tests::milestoning::BiTemporalProductClassification$set$c2	unreachable
meta::relational::tests::milestoning::hybridMilestoningUnionMap$class$meta::relational::tests::milestoning::BiTemporalProductClassification$set$c3	unreachable
meta::relational::tests::milestoning::hybridMilestoningUnionMap$class$meta::relational::tests::milestoning::BiTemporalProductClassification$set$c4	unreachable
meta::relational::tests::milestoning::hybridMilestoningUnionMap$class$meta::relational::tests::milestoning::BiTemporalProductClassification$set$c5	unreachable
meta::relational::tests::milestoning::hybridMilestoningUnionMap$class$meta::relational::tests::milestoning::BiTemporalProductClassification$set$c6	unreachable
meta::relational::tests::milestoning::hybridMilestoningUnionMap$class$meta::relational::tests::milestoning::Order$set$o1	unreachable
meta::relational::tests::milestoning::hybridMilestoningUnionMap$class$meta::relational::tests::milestoning::Order$set$o2	unreachable
meta::relational::tests::milestoning::hybridMilestoningUnionMap$class$meta::relational::tests::milestoning::Order$set$o3	unreachable
meta::relational::tests::milestoning::hybridMilestoningUnionMap$class$meta::relational::tests::milestoning::Order$set$o4	unreachable
meta::relational::tests::milestoning::hybridMilestoningUnionMap$class$meta::relational::tests::milestoning::Order$set$o5	unreachable
meta::relational::tests::milestoning::hybridMilestoningUnionMap$class$meta::relational::tests::milestoning::Order$set$o6	unreachable
meta::relational::tests::milestoning::inclusive::setUp	unreachable
meta::relational::tests::milestoning::inheritance::union::createTablesAndFillDb	unreachable
meta::relational::tests::milestoning::inheritance::union::inheritanceUnionMapping$class$meta::relational::tests::milestoning::BiTemporalProduct$set$set1	unreachable
meta::relational::tests::milestoning::inheritance::union::inheritanceUnionMapping$class$meta::relational::tests::milestoning::BiTemporalProduct$set$set2	unreachable
meta::relational::tests::milestoning::inheritance::union::inheritanceUnionMapping$class$meta::relational::tests::milestoning::ProductSynonym$set$cusip	unreachable
meta::relational::tests::milestoning::inheritance::union::inheritanceUnionMapping$class$meta::relational::tests::milestoning::ProductSynonym$set$isin	unreachable
meta::relational::tests::milestoning::initDatabase	unreachable
meta::relational::tests::milestoning::InThruInclusiveMapping$class$meta::relational::tests::milestoning::BiTemporalProduct	unreachable
meta::relational::tests::milestoning::InThruInclusiveMapping$class$meta::relational::tests::milestoning::Order	unreachable
meta::relational::tests::milestoning::InThruInclusiveUnionInThruInclusiveMapping$class$meta::relational::tests::milestoning::Order$set$oInThru2	unreachable
meta::relational::tests::milestoning::latestDate::setUp	unreachable
meta::relational::tests::milestoning::milestoningmapWithVehiclesUnion$class$meta::relational::tests::milestoning::inheritance::CarDetails$set$c1	unreachable
meta::relational::tests::milestoning::milestoningmapWithVehiclesUnion$class$meta::relational::tests::milestoning::inheritance::CarDetails$set$c2	unreachable
meta::relational::tests::milestoning::milestoningUnionMapWithOrderNonUnion$class$meta::relational::tests::milestoning::Product$set$p1	unreachable
meta::relational::tests::milestoning::milestoningUnionMapWithOrderNonUnion$class$meta::relational::tests::milestoning::Product$set$p2	unreachable
meta::relational::tests::milestoning::milestoningUnionMapWithOrderNonUnion$class$meta::relational::tests::milestoning::ProductClassification$set$c1	unreachable
meta::relational::tests::milestoning::milestoningUnionMapWithOrderNonUnion$class$meta::relational::tests::milestoning::ProductClassification$set$c2	unreachable
meta::relational::tests::milestoning::otherwise::setUp	unreachable
meta::relational::tests::milestoning::OutFromInclusiveMapping$class$meta::relational::tests::milestoning::BiTemporalProduct	unreachable
meta::relational::tests::milestoning::OutFromInclusiveMapping$class$meta::relational::tests::milestoning::Order	unreachable
meta::relational::tests::milestoning::OutFromInclusiveUnionOutFromInclusiveMapping$class$meta::relational::tests::milestoning::Order$set$oOutFrom2	unreachable
meta::relational::tests::milestoning::partiallyMilestoningUnionMap$class$meta::relational::tests::milestoning::Order$set$o1	unreachable
meta::relational::tests::milestoning::partiallyMilestoningUnionMap$class$meta::relational::tests::milestoning::Order$set$o2	unreachable
meta::relational::tests::milestoning::partiallyMilestoningUnionMap$class$meta::relational::tests::milestoning::Product$set$p1	unreachable
meta::relational::tests::milestoning::partiallyMilestoningUnionMap$class$meta::relational::tests::milestoning::Product$set$p2	unreachable
meta::relational::tests::milestoning::partiallyMilestoningUnionMap$class$meta::relational::tests::milestoning::ProductClassification$set$c1	unreachable
meta::relational::tests::milestoning::partiallyMilestoningUnionMap$class$meta::relational::tests::milestoning::ProductClassification$set$c2	unreachable
meta::relational::tests::milestoning::processingDate::setUp	unreachable
meta::relational::tests::milestoning::processingSnapshot::setUp	unreachable
meta::relational::tests::milestoning::processingSnapshotMilestoningMap$class$meta::relational::tests::milestoning::Order	unreachable
meta::relational::tests::milestoning::processingSnapshotMilestoningMap$class$meta::relational::tests::milestoning::ProcessingTemporalProduct	unreachable
meta::relational::tests::milestoning::processingSnapshotMilestoningMap$class$meta::relational::tests::milestoning::ProcessingTemporalProductClassification	unreachable
meta::relational::tests::milestoning::processingSnapshotMilestoningUnionMap$class$meta::relational::tests::milestoning::Order$set$o2	unreachable
meta::relational::tests::milestoning::processingSnapshotMilestoningUnionMap$class$meta::relational::tests::milestoning::ProcessingTemporalProduct$set$p2	unreachable
meta::relational::tests::milestoning::processingSnapshotMilestoningUnionMap$class$meta::relational::tests::milestoning::ProcessingTemporalProductClassification$set$c2	unreachable
meta::relational::tests::milestoning::projection::setUp	unreachable
meta::relational::tests::milestoning::qualifier::setUp	unreachable
meta::relational::tests::milestoning::rangeQuery::setUp	unreachable
meta::relational::tests::milestoning::snapshot::setUp	unreachable
meta::relational::tests::milestoning::temporalDate::setUp	unreachable
meta::relational::tests::milestoning::union::setUp	unreachable
meta::relational::tests::milestoning::UnionOnViewWithMilestoningMapping$class$meta::relational::tests::milestoning::ProductClassification$set$option	unreachable
meta::relational::tests::milestoning::UnionOnViewWithMilestoningMapping$class$meta::relational::tests::milestoning::ProductClassification$set$stock	unreachable
meta::relational::tests::model::inheritance::milestoned::MilestonedInheritanceMapping$class$meta::relational::tests::model::inheritance::milestoned::Bicycle	unreachable
meta::relational::tests::model::inheritance::milestoned::MilestonedInheritanceMapping$class$meta::relational::tests::model::inheritance::milestoned::Car	unreachable
meta::relational::tests::platform::operations::createTablesAndFillDbUS	unreachable
meta::relational::tests::platform::operations::runtime::testRuntimeUS	unreachable
meta::relational::tests::postProcessor::cteExtraction::setup	unreachable
meta::relational::tests::postProcessor::setUp	unreachable
meta::relational::tests::projection::concatenate::tdsQueries::setUp	unreachable
meta::relational::tests::projection::enumeration::setUp	unreachable
meta::relational::tests::projection::exists::mappingForMultipleSubTypes$class$meta::relational::tests::projection::exists::Private	unreachable
meta::relational::tests::projection::exists::mappingForMultipleSubTypes$class$meta::relational::tests::projection::exists::Public	unreachable
meta::relational::tests::projection::exists::setUp	unreachable
meta::relational::tests::projection::function::concatenate::setUp	unreachable
meta::relational::tests::projection::functionvariables::setUp	unreachable
meta::relational::tests::projection::setUp	unreachable
meta::relational::tests::projection::simple::getCols	unreachable
meta::relational::tests::projection::view::unionOnViewOnViewMapping$class$meta::relational::tests::model::simple::OrderPnl$set$neg	unreachable
meta::relational::tests::projection::view::unionOnViewOnViewMapping$class$meta::relational::tests::model::simple::OrderPnl$set$nonNeg	unreachable
meta::relational::tests::projection::view::unionOnViewsMapping$class$meta::relational::tests::model::simple::OrderPnl$set$neg	unreachable
meta::relational::tests::projection::view::unionOnViewsMapping$class$meta::relational::tests::model::simple::OrderPnl$set$nonNeg	unreachable
meta::relational::tests::query::enumeration::setUp	unreachable
meta::relational::tests::query::filter::in::getNames	unreachable
meta::relational::tests::query::function::isempty::setUp	unreachable
meta::relational::tests::query::setUp	unreachable
meta::relational::tests::simpleRelationalMappingWithChainedUnions$class$meta::relational::tests::model::simple::Address$set$aSet1	unreachable
meta::relational::tests::simpleRelationalMappingWithChainedUnions$class$meta::relational::tests::model::simple::Address$set$aSet2	unreachable
meta::relational::tests::simpleRelationalMappingWithChainedUnions$class$meta::relational::tests::model::simple::Firm$set$set1	unreachable
meta::relational::tests::simpleRelationalMappingWithChainedUnions$class$meta::relational::tests::model::simple::Firm$set$set2	unreachable
meta::relational::tests::simpleRelationalMappingWithChainedUnions$class$meta::relational::tests::model::simple::Person$set$pSet1	unreachable
meta::relational::tests::simpleRelationalMappingWithChainedUnions$class$meta::relational::tests::model::simple::Person$set$pSet2	unreachable
meta::relational::tests::tds::setUp	unreachable
meta::relational::tests::tds::tdsJoin::alloy::createAndFillDatabaseForMultiDBJoins	unreachable
meta::relational::tests::tds::tdsJoin::twoDBRunTime	unreachable
meta::relational::tests::UnionViewJoinsMapping$class$meta::relational::tests::model::simple::Person$set$p1	unreachable
meta::relational::tests::UnionViewJoinsMapping$class$meta::relational::tests::model::simple::Person$set$p2	unreachable
meta::relational::transform::autogen::classesAssociationsAndMappingFromDatabase	unreachable
meta::relational::transform::autogen::tests::transformClass	unreachable
meta::relational::validation::complex::createTablesInDb	unreachable
meta::relational::validation::showcase::standalone::createTablesInDb	unreachable
meta::relational::validation::tests::milestoning::MilestoneUnionMapping$class$meta::relational::validation::tests::milestoning::Product$set$p1	unreachable
meta::relational::validation::tests::milestoning::MilestoneUnionMapping$class$meta::relational::validation::tests::milestoning::Product$set$p2	unreachable
meta::relational::validation::tests::milestoning::MilestoneUnionMapping$class$meta::relational::validation::tests::milestoning::ProductClassification$set$c1	unreachable
meta::relational::validation::tests::milestoning::MilestoneUnionMapping$class$meta::relational::validation::tests::milestoning::ProductClassification$set$c2	unreachable
meta::relational::validation::tests::milestoning::setUp	unreachable
myGetAllProduct	unreachable
nativeOnlySupport	unreachable
newState	unreachable
newTDSRelationAccessor	unreachable
noDebug	unreachable
nullsHighWithClauseSupport	unreachable
nullsLastWithClauseSupport	unreachable
nullsLowWithCaseSupport	unreachable
nullsLowWithClauseSupport	unreachable
parseJSON	unreachable
pathToElement	unreachable
personProjected	unreachable
pkOfFunc	unreachable
planToString	unreachable
planToStringWithoutFormatting	unreachable
plusOne	unreachable
print	unreachable
println	unreachable
processIdentifierWithBackTicks	unreachable
processIdentifierWithDoubleQuotes	unreachable
propertyMappingsByPropertyName	unreachable
reAliasMergedJoinOperations	unreachable
relationalExtensions	unreachable
relationalMapperSqlQuery	unreachable
relationTreeAsString	unreachable
removeAllOptimized	unreachable
repeat	unreachable
replaceTables	unreachable
resolvePrimaryKey	unreachable
resolveStore	unreachable
rootClassMappingByClass	unreachable
routeInternal	unreachable
runGraphFetchTest	unreachable
runLegendTest	unreachable
runQuery	unreachable
runRelationalRouterExtensionConnectionEquality	unreachable
runTest	unreachable
runtime	unreachable
runtimeM2M2R	unreachable
runtimeWithNonExecutable	unreachable
runtimeWithTableReplace	unreachable
scanColumns	unreachable
scanProperties	unreachable
scanRelations	unreachable
schema	unreachable
schemaMappers	unreachable
sortByReversed	unreachable
sql	unreachable
sqlRemoveFormatting	unreachable
subFunction	unreachable
subFunction2	unreachable
subFunction3	unreachable
subFunction5	unreachable
subFunction6	unreachable
table	unreachable
tableMappers	unreachable
templateFunctionsList	unreachable
test	unreachable
testDataTypeMappingRuntime	unreachable
testFetchDbMetaDataRuntime	unreachable
testFirmAgg	unreachable
testFunction	unreachable
testHybridMilestoningUnionOperationWithNonTemporalRootWithPropagation	unreachable
testHybridMilestoningUnionOperationWithTemporalRootWithPropagation	unreachable
testRuntime	unreachable
testRuntimeWithCTEPP	unreachable
testToSqlGenerationFirstDayOfQuarter	unreachable
toCompactJSONString	unreachable
toCSV	unreachable
toDomainValue	unreachable
toNonExecutableSQLString	unreachable
toPrettyJSONString	unreachable
toSQL	unreachable
toSQLQuery	unreachable
toSQLString	unreachable
translateCoreTypeToDbSpecificType	unreachable
twoDBRunTime	unreachable
useDbNativeImplicitNullOrdering	unreachable
useDbNativeImplicitNullOrderingGenerationFeatureName	unreachable
validate	unreachable
view	unreachable
withContext	unreachable
wrapH2Boolean	unreachable
