# native-claims.tsv — THE IMPLEMENTED SURFACE: one row per Pure.java overload, generated by ClaimRegistryTest from Claims (docs/CLAIM_REGISTRY_DESIGN_2026_09_10.md). kinds = every registration (a function lowers differently by position). Regenerate with -Dclaims.generate=1; the diff is the review.
fqn	signature	constant	kinds	owners	also
meta::alloy::objectReference::decodeObjectReferencesAndGetPkMap	(clientVersion:meta::pure::metamodel::type::String[1], encodedObjectReferences:meta::pure::metamodel::type::String[1], extensions:meta::pure::extension::Extension[*]):meta::pure::metamodel::type::String[1]	DECODE_OBJECT_REFERENCES__3	FAMILY	NativeFn.ObjectReference	
meta::alloy::objectReference::generateObjectReferences	(clientVersion:meta::pure::metamodel::type::String[1], pathToMappingElement:meta::pure::metamodel::type::String[1], rootSetId:meta::pure::metamodel::type::String[1], pathToRuntimeFunction:meta::pure::metamodel::type::String[1], pkMaps:meta::pure::functions::collection::Map<meta::pure::metamodel::type::String,meta::pure::metamodel::type::Any>[*], extensions:meta::pure::extension::Extension[*]):meta::pure::metamodel::type::String[1]	GENERATE_OBJECT_REFERENCES__6	FAMILY	NativeFn.ObjectReference	
meta::alloy::objectReference::generateObjectReferencesForGivenSetId	(clientVersion:meta::pure::metamodel::type::String[1], pathToMappingElement:meta::pure::metamodel::type::String[1], rootSetId:meta::pure::metamodel::type::String[1], setId:meta::pure::metamodel::type::String[1], pathToRuntimeFunction:meta::pure::metamodel::type::String[1], pkMaps:meta::pure::functions::collection::Map<meta::pure::metamodel::type::String,meta::pure::metamodel::type::Any>[*], extensions:meta::pure::extension::Extension[*]):meta::pure::metamodel::type::String[1]	GENERATE_OBJECT_REFERENCES_FOR_GIVEN_SET_ID__7	FAMILY	NativeFn.ObjectReference	
meta::alloy::service::execution::setUpDataSQLs	(data:meta::pure::metamodel::type::String[1], db:meta::relational::metamodel::Database[*]):meta::pure::metamodel::type::String[*]	SET_UP_DATA_SQLS__STRING_1__DATABASE_MANY	FAMILY	NativeFn.Effect	PlatformTypes
meta::alloy::service::execution::setUpDataSQLs	(data:meta::pure::metamodel::type::String[1], db:meta::relational::metamodel::Database[*], dbConfig:meta::relational::functions::sqlQueryToString::DbConfig[1]):meta::pure::metamodel::type::String[*]	SET_UP_DATA_SQLS__STRING_1__ANY_MANY__ANY_1	FAMILY	NativeFn.Effect	PlatformTypes
meta::alloy::service::execution::setUpDataSQLs	(records:meta::pure::functions::collection::List<meta::pure::metamodel::type::String>[*], db:meta::relational::metamodel::Database[*], dbConfig:meta::relational::functions::sqlQueryToString::DbConfig[1]):meta::pure::metamodel::type::String[*]	SET_UP_DATA_SQLS__LIST_MANY__ANY_MANY__ANY_1	FAMILY	NativeFn.Effect	PlatformTypes
meta::alloy::service::execution::setUpDataSQLsV2	(data:meta::pure::metamodel::type::String[1], db:meta::relational::metamodel::Database[*], dbConfig:meta::relational::functions::sqlQueryToString::DbConfig[1]):meta::pure::metamodel::type::String[*]	SET_UP_DATA_SQLS_V2__STRING_1__ANY_1__ANY_1	FAMILY	NativeFn.Effect	PlatformTypes
meta::alloy::test::mayExecuteAlloyTest	<X|k>(f1:meta::pure::metamodel::function::Function<{meta::pure::metamodel::type::String[1],meta::pure::metamodel::type::String[1],meta::pure::metamodel::type::String[1],meta::pure::metamodel::type::Integer[1]->X[k]}>[1], f2:meta::pure::metamodel::function::Function<{->X[k]}>[1]):X[k]	MAY_EXECUTE_ALLOY_TEST	CORE_FN	CoreFn.MAY_EXECUTE_ALLOY_TEST	
meta::core::runtime::connectionByElement	(runtime:meta::core::runtime::Runtime[1], store:meta::pure::store::Store[1]):meta::core::runtime::Connection[1]	CONNECTION_BY_ELEMENT__RUNTIME_1__STORE_1	FAMILY	NativeFn.Effect	PlatformTypes
meta::core::runtime::currentUserId	():meta::pure::metamodel::type::String[1]	CORE_CURRENT_USER_ID__STRING_1	SCALAR_RULE	Scalars.RULES	
meta::json::getValue	(json:meta::json::JSONObject[1], key:meta::pure::metamodel::type::String[1]):meta::json::JSONElement[0..1]	GET_VALUE__JSON_OBJECT_1__STRING_1	SCALAR_RULE	Scalars.RULES	
meta::json::parseJSON	(string:meta::pure::metamodel::type::String[1]):meta::json::JSONElement[1]	PARSE_JSON__STRING_1	SCALAR_RULE	Scalars.RULES	
meta::json::tdsToJSONKeyValueObjectString	(t:meta::pure::tds::TabularDataSet[1]):meta::pure::metamodel::type::String[*]	TDS_TO_JSON_KEY_VALUE_OBJECT_STRING__TDS_1	CORE_FN	CoreFn.TDS_TO_JSON_KV	TdsJsonChecker
meta::json::toCompactJSONString	(json:meta::json::JSONElement[1]):meta::pure::metamodel::type::String[1]	TO_COMPACT_JSON_STRING	SCALAR_RULE	Scalars.RULES	
meta::json::toJSON	(obj:meta::pure::metamodel::type::Any[*]):meta::pure::metamodel::type::String[1]	TO_JSON__ANY_M	CORE_FN	CoreFn.TO_JSON	TdsJsonChecker
meta::json::toPrettyJSONString	(json:meta::json::JSONElement[1]):meta::pure::metamodel::type::String[1]	TO_PRETTY_JSON_STRING	SCALAR_RULE	Scalars.RULES	
meta::legend::executeLegendQuery	(f:meta::pure::metamodel::function::FunctionDefinition<meta::pure::metamodel::type::Any>[1], vars:meta::pure::functions::collection::Pair<meta::pure::metamodel::type::String,meta::pure::metamodel::type::Any>[*], exeCtx:meta::pure::runtime::ExecutionContext[1], extensions:meta::pure::extension::Extension[*]):meta::pure::metamodel::type::String[1]	EXECUTE_LEGEND_QUERY__FN_1__PAIR_MANY__EXECUTION_CONTEXT_1__EXTENSION_MANY	FAMILY	NativeFn.Handle	PlatformTypes
meta::legend::executeLegendQuery	(f:meta::pure::metamodel::function::FunctionDefinition<meta::pure::metamodel::type::Any>[1], vars:meta::pure::functions::collection::Pair<meta::pure::metamodel::type::String,meta::pure::metamodel::type::Any>[*], extensions:meta::pure::extension::Extension[*]):meta::pure::metamodel::type::String[1]	EXECUTE_LEGEND_QUERY__FN_1__PAIR_MANY__EXTENSION_MANY	FAMILY	NativeFn.Handle	PlatformTypes
meta::legend::lite::adjustTemporal	(d:meta::pure::metamodel::type::Date[1], amount:meta::pure::metamodel::type::Integer[1], unit:meta::pure::functions::date::DurationUnit[1]):meta::pure::metamodel::type::Date[1]	ADJUST_TEMPORAL__DATE_1__INTEGER_1__DURATION_UNIT_1	SCALAR_RULE	Scalars.RULES	
meta::legend::lite::asOfJoinWithPrefix	<T,V>(rel1:meta::pure::metamodel::relation::Relation<T>[1], rel2:meta::pure::metamodel::relation::Relation<V>[1], match:meta::pure::metamodel::function::Function<{T[1],V[1]->meta::pure::metamodel::type::Boolean[1]}>[1], join:meta::pure::metamodel::function::Function<{T[1],V[1]->meta::pure::metamodel::type::Boolean[1]}>[1], prefix:meta::pure::metamodel::type::String[1]):meta::pure::metamodel::relation::Relation<TUNIONV>[1]	AS_OF_JOIN_WITH_PREFIX__RELATION_1__RELATION_1__FUNCTION_1__FUNCTION_1__STRING_1	CORE_FN	CoreFn.AS_OF_JOIN	
meta::legend::lite::asorDecodePkMap	(ref:meta::pure::metamodel::type::String[1], pkNames:meta::pure::metamodel::type::String[1]):meta::pure::metamodel::type::String[1]	ASOR_DECODE_PK_MAP__STRING_1__STRING_1	SCALAR_RULE	Scalars.RULES	
meta::legend::lite::asorPkValue	(ref:meta::pure::metamodel::type::String[1], index:meta::pure::metamodel::type::Integer[1]):meta::pure::metamodel::type::Any[1]	ASOR_PK_VALUE__STRING_1__INTEGER_1	SCALAR_RULE	Scalars.RULES	
meta::legend::lite::castAsDeclared	<T>(value:meta::pure::metamodel::type::Any[0..1], type:T[1]):T[0..1]	CAST_AS_DECLARED__ANY_01__T_1	CORE_FN	CoreFn.CAST_AS_DECLARED	
meta::legend::lite::convertDateFormat	(str:meta::pure::metamodel::type::String[0..1], fmt:meta::pure::metamodel::type::String[1]):meta::pure::metamodel::type::StrictDate[0..1]	CONVERT_DATE_FORMAT__STRING_0_1__STRING_1	SCALAR_RULE	Scalars.RULES	
meta::legend::lite::convertDateTimeFormat	(str:meta::pure::metamodel::type::String[0..1], fmt:meta::pure::metamodel::type::String[1]):meta::pure::metamodel::type::DateTime[0..1]	CONVERT_DATE_TIME_FORMAT__STRING_0_1__STRING_1	SCALAR_RULE	Scalars.RULES	
meta::legend::lite::convertTimeZoneFormat	(d:meta::pure::metamodel::type::DateTime[0..1], tz:meta::pure::metamodel::type::String[1], fmt:meta::pure::metamodel::type::String[1]):meta::pure::metamodel::type::String[0..1]	CONVERT_TIME_ZONE_FORMAT__DATE_0_1__STRING_1__STRING_1	SCALAR_RULE	Scalars.RULES	
meta::legend::lite::divideRound	(left:meta::pure::metamodel::type::Number[1], right:meta::pure::metamodel::type::Number[1], scale:meta::pure::metamodel::type::Integer[1]):meta::pure::metamodel::type::Float[1]	DIVIDE_ROUND__NUMBER_1__NUMBER_1__INTEGER_1	SCALAR_RULE	Scalars.RULES	
meta::legend::lite::greaterThan	(left:meta::pure::metamodel::type::Any[0..1], right:meta::pure::metamodel::type::Any[0..1]):meta::pure::metamodel::type::Boolean[1]	GREATER_THAN_ANY__ANY_1__ANY_1	SCALAR_RULE	Scalars.RULES	
meta::legend::lite::greaterThanEqual	(left:meta::pure::metamodel::type::Any[0..1], right:meta::pure::metamodel::type::Any[0..1]):meta::pure::metamodel::type::Boolean[1]	GREATER_THAN_EQUAL_ANY__ANY_1__ANY_1	SCALAR_RULE	Scalars.RULES	
meta::legend::lite::groupByComputedKeys	<T,Z,K,V,R>(rel:meta::pure::metamodel::relation::Relation<T>[1], keys:meta::pure::metamodel::relation::FuncColSpecArray<{T[1]->meta::pure::metamodel::type::Any[*]},Z>[1], aggs:meta::pure::metamodel::relation::AggColSpec<{T[1]->K[*]},{K[*]->V[0..1]},R>[1]):meta::pure::metamodel::relation::Relation<ZUNIONR>[1]	GROUP_BY_COMPUTED_KEYS__RELATION_1__FUNC_COL_SPEC_ARRAY_1__AGG_COL_SPEC_1	CORE_FN	CoreFn.GROUP_BY	
meta::legend::lite::groupByComputedKeys	<T,Z,K,V,R>(rel:meta::pure::metamodel::relation::Relation<T>[1], keys:meta::pure::metamodel::relation::FuncColSpecArray<{T[1]->meta::pure::metamodel::type::Any[*]},Z>[1], aggs:meta::pure::metamodel::relation::AggColSpecArray<{T[1]->K[*]},{K[*]->V[0..1]},R>[1]):meta::pure::metamodel::relation::Relation<ZUNIONR>[1]	GROUP_BY_COMPUTED_KEYS__RELATION_1__FUNC_COL_SPEC_ARRAY_1__AGG_COL_SPEC_ARRAY_1	CORE_FN	CoreFn.GROUP_BY	
meta::legend::lite::groupByOverInstances	<C,Z,K,V,R>(cl:C[*], keys:meta::pure::metamodel::relation::FuncColSpecArray<{C[1]->meta::pure::metamodel::type::Any[*]},Z>[1], aggs:meta::pure::metamodel::relation::AggColSpec<{C[1]->K[*]},{K[*]->V[0..1]},R>[1]):meta::pure::metamodel::relation::Relation<ZUNIONR>[1]	GROUP_BY_OVER_INSTANCES__C_MANY__FUNC_COL_SPEC_ARRAY_1__AGG_COL_SPEC_1	CORE_FN	CoreFn.GROUP_BY	
meta::legend::lite::groupByOverInstances	<C,Z,K,V,R>(cl:C[*], keys:meta::pure::metamodel::relation::FuncColSpecArray<{C[1]->meta::pure::metamodel::type::Any[*]},Z>[1], aggs:meta::pure::metamodel::relation::AggColSpecArray<{C[1]->K[*]},{K[*]->V[0..1]},R>[1]):meta::pure::metamodel::relation::Relation<ZUNIONR>[1]	GROUP_BY_OVER_INSTANCES__C_MANY__FUNC_COL_SPEC_ARRAY_1__AGG_COL_SPEC_ARRAY_1	CORE_FN	CoreFn.GROUP_BY	
meta::legend::lite::isDistinct	(left:meta::pure::metamodel::type::Any[1], right:meta::pure::metamodel::type::Any[1]):meta::pure::metamodel::type::Boolean[1]	IS_DISTINCT__ANY_1__ANY_1	SCALAR_RULE	Scalars.RULES	
meta::legend::lite::isNumeric	(str:meta::pure::metamodel::type::String[0..1]):meta::pure::metamodel::type::Boolean[0..1]	IS_NUMERIC__STRING_0_1	SCALAR_RULE	Scalars.RULES	
meta::legend::lite::joinSlot	<S,T,Z>(rel:meta::pure::metamodel::relation::Relation<S>[1], slot:meta::pure::metamodel::relation::FuncColSpec<{->meta::pure::metamodel::relation::Relation<T>[1]},Z>[1], cond:meta::pure::metamodel::function::Function<{S[1],T[1]->meta::pure::metamodel::type::Boolean[1]}>[1]):meta::pure::metamodel::relation::Relation<SUNIONZ>[1]	JOIN_SLOT__RELATION_1__FUNC_COL_SPEC_1__FUNCTION_1	CORE_FN	CoreFn.JOIN	
meta::legend::lite::joinWithPrefix	<T,V>(rel1:meta::pure::metamodel::relation::Relation<T>[1], rel2:meta::pure::metamodel::relation::Relation<V>[1], joinKind:meta::pure::functions::relation::JoinKind[1], f:meta::pure::metamodel::function::Function<{T[1],V[1]->meta::pure::metamodel::type::Boolean[1]}>[1], prefix:meta::pure::metamodel::type::String[1]):meta::pure::metamodel::relation::Relation<TUNIONV>[1]	JOIN_WITH_PREFIX__RELATION_1__RELATION_1__JOIN_KIND_1__FUNCTION_1__STRING_1	CORE_FN	CoreFn.JOIN	
meta::legend::lite::legacyAssocPredicate	<A,B,S,T>(a:A[1], b:B[1], src:meta::pure::metamodel::relation::Relation<S>[1], tgt:meta::pure::metamodel::relation::Relation<T>[1], cond:meta::pure::metamodel::function::Function<{S[1],T[1]->meta::pure::metamodel::type::Boolean[1]}>[1]):meta::pure::metamodel::type::Boolean[1]	LEGACY_ASSOC_PREDICATE__A_1__B_1__RELATION_1__RELATION_1__FUNCTION_1	FAMILY	NativeFn.LiteDesugar	
meta::legend::lite::legacyAssocPredicate	<A,B>(a:A[1], b:B[1], srcSet:meta::pure::metamodel::type::String[1], tgtSet:meta::pure::metamodel::type::String[1], cond:meta::pure::metamodel::function::Function<{A[1],B[1]->meta::pure::metamodel::type::Boolean[1]}>[1]):meta::pure::metamodel::type::Boolean[1]	LEGACY_ASSOC_PREDICATE__A_1__B_1__STRING_1__STRING_1__FUNCTION_1	FAMILY	NativeFn.LiteDesugar	
meta::legend::lite::legacyLocalProperty	(row:meta::pure::metamodel::type::Any[1], prop:meta::pure::metamodel::type::String[1]):meta::pure::metamodel::type::Any[1]	LEGACY_LOCAL_PROPERTY__ANY_1__STRING_1	FAMILY	NativeFn.LiteDesugar	
meta::legend::lite::legacyNavigate	<S,C,T,Z>(rel:meta::pure::metamodel::relation::Relation<S>[1], target:meta::pure::metamodel::relation::FuncColSpec<{->C[*]},Z>[1], tgtRows:meta::pure::metamodel::relation::Relation<T>[1], cond:meta::pure::metamodel::function::Function<{S[1],T[1]->meta::pure::metamodel::type::Boolean[1]}>[1]):meta::pure::metamodel::relation::Relation<SUNIONZ>[1]	LEGACY_NAVIGATE__RELATION_1__FUNC_COL_SPEC_1__RELATION_1__FUNCTION_1	CORE_FN	CoreFn.LEGACY_NAVIGATE	
meta::legend::lite::legacyNavigate	<S,C,T,Z>(rel:meta::pure::metamodel::relation::Relation<S>[1], target:meta::pure::metamodel::relation::FuncColSpec<{->C[*]},Z>[1], tgtRows:meta::pure::metamodel::relation::Relation<T>[1], cond:meta::pure::metamodel::function::Function<{S[1],T[1]->meta::pure::metamodel::type::Boolean[1]}>[1], pairedCond:meta::pure::metamodel::function::Function<{S[1],T[1]->meta::pure::metamodel::type::Boolean[1]}>[1]):meta::pure::metamodel::relation::Relation<SUNIONZ>[1]	LEGACY_NAVIGATE__RELATION_1__FUNC_COL_SPEC_1__RELATION_1__FUNCTION_1__FUNCTION_1	CORE_FN	CoreFn.LEGACY_NAVIGATE	
meta::legend::lite::lessThan	(left:meta::pure::metamodel::type::Any[0..1], right:meta::pure::metamodel::type::Any[0..1]):meta::pure::metamodel::type::Boolean[1]	LESS_THAN_ANY__ANY_1__ANY_1	SCALAR_RULE	Scalars.RULES	
meta::legend::lite::lessThanEqual	(left:meta::pure::metamodel::type::Any[0..1], right:meta::pure::metamodel::type::Any[0..1]):meta::pure::metamodel::type::Boolean[1]	LESS_THAN_EQUAL_ANY__ANY_1__ANY_1	SCALAR_RULE	Scalars.RULES	
meta::legend::lite::navigate	<C,T,Z>(cl:C[*], target:meta::pure::metamodel::relation::FuncColSpec<{->T[*]},Z>[1], pred:meta::pure::metamodel::function::Function<{C[1],T[1]->meta::pure::metamodel::type::Boolean[1]}>[1]):C[*]	NAVIGATE__C_MANY__FUNC_COL_SPEC_1__FUNCTION_1	CORE_FN	CoreFn.NAVIGATE	
meta::legend::lite::navigate	<S,T,Z>(rel:meta::pure::metamodel::relation::Relation<S>[1], target:meta::pure::metamodel::relation::FuncColSpec<{->T[*]},Z>[1], pred:meta::pure::metamodel::function::Function<{S[1],T[1]->meta::pure::metamodel::type::Boolean[1]}>[1]):meta::pure::metamodel::relation::Relation<SUNIONZ>[1]	NAVIGATE__RELATION_1__FUNC_COL_SPEC_1__FUNCTION_1	CORE_FN	CoreFn.NAVIGATE	
meta::legend::lite::navigate	<T>(target:T[*], pred:meta::pure::metamodel::function::Function<{T[1]->meta::pure::metamodel::type::Boolean[1]}>[1]):T[*]	NAVIGATE__T_MANY__FUNCTION_1	CORE_FN	CoreFn.NAVIGATE	
meta::legend::lite::notEqualAnsi	(left:meta::pure::metamodel::type::Any[1], right:meta::pure::metamodel::type::Any[1]):meta::pure::metamodel::type::Boolean[1]	NOT_EQUAL_ANSI__ANY_1__ANY_1	SCALAR_RULE	Scalars.RULES	
meta::legend::lite::otherwise	<T>(partial:T[1], fallback:T[0..1]):T[1]	OTHERWISE__T_1__T_0_1	FAMILY	NativeFn.LiteDesugar	
meta::legend::lite::parseDateFormat	(str:meta::pure::metamodel::type::String[0..1], fmt:meta::pure::metamodel::type::String[1]):meta::pure::metamodel::type::DateTime[0..1]	PARSE_DATE_FORMAT__STRING_0_1__STRING_1	SCALAR_RULE	Scalars.RULES	
meta::legend::lite::sourceUrl	(url:meta::pure::metamodel::type::String[1]):meta::pure::metamodel::relation::Relation<meta::pure::metamodel::type::Any>[1]	SOURCE_URL__STRING_1	CORE_FN	CoreFn.SOURCE_URL	
meta::legend::lite::tds	(tag:meta::pure::metamodel::type::String[1], raw:meta::pure::metamodel::type::String[1]):meta::pure::metamodel::relation::Relation<meta::pure::metamodel::type::Any>[1]	TDS__STRING_1__STRING_1	CORE_FN	CoreFn.TDS	SpecParser
meta::legend::lite::trustOne	<T>(values:T[*]):T[1]	TRUST_ONE__T_MANY	SCALAR_RULE	Scalars.RULES	StoreNav
meta::legend::lite::typeAsDeclared	<T>(value:meta::pure::metamodel::type::Any[0..1], type:T[1]):T[0..1]	TYPE_AS_DECLARED__ANY_01__T_1	CORE_FN|SCALAR_RULE	CoreFn.TYPE_AS_DECLARED|Scalars.RULES	Scalars;Typer
meta::legend::lite::unionScan	<T>(rel:meta::pure::metamodel::relation::Relation<T>[1]):meta::pure::metamodel::relation::Relation<T>[1]	UNION_SCAN__RELATION_1	FAMILY	NativeFn.LiteDesugar	
meta::legend::test::mayExecuteLegendTest	<X|k>(f1:meta::pure::metamodel::function::Function<{meta::pure::metamodel::type::String[1],meta::pure::metamodel::type::String[1],meta::pure::metamodel::type::String[1],meta::pure::metamodel::type::String[1],meta::pure::metamodel::type::Integer[1]->X[k]}>[1], f2:meta::pure::metamodel::function::Function<{->X[k]}>[1]):X[k]	MAY_EXECUTE_LEGEND_TEST	CORE_FN	CoreFn.MAY_EXECUTE_LEGEND_TEST	
meta::pure::alloy::connections::relationalMapperPostProcessor	(mapper:meta::pure::alloy::connections::RelationalMapperPostProcessor[1]):meta::relational::runtime::PostProcessorWithParameter[1]	RELATIONAL_MAPPER_PP	FAMILY	NativeFn.ResolverForm	
meta::pure::executionPlan::execute	(plan:meta::pure::executionPlan::ExecutionPlan[1], parametersValues:meta::pure::metamodel::type::Any[*], extensions:meta::pure::extension::Extension[*]):meta::pure::mapping::Result<meta::pure::metamodel::type::Any>[1]	EXECUTION_PLAN_EXECUTE__EXECUTION_PLAN_1__ANY_MANY__EXTENSION_MANY	FAMILY	NativeFn.Handle	PlatformTypes
meta::pure::executionPlan::executionPlan	(f:meta::pure::metamodel::function::FunctionDefinition<meta::pure::metamodel::type::Any>[1], context:meta::pure::runtime::ExecutionContext[1], extensions:meta::pure::extension::Extension[*]):meta::pure::executionPlan::ExecutionPlan[1]	EXECUTION_PLAN__FUNCTION_DEFINITION_1__EXECUTION_CONTEXT_1__EXTENSION_MANY	FAMILY	NativeFn.Handle	PlatformTypes
meta::pure::executionPlan::executionPlan	(f:meta::pure::metamodel::function::FunctionDefinition<meta::pure::metamodel::type::Any>[1], extensions:meta::pure::extension::Extension[*]):meta::pure::executionPlan::ExecutionPlan[1]	EXECUTION_PLAN__FUNCTION_DEFINITION_1__EXTENSION_MANY	FAMILY	NativeFn.Handle	PlatformTypes
meta::pure::executionPlan::executionPlan	(f:meta::pure::metamodel::function::FunctionDefinition<meta::pure::metamodel::type::Any>[1], m:meta::pure::mapping::Mapping[1], runtime:meta::core::runtime::Runtime[1], context:meta::pure::runtime::ExecutionContext[1], extensions:meta::pure::extension::Extension[*]):meta::pure::executionPlan::ExecutionPlan[1]	EXECUTION_PLAN__FUNCTION_DEFINITION_1__MAPPING_1__RUNTIME_1__EXECUTION_CONTEXT_1__EXTENSION_MANY	FAMILY	NativeFn.Handle	PlatformTypes
meta::pure::executionPlan::executionPlan	(f:meta::pure::metamodel::function::FunctionDefinition<meta::pure::metamodel::type::Any>[1], m:meta::pure::mapping::Mapping[1], runtime:meta::core::runtime::Runtime[1], extensions:meta::pure::extension::Extension[*]):meta::pure::executionPlan::ExecutionPlan[1]	EXECUTION_PLAN__FUNCTION_DEFINITION_1__MAPPING_1__RUNTIME_1__EXTENSION_MANY	FAMILY	NativeFn.Handle	PlatformTypes
meta::pure::executionPlan::executionPlan	(f:meta::pure::metamodel::function::FunctionDefinition<meta::pure::metamodel::type::Any>[1], m:meta::pure::mapping::Mapping[1], runtime:meta::core::runtime::Runtime[1], extensions:meta::pure::extension::Extension[*], debugContext:meta::pure::tools::DebugContext[1]):meta::pure::executionPlan::ExecutionPlan[1]	EXECUTION_PLAN__FUNCTION_DEFINITION_1__MAPPING_1__RUNTIME_1__EXTENSION_MANY__DEBUG_CONTEXT_1	FAMILY	NativeFn.Handle	PlatformTypes
meta::pure::executionPlan::executionPlan	(f:meta::pure::metamodel::function::FunctionDefinition<meta::pure::metamodel::type::Any>[1], m:meta::pure::mapping::Mapping[1], runtime:meta::core::runtime::Runtime[1], shouldDebug:meta::pure::metamodel::type::Boolean[1], extensions:meta::pure::extension::Extension[*]):meta::pure::executionPlan::ExecutionPlan[1]	EXECUTION_PLAN__FUNCTION_DEFINITION_1__MAPPING_1__RUNTIME_1__BOOLEAN_1__EXTENSION_MANY	FAMILY	NativeFn.Handle	PlatformTypes
meta::pure::executionPlan::featureFlag::withFeatureFlags	<T>(object:T[*], e:meta::pure::metamodel::type::Enum[*]):T[*]	WITH_FEATURE_FLAGS__T_MANY__ENUM_MANY	FAMILY	NativeFn.PlanWrapper	
meta::pure::executionPlan::toString::planToString	(e:meta::pure::executionPlan::ExecutionPlan[1], extensions:meta::pure::extension::Extension[*]):meta::pure::metamodel::type::String[1]	PLAN_TO_STRING__EXECUTION_PLAN_1__EXTENSION_MANY	FAMILY	NativeFn.JavaRoutine	PlatformTypes
meta::pure::executionPlan::toString::planToStringWithoutFormatting	(e:meta::pure::executionPlan::ExecutionPlan[1], extensions:meta::pure::extension::Extension[*]):meta::pure::metamodel::type::String[1]	PLAN_TO_STRING_WITHOUT_FORMATTING__EXECUTION_PLAN_1__EXTENSION_MANY	FAMILY	NativeFn.JavaRoutine	PlatformTypes
meta::pure::functions::asserts::assert	(condition:meta::pure::metamodel::type::Boolean[1]):meta::pure::metamodel::type::Boolean[1]	ASSERT__BOOLEAN_1	FAMILY	NativeFn.Verdict	LambdaBodies;PlatformTypes
meta::pure::functions::asserts::assert	(condition:meta::pure::metamodel::type::Boolean[1], formatString:meta::pure::metamodel::type::String[1], formatArgs:meta::pure::metamodel::type::Any[*]):meta::pure::metamodel::type::Boolean[1]	ASSERT__BOOLEAN_1__STRING_1__ANY_MANY	FAMILY	NativeFn.Verdict	LambdaBodies;PlatformTypes
meta::pure::functions::asserts::assert	(condition:meta::pure::metamodel::type::Boolean[1], message:meta::pure::metamodel::type::String[1]):meta::pure::metamodel::type::Boolean[1]	ASSERT__BOOLEAN_1__STRING_1	FAMILY	NativeFn.Verdict	LambdaBodies;PlatformTypes
meta::pure::functions::asserts::assert	(condition:meta::pure::metamodel::type::Boolean[1], messageFunction:meta::pure::metamodel::function::Function<{->meta::pure::metamodel::type::String[1]}>[1]):meta::pure::metamodel::type::Boolean[1]	ASSERT__BOOLEAN_1__FN_1	FAMILY	NativeFn.Verdict	LambdaBodies;PlatformTypes
meta::pure::functions::asserts::assertContains	(collection:meta::pure::metamodel::type::Any[*], value:meta::pure::metamodel::type::Any[1]):meta::pure::metamodel::type::Boolean[1]	ASSERT_CONTAINS__ANY_MANY__ANY_1	FAMILY	NativeFn.Verdict	PlatformTypes
meta::pure::functions::asserts::assertContains	(collection:meta::pure::metamodel::type::Any[*], value:meta::pure::metamodel::type::Any[1], formatString:meta::pure::metamodel::type::String[1], formatArgs:meta::pure::metamodel::type::Any[*]):meta::pure::metamodel::type::Boolean[1]	ASSERT_CONTAINS__ANY_MANY__ANY_1__STRING_1__ANY_MANY	FAMILY	NativeFn.Verdict	PlatformTypes
meta::pure::functions::asserts::assertContains	(collection:meta::pure::metamodel::type::Any[*], value:meta::pure::metamodel::type::Any[1], message:meta::pure::metamodel::function::Function<{->meta::pure::metamodel::type::String[1]}>[1]):meta::pure::metamodel::type::Boolean[1]	ASSERT_CONTAINS__ANY_MANY__ANY_1__FN_1	FAMILY	NativeFn.Verdict	PlatformTypes
meta::pure::functions::asserts::assertContains	(collection:meta::pure::metamodel::type::Any[*], value:meta::pure::metamodel::type::Any[1], message:meta::pure::metamodel::type::String[1]):meta::pure::metamodel::type::Boolean[1]	ASSERT_CONTAINS__ANY_MANY__ANY_1__STRING_1	FAMILY	NativeFn.Verdict	PlatformTypes
meta::pure::functions::asserts::assertEmpty	(collection:meta::pure::metamodel::type::Any[*]):meta::pure::metamodel::type::Boolean[1]	ASSERT_EMPTY__ANY_MANY	FAMILY	NativeFn.Verdict	LambdaBodies;PlatformTypes
meta::pure::functions::asserts::assertEmpty	(collection:meta::pure::metamodel::type::Any[*], formatString:meta::pure::metamodel::type::String[1], formatArgs:meta::pure::metamodel::type::Any[*]):meta::pure::metamodel::type::Boolean[1]	ASSERT_EMPTY__ANY_MANY__STRING_1__ANY_MANY	FAMILY	NativeFn.Verdict	LambdaBodies;PlatformTypes
meta::pure::functions::asserts::assertEmpty	(collection:meta::pure::metamodel::type::Any[*], message:meta::pure::metamodel::function::Function<{->meta::pure::metamodel::type::String[1]}>[1]):meta::pure::metamodel::type::Boolean[1]	ASSERT_EMPTY__ANY_MANY__FN_1	FAMILY	NativeFn.Verdict	LambdaBodies;PlatformTypes
meta::pure::functions::asserts::assertEmpty	(collection:meta::pure::metamodel::type::Any[*], message:meta::pure::metamodel::type::String[1]):meta::pure::metamodel::type::Boolean[1]	ASSERT_EMPTY__ANY_MANY__STRING_1	FAMILY	NativeFn.Verdict	LambdaBodies;PlatformTypes
meta::pure::functions::asserts::assertEq	(expected:meta::pure::metamodel::type::Any[1], actual:meta::pure::metamodel::type::Any[1]):meta::pure::metamodel::type::Boolean[1]	ASSERT_EQ__ANY_1__ANY_1	FAMILY	NativeFn.Verdict	PlatformTypes
meta::pure::functions::asserts::assertEq	(expected:meta::pure::metamodel::type::Any[1], actual:meta::pure::metamodel::type::Any[1], formatString:meta::pure::metamodel::type::String[1], formatArgs:meta::pure::metamodel::type::Any[*]):meta::pure::metamodel::type::Boolean[1]	ASSERT_EQ__ANY_1__ANY_1__STRING_1__ANY_MANY	FAMILY	NativeFn.Verdict	PlatformTypes
meta::pure::functions::asserts::assertEq	(expected:meta::pure::metamodel::type::Any[1], actual:meta::pure::metamodel::type::Any[1], message:meta::pure::metamodel::function::Function<{->meta::pure::metamodel::type::String[1]}>[1]):meta::pure::metamodel::type::Boolean[1]	ASSERT_EQ__ANY_1__ANY_1__FN_1	FAMILY	NativeFn.Verdict	PlatformTypes
meta::pure::functions::asserts::assertEq	(expected:meta::pure::metamodel::type::Any[1], actual:meta::pure::metamodel::type::Any[1], message:meta::pure::metamodel::type::String[1]):meta::pure::metamodel::type::Boolean[1]	ASSERT_EQ__ANY_1__ANY_1__STRING_1	FAMILY	NativeFn.Verdict	PlatformTypes
meta::pure::functions::asserts::assertEqWithinTolerance	(expected:meta::pure::metamodel::type::Number[1], actual:meta::pure::metamodel::type::Number[1], delta:meta::pure::metamodel::type::Number[1]):meta::pure::metamodel::type::Boolean[1]	ASSERT_EQ_WITHIN_TOLERANCE__NUMBER_1__NUMBER_1__NUMBER_1	FAMILY	NativeFn.Verdict	PlatformTypes;VerdictQueries
meta::pure::functions::asserts::assertEqWithinTolerance	(expected:meta::pure::metamodel::type::Number[1], actual:meta::pure::metamodel::type::Number[1], delta:meta::pure::metamodel::type::Number[1], formatString:meta::pure::metamodel::type::String[1], formatArgs:meta::pure::metamodel::type::Any[*]):meta::pure::metamodel::type::Boolean[1]	ASSERT_EQ_WITHIN_TOLERANCE__N_1__N_1__N_1__STRING_1__ANY_MANY	FAMILY	NativeFn.Verdict	PlatformTypes;VerdictQueries
meta::pure::functions::asserts::assertEqWithinTolerance	(expected:meta::pure::metamodel::type::Number[1], actual:meta::pure::metamodel::type::Number[1], delta:meta::pure::metamodel::type::Number[1], message:meta::pure::metamodel::function::Function<{->meta::pure::metamodel::type::String[1]}>[1]):meta::pure::metamodel::type::Boolean[1]	ASSERT_EQ_WITHIN_TOLERANCE__N_1__N_1__N_1__FN_1	FAMILY	NativeFn.Verdict	PlatformTypes;VerdictQueries
meta::pure::functions::asserts::assertEqWithinTolerance	(expected:meta::pure::metamodel::type::Number[1], actual:meta::pure::metamodel::type::Number[1], delta:meta::pure::metamodel::type::Number[1], message:meta::pure::metamodel::type::String[1]):meta::pure::metamodel::type::Boolean[1]	ASSERT_EQ_WITHIN_TOLERANCE__N_1__N_1__N_1__STRING_1	FAMILY	NativeFn.Verdict	PlatformTypes;VerdictQueries
meta::pure::functions::asserts::assertEquals	(expected:meta::pure::metamodel::type::Any[*], actual:meta::pure::metamodel::type::Any[*]):meta::pure::metamodel::type::Boolean[1]	ASSERT_EQUALS__ANY_MANY__ANY_MANY	FAMILY	NativeFn.Verdict	LambdaBodies;LineageTreeVerdicts;PlatformTypes
meta::pure::functions::asserts::assertEquals	(expected:meta::pure::metamodel::type::Any[*], actual:meta::pure::metamodel::type::Any[*], formatString:meta::pure::metamodel::type::String[1], formatArgs:meta::pure::metamodel::type::Any[*]):meta::pure::metamodel::type::Boolean[1]	ASSERT_EQUALS__ANY_MANY__ANY_MANY__STRING_1__ANY_MANY	FAMILY	NativeFn.Verdict	LambdaBodies;LineageTreeVerdicts;PlatformTypes
meta::pure::functions::asserts::assertEquals	(expected:meta::pure::metamodel::type::Any[*], actual:meta::pure::metamodel::type::Any[*], message:meta::pure::metamodel::function::Function<{->meta::pure::metamodel::type::String[1]}>[1]):meta::pure::metamodel::type::Boolean[1]	ASSERT_EQUALS__ANY_MANY__ANY_MANY__FN_1	FAMILY	NativeFn.Verdict	LambdaBodies;LineageTreeVerdicts;PlatformTypes
meta::pure::functions::asserts::assertEquals	(expected:meta::pure::metamodel::type::Any[*], actual:meta::pure::metamodel::type::Any[*], message:meta::pure::metamodel::type::String[1]):meta::pure::metamodel::type::Boolean[1]	ASSERT_EQUALS__ANY_MANY__ANY_MANY__STRING_1	FAMILY	NativeFn.Verdict	LambdaBodies;LineageTreeVerdicts;PlatformTypes
meta::pure::functions::asserts::assertError	(f:meta::pure::metamodel::function::Function<{->meta::pure::metamodel::type::Any[*]}>[1], errorMessageMatcher:meta::pure::metamodel::function::Function<{meta::pure::metamodel::type::String[1],meta::pure::functions::meta::SourceInformation[0..1]->meta::pure::metamodel::type::Any[*]}>[1]):meta::pure::metamodel::type::Boolean[1]	ASSERT_ERROR__MATCHER	FAMILY	NativeFn.ContextOwner	PlatformTypes
meta::pure::functions::asserts::assertError	(f:meta::pure::metamodel::function::Function<{->meta::pure::metamodel::type::Any[*]}>[1], message:meta::pure::metamodel::type::String[1]):meta::pure::metamodel::type::Boolean[1]	ASSERT_ERROR__FN_1__STRING_1	FAMILY	NativeFn.ContextOwner	PlatformTypes
meta::pure::functions::asserts::assertError	(f:meta::pure::metamodel::function::Function<{->meta::pure::metamodel::type::Any[*]}>[1], message:meta::pure::metamodel::type::String[1], line:meta::pure::metamodel::type::Integer[0..1], column:meta::pure::metamodel::type::Integer[0..1]):meta::pure::metamodel::type::Boolean[1]	ASSERT_ERROR__FN_1__STRING_1__INTEGER_01__INTEGER_01	FAMILY	NativeFn.ContextOwner	PlatformTypes
meta::pure::functions::asserts::assertFalse	(condition:meta::pure::metamodel::type::Boolean[1]):meta::pure::metamodel::type::Boolean[1]	ASSERT_FALSE__BOOLEAN_1	FAMILY	NativeFn.Verdict	LambdaBodies;PlatformTypes
meta::pure::functions::asserts::assertFalse	(condition:meta::pure::metamodel::type::Boolean[1], formatString:meta::pure::metamodel::type::String[1], formatArgs:meta::pure::metamodel::type::Any[*]):meta::pure::metamodel::type::Boolean[1]	ASSERT_FALSE__BOOLEAN_1__STRING_1__ANY_MANY	FAMILY	NativeFn.Verdict	LambdaBodies;PlatformTypes
meta::pure::functions::asserts::assertFalse	(condition:meta::pure::metamodel::type::Boolean[1], message:meta::pure::metamodel::function::Function<{->meta::pure::metamodel::type::String[1]}>[1]):meta::pure::metamodel::type::Boolean[1]	ASSERT_FALSE__BOOLEAN_1__FN_1	FAMILY	NativeFn.Verdict	LambdaBodies;PlatformTypes
meta::pure::functions::asserts::assertFalse	(condition:meta::pure::metamodel::type::Boolean[1], message:meta::pure::metamodel::type::String[1]):meta::pure::metamodel::type::Boolean[1]	ASSERT_FALSE__BOOLEAN_1__STRING_1	FAMILY	NativeFn.Verdict	LambdaBodies;PlatformTypes
meta::pure::functions::asserts::assertInstanceOf	(instance:meta::pure::metamodel::type::Any[1], type:meta::pure::metamodel::type::Type[1]):meta::pure::metamodel::type::Boolean[1]	ASSERT_INSTANCE_OF__ANY_1__TYPE_1	FAMILY	NativeFn.Verdict	PlatformTypes
meta::pure::functions::asserts::assertInstanceOf	(instance:meta::pure::metamodel::type::Any[1], type:meta::pure::metamodel::type::Type[1], formatString:meta::pure::metamodel::type::String[1], formatArgs:meta::pure::metamodel::type::Any[*]):meta::pure::metamodel::type::Boolean[1]	ASSERT_INSTANCE_OF__ANY_1__TYPE_1__STRING_1__ANY_MANY	FAMILY	NativeFn.Verdict	PlatformTypes
meta::pure::functions::asserts::assertInstanceOf	(instance:meta::pure::metamodel::type::Any[1], type:meta::pure::metamodel::type::Type[1], message:meta::pure::metamodel::function::Function<{->meta::pure::metamodel::type::String[1]}>[1]):meta::pure::metamodel::type::Boolean[1]	ASSERT_INSTANCE_OF__ANY_1__TYPE_1__FN_1	FAMILY	NativeFn.Verdict	PlatformTypes
meta::pure::functions::asserts::assertInstanceOf	(instance:meta::pure::metamodel::type::Any[1], type:meta::pure::metamodel::type::Type[1], message:meta::pure::metamodel::type::String[1]):meta::pure::metamodel::type::Boolean[1]	ASSERT_INSTANCE_OF__ANY_1__TYPE_1__STRING_1	FAMILY	NativeFn.Verdict	PlatformTypes
meta::pure::functions::asserts::assertIs	(expected:meta::pure::metamodel::type::Any[1], actual:meta::pure::metamodel::type::Any[1]):meta::pure::metamodel::type::Boolean[1]	ASSERT_IS__ANY_1__ANY_1	FAMILY	NativeFn.Verdict	PlatformTypes
meta::pure::functions::asserts::assertIs	(expected:meta::pure::metamodel::type::Any[1], actual:meta::pure::metamodel::type::Any[1], formatString:meta::pure::metamodel::type::String[1], formatArgs:meta::pure::metamodel::type::Any[*]):meta::pure::metamodel::type::Boolean[1]	ASSERT_IS__ANY_1__ANY_1__STRING_1__ANY_MANY	FAMILY	NativeFn.Verdict	PlatformTypes
meta::pure::functions::asserts::assertIs	(expected:meta::pure::metamodel::type::Any[1], actual:meta::pure::metamodel::type::Any[1], message:meta::pure::metamodel::function::Function<{->meta::pure::metamodel::type::String[1]}>[1]):meta::pure::metamodel::type::Boolean[1]	ASSERT_IS__ANY_1__ANY_1__FN_1	FAMILY	NativeFn.Verdict	PlatformTypes
meta::pure::functions::asserts::assertIs	(expected:meta::pure::metamodel::type::Any[1], actual:meta::pure::metamodel::type::Any[1], message:meta::pure::metamodel::type::String[1]):meta::pure::metamodel::type::Boolean[1]	ASSERT_IS__ANY_1__ANY_1__STRING_1	FAMILY	NativeFn.Verdict	PlatformTypes
meta::pure::functions::asserts::assertJsonStringsEqual	(expected:meta::pure::metamodel::type::String[1], actual:meta::pure::metamodel::type::String[1]):meta::pure::metamodel::type::Boolean[1]	ASSERT_JSON_STRINGS_EQUAL__STRING_1__STRING_1	FAMILY	NativeFn.Verdict	PlatformTypes
meta::pure::functions::asserts::assertNotEmpty	(collection:meta::pure::metamodel::type::Any[*]):meta::pure::metamodel::type::Boolean[1]	ASSERT_NOT_EMPTY__ANY_MANY	FAMILY	NativeFn.Verdict	LambdaBodies;PlatformTypes
meta::pure::functions::asserts::assertNotEmpty	(collection:meta::pure::metamodel::type::Any[*], formatString:meta::pure::metamodel::type::String[1], formatArgs:meta::pure::metamodel::type::Any[*]):meta::pure::metamodel::type::Boolean[1]	ASSERT_NOT_EMPTY__ANY_MANY__STRING_1__ANY_MANY	FAMILY	NativeFn.Verdict	LambdaBodies;PlatformTypes
meta::pure::functions::asserts::assertNotEmpty	(collection:meta::pure::metamodel::type::Any[*], message:meta::pure::metamodel::function::Function<{->meta::pure::metamodel::type::String[1]}>[1]):meta::pure::metamodel::type::Boolean[1]	ASSERT_NOT_EMPTY__ANY_MANY__FN_1	FAMILY	NativeFn.Verdict	LambdaBodies;PlatformTypes
meta::pure::functions::asserts::assertNotEmpty	(collection:meta::pure::metamodel::type::Any[*], message:meta::pure::metamodel::type::String[1]):meta::pure::metamodel::type::Boolean[1]	ASSERT_NOT_EMPTY__ANY_MANY__STRING_1	FAMILY	NativeFn.Verdict	LambdaBodies;PlatformTypes
meta::pure::functions::asserts::assertNotEquals	(notExpected:meta::pure::metamodel::type::Any[*], actual:meta::pure::metamodel::type::Any[*]):meta::pure::metamodel::type::Boolean[1]	ASSERT_NOT_EQUALS__ANY_MANY__ANY_MANY	FAMILY	NativeFn.Verdict	LambdaBodies;PlatformTypes
meta::pure::functions::asserts::assertNotEquals	(notExpected:meta::pure::metamodel::type::Any[*], actual:meta::pure::metamodel::type::Any[*], formatString:meta::pure::metamodel::type::String[1], formatArgs:meta::pure::metamodel::type::Any[*]):meta::pure::metamodel::type::Boolean[1]	ASSERT_NOT_EQUALS__ANY_MANY__ANY_MANY__STRING_1__ANY_MANY	FAMILY	NativeFn.Verdict	LambdaBodies;PlatformTypes
meta::pure::functions::asserts::assertNotEquals	(notExpected:meta::pure::metamodel::type::Any[*], actual:meta::pure::metamodel::type::Any[*], message:meta::pure::metamodel::function::Function<{->meta::pure::metamodel::type::String[1]}>[1]):meta::pure::metamodel::type::Boolean[1]	ASSERT_NOT_EQUALS__ANY_MANY__ANY_MANY__FN_1	FAMILY	NativeFn.Verdict	LambdaBodies;PlatformTypes
meta::pure::functions::asserts::assertNotEquals	(notExpected:meta::pure::metamodel::type::Any[*], actual:meta::pure::metamodel::type::Any[*], message:meta::pure::metamodel::type::String[1]):meta::pure::metamodel::type::Boolean[1]	ASSERT_NOT_EQUALS__ANY_MANY__ANY_MANY__STRING_1	FAMILY	NativeFn.Verdict	LambdaBodies;PlatformTypes
meta::pure::functions::asserts::assertSameElements	(expected:meta::pure::metamodel::type::Any[*], actual:meta::pure::metamodel::type::Any[*]):meta::pure::metamodel::type::Boolean[1]	ASSERT_SAME_ELEMENTS__ANY_MANY__ANY_MANY	FAMILY	NativeFn.Verdict	PlatformTypes
meta::pure::functions::asserts::assertSameElements	(expected:meta::pure::metamodel::type::Any[*], actual:meta::pure::metamodel::type::Any[*], formatString:meta::pure::metamodel::type::String[1], formatArgs:meta::pure::metamodel::type::Any[*]):meta::pure::metamodel::type::Boolean[1]	ASSERT_SAME_ELEMENTS__ANY_MANY__ANY_MANY__STRING_1__ANY_MANY	FAMILY	NativeFn.Verdict	PlatformTypes
meta::pure::functions::asserts::assertSameElements	(expected:meta::pure::metamodel::type::Any[*], actual:meta::pure::metamodel::type::Any[*], message:meta::pure::metamodel::function::Function<{->meta::pure::metamodel::type::String[1]}>[1]):meta::pure::metamodel::type::Boolean[1]	ASSERT_SAME_ELEMENTS__ANY_MANY__ANY_MANY__FN_1	FAMILY	NativeFn.Verdict	PlatformTypes
meta::pure::functions::asserts::assertSameElements	(expected:meta::pure::metamodel::type::Any[*], actual:meta::pure::metamodel::type::Any[*], message:meta::pure::metamodel::type::String[1]):meta::pure::metamodel::type::Boolean[1]	ASSERT_SAME_ELEMENTS__ANY_MANY__ANY_MANY__STRING_1	FAMILY	NativeFn.Verdict	PlatformTypes
meta::pure::functions::asserts::assertSize	(collection:meta::pure::metamodel::type::Any[*], size:meta::pure::metamodel::type::Integer[1]):meta::pure::metamodel::type::Boolean[1]	ASSERT_SIZE__ANY_MANY__INTEGER_1	FAMILY	NativeFn.Verdict	PlatformTypes
meta::pure::functions::asserts::assertSize	(collection:meta::pure::metamodel::type::Any[*], size:meta::pure::metamodel::type::Integer[1], formatString:meta::pure::metamodel::type::String[1], formatArgs:meta::pure::metamodel::type::Any[*]):meta::pure::metamodel::type::Boolean[1]	ASSERT_SIZE__ANY_MANY__INTEGER_1__STRING_1__ANY_MANY	FAMILY	NativeFn.Verdict	PlatformTypes
meta::pure::functions::asserts::assertSize	(collection:meta::pure::metamodel::type::Any[*], size:meta::pure::metamodel::type::Integer[1], message:meta::pure::metamodel::function::Function<{->meta::pure::metamodel::type::String[1]}>[1]):meta::pure::metamodel::type::Boolean[1]	ASSERT_SIZE__ANY_MANY__INTEGER_1__FN_1	FAMILY	NativeFn.Verdict	PlatformTypes
meta::pure::functions::asserts::assertSize	(collection:meta::pure::metamodel::type::Any[*], size:meta::pure::metamodel::type::Integer[1], message:meta::pure::metamodel::type::String[1]):meta::pure::metamodel::type::Boolean[1]	ASSERT_SIZE__ANY_MANY__INTEGER_1__STRING_1	FAMILY	NativeFn.Verdict	PlatformTypes
meta::pure::functions::asserts::fail	():meta::pure::metamodel::type::Boolean[1]	FAIL	SCALAR_RULE	Scalars.RULES	Callees;IfChecker;LambdaBodies;MatchChecker
meta::pure::functions::asserts::fail	(message:meta::pure::metamodel::type::String[1]):meta::pure::metamodel::type::Boolean[1]	FAIL__STRING_1	SCALAR_RULE	Scalars.RULES	Callees;IfChecker;LambdaBodies;MatchChecker
meta::pure::functions::boolean::and	(first:meta::pure::metamodel::type::Boolean[1], second:meta::pure::metamodel::type::Boolean[1]):meta::pure::metamodel::type::Boolean[1]	AND__BOOLEAN_1__BOOLEAN_1	SCALAR_RULE	Scalars.RULES	AssociationJoins;Callees;ClassSources;CorrelatedSubselects;GraphEmission;NormalizeFolds;PlatformTypes;SyntheticHeads;TemporalFrame
meta::pure::functions::boolean::between	(value:meta::pure::metamodel::type::Date[0..1], lower:meta::pure::metamodel::type::Date[0..1], upper:meta::pure::metamodel::type::Date[0..1]):meta::pure::metamodel::type::Boolean[1]	BETWEEN__DATE	SCALAR_RULE	Scalars.RULES	
meta::pure::functions::boolean::between	(value:meta::pure::metamodel::type::Number[0..1], lower:meta::pure::metamodel::type::Number[0..1], upper:meta::pure::metamodel::type::Number[0..1]):meta::pure::metamodel::type::Boolean[1]	BETWEEN__NUMBER	SCALAR_RULE	Scalars.RULES	
meta::pure::functions::boolean::between	(value:meta::pure::metamodel::type::String[0..1], lower:meta::pure::metamodel::type::String[0..1], upper:meta::pure::metamodel::type::String[0..1]):meta::pure::metamodel::type::Boolean[1]	BETWEEN__STRING	SCALAR_RULE	Scalars.RULES	
meta::pure::functions::boolean::eq	(left:meta::pure::metamodel::type::Any[1], right:meta::pure::metamodel::type::Any[1]):meta::pure::metamodel::type::Boolean[1]	EQ__ANY_1__ANY_1	SCALAR_RULE	Scalars.RULES	InstanceEquality;LiteralFolds;NormalizeFolds;Scalars;StoreResolver;VerdictQueries
meta::pure::functions::boolean::equal	(left:meta::pure::metamodel::type::Any[*], right:meta::pure::metamodel::type::Any[*]):meta::pure::metamodel::type::Boolean[1]	EQUAL__ANY_MANY__ANY_MANY	SCALAR_RULE	Scalars.RULES	AggAwareActivities;AssociationJoins;Callees;ClassSources;CorrelatedSubselects;GraphEmission;InstanceEquality;JsonChecker;LiteralFolds;NormalizeFolds;Scalars;StoreResolver;SyntheticHeads;TemporalFrame;VerdictQueries
meta::pure::functions::boolean::greaterThan	(left:meta::pure::metamodel::type::Boolean[0..1], right:meta::pure::metamodel::type::Boolean[0..1]):meta::pure::metamodel::type::Boolean[1]	GREATER_THAN__BOOLEAN_0_1__BOOLEAN_0_1	SCALAR_RULE	Scalars.RULES	TemporalFrame
meta::pure::functions::boolean::greaterThan	(left:meta::pure::metamodel::type::Date[0..1], right:meta::pure::metamodel::type::Date[0..1]):meta::pure::metamodel::type::Boolean[1]	GREATER_THAN__DATE_0_1__DATE_0_1	SCALAR_RULE	Scalars.RULES	TemporalFrame
meta::pure::functions::boolean::greaterThan	(left:meta::pure::metamodel::type::Date[0..1], right:meta::pure::metamodel::type::Date[1]):meta::pure::metamodel::type::Boolean[1]	GREATER_THAN__DATE_0_1__DATE_1	SCALAR_RULE	Scalars.RULES	TemporalFrame
meta::pure::functions::boolean::greaterThan	(left:meta::pure::metamodel::type::Date[1], right:meta::pure::metamodel::type::Date[0..1]):meta::pure::metamodel::type::Boolean[1]	GREATER_THAN__DATE_1__DATE_0_1	SCALAR_RULE	Scalars.RULES	TemporalFrame
meta::pure::functions::boolean::greaterThan	(left:meta::pure::metamodel::type::Date[1], right:meta::pure::metamodel::type::Date[1]):meta::pure::metamodel::type::Boolean[1]	GREATER_THAN__DATE_1__DATE_1	SCALAR_RULE	Scalars.RULES	TemporalFrame
meta::pure::functions::boolean::greaterThan	(left:meta::pure::metamodel::type::Number[0..1], right:meta::pure::metamodel::type::Number[0..1]):meta::pure::metamodel::type::Boolean[1]	GREATER_THAN__NUMBER_0_1__NUMBER_0_1	SCALAR_RULE	Scalars.RULES	TemporalFrame
meta::pure::functions::boolean::greaterThan	(left:meta::pure::metamodel::type::Number[0..1], right:meta::pure::metamodel::type::Number[1]):meta::pure::metamodel::type::Boolean[1]	GREATER_THAN__NUMBER_0_1__NUMBER_1	SCALAR_RULE	Scalars.RULES	TemporalFrame
meta::pure::functions::boolean::greaterThan	(left:meta::pure::metamodel::type::Number[1], right:meta::pure::metamodel::type::Number[0..1]):meta::pure::metamodel::type::Boolean[1]	GREATER_THAN__NUMBER_1__NUMBER_0_1	SCALAR_RULE	Scalars.RULES	TemporalFrame
meta::pure::functions::boolean::greaterThan	(left:meta::pure::metamodel::type::Number[1], right:meta::pure::metamodel::type::Number[1]):meta::pure::metamodel::type::Boolean[1]	GREATER_THAN__NUMBER_1__NUMBER_1	SCALAR_RULE	Scalars.RULES	TemporalFrame
meta::pure::functions::boolean::greaterThan	(left:meta::pure::metamodel::type::String[0..1], right:meta::pure::metamodel::type::String[0..1]):meta::pure::metamodel::type::Boolean[1]	GREATER_THAN__STRING_0_1__STRING_0_1	SCALAR_RULE	Scalars.RULES	TemporalFrame
meta::pure::functions::boolean::greaterThan	(left:meta::pure::metamodel::type::String[0..1], right:meta::pure::metamodel::type::String[1]):meta::pure::metamodel::type::Boolean[1]	GREATER_THAN__STRING_0_1__STRING_1	SCALAR_RULE	Scalars.RULES	TemporalFrame
meta::pure::functions::boolean::greaterThan	(left:meta::pure::metamodel::type::String[1], right:meta::pure::metamodel::type::String[0..1]):meta::pure::metamodel::type::Boolean[1]	GREATER_THAN__STRING_1__STRING_0_1	SCALAR_RULE	Scalars.RULES	TemporalFrame
meta::pure::functions::boolean::greaterThan	(left:meta::pure::metamodel::type::String[1], right:meta::pure::metamodel::type::String[1]):meta::pure::metamodel::type::Boolean[1]	GREATER_THAN__STRING_1__STRING_1	SCALAR_RULE	Scalars.RULES	TemporalFrame
meta::pure::functions::boolean::greaterThanEqual	(left:meta::pure::metamodel::type::Boolean[0..1], right:meta::pure::metamodel::type::Boolean[0..1]):meta::pure::metamodel::type::Boolean[1]	GREATER_THAN_EQUAL__BOOLEAN_0_1__BOOLEAN_0_1	SCALAR_RULE	Scalars.RULES	TemporalFrame
meta::pure::functions::boolean::greaterThanEqual	(left:meta::pure::metamodel::type::Date[0..1], right:meta::pure::metamodel::type::Date[0..1]):meta::pure::metamodel::type::Boolean[1]	GREATER_THAN_EQUAL__DATE_0_1__DATE_0_1	SCALAR_RULE	Scalars.RULES	TemporalFrame
meta::pure::functions::boolean::greaterThanEqual	(left:meta::pure::metamodel::type::Date[0..1], right:meta::pure::metamodel::type::Date[1]):meta::pure::metamodel::type::Boolean[1]	GREATER_THAN_EQUAL__DATE_0_1__DATE_1	SCALAR_RULE	Scalars.RULES	TemporalFrame
meta::pure::functions::boolean::greaterThanEqual	(left:meta::pure::metamodel::type::Date[1], right:meta::pure::metamodel::type::Date[0..1]):meta::pure::metamodel::type::Boolean[1]	GREATER_THAN_EQUAL__DATE_1__DATE_0_1	SCALAR_RULE	Scalars.RULES	TemporalFrame
meta::pure::functions::boolean::greaterThanEqual	(left:meta::pure::metamodel::type::Date[1], right:meta::pure::metamodel::type::Date[1]):meta::pure::metamodel::type::Boolean[1]	GREATER_THAN_EQUAL__DATE_1__DATE_1	SCALAR_RULE	Scalars.RULES	TemporalFrame
meta::pure::functions::boolean::greaterThanEqual	(left:meta::pure::metamodel::type::Number[0..1], right:meta::pure::metamodel::type::Number[0..1]):meta::pure::metamodel::type::Boolean[1]	GREATER_THAN_EQUAL__NUMBER_0_1__NUMBER_0_1	SCALAR_RULE	Scalars.RULES	TemporalFrame
meta::pure::functions::boolean::greaterThanEqual	(left:meta::pure::metamodel::type::Number[0..1], right:meta::pure::metamodel::type::Number[1]):meta::pure::metamodel::type::Boolean[1]	GREATER_THAN_EQUAL__NUMBER_0_1__NUMBER_1	SCALAR_RULE	Scalars.RULES	TemporalFrame
meta::pure::functions::boolean::greaterThanEqual	(left:meta::pure::metamodel::type::Number[1], right:meta::pure::metamodel::type::Number[0..1]):meta::pure::metamodel::type::Boolean[1]	GREATER_THAN_EQUAL__NUMBER_1__NUMBER_0_1	SCALAR_RULE	Scalars.RULES	TemporalFrame
meta::pure::functions::boolean::greaterThanEqual	(left:meta::pure::metamodel::type::Number[1], right:meta::pure::metamodel::type::Number[1]):meta::pure::metamodel::type::Boolean[1]	GREATER_THAN_EQUAL__NUMBER_1__NUMBER_1	SCALAR_RULE	Scalars.RULES	TemporalFrame
meta::pure::functions::boolean::greaterThanEqual	(left:meta::pure::metamodel::type::String[0..1], right:meta::pure::metamodel::type::String[0..1]):meta::pure::metamodel::type::Boolean[1]	GREATER_THAN_EQUAL__STRING_0_1__STRING_0_1	SCALAR_RULE	Scalars.RULES	TemporalFrame
meta::pure::functions::boolean::greaterThanEqual	(left:meta::pure::metamodel::type::String[0..1], right:meta::pure::metamodel::type::String[1]):meta::pure::metamodel::type::Boolean[1]	GREATER_THAN_EQUAL__STRING_0_1__STRING_1	SCALAR_RULE	Scalars.RULES	TemporalFrame
meta::pure::functions::boolean::greaterThanEqual	(left:meta::pure::metamodel::type::String[1], right:meta::pure::metamodel::type::String[0..1]):meta::pure::metamodel::type::Boolean[1]	GREATER_THAN_EQUAL__STRING_1__STRING_0_1	SCALAR_RULE	Scalars.RULES	TemporalFrame
meta::pure::functions::boolean::greaterThanEqual	(left:meta::pure::metamodel::type::String[1], right:meta::pure::metamodel::type::String[1]):meta::pure::metamodel::type::Boolean[1]	GREATER_THAN_EQUAL__STRING_1__STRING_1	SCALAR_RULE	Scalars.RULES	TemporalFrame
meta::pure::functions::boolean::isTrue	(value:meta::pure::metamodel::type::Boolean[0..1]):meta::pure::metamodel::type::Boolean[1]	IS_TRUE__BOOLEAN_01	SCALAR_RULE	Scalars.RULES	
meta::pure::functions::boolean::lessThan	(left:meta::pure::metamodel::type::Boolean[0..1], right:meta::pure::metamodel::type::Boolean[0..1]):meta::pure::metamodel::type::Boolean[1]	LESS_THAN__BOOLEAN_0_1__BOOLEAN_0_1	SCALAR_RULE	Scalars.RULES	TemporalFrame
meta::pure::functions::boolean::lessThan	(left:meta::pure::metamodel::type::Date[0..1], right:meta::pure::metamodel::type::Date[0..1]):meta::pure::metamodel::type::Boolean[1]	LESS_THAN__DATE_0_1__DATE_0_1	SCALAR_RULE	Scalars.RULES	TemporalFrame
meta::pure::functions::boolean::lessThan	(left:meta::pure::metamodel::type::Date[0..1], right:meta::pure::metamodel::type::Date[1]):meta::pure::metamodel::type::Boolean[1]	LESS_THAN__DATE_0_1__DATE_1	SCALAR_RULE	Scalars.RULES	TemporalFrame
meta::pure::functions::boolean::lessThan	(left:meta::pure::metamodel::type::Date[1], right:meta::pure::metamodel::type::Date[0..1]):meta::pure::metamodel::type::Boolean[1]	LESS_THAN__DATE_1__DATE_0_1	SCALAR_RULE	Scalars.RULES	TemporalFrame
meta::pure::functions::boolean::lessThan	(left:meta::pure::metamodel::type::Date[1], right:meta::pure::metamodel::type::Date[1]):meta::pure::metamodel::type::Boolean[1]	LESS_THAN__DATE_1__DATE_1	SCALAR_RULE	Scalars.RULES	TemporalFrame
meta::pure::functions::boolean::lessThan	(left:meta::pure::metamodel::type::Number[0..1], right:meta::pure::metamodel::type::Number[0..1]):meta::pure::metamodel::type::Boolean[1]	LESS_THAN__NUMBER_0_1__NUMBER_0_1	SCALAR_RULE	Scalars.RULES	TemporalFrame
meta::pure::functions::boolean::lessThan	(left:meta::pure::metamodel::type::Number[0..1], right:meta::pure::metamodel::type::Number[1]):meta::pure::metamodel::type::Boolean[1]	LESS_THAN__NUMBER_0_1__NUMBER_1	SCALAR_RULE	Scalars.RULES	TemporalFrame
meta::pure::functions::boolean::lessThan	(left:meta::pure::metamodel::type::Number[1], right:meta::pure::metamodel::type::Number[0..1]):meta::pure::metamodel::type::Boolean[1]	LESS_THAN__NUMBER_1__NUMBER_0_1	SCALAR_RULE	Scalars.RULES	TemporalFrame
meta::pure::functions::boolean::lessThan	(left:meta::pure::metamodel::type::Number[1], right:meta::pure::metamodel::type::Number[1]):meta::pure::metamodel::type::Boolean[1]	LESS_THAN__NUMBER_1__NUMBER_1	SCALAR_RULE	Scalars.RULES	TemporalFrame
meta::pure::functions::boolean::lessThan	(left:meta::pure::metamodel::type::String[0..1], right:meta::pure::metamodel::type::String[0..1]):meta::pure::metamodel::type::Boolean[1]	LESS_THAN__STRING_0_1__STRING_0_1	SCALAR_RULE	Scalars.RULES	TemporalFrame
meta::pure::functions::boolean::lessThan	(left:meta::pure::metamodel::type::String[0..1], right:meta::pure::metamodel::type::String[1]):meta::pure::metamodel::type::Boolean[1]	LESS_THAN__STRING_0_1__STRING_1	SCALAR_RULE	Scalars.RULES	TemporalFrame
meta::pure::functions::boolean::lessThan	(left:meta::pure::metamodel::type::String[1], right:meta::pure::metamodel::type::String[0..1]):meta::pure::metamodel::type::Boolean[1]	LESS_THAN__STRING_1__STRING_0_1	SCALAR_RULE	Scalars.RULES	TemporalFrame
meta::pure::functions::boolean::lessThan	(left:meta::pure::metamodel::type::String[1], right:meta::pure::metamodel::type::String[1]):meta::pure::metamodel::type::Boolean[1]	LESS_THAN__STRING_1__STRING_1	SCALAR_RULE	Scalars.RULES	TemporalFrame
meta::pure::functions::boolean::lessThanEqual	(left:meta::pure::metamodel::type::Boolean[0..1], right:meta::pure::metamodel::type::Boolean[0..1]):meta::pure::metamodel::type::Boolean[1]	LESS_THAN_EQUAL__BOOLEAN_0_1__BOOLEAN_0_1	SCALAR_RULE	Scalars.RULES	TemporalFrame
meta::pure::functions::boolean::lessThanEqual	(left:meta::pure::metamodel::type::Date[0..1], right:meta::pure::metamodel::type::Date[0..1]):meta::pure::metamodel::type::Boolean[1]	LESS_THAN_EQUAL__DATE_0_1__DATE_0_1	SCALAR_RULE	Scalars.RULES	TemporalFrame
meta::pure::functions::boolean::lessThanEqual	(left:meta::pure::metamodel::type::Date[0..1], right:meta::pure::metamodel::type::Date[1]):meta::pure::metamodel::type::Boolean[1]	LESS_THAN_EQUAL__DATE_0_1__DATE_1	SCALAR_RULE	Scalars.RULES	TemporalFrame
meta::pure::functions::boolean::lessThanEqual	(left:meta::pure::metamodel::type::Date[1], right:meta::pure::metamodel::type::Date[0..1]):meta::pure::metamodel::type::Boolean[1]	LESS_THAN_EQUAL__DATE_1__DATE_0_1	SCALAR_RULE	Scalars.RULES	TemporalFrame
meta::pure::functions::boolean::lessThanEqual	(left:meta::pure::metamodel::type::Date[1], right:meta::pure::metamodel::type::Date[1]):meta::pure::metamodel::type::Boolean[1]	LESS_THAN_EQUAL__DATE_1__DATE_1	SCALAR_RULE	Scalars.RULES	TemporalFrame
meta::pure::functions::boolean::lessThanEqual	(left:meta::pure::metamodel::type::Number[0..1], right:meta::pure::metamodel::type::Number[0..1]):meta::pure::metamodel::type::Boolean[1]	LESS_THAN_EQUAL__NUMBER_0_1__NUMBER_0_1	SCALAR_RULE	Scalars.RULES	TemporalFrame
meta::pure::functions::boolean::lessThanEqual	(left:meta::pure::metamodel::type::Number[0..1], right:meta::pure::metamodel::type::Number[1]):meta::pure::metamodel::type::Boolean[1]	LESS_THAN_EQUAL__NUMBER_0_1__NUMBER_1	SCALAR_RULE	Scalars.RULES	TemporalFrame
meta::pure::functions::boolean::lessThanEqual	(left:meta::pure::metamodel::type::Number[1], right:meta::pure::metamodel::type::Number[0..1]):meta::pure::metamodel::type::Boolean[1]	LESS_THAN_EQUAL__NUMBER_1__NUMBER_0_1	SCALAR_RULE	Scalars.RULES	TemporalFrame
meta::pure::functions::boolean::lessThanEqual	(left:meta::pure::metamodel::type::Number[1], right:meta::pure::metamodel::type::Number[1]):meta::pure::metamodel::type::Boolean[1]	LESS_THAN_EQUAL__NUMBER_1__NUMBER_1	SCALAR_RULE	Scalars.RULES	TemporalFrame
meta::pure::functions::boolean::lessThanEqual	(left:meta::pure::metamodel::type::String[0..1], right:meta::pure::metamodel::type::String[0..1]):meta::pure::metamodel::type::Boolean[1]	LESS_THAN_EQUAL__STRING_0_1__STRING_0_1	SCALAR_RULE	Scalars.RULES	TemporalFrame
meta::pure::functions::boolean::lessThanEqual	(left:meta::pure::metamodel::type::String[0..1], right:meta::pure::metamodel::type::String[1]):meta::pure::metamodel::type::Boolean[1]	LESS_THAN_EQUAL__STRING_0_1__STRING_1	SCALAR_RULE	Scalars.RULES	TemporalFrame
meta::pure::functions::boolean::lessThanEqual	(left:meta::pure::metamodel::type::String[1], right:meta::pure::metamodel::type::String[0..1]):meta::pure::metamodel::type::Boolean[1]	LESS_THAN_EQUAL__STRING_1__STRING_0_1	SCALAR_RULE	Scalars.RULES	TemporalFrame
meta::pure::functions::boolean::lessThanEqual	(left:meta::pure::metamodel::type::String[1], right:meta::pure::metamodel::type::String[1]):meta::pure::metamodel::type::Boolean[1]	LESS_THAN_EQUAL__STRING_1__STRING_1	SCALAR_RULE	Scalars.RULES	TemporalFrame
meta::pure::functions::boolean::not	(first:meta::pure::metamodel::type::Boolean[1]):meta::pure::metamodel::type::Boolean[1]	NOT__BOOLEAN_1	SCALAR_RULE	Scalars.RULES	LiteralFolds;SyntheticHeads;ValidateDesugar
meta::pure::functions::boolean::or	(first:meta::pure::metamodel::type::Boolean[1], second:meta::pure::metamodel::type::Boolean[1]):meta::pure::metamodel::type::Boolean[1]	OR__BOOLEAN_1__BOOLEAN_1	SCALAR_RULE	Scalars.RULES	CorrelatedSubselects;GraphEmission;NormalizeFolds;PlatformTypes;TemporalFrame;UnionHeads
meta::pure::functions::boolean::xor	(first:meta::pure::metamodel::type::Boolean[1], second:meta::pure::metamodel::type::Boolean[1]):meta::pure::metamodel::type::Boolean[1]	XOR__BOOLEAN_1__BOOLEAN_1	SCALAR_RULE	Scalars.RULES	
meta::pure::functions::collection::add	<T>(set:T[*], offset:meta::pure::metamodel::type::Integer[1], val:T[1]):T[1..*]	ADD__T_MANY__INTEGER_1__T_1	SCALAR_RULE	Scalars.RULES	PlatformTypes
meta::pure::functions::collection::add	<T>(set:T[*], val:T[1]):T[1..*]	ADD__T_MANY__T_1	SCALAR_RULE	Scalars.RULES	PlatformTypes
meta::pure::functions::collection::and	(vals:meta::pure::metamodel::type::Boolean[*]):meta::pure::metamodel::type::Boolean[1]	AND__BOOLEAN_MANY	REDUCER|SCALAR_RULE	Aggregates.REDUCERS|Scalars.RULES	
meta::pure::functions::collection::at	<T>(set:T[*], key:meta::pure::metamodel::type::Integer[1]):T[1]	AT__T_MANY__INTEGER_1	SCALAR_RULE	Scalars.RULES	Anchors;CastChecker;Lowerer;ResultEnvelopeSplice;SqlTextVerdicts;StoreNav;Typer
meta::pure::functions::collection::concatenate	<T>(set1:T[*], set2:T[*]):T[*]	CONCATENATE__T_MANY__T_MANY	CORE_FN|SCALAR_RULE	CoreFn.CONCATENATE|Scalars.RULES	Fold;InnerDemand;StoreNav;StoreResolver;Substitution;SyntheticHeads;TypedFold
meta::pure::functions::collection::contains	(collection:meta::pure::metamodel::type::Any[*], value:meta::pure::metamodel::type::Any[1]):meta::pure::metamodel::type::Boolean[1]	CONTAINS__ANY_MANY__ANY_1	SCALAR_RULE	Scalars.RULES	AssertVerdicts;InstanceEquality;LiteralUnroll
meta::pure::functions::collection::contains	<Z>(collection:Z[*], value:Z[1], comparator:meta::pure::metamodel::function::Function<{Z[1],Z[1]->meta::pure::metamodel::type::Boolean[1]}>[1]):meta::pure::metamodel::type::Boolean[1]	CONTAINS__Z_MANY__Z_1__FUNCTION_1	SCALAR_RULE	Scalars.RULES	AssertVerdicts;InstanceEquality;LiteralUnroll
meta::pure::functions::collection::count	(s:meta::pure::metamodel::type::Any[*]):meta::pure::metamodel::type::Integer[1]	COUNT__ANY_MANY	REDUCER	Aggregates.REDUCERS	CorrelatedSubselects;PlatformTypes;StoreResolver
meta::pure::functions::collection::defaultIfEmpty	<T>(collection:T[*], default:T[1..*]):T[1..*]	DEFAULT_IF_EMPTY__T_MANY__T_ONEMANY	SCALAR_RULE	Scalars.RULES	
meta::pure::functions::collection::distinct	<T>(s:T[*]):T[*]	DISTINCT__T_MANY	CORE_FN|SCALAR_RULE	CoreFn.DISTINCT|Scalars.RULES	Lowerer;Pipelines;VerdictQueries
meta::pure::functions::collection::drop	<T>(set:T[*], count:meta::pure::metamodel::type::Integer[1]):T[*]	DROP__T_MANY__INTEGER_1	CORE_FN	CoreFn.DROP	
meta::pure::functions::collection::exists	<T>(value:T[*], func:meta::pure::metamodel::function::Function<{T[1]->meta::pure::metamodel::type::Boolean[1]}>[1]):meta::pure::metamodel::type::Boolean[1]	EXISTS__T_MANY__FUNCTION_1	SCALAR_RULE	Scalars.RULES	AggregationAwareRouting;GraphEmission;SyntheticHeads
meta::pure::functions::collection::filter	<T>(value:T[*], func:meta::pure::metamodel::function::Function<{T[1]->meta::pure::metamodel::type::Boolean[1]}>[1]):T[*]	FILTER__T_MANY__FUNCTION_1	CORE_FN	CoreFn.FILTER	
meta::pure::functions::collection::find	<T>(value:T[*], func:meta::pure::metamodel::function::Function<{T[1]->meta::pure::metamodel::type::Boolean[1]}>[1]):T[0..1]	FIND__T_MANY__FUNCTION_1	SCALAR_RULE	Scalars.RULES	
meta::pure::functions::collection::first	<T>(set:T[*]):T[0..1]	FIRST__T_MANY	REDUCER|SCALAR_RULE|WINDOW_FN	Aggregates.REDUCERS|Scalars.RULES|Windows.FNS	AggregationAwareRouting;Anchors;AssociationJoins;ChainNormalizer;ConstBounds;GraphEmission;InnerDemand;Lowerer;PlatformTypes;ResultEnvelopeSplice;StoreNav;StoreResolver;SubQueryLift;Substitution;SyntheticHeads;Typer
meta::pure::functions::collection::fold	<T,V|m>(value:T[*], func:meta::pure::metamodel::function::Function<{T[1],V[m]->V[m]}>[1], accumulator:V[m]):V[m]	FOLD__T_MANY__FUNCTION_1__V_m	CORE_FN	CoreFn.FOLD	StoreNav
meta::pure::functions::collection::forAll	<T>(value:T[*], func:meta::pure::metamodel::function::Function<{T[1]->meta::pure::metamodel::type::Boolean[1]}>[1]):meta::pure::metamodel::type::Boolean[1]	FOR_ALL__T_MANY__FUNCTION_1	SCALAR_RULE	Scalars.RULES	AssertVerdicts;VerdictQueries
meta::pure::functions::collection::get	<U,V>(m:meta::pure::functions::collection::Map<U,V>[1], key:U[1]):V[0..1]	MAP_GET__MAP_1__U_1	SCALAR_RULE	Scalars.RULES	
meta::pure::functions::collection::getAll	<T>(type:meta::pure::metamodel::type::Class<T>[1]):T[*]	GET_ALL__CLASS_1	CORE_FN	CoreFn.GET_ALL	
meta::pure::functions::collection::getAll	<T>(type:meta::pure::metamodel::type::Class<T>[1], milestoningDate:meta::pure::metamodel::type::Date[1]):T[*]	GET_ALL__CLASS_1__DATE_1	CORE_FN	CoreFn.GET_ALL	
meta::pure::functions::collection::getAll	<T>(type:meta::pure::metamodel::type::Class<T>[1], processingDate:meta::pure::metamodel::type::Date[1], businessDate:meta::pure::metamodel::type::Date[1]):T[*]	GET_ALL__CLASS_1__DATE_1__DATE_1	CORE_FN	CoreFn.GET_ALL	
meta::pure::functions::collection::getAllForEachDate	<T>(type:meta::pure::metamodel::type::Class<T>[1], dates:meta::pure::metamodel::type::Date[*]):T[*]	GET_ALL_FOR_EACH_DATE__CLASS_1__DATE_MANY	CORE_FN	CoreFn.GET_ALL_FOR_EACH_DATE	
meta::pure::functions::collection::getAllVersions	<T>(type:meta::pure::metamodel::type::Class<T>[1]):T[*]	GET_ALL_VERSIONS__CLASS_1	CORE_FN	CoreFn.GET_ALL_VERSIONS	
meta::pure::functions::collection::getAllVersionsInRange	<T>(type:meta::pure::metamodel::type::Class<T>[1], start:meta::pure::metamodel::type::Date[1], end:meta::pure::metamodel::type::Date[1]):T[*]	GET_ALL_VERSIONS_IN_RANGE__CLASS_1__DATE_1__DATE_1	CORE_FN	CoreFn.GET_ALL_VERSIONS_IN_RANGE	
meta::pure::functions::collection::greatest	<X>(values:X[*]):X[0..1]	GREATEST__X_MANY	SCALAR_RULE	Scalars.RULES	
meta::pure::functions::collection::greatest	<X>(values:X[1..*]):X[1]	GREATEST__X_1_MANY	SCALAR_RULE	Scalars.RULES	
meta::pure::functions::collection::groupBy	<X,K>(set:X[*], f:meta::pure::metamodel::function::Function<{X[1]->K[1]}>[1]):meta::pure::functions::collection::Map<K,meta::pure::functions::collection::List<X>>[1]	GROUP_BY__X_MANY__FUNCTION_1	CORE_FN	CoreFn.GROUP_BY	
meta::pure::functions::collection::head	<T>(set:T[*]):T[0..1]	HEAD__T_MANY	SCALAR_RULE	Scalars.RULES	InnerDemand;Lowerer;StoreResolver;Substitution;SyntheticHeads
meta::pure::functions::collection::in	(value:meta::pure::metamodel::type::Any[0..1], collection:meta::pure::metamodel::type::Any[*]):meta::pure::metamodel::type::Boolean[1]	IN__ANY_0_1__ANY_MANY	SCALAR_RULE	Scalars.RULES	Callees;InstanceEquality;StatementExecutor
meta::pure::functions::collection::in	(value:meta::pure::metamodel::type::Any[1], collection:meta::pure::metamodel::type::Any[*]):meta::pure::metamodel::type::Boolean[1]	IN__ANY_1__ANY_MANY	SCALAR_RULE	Scalars.RULES	Callees;InstanceEquality;SqlTextVerdicts;StatementExecutor
meta::pure::functions::collection::indexOf	<T>(set:T[*], value:T[1]):meta::pure::metamodel::type::Integer[1]	INDEX_OF__T_MANY__T_1	SCALAR_RULE	Scalars.RULES	StoreNav
meta::pure::functions::collection::init	<T>(set:T[*]):T[*]	INIT__T_MANY	SCALAR_RULE	Scalars.RULES	
meta::pure::functions::collection::isDistinct	<T>(set:T[*]):meta::pure::metamodel::type::Boolean[1]	IS_DISTINCT__T_MANY	REDUCER|SCALAR_RULE	Aggregates.REDUCERS|Scalars.RULES	
meta::pure::functions::collection::isEmpty	(p:meta::pure::metamodel::type::Any[*]):meta::pure::metamodel::type::Boolean[1]	IS_EMPTY__T_MANY	SCALAR_RULE	Scalars.RULES	GraphEmission;LiteralFolds;PlatformTypes;TemporalFrame
meta::pure::functions::collection::isNotEmpty	(p:meta::pure::metamodel::type::Any[*]):meta::pure::metamodel::type::Boolean[1]	IS_NOT_EMPTY__ANY_MANY	SCALAR_RULE	Scalars.RULES	Callees;GraphEmission;LiteralFolds;MatchChecker
meta::pure::functions::collection::isNotEmpty	(p:meta::pure::metamodel::type::Any[0..1]):meta::pure::metamodel::type::Boolean[1]	IS_NOT_EMPTY__ANY_0_1	SCALAR_RULE	Scalars.RULES	Callees;GraphEmission;LiteralFolds;MatchChecker
meta::pure::functions::collection::keyValues	<U,V>(m:meta::pure::functions::collection::Map<U,V>[1]):meta::pure::functions::collection::Pair<U,V>[*]	KEY_VALUES__MAP_1	FAMILY	NativeFn.LiteralForm	
meta::pure::functions::collection::keys	<U,V>(m:meta::pure::functions::collection::Map<U,V>[1]):U[*]	MAP_KEYS__MAP_1	SCALAR_RULE	Scalars.RULES	
meta::pure::functions::collection::last	<T>(set:T[*]):T[0..1]	LAST__T_MANY	SCALAR_RULE|WINDOW_FN	Scalars.RULES|Windows.FNS	ChainNormalizer;Typer
meta::pure::functions::collection::least	<X>(values:X[*]):X[0..1]	LEAST__X_MANY	SCALAR_RULE	Scalars.RULES	
meta::pure::functions::collection::least	<X>(values:X[1..*]):X[1]	LEAST__X_1_MANY	SCALAR_RULE	Scalars.RULES	
meta::pure::functions::collection::limit	<T>(set:T[*], count:meta::pure::metamodel::type::Integer[1]):T[*]	LIMIT__T_MANY__INTEGER_1	CORE_FN	CoreFn.LIMIT	
meta::pure::functions::collection::list	<U>(vals:U[*]):meta::pure::functions::collection::List<U>[1]	LIST__U_MANY	SCALAR_RULE	Scalars.RULES	SeedSqlForms
meta::pure::functions::collection::map	<T,V>(value:T[*], func:meta::pure::metamodel::function::Function<{T[1]->V[*]}>[1]):V[*]	MAP__T_MANY__FUNCTION_1	CORE_FN	CoreFn.MAP	AggregationAwareRouting;PlatformTypes;StoreNav;UserCallInliner
meta::pure::functions::collection::map	<T,V>(value:T[0..1], func:meta::pure::metamodel::function::Function<{T[1]->V[0..1]}>[1]):V[0..1]	MAP__T_0_1__FUNCTION_1	CORE_FN	CoreFn.MAP	AggregationAwareRouting;PlatformTypes;StoreNav;UserCallInliner
meta::pure::functions::collection::map	<T,V|m>(value:T[m], func:meta::pure::metamodel::function::Function<{T[1]->V[1]}>[1]):V[m]	MAP__T_M__FUNCTION_1	CORE_FN	CoreFn.MAP	AggregationAwareRouting;PlatformTypes;StoreNav;UserCallInliner
meta::pure::functions::collection::max	<T>(col:T[1..*], comp:meta::pure::metamodel::function::Function<{T[1],T[1]->meta::pure::metamodel::type::Integer[1]}>[1]):T[1]	MAX_CMP__T_1_MANY	REDUCER|SCALAR_RULE	Aggregates.REDUCERS|Scalars.RULES	
meta::pure::functions::collection::max	<X>(values:X[*]):X[0..1]	MAX_GENERIC__X_MANY	REDUCER|SCALAR_RULE	Aggregates.REDUCERS|Scalars.RULES	
meta::pure::functions::collection::max	<X>(values:X[1..*]):X[1]	MAX_GENERIC__X_1_MANY	REDUCER|SCALAR_RULE	Aggregates.REDUCERS|Scalars.RULES	
meta::pure::functions::collection::min	<T>(col:T[1..*], comp:meta::pure::metamodel::function::Function<{T[1],T[1]->meta::pure::metamodel::type::Integer[1]}>[1]):T[1]	MIN_CMP__T_1_MANY	REDUCER|SCALAR_RULE	Aggregates.REDUCERS|Scalars.RULES	
meta::pure::functions::collection::min	<X>(values:X[*]):X[0..1]	MIN_GENERIC__X_MANY	REDUCER|SCALAR_RULE	Aggregates.REDUCERS|Scalars.RULES	
meta::pure::functions::collection::min	<X>(values:X[1..*]):X[1]	MIN_GENERIC__X_1_MANY	REDUCER|SCALAR_RULE	Aggregates.REDUCERS|Scalars.RULES	
meta::pure::functions::collection::newMap	<U,V>(pairs:meta::pure::functions::collection::Pair<U,V>[*]):meta::pure::functions::collection::Map<U,V>[1]	NEW_MAP__PAIRS	SCALAR_RULE	Scalars.RULES	ObjectReferenceArms;UserCallInliner
meta::pure::functions::collection::objectReferenceIn	(value:meta::pure::metamodel::type::Any[1], collection:meta::pure::metamodel::type::String[*]):meta::pure::metamodel::type::Boolean[1]	OBJECT_REFERENCE_IN__ANY_1__STRING_MANY	FAMILY	NativeFn.ObjectReference	
meta::pure::functions::collection::or	(vals:meta::pure::metamodel::type::Boolean[*]):meta::pure::metamodel::type::Boolean[1]	OR__BOOLEAN_MANY	REDUCER|SCALAR_RULE	Aggregates.REDUCERS|Scalars.RULES	
meta::pure::functions::collection::paginated	<T>(set:T[*], pageNumber:meta::pure::metamodel::type::Integer[1], pageSize:meta::pure::metamodel::type::Integer[1]):T[*]	PAGINATED__T_MANY__INTEGER_1__INTEGER_1	FAMILY	NativeFn.TyperForm	
meta::pure::functions::collection::pair	<U,V>(first:U[1], second:V[1]):meta::pure::functions::collection::Pair<U,V>[1]	PAIR__U_1__V_1	SCALAR_RULE	Scalars.RULES	ExecuteChainAssembly;LiteralUnroll;ObjectReferenceArms;PlatformTypes;ProtocolEmitter;StatementExecutor;UserCallInliner;VerdictQueries
meta::pure::functions::collection::put	<U,V>(m:meta::pure::functions::collection::Map<U,V>[1], key:U[1], value:V[1]):meta::pure::functions::collection::Map<U,V>[1]	MAP_PUT__MAP_1__U_1__V_1	SCALAR_RULE	Scalars.RULES	
meta::pure::functions::collection::putAll	<U,V>(m:meta::pure::functions::collection::Map<U,V>[1], o:meta::pure::functions::collection::Map<U,V>[1]):meta::pure::functions::collection::Map<U,V>[1]	MAP_PUT_ALL__MAP_1__MAP_1	SCALAR_RULE	Scalars.RULES	
meta::pure::functions::collection::putAll	<U,V>(m:meta::pure::functions::collection::Map<U,V>[1], pairs:meta::pure::functions::collection::Pair<U,V>[*]):meta::pure::functions::collection::Map<U,V>[1]	MAP_PUT_ALL__MAP_1__PAIRS	SCALAR_RULE	Scalars.RULES	
meta::pure::functions::collection::range	(start:meta::pure::metamodel::type::Integer[1], stop:meta::pure::metamodel::type::Integer[1]):meta::pure::metamodel::type::Integer[*]	RANGE__INTEGER_1__INTEGER_1	SCALAR_RULE	Scalars.RULES	
meta::pure::functions::collection::range	(start:meta::pure::metamodel::type::Integer[1], stop:meta::pure::metamodel::type::Integer[1], step:meta::pure::metamodel::type::Integer[1]):meta::pure::metamodel::type::Integer[*]	RANGE__INTEGER_1__INTEGER_1__INTEGER_1	SCALAR_RULE	Scalars.RULES	
meta::pure::functions::collection::range	(stop:meta::pure::metamodel::type::Integer[1]):meta::pure::metamodel::type::Integer[*]	RANGE__INTEGER_1	SCALAR_RULE	Scalars.RULES	
meta::pure::functions::collection::removeDuplicates	<T,V>(col:T[*], key:meta::pure::metamodel::function::Function<{T[1]->V[1]}>[0..1], eql:meta::pure::metamodel::function::Function<{V[1],V[1]->meta::pure::metamodel::type::Boolean[1]}>[0..1]):T[*]	REMOVE_DUPLICATES__T_MANY__FUNCTION_0_1__FUNCTION_0_1	SCALAR_RULE	Scalars.RULES	Dedup;Pipelines;ValueCollectionOps
meta::pure::functions::collection::removeDuplicates	<T>(col:T[*]):T[*]	REMOVE_DUPLICATES__T_MANY	SCALAR_RULE	Scalars.RULES	Dedup;Pipelines;ValueCollectionOps
meta::pure::functions::collection::removeDuplicates	<T>(col:T[*], eql:meta::pure::metamodel::function::Function<{T[1],T[1]->meta::pure::metamodel::type::Boolean[1]}>[1]):T[*]	REMOVE_DUPLICATES__T_MANY__FUNCTION_1	SCALAR_RULE	Scalars.RULES	Dedup;Pipelines;ValueCollectionOps
meta::pure::functions::collection::removeDuplicatesBy	<T>(col:T[*], key:meta::pure::metamodel::function::Function<{T[1]->meta::pure::metamodel::type::Any[1]}>[1]):T[*]	REMOVE_DUPLICATES_BY__T_MANY__FUNCTION_1	SCALAR_RULE	Scalars.RULES	
meta::pure::functions::collection::repeat	<T>(element:T[1], n:meta::pure::metamodel::type::Integer[1]):T[*]	REPEAT__T_1__INTEGER_1	SCALAR_RULE	Scalars.RULES	
meta::pure::functions::collection::replaceTreeNode	(root:meta::pure::functions::collection::TreeNode[1], target:meta::pure::functions::collection::TreeNode[1], value:meta::pure::functions::collection::TreeNode[1]):meta::pure::functions::collection::TreeNode[1]	REPLACE_TREE_NODE__TREENODE_1__TREENODE_1__TREENODE_1	WALL	Pure.WALLED_NATIVES	
meta::pure::functions::collection::reverse	<T|m>(set:T[m]):T[m]	REVERSE__T_m	SCALAR_RULE	Scalars.RULES	
meta::pure::functions::collection::size	(p:meta::pure::metamodel::type::Any[*]):meta::pure::metamodel::type::Integer[1]	SIZE__ANY_MANY	REDUCER|SCALAR_RULE	Aggregates.REDUCERS|Scalars.RULES	CorrelatedSubselects;NormalizeFolds;ResultEnvelopeSplice;StoreNav;StoreResolver;Typer
meta::pure::functions::collection::slice	<T>(set:T[*], start:meta::pure::metamodel::type::Integer[1], end:meta::pure::metamodel::type::Integer[1]):T[*]	SLICE__T_MANY__INTEGER_1__INTEGER_1	CORE_FN	CoreFn.SLICE	
meta::pure::functions::collection::sort	<T,U|m>(col:T[m], key:meta::pure::metamodel::function::Function<{T[1]->U[1]}>[0..1], comp:meta::pure::metamodel::function::Function<{U[1],U[1]->meta::pure::metamodel::type::Integer[1]}>[0..1]):T[m]	SORT__T_m__FUNCTION_0_1__FUNCTION_0_1	CORE_FN|SCALAR_RULE	CoreFn.SORT|Scalars.RULES	AssertVerdicts;StoreResolver;ValueCollectionOps
meta::pure::functions::collection::sort	<T|m>(col:T[m]):T[m]	SORT__T_m	CORE_FN|SCALAR_RULE	CoreFn.SORT|Scalars.RULES	AssertVerdicts;StoreResolver;ValueCollectionOps
meta::pure::functions::collection::sort	<T|m>(col:T[m], comp:meta::pure::metamodel::function::Function<{T[1],T[1]->meta::pure::metamodel::type::Integer[1]}>[0..1]):T[m]	SORT__T_m__FUNCTION_0_1	CORE_FN|SCALAR_RULE	CoreFn.SORT|Scalars.RULES	AssertVerdicts;StoreResolver;ValueCollectionOps
meta::pure::functions::collection::sortBy	<T,U|m>(col:T[m], key:meta::pure::metamodel::function::Function<{T[1]->U[1]}>[0..1]):T[m]	SORT_BY__T_m__FUNCTION_0_1	CORE_FN	CoreFn.SORT_BY	AssertVerdicts;ClassSorts
meta::pure::functions::collection::sortByReversed	<T,U|m>(col:T[m], key:meta::pure::metamodel::function::Function<{T[1]->U[1]}>[0..1]):T[m]	SORT_BY_REVERSED__T_m__FUNCTION_0_1	CORE_FN	CoreFn.SORT_BY_REVERSED	AssertVerdicts;ClassSorts
meta::pure::functions::collection::tail	<T>(set:T[*]):T[*]	TAIL__T_MANY	SCALAR_RULE	Scalars.RULES	
meta::pure::functions::collection::take	<T>(set:T[*], count:meta::pure::metamodel::type::Integer[1]):T[*]	TAKE__T_MANY__INTEGER_1	CORE_FN	CoreFn.TAKE	
meta::pure::functions::collection::union	<T>(set1:T[*], set2:T[*]):T[*]	UNION__T_MANY__T_MANY	FAMILY	NativeFn.TyperForm	
meta::pure::functions::collection::uniqueValueOnly	<T>(values:T[*]):T[0..1]	UNIQUE_VALUE_ONLY__T_MANY	REDUCER|SCALAR_RULE	Aggregates.REDUCERS|Scalars.RULES	
meta::pure::functions::collection::uniqueValueOnly	<T>(values:T[*], defaultValue:T[0..1]):T[0..1]	UNIQUE_VALUE_ONLY__T_MANY__T_01	REDUCER|SCALAR_RULE	Aggregates.REDUCERS|Scalars.RULES	
meta::pure::functions::collection::values	<U,V>(m:meta::pure::functions::collection::Map<U,V>[1]):V[*]	MAP_VALUES__MAP_1	SCALAR_RULE	Scalars.RULES	
meta::pure::functions::collection::zip	<T,U>(set1:T[*], set2:U[*]):meta::pure::functions::collection::Pair<T,U>[*]	ZIP__T_MANY__U_MANY	SCALAR_RULE	Scalars.RULES	CorrelatedSubselects;PlatformTypes;StoreResolver;VerdictQueries
meta::pure::functions::date::add	(date:meta::pure::metamodel::type::DateTime[1], duration:meta::pure::functions::date::Duration[1]):meta::pure::metamodel::type::DateTime[1]	ADD__DATETIME_1__DURATION_1	SCALAR_RULE	Scalars.RULES	
meta::pure::functions::date::add	(date:meta::pure::metamodel::type::Date[1], duration:meta::pure::functions::date::Duration[1]):meta::pure::metamodel::type::Date[1]	ADD__DATE_1__DURATION_1	SCALAR_RULE	Scalars.RULES	
meta::pure::functions::date::add	(date:meta::pure::metamodel::type::StrictDate[1], duration:meta::pure::functions::date::Duration[1]):meta::pure::metamodel::type::StrictDate[1]	ADD__STRICTDATE_1__DURATION_1	SCALAR_RULE	Scalars.RULES	
meta::pure::functions::date::adjust	(date:meta::pure::metamodel::type::Date[1], number:meta::pure::metamodel::type::Integer[1], unit:meta::pure::functions::date::DurationUnit[1]):meta::pure::metamodel::type::Date[1]	ADJUST__DATE_1__INTEGER_1__DURATION_UNIT_1	SCALAR_RULE	Scalars.RULES	TemporalFrame
meta::pure::functions::date::calendar::CYMinus2	(inputDate:meta::pure::metamodel::type::Date[0..1], calendarType:meta::pure::metamodel::type::String[1], endDate:meta::pure::metamodel::type::Date[1], inputValue:meta::pure::metamodel::type::Number[0..1]):meta::pure::metamodel::type::Number[0..1]	CAL_C_Y_MINUS2	FAMILY	NativeFn.Calendar	
meta::pure::functions::date::calendar::CYMinus3	(inputDate:meta::pure::metamodel::type::Date[0..1], calendarType:meta::pure::metamodel::type::String[1], endDate:meta::pure::metamodel::type::Date[1], inputValue:meta::pure::metamodel::type::Number[0..1]):meta::pure::metamodel::type::Number[0..1]	CAL_C_Y_MINUS3	FAMILY	NativeFn.Calendar	
meta::pure::functions::date::calendar::annualized	(inputDate:meta::pure::metamodel::type::Date[0..1], calendarType:meta::pure::metamodel::type::String[1], endDate:meta::pure::metamodel::type::Date[1], inputValue:meta::pure::metamodel::type::Number[0..1]):meta::pure::metamodel::type::Number[0..1]	CAL_ANNUALIZED	FAMILY	NativeFn.Calendar	
meta::pure::functions::date::calendar::cme	(inputDate:meta::pure::metamodel::type::Date[0..1], calendarType:meta::pure::metamodel::type::String[1], endDate:meta::pure::metamodel::type::Date[1], inputValue:meta::pure::metamodel::type::Number[0..1]):meta::pure::metamodel::type::Number[0..1]	CAL_CME	FAMILY	NativeFn.Calendar	
meta::pure::functions::date::calendar::cw	(inputDate:meta::pure::metamodel::type::Date[0..1], calendarType:meta::pure::metamodel::type::String[1], endDate:meta::pure::metamodel::type::Date[1], inputValue:meta::pure::metamodel::type::Number[0..1]):meta::pure::metamodel::type::Number[0..1]	CAL_CW	FAMILY	NativeFn.Calendar	
meta::pure::functions::date::calendar::cw_fm	(inputDate:meta::pure::metamodel::type::Date[0..1], calendarType:meta::pure::metamodel::type::String[1], endDate:meta::pure::metamodel::type::Date[1], inputValue:meta::pure::metamodel::type::Number[0..1]):meta::pure::metamodel::type::Number[0..1]	CAL_CW_FM	FAMILY	NativeFn.Calendar	
meta::pure::functions::date::calendar::mtd	(inputDate:meta::pure::metamodel::type::Date[0..1], calendarType:meta::pure::metamodel::type::String[1], endDate:meta::pure::metamodel::type::Date[1], inputValue:meta::pure::metamodel::type::Number[0..1]):meta::pure::metamodel::type::Number[0..1]	CAL_MTD	FAMILY	NativeFn.Calendar	
meta::pure::functions::date::calendar::p12mtd	(inputDate:meta::pure::metamodel::type::Date[0..1], calendarType:meta::pure::metamodel::type::String[1], endDate:meta::pure::metamodel::type::Date[1], inputValue:meta::pure::metamodel::type::Number[0..1]):meta::pure::metamodel::type::Number[0..1]	CAL_P12MTD	FAMILY	NativeFn.Calendar	
meta::pure::functions::date::calendar::p12wa	(inputDate:meta::pure::metamodel::type::Date[0..1], calendarType:meta::pure::metamodel::type::String[1], endDate:meta::pure::metamodel::type::Date[1], inputValue:meta::pure::metamodel::type::Number[0..1]):meta::pure::metamodel::type::Number[0..1]	CAL_P12WA	FAMILY	NativeFn.Calendar	
meta::pure::functions::date::calendar::p12wtd	(inputDate:meta::pure::metamodel::type::Date[0..1], calendarType:meta::pure::metamodel::type::String[1], endDate:meta::pure::metamodel::type::Date[1], inputValue:meta::pure::metamodel::type::Number[0..1]):meta::pure::metamodel::type::Number[0..1]	CAL_P12WTD	FAMILY	NativeFn.Calendar	
meta::pure::functions::date::calendar::p4wa	(inputDate:meta::pure::metamodel::type::Date[0..1], calendarType:meta::pure::metamodel::type::String[1], endDate:meta::pure::metamodel::type::Date[1], inputValue:meta::pure::metamodel::type::Number[0..1]):meta::pure::metamodel::type::Number[0..1]	CAL_P4WA	FAMILY	NativeFn.Calendar	
meta::pure::functions::date::calendar::p4wtd	(inputDate:meta::pure::metamodel::type::Date[0..1], calendarType:meta::pure::metamodel::type::String[1], endDate:meta::pure::metamodel::type::Date[1], inputValue:meta::pure::metamodel::type::Number[0..1]):meta::pure::metamodel::type::Number[0..1]	CAL_P4WTD	FAMILY	NativeFn.Calendar	
meta::pure::functions::date::calendar::p52wa	(inputDate:meta::pure::metamodel::type::Date[0..1], calendarType:meta::pure::metamodel::type::String[1], endDate:meta::pure::metamodel::type::Date[1], inputValue:meta::pure::metamodel::type::Number[0..1]):meta::pure::metamodel::type::Number[0..1]	CAL_P52WA	FAMILY	NativeFn.Calendar	
meta::pure::functions::date::calendar::p52wtd	(inputDate:meta::pure::metamodel::type::Date[0..1], calendarType:meta::pure::metamodel::type::String[1], endDate:meta::pure::metamodel::type::Date[1], inputValue:meta::pure::metamodel::type::Number[0..1]):meta::pure::metamodel::type::Number[0..1]	CAL_P52WTD	FAMILY	NativeFn.Calendar	
meta::pure::functions::date::calendar::pma	(inputDate:meta::pure::metamodel::type::Date[0..1], calendarType:meta::pure::metamodel::type::String[1], endDate:meta::pure::metamodel::type::Date[1], inputValue:meta::pure::metamodel::type::Number[0..1]):meta::pure::metamodel::type::Number[0..1]	CAL_PMA	FAMILY	NativeFn.Calendar	
meta::pure::functions::date::calendar::pmtd	(inputDate:meta::pure::metamodel::type::Date[0..1], calendarType:meta::pure::metamodel::type::String[1], endDate:meta::pure::metamodel::type::Date[1], inputValue:meta::pure::metamodel::type::Number[0..1]):meta::pure::metamodel::type::Number[0..1]	CAL_PMTD	FAMILY	NativeFn.Calendar	
meta::pure::functions::date::calendar::pqtd	(inputDate:meta::pure::metamodel::type::Date[0..1], calendarType:meta::pure::metamodel::type::String[1], endDate:meta::pure::metamodel::type::Date[1], inputValue:meta::pure::metamodel::type::Number[0..1]):meta::pure::metamodel::type::Number[0..1]	CAL_PQTD	FAMILY	NativeFn.Calendar	
meta::pure::functions::date::calendar::priorDay	(inputDate:meta::pure::metamodel::type::Date[0..1], calendarType:meta::pure::metamodel::type::String[1], endDate:meta::pure::metamodel::type::Date[1], inputValue:meta::pure::metamodel::type::Number[0..1]):meta::pure::metamodel::type::Number[0..1]	CAL_PRIOR_DAY	FAMILY	NativeFn.Calendar	
meta::pure::functions::date::calendar::priorYear	(inputDate:meta::pure::metamodel::type::Date[0..1], calendarType:meta::pure::metamodel::type::String[1], endDate:meta::pure::metamodel::type::Date[1], inputValue:meta::pure::metamodel::type::Number[0..1]):meta::pure::metamodel::type::Number[0..1]	CAL_PRIOR_YEAR	FAMILY	NativeFn.Calendar	
meta::pure::functions::date::calendar::pw	(inputDate:meta::pure::metamodel::type::Date[0..1], calendarType:meta::pure::metamodel::type::String[1], endDate:meta::pure::metamodel::type::Date[1], inputValue:meta::pure::metamodel::type::Number[0..1]):meta::pure::metamodel::type::Number[0..1]	CAL_PW	FAMILY	NativeFn.Calendar	
meta::pure::functions::date::calendar::pw_fm	(inputDate:meta::pure::metamodel::type::Date[0..1], calendarType:meta::pure::metamodel::type::String[1], endDate:meta::pure::metamodel::type::Date[1], inputValue:meta::pure::metamodel::type::Number[0..1]):meta::pure::metamodel::type::Number[0..1]	CAL_PW_FM	FAMILY	NativeFn.Calendar	
meta::pure::functions::date::calendar::pwa	(inputDate:meta::pure::metamodel::type::Date[0..1], calendarType:meta::pure::metamodel::type::String[1], endDate:meta::pure::metamodel::type::Date[1], inputValue:meta::pure::metamodel::type::Number[0..1]):meta::pure::metamodel::type::Number[0..1]	CAL_PWA	FAMILY	NativeFn.Calendar	
meta::pure::functions::date::calendar::pwtd	(inputDate:meta::pure::metamodel::type::Date[0..1], calendarType:meta::pure::metamodel::type::String[1], endDate:meta::pure::metamodel::type::Date[1], inputValue:meta::pure::metamodel::type::Number[0..1]):meta::pure::metamodel::type::Number[0..1]	CAL_PWTD	FAMILY	NativeFn.Calendar	
meta::pure::functions::date::calendar::pymtd	(inputDate:meta::pure::metamodel::type::Date[0..1], calendarType:meta::pure::metamodel::type::String[1], endDate:meta::pure::metamodel::type::Date[1], inputValue:meta::pure::metamodel::type::Number[0..1]):meta::pure::metamodel::type::Number[0..1]	CAL_PYMTD	FAMILY	NativeFn.Calendar	
meta::pure::functions::date::calendar::pyqtd	(inputDate:meta::pure::metamodel::type::Date[0..1], calendarType:meta::pure::metamodel::type::String[1], endDate:meta::pure::metamodel::type::Date[1], inputValue:meta::pure::metamodel::type::Number[0..1]):meta::pure::metamodel::type::Number[0..1]	CAL_PYQTD	FAMILY	NativeFn.Calendar	
meta::pure::functions::date::calendar::pytd	(inputDate:meta::pure::metamodel::type::Date[0..1], calendarType:meta::pure::metamodel::type::String[1], endDate:meta::pure::metamodel::type::Date[1], inputValue:meta::pure::metamodel::type::Number[0..1]):meta::pure::metamodel::type::Number[0..1]	CAL_PYTD	FAMILY	NativeFn.Calendar	
meta::pure::functions::date::calendar::pywa	(inputDate:meta::pure::metamodel::type::Date[0..1], calendarType:meta::pure::metamodel::type::String[1], endDate:meta::pure::metamodel::type::Date[1], inputValue:meta::pure::metamodel::type::Number[0..1]):meta::pure::metamodel::type::Number[0..1]	CAL_PYWA	FAMILY	NativeFn.Calendar	
meta::pure::functions::date::calendar::pywtd	(inputDate:meta::pure::metamodel::type::Date[0..1], calendarType:meta::pure::metamodel::type::String[1], endDate:meta::pure::metamodel::type::Date[1], inputValue:meta::pure::metamodel::type::Number[0..1]):meta::pure::metamodel::type::Number[0..1]	CAL_PYWTD	FAMILY	NativeFn.Calendar	
meta::pure::functions::date::calendar::qtd	(inputDate:meta::pure::metamodel::type::Date[0..1], calendarType:meta::pure::metamodel::type::String[1], endDate:meta::pure::metamodel::type::Date[1], inputValue:meta::pure::metamodel::type::Number[0..1]):meta::pure::metamodel::type::Number[0..1]	CAL_QTD	FAMILY	NativeFn.Calendar	
meta::pure::functions::date::calendar::reportEndDay	(inputDate:meta::pure::metamodel::type::Date[0..1], calendarType:meta::pure::metamodel::type::String[1], endDate:meta::pure::metamodel::type::Date[1], inputValue:meta::pure::metamodel::type::Number[0..1]):meta::pure::metamodel::type::Number[0..1]	CAL_REPORT_END_DAY	FAMILY	NativeFn.Calendar	
meta::pure::functions::date::calendar::wtd	(inputDate:meta::pure::metamodel::type::Date[0..1], calendarType:meta::pure::metamodel::type::String[1], endDate:meta::pure::metamodel::type::Date[1], inputValue:meta::pure::metamodel::type::Number[0..1]):meta::pure::metamodel::type::Number[0..1]	CAL_WTD	FAMILY	NativeFn.Calendar	
meta::pure::functions::date::calendar::ytd	(inputDate:meta::pure::metamodel::type::Date[0..1], calendarType:meta::pure::metamodel::type::String[1], endDate:meta::pure::metamodel::type::Date[1], inputValue:meta::pure::metamodel::type::Number[0..1]):meta::pure::metamodel::type::Number[0..1]	CAL_YTD	FAMILY	NativeFn.Calendar	
meta::pure::functions::date::date	(year:meta::pure::metamodel::type::Integer[1]):meta::pure::metamodel::type::Date[1]	DATE__INTEGER_1	SCALAR_RULE	Scalars.RULES	Scalars
meta::pure::functions::date::date	(year:meta::pure::metamodel::type::Integer[1], month:meta::pure::metamodel::type::Integer[1]):meta::pure::metamodel::type::Date[1]	DATE__INTEGER_1__INTEGER_1	SCALAR_RULE	Scalars.RULES	Scalars
meta::pure::functions::date::date	(year:meta::pure::metamodel::type::Integer[1], month:meta::pure::metamodel::type::Integer[1], day:meta::pure::metamodel::type::Integer[1]):meta::pure::metamodel::type::StrictDate[1]	DATE__INTEGER_1__INTEGER_1__INTEGER_1	SCALAR_RULE	Scalars.RULES	Scalars
meta::pure::functions::date::date	(year:meta::pure::metamodel::type::Integer[1], month:meta::pure::metamodel::type::Integer[1], day:meta::pure::metamodel::type::Integer[1], hour:meta::pure::metamodel::type::Integer[1]):meta::pure::metamodel::type::DateTime[1]	DATE__INTEGER_1__INTEGER_1__INTEGER_1__INTEGER_1	SCALAR_RULE	Scalars.RULES	Scalars
meta::pure::functions::date::date	(year:meta::pure::metamodel::type::Integer[1], month:meta::pure::metamodel::type::Integer[1], day:meta::pure::metamodel::type::Integer[1], hour:meta::pure::metamodel::type::Integer[1], minute:meta::pure::metamodel::type::Integer[1]):meta::pure::metamodel::type::DateTime[1]	DATE__INTEGER_1__INTEGER_1__INTEGER_1__INTEGER_1__INTEGER_1	SCALAR_RULE	Scalars.RULES	Scalars
meta::pure::functions::date::date	(year:meta::pure::metamodel::type::Integer[1], month:meta::pure::metamodel::type::Integer[1], day:meta::pure::metamodel::type::Integer[1], hour:meta::pure::metamodel::type::Integer[1], minute:meta::pure::metamodel::type::Integer[1], second:meta::pure::metamodel::type::Number[1]):meta::pure::metamodel::type::DateTime[1]	DATE__INTEGER_1__INTEGER_1__INTEGER_1__INTEGER_1__INTEGER_1__NUMBER_1	SCALAR_RULE	Scalars.RULES	Scalars
meta::pure::functions::date::dateDiff	(d1:meta::pure::metamodel::type::Date[0..1], d2:meta::pure::metamodel::type::Date[0..1], du:meta::pure::functions::date::DurationUnit[1]):meta::pure::metamodel::type::Integer[0..1]	DATE_DIFF__DATE_0_1__DATE_0_1	SCALAR_RULE	Scalars.RULES	
meta::pure::functions::date::dateDiff	(d1:meta::pure::metamodel::type::Date[1], d2:meta::pure::metamodel::type::Date[1], du:meta::pure::functions::date::DurationUnit[1]):meta::pure::metamodel::type::Integer[1]	DATE_DIFF__DATE_1__DATE_1__DURATION_UNIT_1	SCALAR_RULE	Scalars.RULES	
meta::pure::functions::date::datePart	(d:meta::pure::metamodel::type::Date[0..1]):meta::pure::metamodel::type::Date[0..1]	DATE_PART__DATE_0_1	SCALAR_RULE	Scalars.RULES	TemporalFrame
meta::pure::functions::date::datePart	(d:meta::pure::metamodel::type::Date[1]):meta::pure::metamodel::type::Date[1]	DATE_PART__DATE_1	SCALAR_RULE	Scalars.RULES	TemporalFrame
meta::pure::functions::date::dayOfMonth	(d:meta::pure::metamodel::type::Date[1]):meta::pure::metamodel::type::Integer[1]	DAY_OF_MONTH__DATE_1	SCALAR_RULE	Scalars.RULES	
meta::pure::functions::date::dayOfWeek	(d:meta::pure::metamodel::type::Date[1]):meta::pure::functions::date::DayOfWeek[1]	DAY_OF_WEEK__DATE_1	SCALAR_RULE	Scalars.RULES	
meta::pure::functions::date::dayOfWeekNumber	(d:meta::pure::metamodel::type::Date[1]):meta::pure::metamodel::type::Integer[1]	DAY_OF_WEEK_NUMBER__DATE_1	SCALAR_RULE	Scalars.RULES	
meta::pure::functions::date::dayOfWeekNumber	(day:meta::pure::metamodel::type::Date[1], firstDay:meta::pure::functions::date::DayOfWeek[1]):meta::pure::metamodel::type::Integer[1]	DAY_OF_WEEK_NUMBER__DATE_1__DAY_OF_WEEK_1	SCALAR_RULE	Scalars.RULES	
meta::pure::functions::date::dayOfYear	(d:meta::pure::metamodel::type::Date[1]):meta::pure::metamodel::type::Integer[1]	DAY_OF_YEAR__DATE_1	SCALAR_RULE	Scalars.RULES	
meta::pure::functions::date::firstDayOfMonth	(date:meta::pure::metamodel::type::Date[1]):meta::pure::metamodel::type::Date[1]	FIRST_DAY_OF_MONTH__DATE_1	SCALAR_RULE	Scalars.RULES	
meta::pure::functions::date::firstDayOfQuarter	(date:meta::pure::metamodel::type::Date[1]):meta::pure::metamodel::type::StrictDate[1]	FIRST_DAY_OF_QUARTER__DATE_1	SCALAR_RULE	Scalars.RULES	
meta::pure::functions::date::firstDayOfThisMonth	():meta::pure::metamodel::type::Date[1]	FIRST_DAY_OF_THIS_MONTH	SCALAR_RULE	Scalars.RULES	
meta::pure::functions::date::firstDayOfThisQuarter	():meta::pure::metamodel::type::StrictDate[1]	FIRST_DAY_OF_THIS_QUARTER	SCALAR_RULE	Scalars.RULES	
meta::pure::functions::date::firstDayOfThisYear	():meta::pure::metamodel::type::Date[1]	FIRST_DAY_OF_THIS_YEAR	SCALAR_RULE	Scalars.RULES	
meta::pure::functions::date::firstDayOfWeek	(date:meta::pure::metamodel::type::Date[1]):meta::pure::metamodel::type::Date[1]	FIRST_DAY_OF_WEEK__DATE_1	SCALAR_RULE	Scalars.RULES	
meta::pure::functions::date::firstDayOfYear	(date:meta::pure::metamodel::type::Date[1]):meta::pure::metamodel::type::Date[1]	FIRST_DAY_OF_YEAR__DATE_1	SCALAR_RULE	Scalars.RULES	
meta::pure::functions::date::firstHourOfDay	(date:meta::pure::metamodel::type::Date[1]):meta::pure::metamodel::type::DateTime[1]	FIRST_HOUR_OF_DAY__DATE_1	SCALAR_RULE	Scalars.RULES	
meta::pure::functions::date::firstMillisecondOfSecond	(date:meta::pure::metamodel::type::Date[1]):meta::pure::metamodel::type::DateTime[1]	FIRST_MILLISECOND_OF_SECOND__DATE_1	SCALAR_RULE	Scalars.RULES	
meta::pure::functions::date::firstMinuteOfHour	(date:meta::pure::metamodel::type::Date[1]):meta::pure::metamodel::type::DateTime[1]	FIRST_MINUTE_OF_HOUR__DATE_1	SCALAR_RULE	Scalars.RULES	
meta::pure::functions::date::firstSecondOfMinute	(date:meta::pure::metamodel::type::Date[1]):meta::pure::metamodel::type::DateTime[1]	FIRST_SECOND_OF_MINUTE__DATE_1	SCALAR_RULE	Scalars.RULES	
meta::pure::functions::date::formatDate	(date:meta::pure::metamodel::type::StrictDate[1], dateFormat:meta::pure::functions::date::StrictDateFormat[1]):meta::pure::metamodel::type::String[1]	FORMAT_DATE__STRICT_DATE	SCALAR_RULE	Scalars.RULES	
meta::pure::functions::date::formatDate	(dateTime:meta::pure::metamodel::type::DateTime[1], dateTimeFormat:meta::pure::functions::date::DateTimeFormat[1]):meta::pure::metamodel::type::String[1]	FORMAT_DATE__DATE_TIME	SCALAR_RULE	Scalars.RULES	
meta::pure::functions::date::fromEpochValue	(secondsSinceEpoch:meta::pure::metamodel::type::Integer[1]):meta::pure::metamodel::type::DateTime[1]	FROM_EPOCH_VALUE__INTEGER_1	SCALAR_RULE	Scalars.RULES	
meta::pure::functions::date::fromEpochValue	(value:meta::pure::metamodel::type::Integer[1], unit:meta::pure::functions::date::DurationUnit[1]):meta::pure::metamodel::type::DateTime[1]	FROM_EPOCH_VALUE__INTEGER_1__DURATION_UNIT_1	SCALAR_RULE	Scalars.RULES	
meta::pure::functions::date::hasDay	(d:meta::pure::metamodel::type::Date[1]):meta::pure::metamodel::type::Boolean[1]	HAS_DAY__DATE_1	SCALAR_RULE	Scalars.RULES	
meta::pure::functions::date::hasHour	(d:meta::pure::metamodel::type::Date[1]):meta::pure::metamodel::type::Boolean[1]	HAS_HOUR__DATE_1	SCALAR_RULE	Scalars.RULES	
meta::pure::functions::date::hasMinute	(d:meta::pure::metamodel::type::Date[1]):meta::pure::metamodel::type::Boolean[1]	HAS_MINUTE__DATE_1	SCALAR_RULE	Scalars.RULES	
meta::pure::functions::date::hasMonth	(d:meta::pure::metamodel::type::Date[1]):meta::pure::metamodel::type::Boolean[1]	HAS_MONTH__DATE_1	SCALAR_RULE	Scalars.RULES	
meta::pure::functions::date::hasSecond	(d:meta::pure::metamodel::type::Date[1]):meta::pure::metamodel::type::Boolean[1]	HAS_SECOND__DATE_1	SCALAR_RULE	Scalars.RULES	
meta::pure::functions::date::hasSubsecond	(d:meta::pure::metamodel::type::Date[1]):meta::pure::metamodel::type::Boolean[1]	HAS_SUBSECOND__DATE_1	SCALAR_RULE	Scalars.RULES	
meta::pure::functions::date::hasSubsecondWithAtLeastPrecision	(d:meta::pure::metamodel::type::Date[1], minPrecision:meta::pure::metamodel::type::Integer[1]):meta::pure::metamodel::type::Boolean[1]	HAS_SUBSECOND_WITH_AT_LEAST_PRECISION__DATE_1__INTEGER_1	SCALAR_RULE	Scalars.RULES	
meta::pure::functions::date::hour	(d:meta::pure::metamodel::type::Date[1]):meta::pure::metamodel::type::Integer[1]	HOUR__DATE_1	SCALAR_RULE	Scalars.RULES	
meta::pure::functions::date::isAfterDay	(d1:meta::pure::metamodel::type::Date[1], d2:meta::pure::metamodel::type::Date[1]):meta::pure::metamodel::type::Boolean[1]	IS_AFTER_DAY__DATE_1__DATE_1	SCALAR_RULE	Scalars.RULES	
meta::pure::functions::date::isBeforeDay	(d1:meta::pure::metamodel::type::Date[1], d2:meta::pure::metamodel::type::Date[1]):meta::pure::metamodel::type::Boolean[1]	IS_BEFORE_DAY__DATE_1__DATE_1	SCALAR_RULE	Scalars.RULES	
meta::pure::functions::date::isOnDay	(d1:meta::pure::metamodel::type::Date[1], d2:meta::pure::metamodel::type::Date[1]):meta::pure::metamodel::type::Boolean[1]	IS_ON_DAY__DATE_1__DATE_1	SCALAR_RULE	Scalars.RULES	
meta::pure::functions::date::isOnOrAfterDay	(d1:meta::pure::metamodel::type::Date[1], d2:meta::pure::metamodel::type::Date[1]):meta::pure::metamodel::type::Boolean[1]	IS_ON_OR_AFTER_DAY__DATE_1__DATE_1	SCALAR_RULE	Scalars.RULES	
meta::pure::functions::date::isOnOrBeforeDay	(d1:meta::pure::metamodel::type::Date[1], d2:meta::pure::metamodel::type::Date[1]):meta::pure::metamodel::type::Boolean[1]	IS_ON_OR_BEFORE_DAY__DATE_1__DATE_1	SCALAR_RULE	Scalars.RULES	
meta::pure::functions::date::max	(dates:meta::pure::metamodel::type::DateTime[*]):meta::pure::metamodel::type::DateTime[0..1]	MAX__DATE_TIME_MANY	REDUCER|SCALAR_RULE	Aggregates.REDUCERS|Scalars.RULES	
meta::pure::functions::date::max	(dates:meta::pure::metamodel::type::Date[*]):meta::pure::metamodel::type::Date[0..1]	MAX__DATE_MANY	REDUCER|SCALAR_RULE	Aggregates.REDUCERS|Scalars.RULES	
meta::pure::functions::date::max	(dates:meta::pure::metamodel::type::StrictDate[*]):meta::pure::metamodel::type::StrictDate[0..1]	MAX__STRICT_DATE_MANY	REDUCER|SCALAR_RULE	Aggregates.REDUCERS|Scalars.RULES	
meta::pure::functions::date::max	(left:meta::pure::metamodel::type::DateTime[1], right:meta::pure::metamodel::type::DateTime[1]):meta::pure::metamodel::type::DateTime[1]	MAX__DATE_TIME_1__DATE_TIME_1	REDUCER|SCALAR_RULE	Aggregates.REDUCERS|Scalars.RULES	
meta::pure::functions::date::max	(left:meta::pure::metamodel::type::Date[1], right:meta::pure::metamodel::type::Date[1]):meta::pure::metamodel::type::Date[1]	MAX__DATE_1__DATE_1	REDUCER|SCALAR_RULE	Aggregates.REDUCERS|Scalars.RULES	
meta::pure::functions::date::max	(left:meta::pure::metamodel::type::StrictDate[1], right:meta::pure::metamodel::type::StrictDate[1]):meta::pure::metamodel::type::StrictDate[1]	MAX__STRICT_DATE_1__STRICT_DATE_1	REDUCER|SCALAR_RULE	Aggregates.REDUCERS|Scalars.RULES	
meta::pure::functions::date::min	(dates:meta::pure::metamodel::type::DateTime[*]):meta::pure::metamodel::type::DateTime[0..1]	MIN__DATE_TIME_MANY	REDUCER|SCALAR_RULE	Aggregates.REDUCERS|Scalars.RULES	
meta::pure::functions::date::min	(dates:meta::pure::metamodel::type::Date[*]):meta::pure::metamodel::type::Date[0..1]	MIN__DATE_MANY	REDUCER|SCALAR_RULE	Aggregates.REDUCERS|Scalars.RULES	
meta::pure::functions::date::min	(dates:meta::pure::metamodel::type::StrictDate[*]):meta::pure::metamodel::type::StrictDate[0..1]	MIN__STRICT_DATE_MANY	REDUCER|SCALAR_RULE	Aggregates.REDUCERS|Scalars.RULES	
meta::pure::functions::date::min	(left:meta::pure::metamodel::type::DateTime[1], right:meta::pure::metamodel::type::DateTime[1]):meta::pure::metamodel::type::DateTime[1]	MIN__DATE_TIME_1__DATE_TIME_1	REDUCER|SCALAR_RULE	Aggregates.REDUCERS|Scalars.RULES	
meta::pure::functions::date::min	(left:meta::pure::metamodel::type::Date[1], right:meta::pure::metamodel::type::Date[1]):meta::pure::metamodel::type::Date[1]	MIN__DATE_1__DATE_1	REDUCER|SCALAR_RULE	Aggregates.REDUCERS|Scalars.RULES	
meta::pure::functions::date::min	(left:meta::pure::metamodel::type::StrictDate[1], right:meta::pure::metamodel::type::StrictDate[1]):meta::pure::metamodel::type::StrictDate[1]	MIN__STRICT_DATE_1__STRICT_DATE_1	REDUCER|SCALAR_RULE	Aggregates.REDUCERS|Scalars.RULES	
meta::pure::functions::date::minute	(d:meta::pure::metamodel::type::Date[1]):meta::pure::metamodel::type::Integer[1]	MINUTE__DATE_1	SCALAR_RULE	Scalars.RULES	
meta::pure::functions::date::month	(d:meta::pure::metamodel::type::Date[1]):meta::pure::functions::date::Month[1]	MONTH__DATE_1	SCALAR_RULE	Scalars.RULES	
meta::pure::functions::date::monthNumber	(d:meta::pure::metamodel::type::Date[0..1]):meta::pure::metamodel::type::Integer[0..1]	MONTH_NUMBER__DATE_0_1	SCALAR_RULE	Scalars.RULES	
meta::pure::functions::date::monthNumber	(d:meta::pure::metamodel::type::Date[1]):meta::pure::metamodel::type::Integer[1]	MONTH_NUMBER__DATE_1	SCALAR_RULE	Scalars.RULES	
meta::pure::functions::date::mostRecentDayOfWeek	(date:meta::pure::metamodel::type::Date[1], day:meta::pure::functions::date::DayOfWeek[1]):meta::pure::metamodel::type::Date[1]	MOST_RECENT_DAY_OF_WEEK__DATE_1__DAY_1	SCALAR_RULE	Scalars.RULES	
meta::pure::functions::date::mostRecentDayOfWeek	(day:meta::pure::functions::date::DayOfWeek[1]):meta::pure::metamodel::type::Date[1]	MOST_RECENT_DAY_OF_WEEK__DAY_1	SCALAR_RULE	Scalars.RULES	
meta::pure::functions::date::now	():meta::pure::metamodel::type::DateTime[1]	NOW	SCALAR_RULE	Scalars.RULES	
meta::pure::functions::date::previousDayOfWeek	(date:meta::pure::metamodel::type::Date[1], day:meta::pure::functions::date::DayOfWeek[1]):meta::pure::metamodel::type::Date[1]	PREVIOUS_DAY_OF_WEEK__DATE_1__DAY_1	SCALAR_RULE	Scalars.RULES	
meta::pure::functions::date::previousDayOfWeek	(day:meta::pure::functions::date::DayOfWeek[1]):meta::pure::metamodel::type::Date[1]	PREVIOUS_DAY_OF_WEEK__DAY_1	SCALAR_RULE	Scalars.RULES	
meta::pure::functions::date::quarter	(d:meta::pure::metamodel::type::Date[1]):meta::pure::functions::date::Quarter[1]	QUARTER__DATE_1	SCALAR_RULE	Scalars.RULES	
meta::pure::functions::date::quarterNumber	(d:meta::pure::metamodel::type::Date[1]):meta::pure::metamodel::type::Integer[1]	QUARTER_NUMBER__DATE_1	SCALAR_RULE	Scalars.RULES	
meta::pure::functions::date::second	(d:meta::pure::metamodel::type::Date[1]):meta::pure::metamodel::type::Integer[1]	SECOND__DATE_1	SCALAR_RULE	Scalars.RULES	
meta::pure::functions::date::timeBucket	(date:meta::pure::metamodel::type::DateTime[1], quantity:meta::pure::metamodel::type::Integer[1], unit:meta::pure::functions::date::DurationUnit[1]):meta::pure::metamodel::type::DateTime[1]	TIME_BUCKET__DATETIME_1__INTEGER_1__DURATION_UNIT_1	SCALAR_RULE	Scalars.RULES	
meta::pure::functions::date::timeBucket	(date:meta::pure::metamodel::type::StrictDate[1], quantity:meta::pure::metamodel::type::Integer[1], unit:meta::pure::functions::date::DurationUnit[1]):meta::pure::metamodel::type::StrictDate[1]	TIME_BUCKET__STRICTDATE_1__INTEGER_1__DURATION_UNIT_1	SCALAR_RULE	Scalars.RULES	
meta::pure::functions::date::toEpochValue	(d:meta::pure::metamodel::type::Date[1]):meta::pure::metamodel::type::Integer[1]	TO_EPOCH_VALUE__DATE_1	SCALAR_RULE	Scalars.RULES	
meta::pure::functions::date::toEpochValue	(d:meta::pure::metamodel::type::Date[1], unit:meta::pure::functions::date::DurationUnit[1]):meta::pure::metamodel::type::Integer[1]	TO_EPOCH_VALUE__DATE_1__DURATION_UNIT_1	SCALAR_RULE	Scalars.RULES	
meta::pure::functions::date::today	():meta::pure::metamodel::type::StrictDate[1]	TODAY	SCALAR_RULE	Scalars.RULES	
meta::pure::functions::date::weekOfYear	(d:meta::pure::metamodel::type::Date[0..1]):meta::pure::metamodel::type::Integer[0..1]	WEEK_OF_YEAR__DATE_0_1	SCALAR_RULE	Scalars.RULES	
meta::pure::functions::date::weekOfYear	(d:meta::pure::metamodel::type::Date[1]):meta::pure::metamodel::type::Integer[1]	WEEK_OF_YEAR__DATE_1	SCALAR_RULE	Scalars.RULES	
meta::pure::functions::date::year	(d:meta::pure::metamodel::type::Date[0..1]):meta::pure::metamodel::type::Integer[0..1]	YEAR__DATE_0_1	SCALAR_RULE	Scalars.RULES	
meta::pure::functions::date::year	(d:meta::pure::metamodel::type::Date[1]):meta::pure::metamodel::type::Integer[1]	YEAR__DATE_1	SCALAR_RULE	Scalars.RULES	
meta::pure::functions::flow::coalesce	<T>(value1:T[0..1], value2:T[0..1], ifEmpty:T[0..1]):T[0..1]	COALESCE__T_0_1__T_0_1__T_0_1	SCALAR_RULE	Scalars.RULES	Callees
meta::pure::functions::flow::coalesce	<T>(value1:T[0..1], value2:T[0..1], ifEmpty:T[1]):T[1]	COALESCE__T_0_1__T_0_1__T_1	SCALAR_RULE	Scalars.RULES	Callees
meta::pure::functions::flow::coalesce	<T>(value1:T[0..1], value2:T[0..1], value3:T[0..1], ifEmpty:T[0..1]):T[0..1]	COALESCE__T_0_1__T_0_1__T_0_1__T_0_1	SCALAR_RULE	Scalars.RULES	Callees
meta::pure::functions::flow::coalesce	<T>(value1:T[0..1], value2:T[0..1], value3:T[0..1], ifEmpty:T[1]):T[1]	COALESCE__T_0_1__T_0_1__T_0_1__T_1	SCALAR_RULE	Scalars.RULES	Callees
meta::pure::functions::flow::coalesce	<T>(value:T[0..1], ifEmpty:T[0..1]):T[0..1]	COALESCE__T_0_1__T_0_1	SCALAR_RULE	Scalars.RULES	Callees
meta::pure::functions::flow::coalesce	<T>(value:T[0..1], ifEmpty:T[1]):T[1]	COALESCE__T_0_1__T_1	SCALAR_RULE	Scalars.RULES	Callees
meta::pure::functions::hash::hash	(text:meta::pure::metamodel::type::String[1], hashType:meta::pure::functions::hash::HashType[1]):meta::pure::metamodel::type::String[1]	HASH__STRING_1__HASH_TYPE_1	SCALAR_RULE	Scalars.RULES	Scalars
meta::pure::functions::hash::hashCode	(vals:meta::pure::metamodel::type::Any[*]):meta::pure::metamodel::type::Integer[1]	HASH_CODE__ANY_MANY	REDUCER|SCALAR_RULE	Aggregates.REDUCERS|Scalars.RULES	
meta::pure::functions::io::http::executeHTTPRaw	(url:meta::pure::functions::io::http::URL[1], method:meta::pure::functions::io::http::HTTPMethod[1], mimeType:meta::pure::metamodel::type::String[0..1], body:meta::pure::metamodel::type::String[0..1]):meta::pure::functions::io::http::HTTPResponse[1]	EXECUTE_HTTP_RAW__URL_1__METHOD_1__STRING_01__STRING_01	WALL	Pure.WALLED_NATIVES	
meta::pure::functions::io::print	(param:meta::pure::metamodel::type::Any[*]):meta::pure::metamodel::type::Nil[0]	PRINT__ANY_M	FAMILY|SCALAR_RULE	NativeFn.Effect|Scalars.RULES	PlatformTypes
meta::pure::functions::io::print	(param:meta::pure::metamodel::type::Any[*], max:meta::pure::metamodel::type::Integer[1]):meta::pure::metamodel::type::Nil[0]	PRINT__ANY_M__INTEGER_1	FAMILY|SCALAR_RULE	NativeFn.Effect|Scalars.RULES	PlatformTypes
meta::pure::functions::io::println	(param:meta::pure::metamodel::type::Any[*]):meta::pure::metamodel::type::Nil[0]	PRINTLN__ANY_M	FAMILY|SCALAR_RULE	NativeFn.Effect|Scalars.RULES	PlatformTypes
meta::pure::functions::io::println	(param:meta::pure::metamodel::type::Any[*], max:meta::pure::metamodel::type::Integer[1]):meta::pure::metamodel::type::Nil[0]	PRINTLN__ANY_M__INTEGER_1	FAMILY|SCALAR_RULE	NativeFn.Effect|Scalars.RULES	PlatformTypes
meta::pure::functions::lang::cast	<T|m>(source:meta::pure::metamodel::type::Any[m], object:T[1]):T[m]	CAST__ANY_m__T_1	CORE_FN	CoreFn.CAST	AggregationAwareRouting;CastChecker
meta::pure::functions::lang::compare	<T>(a:T[1], b:T[1]):meta::pure::metamodel::type::Integer[1]	COMPARE__T_1__T_1	SCALAR_RULE	Scalars.RULES	ClassSorts;Comparators
meta::pure::functions::lang::dynamicNew	(class:meta::pure::metamodel::type::Class<meta::pure::metamodel::type::Any>[1], keyExpressions:meta::pure::functions::lang::KeyValue[*]):meta::pure::metamodel::type::Any[1]	DYNAMIC_NEW__CLASS_1__KEYVALUE_MANY	FAMILY	NativeFn.LiteralForm	
meta::pure::functions::lang::dynamicNew	(class:meta::pure::metamodel::type::Class<meta::pure::metamodel::type::Any>[1], keyExpressions:meta::pure::functions::lang::KeyValue[*], getterOverrideToOne:meta::pure::metamodel::function::Function<{meta::pure::metamodel::type::Any[1],meta::pure::metamodel::function::property::Property<meta::pure::metamodel::type::Nil,meta::pure::metamodel::type::Any>[1]->meta::pure::metamodel::type::Any[0..1]}>[0..1], getterOverrideToMany:meta::pure::metamodel::function::Function<{meta::pure::metamodel::type::Any[1],meta::pure::metamodel::function::property::Property<meta::pure::metamodel::type::Nil,meta::pure::metamodel::type::Any>[1]->meta::pure::metamodel::type::Any[*]}>[0..1], hiddenPayload:meta::pure::metamodel::type::Any[0..1]):meta::pure::metamodel::type::Any[1]	DYNAMIC_NEW__CLASS_5	FAMILY	NativeFn.LiteralForm	
meta::pure::functions::lang::dynamicNew	(class:meta::pure::metamodel::type::Class<meta::pure::metamodel::type::Any>[1], keyExpressions:meta::pure::functions::lang::KeyValue[*], getterOverrideToOne:meta::pure::metamodel::function::Function<{meta::pure::metamodel::type::Any[1],meta::pure::metamodel::function::property::Property<meta::pure::metamodel::type::Nil,meta::pure::metamodel::type::Any>[1]->meta::pure::metamodel::type::Any[0..1]}>[0..1], getterOverrideToMany:meta::pure::metamodel::function::Function<{meta::pure::metamodel::type::Any[1],meta::pure::metamodel::function::property::Property<meta::pure::metamodel::type::Nil,meta::pure::metamodel::type::Any>[1]->meta::pure::metamodel::type::Any[*]}>[0..1], hiddenPayload:meta::pure::metamodel::type::Any[0..1], constraintsManager:meta::pure::metamodel::function::Function<{meta::pure::metamodel::type::Any[1]->meta::pure::metamodel::type::Any[1]}>[0..1]):meta::pure::metamodel::type::Any[1]	DYNAMIC_NEW__CLASS_6	FAMILY	NativeFn.LiteralForm	
meta::pure::functions::lang::dynamicNew	(genericType:meta::pure::metamodel::type::generics::GenericType[1], keyExpressions:meta::pure::functions::lang::KeyValue[*]):meta::pure::metamodel::type::Any[1]	DYNAMIC_NEW__GENERICTYPE_1__KEYVALUE_MANY	FAMILY	NativeFn.LiteralForm	
meta::pure::functions::lang::dynamicNew	(genericType:meta::pure::metamodel::type::generics::GenericType[1], keyExpressions:meta::pure::functions::lang::KeyValue[*], getterOverrideToOne:meta::pure::metamodel::function::Function<{meta::pure::metamodel::type::Any[1],meta::pure::metamodel::function::property::Property<meta::pure::metamodel::type::Nil,meta::pure::metamodel::type::Any>[1]->meta::pure::metamodel::type::Any[0..1]}>[0..1], getterOverrideToMany:meta::pure::metamodel::function::Function<{meta::pure::metamodel::type::Any[1],meta::pure::metamodel::function::property::Property<meta::pure::metamodel::type::Nil,meta::pure::metamodel::type::Any>[1]->meta::pure::metamodel::type::Any[*]}>[0..1], hiddenPayload:meta::pure::metamodel::type::Any[0..1]):meta::pure::metamodel::type::Any[1]	DYNAMIC_NEW__GENERIC_5	FAMILY	NativeFn.LiteralForm	
meta::pure::functions::lang::dynamicNew	(genericType:meta::pure::metamodel::type::generics::GenericType[1], keyExpressions:meta::pure::functions::lang::KeyValue[*], getterOverrideToOne:meta::pure::metamodel::function::Function<{meta::pure::metamodel::type::Any[1],meta::pure::metamodel::function::property::Property<meta::pure::metamodel::type::Nil,meta::pure::metamodel::type::Any>[1]->meta::pure::metamodel::type::Any[0..1]}>[0..1], getterOverrideToMany:meta::pure::metamodel::function::Function<{meta::pure::metamodel::type::Any[1],meta::pure::metamodel::function::property::Property<meta::pure::metamodel::type::Nil,meta::pure::metamodel::type::Any>[1]->meta::pure::metamodel::type::Any[*]}>[0..1], hiddenPayload:meta::pure::metamodel::type::Any[0..1], constraintsManager:meta::pure::metamodel::function::Function<{meta::pure::metamodel::type::Any[1]->meta::pure::metamodel::type::Any[1]}>[0..1]):meta::pure::metamodel::type::Any[1]	DYNAMIC_NEW__GENERIC_6	FAMILY	NativeFn.LiteralForm	
meta::pure::functions::lang::eval	<T,U,V,W,X,Y,Z|m,n,p,q,r,s,t>(func:meta::pure::metamodel::function::Function<{T[n],U[p],W[q],X[r],Y[s],Z[t]->V[m]}>[1], param1:T[n], param2:U[p], param3:W[q], param4:X[r], param5:Y[s], param6:Z[t]):V[m]	EVAL__FUNCTION_1__6	CORE_FN	CoreFn.EVAL	
meta::pure::functions::lang::eval	<T,U,V,W,X,Y|m,n,p,q,r,s>(func:meta::pure::metamodel::function::Function<{T[n],U[p],W[q],X[r],Y[s]->V[m]}>[1], param1:T[n], param2:U[p], param3:W[q], param4:X[r], param5:Y[s]):V[m]	EVAL__FUNCTION_1__5	CORE_FN	CoreFn.EVAL	
meta::pure::functions::lang::eval	<T,U,V,W,X|m,n,p,q,r>(func:meta::pure::metamodel::function::Function<{T[n],U[p],W[q],X[r]->V[m]}>[1], param1:T[n], param2:U[p], param3:W[q], param4:X[r]):V[m]	EVAL__FUNCTION_1__4	CORE_FN	CoreFn.EVAL	
meta::pure::functions::lang::eval	<T,U,V,W|m,n,p,q>(func:meta::pure::metamodel::function::Function<{T[n],U[p],W[q]->V[m]}>[1], param1:T[n], param2:U[p], param3:W[q]):V[m]	EVAL__FUNCTION_1__T_n__U_p__W_q	CORE_FN	CoreFn.EVAL	
meta::pure::functions::lang::eval	<T,U,V|m,n,p>(func:meta::pure::metamodel::function::Function<{T[n],U[p]->V[m]}>[1], param1:T[n], param2:U[p]):V[m]	EVAL__FUNCTION_1__T_n__U_p	CORE_FN	CoreFn.EVAL	
meta::pure::functions::lang::eval	<T,V|m,n>(func:meta::pure::metamodel::function::Function<{T[n]->V[m]}>[1], param:T[n]):V[m]	EVAL__FUNCTION_1__T_n	CORE_FN	CoreFn.EVAL	
meta::pure::functions::lang::eval	<V|m>(func:meta::pure::metamodel::function::Function<{->V[m]}>[1]):V[m]	EVAL__FUNCTION_1	CORE_FN	CoreFn.EVAL	
meta::pure::functions::lang::extractEnumValue	<T>(enum:meta::pure::metamodel::type::Enumeration<T>[1], value:meta::pure::metamodel::type::String[0..1]):T[0..1]	EXTRACT_ENUM_VALUE__OPTIONAL	FAMILY	NativeFn.TyperForm	
meta::pure::functions::lang::extractEnumValue	<T>(enum:meta::pure::metamodel::type::Enumeration<T>[1], value:meta::pure::metamodel::type::String[1]):T[1]	EXTRACT_ENUM_VALUE	FAMILY	NativeFn.TyperForm	
meta::pure::functions::lang::if	<T|m>(condList:meta::pure::functions::collection::Pair<meta::pure::metamodel::function::Function<{->meta::pure::metamodel::type::Boolean[1]}>,meta::pure::metamodel::function::Function<{->T[m]}>>[*], last:meta::pure::metamodel::function::Function<{->T[m]}>[1]):T[m]	IF__PAIR_MANY__FUNCTION_1	CORE_FN	CoreFn.IF	CollectionLanes
meta::pure::functions::lang::if	<T|m>(test:meta::pure::metamodel::type::Boolean[1], valid:meta::pure::metamodel::function::Function<{->T[m]}>[1], invalid:meta::pure::metamodel::function::Function<{->T[m]}>[1]):T[m]	IF__BOOLEAN_1__FUNCTION_1__FUNCTION_1	CORE_FN	CoreFn.IF	CollectionLanes
meta::pure::functions::lang::letFunction	<T|m>(left:meta::pure::metamodel::type::String[1], right:T[m]):T[m]	LET_FUNCTION__STRING_1__T_m	CORE_FN	CoreFn.LET	
meta::pure::functions::lang::match	<T,P|m,n,o>(var:meta::pure::metamodel::type::Any[*], functions:meta::pure::metamodel::function::Function<{meta::pure::metamodel::type::Nil[n],P[o]->T[m]}>[1..*], with:P[o]):T[m]	MATCH__ANY_MANY__FUNCTION_1_MANY__P_o	CORE_FN	CoreFn.MATCH	
meta::pure::functions::lang::match	<T|m,n>(var:meta::pure::metamodel::type::Any[*], functions:meta::pure::metamodel::function::Function<{meta::pure::metamodel::type::Nil[n]->T[m]}>[1..*]):T[m]	MATCH__ANY_MANY__FUNCTION_1_MANY	CORE_FN	CoreFn.MATCH	
meta::pure::functions::lang::mutateAdd	<T>(obj:T[1], property:meta::pure::metamodel::type::String[1], value:meta::pure::metamodel::type::Any[*]):T[1]	MUTATE_ADD__T_1__STRING_1__ANY_MANY	WALL	Pure.WALLED_NATIVES	
meta::pure::functions::lang::subType	<T|m>(source:meta::pure::metamodel::type::Any[m], object:T[1]):T[m]	SUB_TYPE__ANY_m__T_1	FAMILY	NativeFn.SubtypeForm	
meta::pure::functions::lang::toMultiplicity	<T|z>(source:T[*], object:meta::pure::metamodel::type::Any[z]):T[z]	TO_MULTIPLICITY__T_MANY__ANY_Z	WALL	Pure.WALLED_NATIVES	
meta::pure::functions::lang::whenSubType	<T>(source:meta::pure::metamodel::type::Any[*], object:T[1]):T[*]	WHEN_SUB_TYPE__ANY_MANY__T_1	FAMILY	NativeFn.SubtypeForm	
meta::pure::functions::lang::whenSubType	<T>(source:meta::pure::metamodel::type::Any[0..1], object:T[1]):T[0..1]	WHEN_SUB_TYPE__ANY_01__T_1	FAMILY	NativeFn.SubtypeForm	
meta::pure::functions::lang::whenSubType	<T>(source:meta::pure::metamodel::type::Any[1], object:T[1]):T[0..1]	WHEN_SUB_TYPE__ANY_1__T_1	FAMILY	NativeFn.SubtypeForm	
meta::pure::functions::math::abs	(decimal:meta::pure::metamodel::type::Decimal[1]):meta::pure::metamodel::type::Decimal[1]	ABS__DECIMAL_1	SCALAR_RULE	Scalars.RULES	
meta::pure::functions::math::abs	(float:meta::pure::metamodel::type::Float[1]):meta::pure::metamodel::type::Float[1]	ABS__FLOAT_1	SCALAR_RULE	Scalars.RULES	
meta::pure::functions::math::abs	(int:meta::pure::metamodel::type::Integer[1]):meta::pure::metamodel::type::Integer[1]	ABS__INTEGER_1	SCALAR_RULE	Scalars.RULES	
meta::pure::functions::math::abs	(number:meta::pure::metamodel::type::Number[1]):meta::pure::metamodel::type::Number[1]	ABS__NUMBER_1	SCALAR_RULE	Scalars.RULES	
meta::pure::functions::math::acos	(number:meta::pure::metamodel::type::Number[1]):meta::pure::metamodel::type::Float[1]	ACOS__NUMBER_1	SCALAR_RULE	Scalars.RULES	
meta::pure::functions::math::asin	(number:meta::pure::metamodel::type::Number[1]):meta::pure::metamodel::type::Float[1]	ASIN__NUMBER_1	SCALAR_RULE	Scalars.RULES	
meta::pure::functions::math::atan	(number:meta::pure::metamodel::type::Number[1]):meta::pure::metamodel::type::Float[1]	ATAN__NUMBER_1	SCALAR_RULE	Scalars.RULES	
meta::pure::functions::math::atan2	(number1:meta::pure::metamodel::type::Number[1], number2:meta::pure::metamodel::type::Number[1]):meta::pure::metamodel::type::Float[1]	ATAN2__NUMBER_1__NUMBER_1	SCALAR_RULE	Scalars.RULES	
meta::pure::functions::math::average	(numbers:meta::pure::metamodel::type::Number[*]):meta::pure::metamodel::type::Float[1]	AVERAGE__NUMBER_MANY	REDUCER|SCALAR_RULE	Aggregates.REDUCERS|Scalars.RULES	CorrelatedSubselects
meta::pure::functions::math::average	<T>(partition:meta::pure::metamodel::relation::Relation<T>[1], window:meta::pure::functions::relation::_Window<T>[1], row:T[1], colToAgg:meta::pure::metamodel::relation::ColSpec<(?:meta::pure::metamodel::type::Number)SUBSETT>[1]):meta::pure::metamodel::type::Float[1]	AVERAGE__RELATION_1__WINDOW_1__T_1__COL_SPEC_1	REDUCER|SCALAR_RULE|WINDOW_AGG	Aggregates.REDUCERS|Scalars.RULES|Windows.AGGREGATES	CorrelatedSubselects
meta::pure::functions::math::bitAnd	(arg1:meta::pure::metamodel::type::Integer[1], arg2:meta::pure::metamodel::type::Integer[1]):meta::pure::metamodel::type::Integer[1]	BIT_AND__INTEGER_1__INTEGER_1	SCALAR_RULE	Scalars.RULES	
meta::pure::functions::math::bitNot	(arg:meta::pure::metamodel::type::Integer[1]):meta::pure::metamodel::type::Integer[1]	BIT_NOT__INTEGER_1	SCALAR_RULE	Scalars.RULES	
meta::pure::functions::math::bitOr	(arg1:meta::pure::metamodel::type::Integer[1], arg2:meta::pure::metamodel::type::Integer[1]):meta::pure::metamodel::type::Integer[1]	BIT_OR__INTEGER_1__INTEGER_1	SCALAR_RULE	Scalars.RULES	
meta::pure::functions::math::bitShiftLeft	(arg:meta::pure::metamodel::type::Integer[1], n:meta::pure::metamodel::type::Integer[1]):meta::pure::metamodel::type::Integer[1]	BIT_SHIFT_LEFT__INTEGER_1__INTEGER_1	SCALAR_RULE	Scalars.RULES	
meta::pure::functions::math::bitShiftRight	(arg:meta::pure::metamodel::type::Integer[1], n:meta::pure::metamodel::type::Integer[1]):meta::pure::metamodel::type::Integer[1]	BIT_SHIFT_RIGHT__INTEGER_1__INTEGER_1	SCALAR_RULE	Scalars.RULES	
meta::pure::functions::math::bitXor	(arg1:meta::pure::metamodel::type::Integer[1], arg2:meta::pure::metamodel::type::Integer[1]):meta::pure::metamodel::type::Integer[1]	BIT_XOR__INTEGER_1__INTEGER_1	SCALAR_RULE	Scalars.RULES	
meta::pure::functions::math::cbrt	(number:meta::pure::metamodel::type::Number[1]):meta::pure::metamodel::type::Float[1]	CBRT__NUMBER_1	SCALAR_RULE	Scalars.RULES	
meta::pure::functions::math::ceiling	(number:meta::pure::metamodel::type::Number[1]):meta::pure::metamodel::type::Integer[1]	CEILING__NUMBER_1	SCALAR_RULE	Scalars.RULES	
meta::pure::functions::math::corr	(covarRows:meta::pure::functions::math::mathUtility::RowMapper<meta::pure::metamodel::type::Number,meta::pure::metamodel::type::Number>[*]):meta::pure::metamodel::type::Number[0..1]	CORR__ROW_MAPPER_MANY	REDUCER|SCALAR_RULE	Aggregates.REDUCERS|Scalars.RULES	
meta::pure::functions::math::corr	(numbersA:meta::pure::metamodel::type::Number[*], numbersB:meta::pure::metamodel::type::Number[*]):meta::pure::metamodel::type::Number[0..1]	CORR__NUMBER_MANY__NUMBER_MANY	REDUCER|SCALAR_RULE	Aggregates.REDUCERS|Scalars.RULES	
meta::pure::functions::math::cos	(number:meta::pure::metamodel::type::Number[1]):meta::pure::metamodel::type::Float[1]	COS__NUMBER_1	SCALAR_RULE	Scalars.RULES	
meta::pure::functions::math::cosh	(number:meta::pure::metamodel::type::Number[1]):meta::pure::metamodel::type::Float[1]	COSH__NUMBER_1	SCALAR_RULE	Scalars.RULES	
meta::pure::functions::math::cot	(number:meta::pure::metamodel::type::Number[1]):meta::pure::metamodel::type::Float[1]	COT__NUMBER_1	SCALAR_RULE	Scalars.RULES	
meta::pure::functions::math::covarPopulation	(covarRows:meta::pure::functions::math::mathUtility::RowMapper<meta::pure::metamodel::type::Number,meta::pure::metamodel::type::Number>[*]):meta::pure::metamodel::type::Number[0..1]	COVAR_POPULATION__ROW_MAPPER_MANY	REDUCER|SCALAR_RULE	Aggregates.REDUCERS|Scalars.RULES	
meta::pure::functions::math::covarPopulation	(numbersA:meta::pure::metamodel::type::Number[*], numbersB:meta::pure::metamodel::type::Number[*]):meta::pure::metamodel::type::Number[0..1]	COVAR_POPULATION__NUMBER_MANY__NUMBER_MANY	REDUCER|SCALAR_RULE	Aggregates.REDUCERS|Scalars.RULES	
meta::pure::functions::math::covarSample	(covarRows:meta::pure::functions::math::mathUtility::RowMapper<meta::pure::metamodel::type::Number,meta::pure::metamodel::type::Number>[*]):meta::pure::metamodel::type::Number[0..1]	COVAR_SAMPLE__ROW_MAPPER_MANY	REDUCER|SCALAR_RULE	Aggregates.REDUCERS|Scalars.RULES	
meta::pure::functions::math::covarSample	(numbersA:meta::pure::metamodel::type::Number[*], numbersB:meta::pure::metamodel::type::Number[*]):meta::pure::metamodel::type::Number[0..1]	COVAR_SAMPLE__NUMBER_MANY__NUMBER_MANY	REDUCER|SCALAR_RULE	Aggregates.REDUCERS|Scalars.RULES	
meta::pure::functions::math::divide	(left:meta::pure::metamodel::type::Decimal[1], right:meta::pure::metamodel::type::Decimal[1], scale:meta::pure::metamodel::type::Integer[1]):meta::pure::metamodel::type::Decimal[1]	DIVIDE__DECIMAL_1__DECIMAL_1__INTEGER_1	SCALAR_RULE	Scalars.RULES	
meta::pure::functions::math::divide	(left:meta::pure::metamodel::type::Number[1], right:meta::pure::metamodel::type::Number[1]):meta::pure::metamodel::type::Float[1]	DIVIDE__NUMBER_1__NUMBER_1	SCALAR_RULE	Scalars.RULES	
meta::pure::functions::math::exp	(exponent:meta::pure::metamodel::type::Number[1]):meta::pure::metamodel::type::Float[1]	EXP__NUMBER_1	SCALAR_RULE	Scalars.RULES	
meta::pure::functions::math::floor	(number:meta::pure::metamodel::type::Number[1]):meta::pure::metamodel::type::Integer[1]	FLOOR__NUMBER_1	SCALAR_RULE	Scalars.RULES	
meta::pure::functions::math::log	(value:meta::pure::metamodel::type::Number[1]):meta::pure::metamodel::type::Float[1]	LOG__NUMBER_1	SCALAR_RULE	Scalars.RULES	
meta::pure::functions::math::log10	(value:meta::pure::metamodel::type::Number[1]):meta::pure::metamodel::type::Float[1]	LOG10__NUMBER_1	SCALAR_RULE	Scalars.RULES	
meta::pure::functions::math::mathUtility::rowMapper	<T,U>(rowA:T[0..1], rowB:U[0..1]):meta::pure::functions::math::mathUtility::RowMapper<T,U>[1]	ROW_MAPPER__T_0_1__U_0_1	FAMILY	NativeFn.LowererForm	
meta::pure::functions::math::max	(floats:meta::pure::metamodel::type::Float[*]):meta::pure::metamodel::type::Float[0..1]	MAX__FLOAT_MANY	REDUCER|SCALAR_RULE	Aggregates.REDUCERS|Scalars.RULES	
meta::pure::functions::math::max	(ints:meta::pure::metamodel::type::Integer[*]):meta::pure::metamodel::type::Integer[0..1]	MAX__INTEGER_MANY	REDUCER|SCALAR_RULE	Aggregates.REDUCERS|Scalars.RULES	
meta::pure::functions::math::max	(left:meta::pure::metamodel::type::Float[1], right:meta::pure::metamodel::type::Float[1]):meta::pure::metamodel::type::Float[1]	MAX__FLOAT_1__FLOAT_1	REDUCER|SCALAR_RULE	Aggregates.REDUCERS|Scalars.RULES	
meta::pure::functions::math::max	(left:meta::pure::metamodel::type::Integer[1], right:meta::pure::metamodel::type::Integer[1]):meta::pure::metamodel::type::Integer[1]	MAX__INTEGER_1__INTEGER_1	REDUCER|SCALAR_RULE	Aggregates.REDUCERS|Scalars.RULES	
meta::pure::functions::math::max	(left:meta::pure::metamodel::type::Number[1], right:meta::pure::metamodel::type::Number[1]):meta::pure::metamodel::type::Number[1]	MAX__NUMBER_1__NUMBER_1	REDUCER|SCALAR_RULE	Aggregates.REDUCERS|Scalars.RULES	
meta::pure::functions::math::max	(numbers:meta::pure::metamodel::type::Number[*]):meta::pure::metamodel::type::Number[0..1]	MAX__NUMBER_MANY	REDUCER|SCALAR_RULE	Aggregates.REDUCERS|Scalars.RULES	
meta::pure::functions::math::maxBy	<T>(colRows:meta::pure::functions::math::mathUtility::RowMapper<T,meta::pure::metamodel::type::Number>[*]):T[0..1]	MAX_BY__ROW_MAPPER_MANY	REDUCER|SCALAR_RULE	Aggregates.REDUCERS|Scalars.RULES	
meta::pure::functions::math::maxBy	<T>(col_to_return:T[*], col_containing_maximum:meta::pure::metamodel::type::Number[*]):T[0..1]	MAX_BY__T_MANY__NUMBER_MANY	REDUCER|SCALAR_RULE	Aggregates.REDUCERS|Scalars.RULES	
meta::pure::functions::math::maxBy	<T>(col_to_return:T[*], col_containing_maximum:meta::pure::metamodel::type::Number[*], n:meta::pure::metamodel::type::Integer[1]):T[*]	MAX_BY__T_MANY__NUMBER_MANY__INTEGER_1	REDUCER|SCALAR_RULE	Aggregates.REDUCERS|Scalars.RULES	
meta::pure::functions::math::mean	(numbers:meta::pure::metamodel::type::Number[*]):meta::pure::metamodel::type::Float[1]	MEAN__NUMBER_MANY	REDUCER|SCALAR_RULE	Aggregates.REDUCERS|Scalars.RULES	CorrelatedSubselects
meta::pure::functions::math::median	(numbers:meta::pure::metamodel::type::Number[*]):meta::pure::metamodel::type::Float[1]	MEDIAN__NUMBER_MANY	REDUCER|SCALAR_RULE	Aggregates.REDUCERS|Scalars.RULES	
meta::pure::functions::math::min	(floats:meta::pure::metamodel::type::Float[*]):meta::pure::metamodel::type::Float[0..1]	MIN__FLOAT_MANY	REDUCER|SCALAR_RULE	Aggregates.REDUCERS|Scalars.RULES	
meta::pure::functions::math::min	(ints:meta::pure::metamodel::type::Integer[*]):meta::pure::metamodel::type::Integer[0..1]	MIN__INTEGER_MANY	REDUCER|SCALAR_RULE	Aggregates.REDUCERS|Scalars.RULES	
meta::pure::functions::math::min	(left:meta::pure::metamodel::type::Float[1], right:meta::pure::metamodel::type::Float[1]):meta::pure::metamodel::type::Float[1]	MIN__FLOAT_1__FLOAT_1	REDUCER|SCALAR_RULE	Aggregates.REDUCERS|Scalars.RULES	
meta::pure::functions::math::min	(left:meta::pure::metamodel::type::Integer[1], right:meta::pure::metamodel::type::Integer[1]):meta::pure::metamodel::type::Integer[1]	MIN__INTEGER_1__INTEGER_1	REDUCER|SCALAR_RULE	Aggregates.REDUCERS|Scalars.RULES	
meta::pure::functions::math::min	(left:meta::pure::metamodel::type::Number[1], right:meta::pure::metamodel::type::Number[1]):meta::pure::metamodel::type::Number[1]	MIN__NUMBER_1__NUMBER_1	REDUCER|SCALAR_RULE	Aggregates.REDUCERS|Scalars.RULES	
meta::pure::functions::math::min	(numbers:meta::pure::metamodel::type::Number[*]):meta::pure::metamodel::type::Number[0..1]	MIN__NUMBER_MANY	REDUCER|SCALAR_RULE	Aggregates.REDUCERS|Scalars.RULES	
meta::pure::functions::math::minBy	<T>(colRows:meta::pure::functions::math::mathUtility::RowMapper<T,meta::pure::metamodel::type::Number>[*]):T[0..1]	MIN_BY__ROW_MAPPER_MANY	REDUCER|SCALAR_RULE	Aggregates.REDUCERS|Scalars.RULES	
meta::pure::functions::math::minBy	<T>(col_to_return:T[*], col_containing_minimum:meta::pure::metamodel::type::Number[*]):T[0..1]	MIN_BY__T_MANY__NUMBER_MANY	REDUCER|SCALAR_RULE	Aggregates.REDUCERS|Scalars.RULES	
meta::pure::functions::math::minBy	<T>(col_to_return:T[*], col_containing_minimum:meta::pure::metamodel::type::Number[*], n:meta::pure::metamodel::type::Integer[1]):T[*]	MIN_BY__T_MANY__NUMBER_MANY__INTEGER_1	REDUCER|SCALAR_RULE	Aggregates.REDUCERS|Scalars.RULES	
meta::pure::functions::math::minus	(decimal:meta::pure::metamodel::type::Decimal[*]):meta::pure::metamodel::type::Decimal[1]	MINUS__DECIMAL_MANY	SCALAR_RULE	Scalars.RULES	PlatformTypes
meta::pure::functions::math::minus	(float:meta::pure::metamodel::type::Float[*]):meta::pure::metamodel::type::Float[1]	MINUS__FLOAT_MANY	SCALAR_RULE	Scalars.RULES	PlatformTypes
meta::pure::functions::math::minus	(ints:meta::pure::metamodel::type::Integer[*]):meta::pure::metamodel::type::Integer[1]	MINUS__INTEGER_MANY	SCALAR_RULE	Scalars.RULES	PlatformTypes
meta::pure::functions::math::minus	(numbers:meta::pure::metamodel::type::Number[*]):meta::pure::metamodel::type::Number[1]	MINUS__NUMBER_MANY	SCALAR_RULE	Scalars.RULES	PlatformTypes
meta::pure::functions::math::mod	(dividend:meta::pure::metamodel::type::Integer[1], divisor:meta::pure::metamodel::type::Integer[1]):meta::pure::metamodel::type::Integer[1]	MOD__INTEGER_1__INTEGER_1	SCALAR_RULE	Scalars.RULES	
meta::pure::functions::math::mode	(numbers:meta::pure::metamodel::type::Float[*]):meta::pure::metamodel::type::Float[1]	MODE__FLOAT_MANY	REDUCER|SCALAR_RULE	Aggregates.REDUCERS|Scalars.RULES	
meta::pure::functions::math::mode	(numbers:meta::pure::metamodel::type::Integer[*]):meta::pure::metamodel::type::Integer[1]	MODE__INTEGER_MANY	REDUCER|SCALAR_RULE	Aggregates.REDUCERS|Scalars.RULES	
meta::pure::functions::math::mode	(numbers:meta::pure::metamodel::type::Number[*]):meta::pure::metamodel::type::Number[1]	MODE__NUMBER_MANY	REDUCER|SCALAR_RULE	Aggregates.REDUCERS|Scalars.RULES	
meta::pure::functions::math::percentile	(numbers:meta::pure::metamodel::type::Number[*], percentile:meta::pure::metamodel::type::Float[1]):meta::pure::metamodel::type::Number[0..1]	PERCENTILE__NUMBER_MANY__FLOAT_1	REDUCER|SCALAR_RULE	Aggregates.REDUCERS|Scalars.RULES	
meta::pure::functions::math::percentile	(numbers:meta::pure::metamodel::type::Number[*], percentile:meta::pure::metamodel::type::Float[1], ascending:meta::pure::metamodel::type::Boolean[1], continuous:meta::pure::metamodel::type::Boolean[1]):meta::pure::metamodel::type::Number[0..1]	PERCENTILE__NUMBER_MANY__FLOAT_1__BOOLEAN_1__BOOLEAN_1	REDUCER|SCALAR_RULE	Aggregates.REDUCERS|Scalars.RULES	
meta::pure::functions::math::pi	():meta::pure::metamodel::type::Float[1]	PI	SCALAR_RULE	Scalars.RULES	
meta::pure::functions::math::plus	(decimal:meta::pure::metamodel::type::Decimal[*]):meta::pure::metamodel::type::Decimal[1]	PLUS__DECIMAL_MANY	REDUCER|SCALAR_RULE	Aggregates.REDUCERS|Scalars.RULES	PlatformTypes;QuotedSpecParser
meta::pure::functions::math::plus	(float:meta::pure::metamodel::type::Float[*]):meta::pure::metamodel::type::Float[1]	PLUS__FLOAT_MANY	REDUCER|SCALAR_RULE	Aggregates.REDUCERS|Scalars.RULES	PlatformTypes;QuotedSpecParser
meta::pure::functions::math::plus	(ints:meta::pure::metamodel::type::Integer[*]):meta::pure::metamodel::type::Integer[1]	PLUS__INTEGER_MANY	REDUCER|SCALAR_RULE	Aggregates.REDUCERS|Scalars.RULES	PlatformTypes;QuotedSpecParser
meta::pure::functions::math::plus	(numbers:meta::pure::metamodel::type::Number[*]):meta::pure::metamodel::type::Number[1]	PLUS__NUMBER_MANY	REDUCER|SCALAR_RULE	Aggregates.REDUCERS|Scalars.RULES	PlatformTypes;QuotedSpecParser
meta::pure::functions::math::pow	(base:meta::pure::metamodel::type::Number[1], exponent:meta::pure::metamodel::type::Number[1]):meta::pure::metamodel::type::Number[1]	POW__NUMBER_1__NUMBER_1	SCALAR_RULE	Scalars.RULES	
meta::pure::functions::math::rem	(dividend:meta::pure::metamodel::type::Number[1], divisor:meta::pure::metamodel::type::Number[1]):meta::pure::metamodel::type::Number[1]	REM__NUMBER_1__NUMBER_1	SCALAR_RULE	Scalars.RULES	
meta::pure::functions::math::round	(decimal:meta::pure::metamodel::type::Decimal[1], scale:meta::pure::metamodel::type::Integer[1]):meta::pure::metamodel::type::Decimal[1]	ROUND__DECIMAL_1__INTEGER_1	SCALAR_RULE	Scalars.RULES	
meta::pure::functions::math::round	(float:meta::pure::metamodel::type::Float[1], scale:meta::pure::metamodel::type::Integer[1]):meta::pure::metamodel::type::Float[1]	ROUND__FLOAT_1__INTEGER_1	SCALAR_RULE	Scalars.RULES	
meta::pure::functions::math::round	(number:meta::pure::metamodel::type::Number[1]):meta::pure::metamodel::type::Integer[1]	ROUND__NUMBER_1	SCALAR_RULE	Scalars.RULES	
meta::pure::functions::math::sign	(number:meta::pure::metamodel::type::Number[1]):meta::pure::metamodel::type::Integer[1]	SIGN__NUMBER_1	SCALAR_RULE	Scalars.RULES	
meta::pure::functions::math::sin	(number:meta::pure::metamodel::type::Number[1]):meta::pure::metamodel::type::Float[1]	SIN__NUMBER_1	SCALAR_RULE	Scalars.RULES	
meta::pure::functions::math::sinh	(number:meta::pure::metamodel::type::Number[1]):meta::pure::metamodel::type::Float[1]	SINH__NUMBER_1	SCALAR_RULE	Scalars.RULES	
meta::pure::functions::math::sqrt	(number:meta::pure::metamodel::type::Number[1]):meta::pure::metamodel::type::Float[1]	SQRT__NUMBER_1	SCALAR_RULE	Scalars.RULES	
meta::pure::functions::math::stdDev	(numbers:meta::pure::metamodel::type::Number[1..*], isBiasCorrected:meta::pure::metamodel::type::Boolean[1]):meta::pure::metamodel::type::Number[1]	STD_DEV__NUMBER_1_MANY__BOOLEAN_1	REDUCER|SCALAR_RULE	Aggregates.REDUCERS|Scalars.RULES	
meta::pure::functions::math::stdDevPopulation	(numbers:meta::pure::metamodel::type::Number[*]):meta::pure::metamodel::type::Number[1]	STD_DEV_POPULATION__NUMBER_MANY	REDUCER|SCALAR_RULE	Aggregates.REDUCERS|Scalars.RULES	
meta::pure::functions::math::stdDevPopulation	<T>(partition:meta::pure::metamodel::relation::Relation<T>[1], window:meta::pure::functions::relation::_Window<T>[1], row:T[1], colToAgg:meta::pure::metamodel::relation::ColSpec<(?:meta::pure::metamodel::type::Number)SUBSETT>[1]):meta::pure::metamodel::type::Number[1]	STD_DEV_POPULATION__RELATION_1__WINDOW_1__T_1__COL_SPEC_1	REDUCER|SCALAR_RULE|WINDOW_AGG	Aggregates.REDUCERS|Scalars.RULES|Windows.AGGREGATES	
meta::pure::functions::math::stdDevSample	(numbers:meta::pure::metamodel::type::Number[*]):meta::pure::metamodel::type::Number[1]	STD_DEV_SAMPLE__NUMBER_MANY	REDUCER|SCALAR_RULE	Aggregates.REDUCERS|Scalars.RULES	
meta::pure::functions::math::sum	(numbers:meta::pure::metamodel::type::Float[*]):meta::pure::metamodel::type::Float[1]	SUM__FLOAT_MANY	REDUCER|SCALAR_RULE	Aggregates.REDUCERS|Scalars.RULES	CorrelatedSubselects
meta::pure::functions::math::sum	(numbers:meta::pure::metamodel::type::Integer[*]):meta::pure::metamodel::type::Integer[1]	SUM__INTEGER_MANY	REDUCER|SCALAR_RULE	Aggregates.REDUCERS|Scalars.RULES	CorrelatedSubselects
meta::pure::functions::math::sum	(numbers:meta::pure::metamodel::type::Number[*]):meta::pure::metamodel::type::Number[1]	SUM__NUMBER_MANY	REDUCER|SCALAR_RULE	Aggregates.REDUCERS|Scalars.RULES	CorrelatedSubselects
meta::pure::functions::math::tan	(number:meta::pure::metamodel::type::Number[1]):meta::pure::metamodel::type::Float[1]	TAN__NUMBER_1	SCALAR_RULE	Scalars.RULES	
meta::pure::functions::math::tanh	(number:meta::pure::metamodel::type::Number[1]):meta::pure::metamodel::type::Float[1]	TANH__NUMBER_1	SCALAR_RULE	Scalars.RULES	
meta::pure::functions::math::times	(decimal:meta::pure::metamodel::type::Decimal[*]):meta::pure::metamodel::type::Decimal[1]	TIMES__DECIMAL_MANY	SCALAR_RULE	Scalars.RULES	PlatformTypes
meta::pure::functions::math::times	(ints:meta::pure::metamodel::type::Float[*]):meta::pure::metamodel::type::Float[1]	TIMES__FLOAT_MANY	SCALAR_RULE	Scalars.RULES	PlatformTypes
meta::pure::functions::math::times	(ints:meta::pure::metamodel::type::Integer[*]):meta::pure::metamodel::type::Integer[1]	TIMES__INTEGER_MANY	SCALAR_RULE	Scalars.RULES	PlatformTypes
meta::pure::functions::math::times	(numbers:meta::pure::metamodel::type::Number[*]):meta::pure::metamodel::type::Number[1]	TIMES__NUMBER_MANY	SCALAR_RULE	Scalars.RULES	PlatformTypes
meta::pure::functions::math::toDecimal	(number:meta::pure::metamodel::type::Number[1]):meta::pure::metamodel::type::Decimal[1]	TO_DECIMAL__NUMBER_1	SCALAR_RULE	Scalars.RULES	Typer
meta::pure::functions::math::toDegrees	(radians:meta::pure::metamodel::type::Number[1]):meta::pure::metamodel::type::Float[1]	TO_DEGREES__NUMBER_1	SCALAR_RULE	Scalars.RULES	
meta::pure::functions::math::toFloat	(number:meta::pure::metamodel::type::Number[1]):meta::pure::metamodel::type::Float[1]	TO_FLOAT__NUMBER_1	SCALAR_RULE	Scalars.RULES	
meta::pure::functions::math::toRadians	(degrees:meta::pure::metamodel::type::Number[1]):meta::pure::metamodel::type::Float[1]	TO_RADIANS__NUMBER_1	SCALAR_RULE	Scalars.RULES	
meta::pure::functions::math::variance	(numbers:meta::pure::metamodel::type::Number[*], isBiasCorrected:meta::pure::metamodel::type::Boolean[1]):meta::pure::metamodel::type::Number[1]	VARIANCE__NUMBER_MANY__BOOLEAN_1	REDUCER|SCALAR_RULE	Aggregates.REDUCERS|Scalars.RULES	
meta::pure::functions::math::variancePopulation	(numbers:meta::pure::metamodel::type::Number[*]):meta::pure::metamodel::type::Number[1]	VARIANCE_POPULATION__NUMBER_MANY	REDUCER|SCALAR_RULE	Aggregates.REDUCERS|Scalars.RULES	
meta::pure::functions::math::varianceSample	(numbers:meta::pure::metamodel::type::Number[*]):meta::pure::metamodel::type::Number[1]	VARIANCE_SAMPLE__NUMBER_MANY	REDUCER|SCALAR_RULE	Aggregates.REDUCERS|Scalars.RULES	
meta::pure::functions::math::wavg	(wavgRows:meta::pure::functions::math::mathUtility::RowMapper<meta::pure::metamodel::type::Number,meta::pure::metamodel::type::Number>[*]):meta::pure::metamodel::type::Float[1]	WAVG__ROW_MAPPER_MANY	REDUCER	Aggregates.REDUCERS	
meta::pure::functions::math::wavgUtility::wavgRowMapper	(quantity:meta::pure::metamodel::type::Number[0..1], weight:meta::pure::metamodel::type::Number[0..1]):meta::pure::functions::math::wavgUtility::WavgRowMapper[1]	WAVG_ROW_MAPPER__NUMBER_0_1__NUMBER_0_1	FAMILY	NativeFn.LowererForm	
meta::pure::functions::math::zScore	<T>(partition:meta::pure::metamodel::relation::Relation<T>[1], window:meta::pure::functions::relation::_Window<T>[1], row:T[1], colToZScore:meta::pure::metamodel::relation::ColSpec<(?:meta::pure::metamodel::type::Number)SUBSETT>[1]):meta::pure::metamodel::type::Float[1]	Z_SCORE__WINDOW	FAMILY	NativeFn.LowererForm	
meta::pure::functions::meta::addColumns	(source:meta::pure::metamodel::relation::RelationType<meta::pure::metamodel::type::Any>[1], colSpec:meta::pure::metamodel::relation::ColSpecArray<meta::pure::metamodel::type::Any>[1]):meta::pure::metamodel::relation::RelationType<meta::pure::metamodel::type::Any>[1]	ADD_COLUMNS__RELATIONTYPE_1__COLSPECARRAY_1	WALL	Pure.WALLED_NATIVES	
meta::pure::functions::meta::deactivate	(var:meta::pure::metamodel::type::Any[*]):meta::pure::metamodel::valuespecification::ValueSpecification[1]	DEACTIVATE__ANY_MANY	CORE_FN	CoreFn.DEACTIVATE	
meta::pure::functions::meta::elementToPath	(element:meta::pure::metamodel::PackageableElement[1]):meta::pure::metamodel::type::String[1]	ELEMENT_TO_PATH__PACKAGEABLEELEMENT_1	SCALAR_RULE	Scalars.RULES	Substitution
meta::pure::functions::meta::elementToPath	(element:meta::pure::metamodel::PackageableElement[1], includeRoot:meta::pure::metamodel::type::Boolean[1]):meta::pure::metamodel::type::String[1]	ELEMENT_TO_PATH__PACKAGEABLEELEMENT_1__BOOLEAN_1	SCALAR_RULE	Scalars.RULES	Substitution
meta::pure::functions::meta::elementToPath	(element:meta::pure::metamodel::PackageableElement[1], separator:meta::pure::metamodel::type::String[1]):meta::pure::metamodel::type::String[1]	ELEMENT_TO_PATH__PACKAGEABLEELEMENT_1__STRING_1	SCALAR_RULE	Scalars.RULES	Substitution
meta::pure::functions::meta::elementToPath	(element:meta::pure::metamodel::PackageableElement[1], separator:meta::pure::metamodel::type::String[1], includeRoot:meta::pure::metamodel::type::Boolean[1]):meta::pure::metamodel::type::String[1]	ELEMENT_TO_PATH__3	SCALAR_RULE	Scalars.RULES	Substitution
meta::pure::functions::meta::elementToPath	(element:meta::pure::metamodel::function::Function<meta::pure::metamodel::type::Any>[1]):meta::pure::metamodel::type::String[1]	ELEMENT_TO_PATH__FUNCTION_1	SCALAR_RULE	Scalars.RULES	Substitution
meta::pure::functions::meta::elementToPath	(element:meta::pure::metamodel::type::Type[1]):meta::pure::metamodel::type::String[1]	ELEMENT_TO_PATH__TYPE_1	SCALAR_RULE	Scalars.RULES	Substitution
meta::pure::functions::meta::elementToPath	(element:meta::pure::metamodel::type::Type[1], separator:meta::pure::metamodel::type::String[1]):meta::pure::metamodel::type::String[1]	ELEMENT_TO_PATH__TYPE_1__STRING_1	SCALAR_RULE	Scalars.RULES	Substitution
meta::pure::functions::meta::enumValues	<T>(enum:meta::pure::metamodel::type::Enumeration<T>[1]):T[*]	ENUM_VALUES	FAMILY	NativeFn.LiteralForm	
meta::pure::functions::meta::evaluateAndDeactivate	<T|m>(var:T[m]):T[m]	EVALUATE_AND_DEACTIVATE__T_M	SCALAR_RULE	Scalars.RULES	Anchors;ExecuteChainAssembly;NormalizeFolds;StoreResolver
meta::pure::functions::meta::genericType	(any:meta::pure::metamodel::type::Any[*]):meta::pure::metamodel::type::generics::GenericType[1]	GENERIC_TYPE__ANY_MANY	FAMILY	NativeFn.SubtypeForm	
meta::pure::functions::meta::id	(instance:meta::pure::metamodel::type::Any[1]):meta::pure::metamodel::type::String[1]	ID__ANY_1	SCALAR_RULE	Scalars.RULES	
meta::pure::functions::meta::instanceOf	(instance:meta::pure::metamodel::type::Any[1], type:meta::pure::metamodel::type::Type[1]):meta::pure::metamodel::type::Boolean[1]	INSTANCE_OF__ANY_1__TYPE_1	FAMILY	NativeFn.SubtypeForm	PlatformTypes
meta::pure::functions::meta::stereotype	(profile:meta::pure::metamodel::extension::Profile[1], str:meta::pure::metamodel::type::String[1]):meta::pure::metamodel::extension::Stereotype[1]	STEREOTYPE__PROFILE_1__STRING_1	WALL	Pure.WALLED_NATIVES	
meta::pure::functions::meta::type	(any:meta::pure::metamodel::type::Any[*]):meta::pure::metamodel::type::Type[1]	TYPE__ANY_1	SCALAR_RULE	Scalars.RULES	AssertVerdicts
meta::pure::functions::multiplicity::toOne	<T>(values:T[*]):T[1]	TO_ONE__T_MANY	SCALAR_RULE	Scalars.RULES	AggregationAwareRouting;Anchors;ResultEnvelopeSplice;StoreNav;Typer
meta::pure::functions::multiplicity::toOne	<T>(values:T[*], message:meta::pure::metamodel::type::String[1]):T[1]	TO_ONE__T_MANY__STRING_1	SCALAR_RULE	Scalars.RULES	AggregationAwareRouting;Anchors;ResultEnvelopeSplice;StoreNav;Typer
meta::pure::functions::multiplicity::toOneMany	<T>(values:T[*]):T[1..*]	TO_ONE_MANY__T_MANY	SCALAR_RULE	Scalars.RULES	AggregationAwareRouting;AssociationJoins
meta::pure::functions::multiplicity::toOneMany	<T>(values:T[*], message:meta::pure::metamodel::type::String[1]):T[1..*]	TO_ONE_MANY__T_MANY__STRING_1	SCALAR_RULE	Scalars.RULES	AggregationAwareRouting;AssociationJoins
meta::pure::functions::relation::_range	(offsetFrom:meta::pure::functions::relation::UnboundedFrameValue[1], offsetTo:meta::pure::functions::relation::UnboundedFrameValue[1]):meta::pure::functions::relation::_Range[1]	_RANGE__UNBOUNDED_1__UNBOUNDED_1	FAMILY	NativeFn.Frame	
meta::pure::functions::relation::_range	(offsetFrom:meta::pure::functions::relation::UnboundedFrameValue[1], offsetTo:meta::pure::metamodel::type::Integer[1], offsetToDurationUnit:meta::pure::functions::date::DurationUnit[1]):meta::pure::functions::relation::_RangeInterval[1]	_RANGE__UNBOUNDED_1__INT_1__DU_1	FAMILY	NativeFn.Frame	
meta::pure::functions::relation::_range	(offsetFrom:meta::pure::functions::relation::UnboundedFrameValue[1], offsetTo:meta::pure::metamodel::type::Number[1]):meta::pure::functions::relation::_Range[1]	_RANGE__UNBOUNDED_1__NUMBER_1	FAMILY	NativeFn.Frame	
meta::pure::functions::relation::_range	(offsetFrom:meta::pure::metamodel::type::Integer[1], offsetFromDurationUnit:meta::pure::functions::date::DurationUnit[1], offsetTo:meta::pure::functions::relation::UnboundedFrameValue[1]):meta::pure::functions::relation::_RangeInterval[1]	_RANGE__INT_1__DU_1__UNBOUNDED_1	FAMILY	NativeFn.Frame	
meta::pure::functions::relation::_range	(offsetFrom:meta::pure::metamodel::type::Integer[1], offsetFromDurationUnit:meta::pure::functions::date::DurationUnit[1], offsetTo:meta::pure::metamodel::type::Integer[1], offsetToDurationUnit:meta::pure::functions::date::DurationUnit[1]):meta::pure::functions::relation::_RangeInterval[1]	_RANGE__INT_1__DU_1__INT_1__DU_1	FAMILY	NativeFn.Frame	
meta::pure::functions::relation::_range	(offsetFrom:meta::pure::metamodel::type::Number[1], offsetTo:meta::pure::functions::relation::UnboundedFrameValue[1]):meta::pure::functions::relation::_Range[1]	_RANGE__NUMBER_1__UNBOUNDED_1	FAMILY	NativeFn.Frame	
meta::pure::functions::relation::_range	(offsetFrom:meta::pure::metamodel::type::Number[1], offsetTo:meta::pure::metamodel::type::Number[1]):meta::pure::functions::relation::_Range[1]	_RANGE__NUMBER_1__NUMBER_1	FAMILY	NativeFn.Frame	
meta::pure::functions::relation::aggregate	<T,K,V,R>(r:meta::pure::metamodel::relation::Relation<T>[1], agg:meta::pure::metamodel::relation::AggColSpec<{T[1]->K[0..1]},{K[*]->V[0..1]},R>[1]):meta::pure::metamodel::relation::Relation<R>[1]	AGGREGATE__RELATION_1__AGG_COL_SPEC_1	CORE_FN	CoreFn.AGGREGATE	
meta::pure::functions::relation::aggregate	<T,K,V,R>(r:meta::pure::metamodel::relation::Relation<T>[1], agg:meta::pure::metamodel::relation::AggColSpecArray<{T[1]->K[0..1]},{K[*]->V[0..1]},R>[1]):meta::pure::metamodel::relation::Relation<R>[1]	AGGREGATE__RELATION_1__AGG_COL_SPEC_ARRAY_1	CORE_FN	CoreFn.AGGREGATE	
meta::pure::functions::relation::asOfJoin	<T,V>(rel1:meta::pure::metamodel::relation::Relation<T>[1], rel2:meta::pure::metamodel::relation::Relation<V>[1], match:meta::pure::metamodel::function::Function<{T[1],V[1]->meta::pure::metamodel::type::Boolean[1]}>[1]):meta::pure::metamodel::relation::Relation<TUNIONV>[1]	AS_OF_JOIN__RELATION_1__RELATION_1__FUNCTION_1	CORE_FN	CoreFn.AS_OF_JOIN	
meta::pure::functions::relation::asOfJoin	<T,V>(rel1:meta::pure::metamodel::relation::Relation<T>[1], rel2:meta::pure::metamodel::relation::Relation<V>[1], match:meta::pure::metamodel::function::Function<{T[1],V[1]->meta::pure::metamodel::type::Boolean[1]}>[1], join:meta::pure::metamodel::function::Function<{T[1],V[1]->meta::pure::metamodel::type::Boolean[1]}>[1]):meta::pure::metamodel::relation::Relation<TUNIONV>[1]	AS_OF_JOIN__RELATION_1__RELATION_1__FUNCTION_1__FUNCTION_1	CORE_FN	CoreFn.AS_OF_JOIN	
meta::pure::functions::relation::ascending	<T>(column:meta::pure::metamodel::relation::ColSpec<T>[1]):meta::pure::functions::relation::SortInfo<T>[1]	ASCENDING__COL_SPEC_1	CORE_FN	CoreFn.ASC	
meta::pure::functions::relation::assertTdsEquivalent	(one:meta::pure::metamodel::relation::Relation<meta::pure::metamodel::type::Any>[1], two:meta::pure::metamodel::relation::Relation<meta::pure::metamodel::type::Any>[1], delta:meta::pure::metamodel::type::Number[1]):meta::pure::metamodel::type::Boolean[1]	ASSERT_TDS_EQUIVALENT__REL_1__REL_1__NUMBER_1	FAMILY	NativeFn.Verdict	PlatformTypes
meta::pure::functions::relation::assertTdsEquivalent	(one:meta::pure::metamodel::relation::Relation<meta::pure::metamodel::type::Any>[1], two:meta::pure::metamodel::relation::Relation<meta::pure::metamodel::type::Any>[1], delta:meta::pure::metamodel::type::Number[1], timeDeltaInSeconds:meta::pure::metamodel::type::Number[1]):meta::pure::metamodel::type::Boolean[1]	ASSERT_TDS_EQUIVALENT__REL_1__REL_1__NUMBER_1__NUMBER_1	FAMILY	NativeFn.Verdict	PlatformTypes
meta::pure::functions::relation::columns	<T>(rel:meta::pure::metamodel::relation::Relation<T>[1]):meta::pure::metamodel::relation::Column<meta::pure::metamodel::type::Nil,meta::pure::metamodel::type::Any>[*]	COLUMNS__REL_1	CORE_FN	CoreFn.COLUMNS	ColumnsChecker
meta::pure::functions::relation::concatenate	<T>(rel1:meta::pure::metamodel::relation::Relation<T>[1], rel2:meta::pure::metamodel::relation::Relation<T>[1]):meta::pure::metamodel::relation::Relation<T>[1]	CONCATENATE__RELATION_1__RELATION_1	CORE_FN|SCALAR_RULE	CoreFn.CONCATENATE|Scalars.RULES	
meta::pure::functions::relation::cumulativeDistribution	<T>(rel:meta::pure::metamodel::relation::Relation<T>[1], w:meta::pure::functions::relation::_Window<T>[1], row:T[1]):meta::pure::metamodel::type::Float[1]	CUMULATIVE_DISTRIBUTION__RELATION_1__WINDOW_1__T_1	WINDOW_FN	Windows.FNS	
meta::pure::functions::relation::denseRank	<T>(rel:meta::pure::metamodel::relation::Relation<T>[1], w:meta::pure::functions::relation::_Window<T>[1], row:T[1]):meta::pure::metamodel::type::Integer[1]	DENSE_RANK__RELATION_1__WINDOW_1__T_1	WINDOW_FN	Windows.FNS	PlatformTypes
meta::pure::functions::relation::descending	<T>(column:meta::pure::metamodel::relation::ColSpec<T>[1]):meta::pure::functions::relation::SortInfo<T>[1]	DESCENDING__COL_SPEC_1	CORE_FN	CoreFn.DESC	
meta::pure::functions::relation::distinct	<T>(rel:meta::pure::metamodel::relation::Relation<T>[1]):meta::pure::metamodel::relation::Relation<T>[1]	DISTINCT__RELATION_1	CORE_FN	CoreFn.DISTINCT	
meta::pure::functions::relation::distinct	<X,T>(rel:meta::pure::metamodel::relation::Relation<T>[1], columns:meta::pure::metamodel::relation::ColSpecArray<XSUBSETT>[1]):meta::pure::metamodel::relation::Relation<X>[1]	DISTINCT__RELATION_1__COL_SPEC_ARRAY_1	CORE_FN	CoreFn.DISTINCT	
meta::pure::functions::relation::drop	<T>(rel:meta::pure::metamodel::relation::Relation<T>[1], size:meta::pure::metamodel::type::Integer[1]):meta::pure::metamodel::relation::Relation<T>[1]	DROP__RELATION_1__INTEGER_1	CORE_FN	CoreFn.DROP	
meta::pure::functions::relation::extend	<T,K,V,R>(r:meta::pure::metamodel::relation::Relation<T>[1], agg:meta::pure::metamodel::relation::AggColSpec<{T[1]->K[0..1]},{K[*]->V[0..1]},R>[1]):meta::pure::metamodel::relation::Relation<TUNIONR>[1]	EXTEND__RELATION_1__AGG_COL_SPEC_1	CORE_FN	CoreFn.EXTEND	
meta::pure::functions::relation::extend	<T,K,V,R>(r:meta::pure::metamodel::relation::Relation<T>[1], agg:meta::pure::metamodel::relation::AggColSpecArray<{T[1]->K[0..1]},{K[*]->V[0..1]},R>[1]):meta::pure::metamodel::relation::Relation<TUNIONR>[1]	EXTEND__RELATION_1__AGG_COL_SPEC_ARRAY_1	CORE_FN	CoreFn.EXTEND	
meta::pure::functions::relation::extend	<T,K,V,R>(r:meta::pure::metamodel::relation::Relation<T>[1], window:meta::pure::functions::relation::_Window<T>[1], agg:meta::pure::metamodel::relation::AggColSpec<{meta::pure::metamodel::relation::Relation<T>[1],meta::pure::functions::relation::_Window<T>[1],T[1]->K[0..1]},{K[*]->V[0..1]},R>[1]):meta::pure::metamodel::relation::Relation<TUNIONR>[1]	EXTEND__RELATION_1__WINDOW_1__AGG_COL_SPEC_1	CORE_FN	CoreFn.EXTEND	
meta::pure::functions::relation::extend	<T,K,V,R>(r:meta::pure::metamodel::relation::Relation<T>[1], window:meta::pure::functions::relation::_Window<T>[1], agg:meta::pure::metamodel::relation::AggColSpecArray<{meta::pure::metamodel::relation::Relation<T>[1],meta::pure::functions::relation::_Window<T>[1],T[1]->K[0..1]},{K[*]->V[0..1]},R>[1]):meta::pure::metamodel::relation::Relation<TUNIONR>[1]	EXTEND__RELATION_1__WINDOW_1__AGG_COL_SPEC_ARRAY_1	CORE_FN	CoreFn.EXTEND	
meta::pure::functions::relation::extend	<T,Z,W,R>(r:meta::pure::metamodel::relation::Relation<T>[1], window:meta::pure::functions::relation::_Window<T>[1], f:meta::pure::metamodel::relation::FuncColSpec<{meta::pure::metamodel::relation::Relation<T>[1],meta::pure::functions::relation::_Window<T>[1],T[1]->meta::pure::metamodel::type::Any[0..1]},R>[1]):meta::pure::metamodel::relation::Relation<TUNIONR>[1]	EXTEND__RELATION_1__WINDOW_1__FUNC_COL_SPEC_1	CORE_FN	CoreFn.EXTEND	
meta::pure::functions::relation::extend	<T,Z,W,R>(r:meta::pure::metamodel::relation::Relation<T>[1], window:meta::pure::functions::relation::_Window<T>[1], f:meta::pure::metamodel::relation::FuncColSpecArray<{meta::pure::metamodel::relation::Relation<T>[1],meta::pure::functions::relation::_Window<T>[1],T[1]->meta::pure::metamodel::type::Any[*]},R>[1]):meta::pure::metamodel::relation::Relation<TUNIONR>[1]	EXTEND__RELATION_1__WINDOW_1__FUNC_COL_SPEC_ARRAY_1	CORE_FN	CoreFn.EXTEND	
meta::pure::functions::relation::extend	<T,Z>(r:meta::pure::metamodel::relation::Relation<T>[1], f:meta::pure::metamodel::relation::FuncColSpec<{T[1]->meta::pure::metamodel::type::Any[0..1]},Z>[1]):meta::pure::metamodel::relation::Relation<TUNIONZ>[1]	EXTEND__RELATION_1__FUNC_COL_SPEC_1	CORE_FN	CoreFn.EXTEND	
meta::pure::functions::relation::extend	<T,Z>(r:meta::pure::metamodel::relation::Relation<T>[1], fs:meta::pure::metamodel::relation::FuncColSpecArray<{T[1]->meta::pure::metamodel::type::Any[*]},Z>[1]):meta::pure::metamodel::relation::Relation<TUNIONZ>[1]	EXTEND__RELATION_1__FUNC_COL_SPEC_ARRAY_1	CORE_FN	CoreFn.EXTEND	
meta::pure::functions::relation::filter	<T>(rel:meta::pure::metamodel::relation::Relation<T>[1], f:meta::pure::metamodel::function::Function<{T[1]->meta::pure::metamodel::type::Boolean[1]}>[1]):meta::pure::metamodel::relation::Relation<T>[1]	FILTER__RELATION_1__FUNCTION_1	CORE_FN	CoreFn.FILTER	
meta::pure::functions::relation::first	<T>(w:meta::pure::metamodel::relation::Relation<T>[1], f:meta::pure::functions::relation::_Window<T>[1], r:T[1]):T[0..1]	FIRST__RELATION_1__WINDOW_1__T_1	REDUCER|SCALAR_RULE|WINDOW_FN	Aggregates.REDUCERS|Scalars.RULES|Windows.FNS	
meta::pure::functions::relation::groupBy	<T,Z,K,V,R>(r:meta::pure::metamodel::relation::Relation<T>[1], cols:meta::pure::metamodel::relation::ColSpec<ZSUBSETT>[1], agg:meta::pure::metamodel::relation::AggColSpec<{T[1]->K[0..1]},{K[*]->V[0..1]},R>[1]):meta::pure::metamodel::relation::Relation<ZUNIONR>[1]	GROUP_BY__RELATION_1__COL_SPEC_1__AGG_COL_SPEC_1	CORE_FN	CoreFn.GROUP_BY	
meta::pure::functions::relation::groupBy	<T,Z,K,V,R>(r:meta::pure::metamodel::relation::Relation<T>[1], cols:meta::pure::metamodel::relation::ColSpec<ZSUBSETT>[1], agg:meta::pure::metamodel::relation::AggColSpecArray<{T[1]->K[0..1]},{K[*]->V[0..1]},R>[1]):meta::pure::metamodel::relation::Relation<ZUNIONR>[1]	GROUP_BY__RELATION_1__COL_SPEC_1__AGG_COL_SPEC_ARRAY_1	CORE_FN	CoreFn.GROUP_BY	
meta::pure::functions::relation::groupBy	<T,Z,K,V,R>(r:meta::pure::metamodel::relation::Relation<T>[1], cols:meta::pure::metamodel::relation::ColSpecArray<ZSUBSETT>[1], agg:meta::pure::metamodel::relation::AggColSpec<{T[1]->K[0..1]},{K[*]->V[0..1]},R>[1]):meta::pure::metamodel::relation::Relation<ZUNIONR>[1]	GROUP_BY__RELATION_1__COL_SPEC_ARRAY_1__AGG_COL_SPEC_1	CORE_FN	CoreFn.GROUP_BY	
meta::pure::functions::relation::groupBy	<T,Z,K,V,R>(r:meta::pure::metamodel::relation::Relation<T>[1], cols:meta::pure::metamodel::relation::ColSpecArray<ZSUBSETT>[1], agg:meta::pure::metamodel::relation::AggColSpecArray<{T[1]->K[0..1]},{K[*]->V[0..1]},R>[1]):meta::pure::metamodel::relation::Relation<ZUNIONR>[1]	GROUP_BY__RELATION_1__COL_SPEC_ARRAY_1__AGG_COL_SPEC_ARRAY_1	CORE_FN	CoreFn.GROUP_BY	
meta::pure::functions::relation::join	<T,V>(rel1:meta::pure::metamodel::relation::Relation<T>[1], rel2:meta::pure::metamodel::relation::Relation<V>[1], joinKind:meta::pure::functions::relation::JoinKind[1], f:meta::pure::metamodel::function::Function<{T[1],V[1]->meta::pure::metamodel::type::Boolean[1]}>[1]):meta::pure::metamodel::relation::Relation<TUNIONV>[1]	JOIN__RELATION_1__RELATION_1__JOIN_KIND_1__FUNCTION_1	CORE_FN	CoreFn.JOIN	
meta::pure::functions::relation::lag	<T>(w:meta::pure::metamodel::relation::Relation<T>[1], r:T[1]):T[0..1]	LAG__RELATION_1__T_1	WINDOW_FN	Windows.FNS	
meta::pure::functions::relation::lag	<T>(w:meta::pure::metamodel::relation::Relation<T>[1], r:T[1], offset:meta::pure::metamodel::type::Integer[1]):T[0..1]	LAG__RELATION_1__T_1__INTEGER_1	WINDOW_FN	Windows.FNS	
meta::pure::functions::relation::last	<T>(w:meta::pure::metamodel::relation::Relation<T>[1], f:meta::pure::functions::relation::_Window<T>[1], row:T[1]):T[0..1]	LAST__RELATION_1__WINDOW_1__T_1	SCALAR_RULE|WINDOW_FN	Scalars.RULES|Windows.FNS	
meta::pure::functions::relation::lateral	<T,V>(rel:meta::pure::metamodel::relation::Relation<T>[1], f:meta::pure::metamodel::function::Function<{T[1]->meta::pure::metamodel::relation::Relation<V>[1]}>[1]):meta::pure::metamodel::relation::Relation<TUNIONV>[1]	LATERAL__RELATION_1__FUNCTION_1	FAMILY	NativeFn.LowererForm	
meta::pure::functions::relation::lead	<T>(w:meta::pure::metamodel::relation::Relation<T>[1], r:T[1]):T[0..1]	LEAD__RELATION_1__T_1	WINDOW_FN	Windows.FNS	
meta::pure::functions::relation::lead	<T>(w:meta::pure::metamodel::relation::Relation<T>[1], r:T[1], offset:meta::pure::metamodel::type::Integer[1]):T[0..1]	LEAD__RELATION_1__T_1__INTEGER_1	WINDOW_FN	Windows.FNS	
meta::pure::functions::relation::limit	<T>(rel:meta::pure::metamodel::relation::Relation<T>[1], size:meta::pure::metamodel::type::Integer[1]):meta::pure::metamodel::relation::Relation<T>[1]	LIMIT__RELATION_1__INTEGER_1	CORE_FN	CoreFn.LIMIT	
meta::pure::functions::relation::map	<T,V>(rel:meta::pure::metamodel::relation::Relation<T>[1], f:meta::pure::metamodel::function::Function<{T[1]->V[*]}>[1]):V[*]	MAP__RELATION_1__FUNCTION_1	CORE_FN	CoreFn.MAP	
meta::pure::functions::relation::nth	<T>(w:meta::pure::metamodel::relation::Relation<T>[1], f:meta::pure::functions::relation::_Window<T>[1], r:T[1], offset:meta::pure::metamodel::type::Integer[1]):T[0..1]	NTH__RELATION_1__WINDOW_1__T_1__INTEGER_1	WINDOW_FN	Windows.FNS	
meta::pure::functions::relation::ntile	<T>(rel:meta::pure::metamodel::relation::Relation<T>[1], row:T[1], tileCount:meta::pure::metamodel::type::Integer[1]):meta::pure::metamodel::type::Integer[1]	NTILE__RELATION_1__T_1__INTEGER_1	WINDOW_FN	Windows.FNS	
meta::pure::functions::relation::over	<T>(cols:meta::pure::metamodel::relation::ColSpec<(?:?)SUBSETT>[1]):meta::pure::functions::relation::_Window<T>[1]	OVER__COL_SPEC_1	CORE_FN	CoreFn.OVER	
meta::pure::functions::relation::over	<T>(cols:meta::pure::metamodel::relation::ColSpec<(?:?)SUBSETT>[1], rows:meta::pure::functions::relation::Rows[1]):meta::pure::functions::relation::_Window<T>[1]	OVER__COL_SPEC_1__ROWS_1	CORE_FN	CoreFn.OVER	
meta::pure::functions::relation::over	<T>(cols:meta::pure::metamodel::relation::ColSpec<(?:?)SUBSETT>[1], sortInfo:meta::pure::functions::relation::SortInfo<(?:?)SUBSETT>[*]):meta::pure::functions::relation::_Window<T>[1]	OVER__COL_SPEC_1__SORT_INFO_MANY	CORE_FN	CoreFn.OVER	
meta::pure::functions::relation::over	<T>(cols:meta::pure::metamodel::relation::ColSpec<(?:?)SUBSETT>[1], sortInfo:meta::pure::functions::relation::SortInfo<(?:?)SUBSETT>[*], rows:meta::pure::functions::relation::Rows[1]):meta::pure::functions::relation::_Window<T>[1]	OVER__COL_SPEC_1__SORT_INFO_MANY__ROWS_1	CORE_FN	CoreFn.OVER	
meta::pure::functions::relation::over	<T>(cols:meta::pure::metamodel::relation::ColSpec<(?:?)SUBSETT>[1], sortInfo:meta::pure::functions::relation::SortInfo<(?:?)SUBSETT>[1], range:meta::pure::functions::relation::_Range[1]):meta::pure::functions::relation::_Window<T>[1]	OVER__COL_SPEC_1__SORT_INFO_1__RANGE_1	CORE_FN	CoreFn.OVER	
meta::pure::functions::relation::over	<T>(cols:meta::pure::metamodel::relation::ColSpec<(?:?)SUBSETT>[1], sortInfo:meta::pure::functions::relation::SortInfo<(?:?)SUBSETT>[1], rangeInterval:meta::pure::functions::relation::_RangeInterval[1]):meta::pure::functions::relation::_Window<T>[1]	OVER__COL_SPEC_1__SORT_INFO_1__RANGE_INTERVAL_1	CORE_FN	CoreFn.OVER	
meta::pure::functions::relation::over	<T>(cols:meta::pure::metamodel::relation::ColSpecArray<(?:?)SUBSETT>[1]):meta::pure::functions::relation::_Window<T>[1]	OVER__COL_SPEC_ARRAY_1	CORE_FN	CoreFn.OVER	
meta::pure::functions::relation::over	<T>(cols:meta::pure::metamodel::relation::ColSpecArray<(?:?)SUBSETT>[1], rows:meta::pure::functions::relation::Rows[1]):meta::pure::functions::relation::_Window<T>[1]	OVER__COL_SPEC_ARRAY_1__ROWS_1	CORE_FN	CoreFn.OVER	
meta::pure::functions::relation::over	<T>(cols:meta::pure::metamodel::relation::ColSpecArray<(?:?)SUBSETT>[1], sortInfo:meta::pure::functions::relation::SortInfo<(?:?)SUBSETT>[*]):meta::pure::functions::relation::_Window<T>[1]	OVER__COL_SPEC_ARRAY_1__SORT_INFO_MANY	CORE_FN	CoreFn.OVER	
meta::pure::functions::relation::over	<T>(cols:meta::pure::metamodel::relation::ColSpecArray<(?:?)SUBSETT>[1], sortInfo:meta::pure::functions::relation::SortInfo<(?:?)SUBSETT>[*], rows:meta::pure::functions::relation::Rows[1]):meta::pure::functions::relation::_Window<T>[1]	OVER__COL_SPEC_ARRAY_1__SORT_INFO_MANY__ROWS_1	CORE_FN	CoreFn.OVER	
meta::pure::functions::relation::over	<T>(cols:meta::pure::metamodel::relation::ColSpecArray<(?:?)SUBSETT>[1], sortInfo:meta::pure::functions::relation::SortInfo<(?:?)SUBSETT>[1], range:meta::pure::functions::relation::_Range[1]):meta::pure::functions::relation::_Window<T>[1]	OVER__COL_SPEC_ARRAY_1__SORT_INFO_1__RANGE_1	CORE_FN	CoreFn.OVER	
meta::pure::functions::relation::over	<T>(cols:meta::pure::metamodel::relation::ColSpecArray<(?:?)SUBSETT>[1], sortInfo:meta::pure::functions::relation::SortInfo<(?:?)SUBSETT>[1], rangeInterval:meta::pure::functions::relation::_RangeInterval[1]):meta::pure::functions::relation::_Window<T>[1]	OVER__COL_SPEC_ARRAY_1__SORT_INFO_1__RANGE_INTERVAL_1	CORE_FN	CoreFn.OVER	
meta::pure::functions::relation::over	<T>(cols:meta::pure::metamodel::type::String[*], sortInfo:meta::pure::functions::relation::SortInfo<(?:?)SUBSETT>[*], frame:meta::pure::functions::relation::Frame[0..1]):meta::pure::functions::relation::_Window<T>[1]	OVER__STRING_MANY__SORT_INFO_MANY__FRAME_0_1	CORE_FN	CoreFn.OVER	
meta::pure::functions::relation::over	<T>(sortInfo:meta::pure::functions::relation::SortInfo<(?:?)SUBSETT>[*]):meta::pure::functions::relation::_Window<T>[1]	OVER__SORT_INFO_MANY	CORE_FN	CoreFn.OVER	
meta::pure::functions::relation::over	<T>(sortInfo:meta::pure::functions::relation::SortInfo<(?:?)SUBSETT>[1], range:meta::pure::functions::relation::_Range[1]):meta::pure::functions::relation::_Window<T>[1]	OVER__SORT_INFO_1__RANGE_1	CORE_FN	CoreFn.OVER	
meta::pure::functions::relation::over	<T>(sortInfo:meta::pure::functions::relation::SortInfo<(?:?)SUBSETT>[1], rangeInterval:meta::pure::functions::relation::_RangeInterval[1]):meta::pure::functions::relation::_Window<T>[1]	OVER__SORT_INFO_1__RANGE_INTERVAL_1	CORE_FN	CoreFn.OVER	
meta::pure::functions::relation::percentRank	<T>(rel:meta::pure::metamodel::relation::Relation<T>[1], w:meta::pure::functions::relation::_Window<T>[1], row:T[1]):meta::pure::metamodel::type::Float[1]	PERCENT_RANK__RELATION_1__WINDOW_1__T_1	WINDOW_FN	Windows.FNS	
meta::pure::functions::relation::pivot	<T,Z,K,V,R>(r:meta::pure::metamodel::relation::Relation<T>[1], cols:meta::pure::metamodel::relation::ColSpec<ZSUBSETT>[1], agg:meta::pure::metamodel::relation::AggColSpec<{T[1]->K[0..1]},{K[*]->V[0..1]},R>[1]):meta::pure::metamodel::relation::Relation<meta::pure::metamodel::type::Any>[1]	PIVOT__RELATION_1__COL_SPEC_1__AGG_COL_SPEC_1	CORE_FN	CoreFn.PIVOT	
meta::pure::functions::relation::pivot	<T,Z,K,V,R>(r:meta::pure::metamodel::relation::Relation<T>[1], cols:meta::pure::metamodel::relation::ColSpec<ZSUBSETT>[1], agg:meta::pure::metamodel::relation::AggColSpecArray<{T[1]->K[0..1]},{K[*]->V[0..1]},R>[1]):meta::pure::metamodel::relation::Relation<meta::pure::metamodel::type::Any>[1]	PIVOT__RELATION_1__COL_SPEC_1__AGG_COL_SPEC_ARRAY_1	CORE_FN	CoreFn.PIVOT	
meta::pure::functions::relation::pivot	<T,Z,K,V,R>(r:meta::pure::metamodel::relation::Relation<T>[1], cols:meta::pure::metamodel::relation::ColSpec<ZSUBSETT>[1], values:meta::pure::metamodel::type::Any[1..*], agg:meta::pure::metamodel::relation::AggColSpec<{T[1]->K[0..1]},{K[*]->V[0..1]},R>[1]):meta::pure::metamodel::relation::Relation<meta::pure::metamodel::type::Any>[1]	PIVOT__RELATION_1__COL_SPEC_1__ANY_1_MANY__AGG_COL_SPEC_1	CORE_FN	CoreFn.PIVOT	
meta::pure::functions::relation::pivot	<T,Z,K,V,R>(r:meta::pure::metamodel::relation::Relation<T>[1], cols:meta::pure::metamodel::relation::ColSpecArray<ZSUBSETT>[1], agg:meta::pure::metamodel::relation::AggColSpec<{T[1]->K[0..1]},{K[*]->V[0..1]},R>[1]):meta::pure::metamodel::relation::Relation<meta::pure::metamodel::type::Any>[1]	PIVOT__RELATION_1__COL_SPEC_ARRAY_1__AGG_COL_SPEC_1	CORE_FN	CoreFn.PIVOT	
meta::pure::functions::relation::pivot	<T,Z,K,V,R>(r:meta::pure::metamodel::relation::Relation<T>[1], cols:meta::pure::metamodel::relation::ColSpecArray<ZSUBSETT>[1], agg:meta::pure::metamodel::relation::AggColSpecArray<{T[1]->K[0..1]},{K[*]->V[0..1]},R>[1]):meta::pure::metamodel::relation::Relation<meta::pure::metamodel::type::Any>[1]	PIVOT__RELATION_1__COL_SPEC_ARRAY_1__AGG_COL_SPEC_ARRAY_1	CORE_FN	CoreFn.PIVOT	
meta::pure::functions::relation::project	<C,T>(cl:C[*], x:meta::pure::metamodel::relation::FuncColSpecArray<{C[1]->meta::pure::metamodel::type::Any[*]},T>[1]):meta::pure::metamodel::relation::Relation<T>[1]	PROJECT__C_MANY__FUNC_COL_SPEC_ARRAY_1	CORE_FN	CoreFn.PROJECT	
meta::pure::functions::relation::project	<T,Z>(r:meta::pure::metamodel::relation::Relation<T>[1], fs:meta::pure::metamodel::relation::FuncColSpecArray<{T[1]->meta::pure::metamodel::type::Any[*]},Z>[1]):meta::pure::metamodel::relation::Relation<Z>[1]	PROJECT__RELATION_1__FUNC_COL_SPEC_ARRAY_1	CORE_FN	CoreFn.PROJECT	
meta::pure::functions::relation::rank	<T>(rel:meta::pure::metamodel::relation::Relation<T>[1], w:meta::pure::functions::relation::_Window<T>[1], row:T[1]):meta::pure::metamodel::type::Integer[1]	RANK__RELATION_1__WINDOW_1__T_1	WINDOW_FN	Windows.FNS	PlatformTypes
meta::pure::functions::relation::reduce	<T,V,U|m>(rel:meta::pure::metamodel::relation::Relation<T>[1], w:meta::pure::functions::relation::_Window<T>[1], row:T[1], map:meta::pure::metamodel::function::Function<{T[1]->V[*]}>[1], agg:meta::pure::metamodel::function::Function<{V[*]->U[m]}>[1]):U[m]	REDUCE__RELATION_1__WINDOW_1__T_1__FUNCTION_1__FUNCTION_1	FAMILY	NativeFn.LowererForm	
meta::pure::functions::relation::rename	<T,Z,K,V>(r:meta::pure::metamodel::relation::Relation<T>[1], old:meta::pure::metamodel::relation::ColSpec<ZEQUAL(?:K)SUBSETT>[1], new:meta::pure::metamodel::relation::ColSpec<VEQUAL(?:K)>[1]):meta::pure::metamodel::relation::Relation<TDIFFERENCEZUNIONV>[1]	RENAME__RELATION_1__COL_SPEC_1__COL_SPEC_1	CORE_FN	CoreFn.RENAME	
meta::pure::functions::relation::rowNumber	<T>(rel:meta::pure::metamodel::relation::Relation<T>[1], row:T[1]):meta::pure::metamodel::type::Integer[1]	ROW_NUMBER__RELATION_1__T_1	WINDOW_FN	Windows.FNS	PlatformTypes
meta::pure::functions::relation::rows	(offsetFrom:meta::pure::functions::relation::UnboundedFrameValue[1], offsetTo:meta::pure::functions::relation::UnboundedFrameValue[1]):meta::pure::functions::relation::Rows[1]	ROWS__UNBOUNDED_1__UNBOUNDED_1	FAMILY	NativeFn.Frame	
meta::pure::functions::relation::rows	(offsetFrom:meta::pure::functions::relation::UnboundedFrameValue[1], offsetTo:meta::pure::metamodel::type::Integer[1]):meta::pure::functions::relation::Rows[1]	ROWS__UNBOUNDED_1__INTEGER_1	FAMILY	NativeFn.Frame	
meta::pure::functions::relation::rows	(offsetFrom:meta::pure::metamodel::type::Integer[1], offsetTo:meta::pure::functions::relation::UnboundedFrameValue[1]):meta::pure::functions::relation::Rows[1]	ROWS__INTEGER_1__UNBOUNDED_1	FAMILY	NativeFn.Frame	
meta::pure::functions::relation::rows	(offsetFrom:meta::pure::metamodel::type::Integer[1], offsetTo:meta::pure::metamodel::type::Integer[1]):meta::pure::functions::relation::Rows[1]	ROWS__INTEGER_1__INTEGER_1	FAMILY	NativeFn.Frame	
meta::pure::functions::relation::select	<T,Z>(r:meta::pure::metamodel::relation::Relation<T>[1], cols:meta::pure::metamodel::relation::ColSpec<ZSUBSETT>[1]):meta::pure::metamodel::relation::Relation<Z>[1]	SELECT__RELATION_1__COL_SPEC_1	CORE_FN	CoreFn.SELECT	
meta::pure::functions::relation::select	<T,Z>(r:meta::pure::metamodel::relation::Relation<T>[1], cols:meta::pure::metamodel::relation::ColSpecArray<ZSUBSETT>[1]):meta::pure::metamodel::relation::Relation<Z>[1]	SELECT__RELATION_1__COL_SPEC_ARRAY_1	CORE_FN	CoreFn.SELECT	
meta::pure::functions::relation::select	<T>(r:meta::pure::metamodel::relation::Relation<T>[1]):meta::pure::metamodel::relation::Relation<T>[1]	SELECT__RELATION_1	CORE_FN	CoreFn.SELECT	
meta::pure::functions::relation::size	<T>(rel:meta::pure::metamodel::relation::Relation<T>[1]):meta::pure::metamodel::type::Integer[1]	SIZE__RELATION_1	REDUCER|SCALAR_RULE	Aggregates.REDUCERS|Scalars.RULES	NormalizeFolds;ResultEnvelopeSplice;StoreResolver
meta::pure::functions::relation::slice	<T>(rel:meta::pure::metamodel::relation::Relation<T>[1], start:meta::pure::metamodel::type::Integer[1], stop:meta::pure::metamodel::type::Integer[1]):meta::pure::metamodel::relation::Relation<T>[1]	SLICE__RELATION_1__INTEGER_1__INTEGER_1	CORE_FN	CoreFn.SLICE	
meta::pure::functions::relation::sort	<X,T>(rel:meta::pure::metamodel::relation::Relation<T>[1], sortInfo:meta::pure::functions::relation::SortInfo<XSUBSETT>[*]):meta::pure::metamodel::relation::Relation<T>[1]	SORT__RELATION_1__SORT_INFO_MANY	CORE_FN|SCALAR_RULE	CoreFn.SORT|Scalars.RULES	AssertVerdicts
meta::pure::functions::relation::toString	<T>(rel:meta::pure::metamodel::relation::Relation<T>[1]):meta::pure::metamodel::type::String[1]	TO_STRING__RELATION	SCALAR_RULE	Scalars.RULES	Lowerer
meta::pure::functions::relation::toString	<T>(rel:meta::pure::metamodel::relation::Relation<T>[1], typesAndMuls:meta::pure::metamodel::type::Boolean[1]):meta::pure::metamodel::type::String[1]	TO_STRING__RELATION_BOOL	SCALAR_RULE	Scalars.RULES	Lowerer
meta::pure::functions::relation::unbounded	():meta::pure::functions::relation::UnboundedFrameValue[1]	UNBOUNDED	FAMILY	NativeFn.Frame	
meta::pure::functions::relation::variant::flatten	<T,Z>(valueToFlatten:T[*], columnWithFlattenedValue:meta::pure::metamodel::relation::ColSpec<ZEQUAL(?:T)>[1]):meta::pure::metamodel::relation::Relation<Z>[1]	FLATTEN__T_MANY__COL_SPEC_1	CORE_FN	CoreFn.FLATTEN	
meta::pure::functions::relation::write	<T>(rel:meta::pure::metamodel::relation::Relation<T>[1], relationElementAccessor:meta::pure::metamodel::relation::RelationElementAccessor<T>[1]):meta::pure::metamodel::type::Integer[1]	WRITE__RELATION_1__ACCESSOR_1	CORE_FN	CoreFn.WRITE	
meta::pure::functions::runtime::currentUserId	():meta::pure::metamodel::type::String[1]	CURRENT_USER_ID	SCALAR_RULE	Scalars.RULES	
meta::pure::functions::string::ascii	(source:meta::pure::metamodel::type::String[1]):meta::pure::metamodel::type::Integer[1]	ASCII__STRING_1	SCALAR_RULE	Scalars.RULES	
meta::pure::functions::string::char	(source:meta::pure::metamodel::type::Integer[1]):meta::pure::metamodel::type::String[1]	CHAR__INTEGER_1	SCALAR_RULE	Scalars.RULES	
meta::pure::functions::string::chunk	(source:meta::pure::metamodel::type::String[1], val:meta::pure::metamodel::type::Integer[1]):meta::pure::metamodel::type::String[*]	CHUNK__STRING_1__INTEGER_1	SCALAR_RULE	Scalars.RULES	
meta::pure::functions::string::contains	(source:meta::pure::metamodel::type::String[1], val:meta::pure::metamodel::type::String[1]):meta::pure::metamodel::type::Boolean[1]	CONTAINS__STRING_1__STRING_1	SCALAR_RULE	Scalars.RULES	
meta::pure::functions::string::decodeBase64	(string:meta::pure::metamodel::type::String[1]):meta::pure::metamodel::type::String[1]	DECODE_BASE64__STRING_1	SCALAR_RULE	Scalars.RULES	
meta::pure::functions::string::encodeBase64	(string:meta::pure::metamodel::type::String[1]):meta::pure::metamodel::type::String[1]	ENCODE_BASE64__STRING_1	SCALAR_RULE	Scalars.RULES	
meta::pure::functions::string::endsWith	(source:meta::pure::metamodel::type::String[0..1], val:meta::pure::metamodel::type::String[1]):meta::pure::metamodel::type::Boolean[1]	ENDS_WITH__STRING_0_1__STRING_1	SCALAR_RULE	Scalars.RULES	
meta::pure::functions::string::endsWith	(source:meta::pure::metamodel::type::String[1], val:meta::pure::metamodel::type::String[1]):meta::pure::metamodel::type::Boolean[1]	ENDS_WITH__STRING_1__STRING_1	SCALAR_RULE	Scalars.RULES	
meta::pure::functions::string::format	(format:meta::pure::metamodel::type::String[1], args:meta::pure::metamodel::type::Any[*]):meta::pure::metamodel::type::String[1]	FORMAT__STRING_1__ANY_MANY	SCALAR_RULE	Scalars.RULES	PlatformTypes
meta::pure::functions::string::generation::generateGuid	():meta::pure::metamodel::type::String[1]	GENERATE_GUID	SCALAR_RULE	Scalars.RULES	
meta::pure::functions::string::indexOf	(str:meta::pure::metamodel::type::String[1], toFind:meta::pure::metamodel::type::String[1]):meta::pure::metamodel::type::Integer[1]	INDEX_OF__STRING_1__STRING_1	SCALAR_RULE	Scalars.RULES	
meta::pure::functions::string::indexOf	(str:meta::pure::metamodel::type::String[1], toFind:meta::pure::metamodel::type::String[1], fromIndex:meta::pure::metamodel::type::Integer[1]):meta::pure::metamodel::type::Integer[1]	INDEX_OF__STRING_1__STRING_1__INTEGER_1	SCALAR_RULE	Scalars.RULES	
meta::pure::functions::string::jaroWinklerSimilarity	(str1:meta::pure::metamodel::type::String[1], str2:meta::pure::metamodel::type::String[1]):meta::pure::metamodel::type::Float[1]	JARO_WINKLER_SIMILARITY__STRING_1__STRING_1	SCALAR_RULE	Scalars.RULES	
meta::pure::functions::string::joinStrings	(strings:meta::pure::metamodel::type::String[*]):meta::pure::metamodel::type::String[1]	JOIN_STRINGS__STRING_MANY	REDUCER|SCALAR_RULE	Aggregates.REDUCERS|Scalars.RULES	AssertVerdicts;ExecuteChainAssembly
meta::pure::functions::string::joinStrings	(strings:meta::pure::metamodel::type::String[*], prefix:meta::pure::metamodel::type::String[1], separator:meta::pure::metamodel::type::String[1], suffix:meta::pure::metamodel::type::String[1]):meta::pure::metamodel::type::String[1]	JOIN_STRINGS__STRING_MANY__STRING_1__STRING_1__STRING_1	REDUCER|SCALAR_RULE	Aggregates.REDUCERS|Scalars.RULES	AssertVerdicts;ExecuteChainAssembly
meta::pure::functions::string::joinStrings	(strings:meta::pure::metamodel::type::String[*], separator:meta::pure::metamodel::type::String[1]):meta::pure::metamodel::type::String[1]	JOIN_STRINGS__STRING_MANY__STRING_1	REDUCER|SCALAR_RULE	Aggregates.REDUCERS|Scalars.RULES	AssertVerdicts;ExecuteChainAssembly
meta::pure::functions::string::left	(string:meta::pure::metamodel::type::String[1], length:meta::pure::metamodel::type::Integer[1]):meta::pure::metamodel::type::String[1]	LEFT__STRING_1__INTEGER_1	SCALAR_RULE	Scalars.RULES	
meta::pure::functions::string::length	(str:meta::pure::metamodel::type::String[1]):meta::pure::metamodel::type::Integer[1]	LENGTH__STRING_1	SCALAR_RULE	Scalars.RULES	
meta::pure::functions::string::levenshteinDistance	(str1:meta::pure::metamodel::type::String[1], str2:meta::pure::metamodel::type::String[1]):meta::pure::metamodel::type::Integer[1]	LEVENSHTEIN_DISTANCE__STRING_1__STRING_1	SCALAR_RULE	Scalars.RULES	
meta::pure::functions::string::lpad	(str:meta::pure::metamodel::type::String[1], length:meta::pure::metamodel::type::Integer[1]):meta::pure::metamodel::type::String[1]	LPAD__STRING_1__INTEGER_1	SCALAR_RULE	Scalars.RULES	
meta::pure::functions::string::lpad	(str:meta::pure::metamodel::type::String[1], length:meta::pure::metamodel::type::Integer[1], char:meta::pure::metamodel::type::String[1]):meta::pure::metamodel::type::String[1]	LPAD__STRING_1__INTEGER_1__STRING_1	SCALAR_RULE	Scalars.RULES	
meta::pure::functions::string::ltrim	(str:meta::pure::metamodel::type::String[1]):meta::pure::metamodel::type::String[1]	LTRIM__STRING_1	SCALAR_RULE	Scalars.RULES	
meta::pure::functions::string::makeString	(any:meta::pure::metamodel::type::Any[*]):meta::pure::metamodel::type::String[1]	MAKE_STRING__ANY_MANY	SCALAR_RULE	Scalars.RULES	AssertVerdicts
meta::pure::functions::string::makeString	(any:meta::pure::metamodel::type::Any[*], prefix:meta::pure::metamodel::type::String[1], separator:meta::pure::metamodel::type::String[1], suffix:meta::pure::metamodel::type::String[1]):meta::pure::metamodel::type::String[1]	MAKE_STRING__ANY_MANY__STRING_1__STRING_1__STRING_1	SCALAR_RULE	Scalars.RULES	AssertVerdicts
meta::pure::functions::string::makeString	(any:meta::pure::metamodel::type::Any[*], separator:meta::pure::metamodel::type::String[1]):meta::pure::metamodel::type::String[1]	MAKE_STRING__ANY_MANY__STRING_1	SCALAR_RULE	Scalars.RULES	AssertVerdicts
meta::pure::functions::string::matches	(string:meta::pure::metamodel::type::String[1], regexp:meta::pure::metamodel::type::String[1]):meta::pure::metamodel::type::Boolean[1]	MATCHES__STRING_1__STRING_1	SCALAR_RULE	Scalars.RULES	
meta::pure::functions::string::parseBoolean	(string:meta::pure::metamodel::type::String[1]):meta::pure::metamodel::type::Boolean[1]	PARSE_BOOLEAN__STRING_1	SCALAR_RULE	Scalars.RULES	
meta::pure::functions::string::parseDate	(string:meta::pure::metamodel::type::String[1]):meta::pure::metamodel::type::Date[1]	PARSE_DATE__STRING_1	SCALAR_RULE	Scalars.RULES	Typer
meta::pure::functions::string::parseDecimal	(string:meta::pure::metamodel::type::String[1]):meta::pure::metamodel::type::Decimal[1]	PARSE_DECIMAL__STRING_1	SCALAR_RULE	Scalars.RULES	Typer
meta::pure::functions::string::parseDecimal	(string:meta::pure::metamodel::type::String[1], precision:meta::pure::metamodel::type::Integer[1], scale:meta::pure::metamodel::type::Integer[1]):meta::pure::metamodel::type::Decimal[1]	PARSE_DECIMAL__STRING_1__INTEGER_1__INTEGER_1	SCALAR_RULE	Scalars.RULES	Typer
meta::pure::functions::string::parseFloat	(string:meta::pure::metamodel::type::String[1]):meta::pure::metamodel::type::Float[1]	PARSE_FLOAT__STRING_1	SCALAR_RULE	Scalars.RULES	
meta::pure::functions::string::parseInteger	(string:meta::pure::metamodel::type::String[1]):meta::pure::metamodel::type::Integer[1]	PARSE_INTEGER__STRING_1	SCALAR_RULE	Scalars.RULES	
meta::pure::functions::string::plus	(strings:meta::pure::metamodel::type::String[*]):meta::pure::metamodel::type::String[1]	STRING_PLUS__STRING_MANY	REDUCER|SCALAR_RULE	Aggregates.REDUCERS|Scalars.RULES	GraphEmission;PlatformTypes
meta::pure::functions::string::regexpCount	(string:meta::pure::metamodel::type::String[1], regexp:meta::pure::metamodel::type::String[1]):meta::pure::metamodel::type::Integer[1]	REGEXP_COUNT__2	SCALAR_RULE	Scalars.RULES	
meta::pure::functions::string::regexpCount	(string:meta::pure::metamodel::type::String[1], regexp:meta::pure::metamodel::type::String[1], regexpParameters:meta::pure::functions::string::RegexpParameter[1..*]):meta::pure::metamodel::type::Integer[1]	REGEXP_COUNT__3	SCALAR_RULE	Scalars.RULES	
meta::pure::functions::string::regexpExtract	(string:meta::pure::metamodel::type::String[1], regexp:meta::pure::metamodel::type::String[1], extractAll:meta::pure::metamodel::type::Boolean[1]):meta::pure::metamodel::type::String[*]	REGEXP_EXTRACT__3	SCALAR_RULE	Scalars.RULES	
meta::pure::functions::string::regexpExtract	(string:meta::pure::metamodel::type::String[1], regexp:meta::pure::metamodel::type::String[1], extractAll:meta::pure::metamodel::type::Boolean[1], groupNumber:meta::pure::metamodel::type::Integer[1]):meta::pure::metamodel::type::String[*]	REGEXP_EXTRACT__4	SCALAR_RULE	Scalars.RULES	
meta::pure::functions::string::regexpExtract	(string:meta::pure::metamodel::type::String[1], regexp:meta::pure::metamodel::type::String[1], extractAll:meta::pure::metamodel::type::Boolean[1], groupNumber:meta::pure::metamodel::type::Integer[1], regexpParameters:meta::pure::functions::string::RegexpParameter[1..*]):meta::pure::metamodel::type::String[*]	REGEXP_EXTRACT__5	SCALAR_RULE	Scalars.RULES	
meta::pure::functions::string::regexpExtract	(string:meta::pure::metamodel::type::String[1], regexp:meta::pure::metamodel::type::String[1], extractAll:meta::pure::metamodel::type::Boolean[1], regexpParameters:meta::pure::functions::string::RegexpParameter[1..*]):meta::pure::metamodel::type::String[*]	REGEXP_EXTRACT__4P	SCALAR_RULE	Scalars.RULES	
meta::pure::functions::string::regexpIndexOf	(string:meta::pure::metamodel::type::String[1], regexp:meta::pure::metamodel::type::String[1]):meta::pure::metamodel::type::Integer[1]	REGEXP_INDEX_OF__2	SCALAR_RULE	Scalars.RULES	
meta::pure::functions::string::regexpIndexOf	(string:meta::pure::metamodel::type::String[1], regexp:meta::pure::metamodel::type::String[1], groupNumber:meta::pure::metamodel::type::Integer[1]):meta::pure::metamodel::type::Integer[1]	REGEXP_INDEX_OF__3	SCALAR_RULE	Scalars.RULES	
meta::pure::functions::string::regexpIndexOf	(string:meta::pure::metamodel::type::String[1], regexp:meta::pure::metamodel::type::String[1], groupNumber:meta::pure::metamodel::type::Integer[1], regexpParameters:meta::pure::functions::string::RegexpParameter[1..*]):meta::pure::metamodel::type::Integer[1]	REGEXP_INDEX_OF__4	SCALAR_RULE	Scalars.RULES	
meta::pure::functions::string::regexpIndexOf	(string:meta::pure::metamodel::type::String[1], regexp:meta::pure::metamodel::type::String[1], regexpParameters:meta::pure::functions::string::RegexpParameter[1..*]):meta::pure::metamodel::type::Integer[1]	REGEXP_INDEX_OF__3P	SCALAR_RULE	Scalars.RULES	
meta::pure::functions::string::regexpLike	(string:meta::pure::metamodel::type::String[1], regexp:meta::pure::metamodel::type::String[1]):meta::pure::metamodel::type::Boolean[1]	REGEXP_LIKE__2	SCALAR_RULE	Scalars.RULES	
meta::pure::functions::string::regexpLike	(string:meta::pure::metamodel::type::String[1], regexp:meta::pure::metamodel::type::String[1], regexpParameters:meta::pure::functions::string::RegexpParameter[1..*]):meta::pure::metamodel::type::Boolean[1]	REGEXP_LIKE__3	SCALAR_RULE	Scalars.RULES	
meta::pure::functions::string::regexpReplace	(string:meta::pure::metamodel::type::String[1], regexp:meta::pure::metamodel::type::String[1], replacement:meta::pure::metamodel::type::String[1], replaceAll:meta::pure::metamodel::type::Boolean[1]):meta::pure::metamodel::type::String[1]	REGEXP_REPLACE__4	SCALAR_RULE	Scalars.RULES	
meta::pure::functions::string::regexpReplace	(string:meta::pure::metamodel::type::String[1], regexp:meta::pure::metamodel::type::String[1], replacement:meta::pure::metamodel::type::String[1], replaceAll:meta::pure::metamodel::type::Boolean[1], regexpParameters:meta::pure::functions::string::RegexpParameter[1..*]):meta::pure::metamodel::type::String[1]	REGEXP_REPLACE__5	SCALAR_RULE	Scalars.RULES	
meta::pure::functions::string::repeatString	(str:meta::pure::metamodel::type::String[0..1], times:meta::pure::metamodel::type::Integer[1]):meta::pure::metamodel::type::String[0..1]	REPEAT_STRING__STRING_0_1__INTEGER_1	SCALAR_RULE	Scalars.RULES	
meta::pure::functions::string::replace	(source:meta::pure::metamodel::type::String[1], toReplace:meta::pure::metamodel::type::String[1], replacement:meta::pure::metamodel::type::String[1]):meta::pure::metamodel::type::String[1]	REPLACE__STRING_1__STRING_1__STRING_1	SCALAR_RULE	Scalars.RULES	AssertVerdicts
meta::pure::functions::string::reverseString	(str:meta::pure::metamodel::type::String[1]):meta::pure::metamodel::type::String[1]	REVERSE_STRING__STRING_1	SCALAR_RULE	Scalars.RULES	
meta::pure::functions::string::right	(string:meta::pure::metamodel::type::String[1], length:meta::pure::metamodel::type::Integer[1]):meta::pure::metamodel::type::String[1]	RIGHT__STRING_1__INTEGER_1	SCALAR_RULE	Scalars.RULES	
meta::pure::functions::string::rpad	(str:meta::pure::metamodel::type::String[1], length:meta::pure::metamodel::type::Integer[1]):meta::pure::metamodel::type::String[1]	RPAD__STRING_1__INTEGER_1	SCALAR_RULE	Scalars.RULES	
meta::pure::functions::string::rpad	(str:meta::pure::metamodel::type::String[1], length:meta::pure::metamodel::type::Integer[1], char:meta::pure::metamodel::type::String[1]):meta::pure::metamodel::type::String[1]	RPAD__STRING_1__INTEGER_1__STRING_1	SCALAR_RULE	Scalars.RULES	
meta::pure::functions::string::rtrim	(str:meta::pure::metamodel::type::String[1]):meta::pure::metamodel::type::String[1]	RTRIM__STRING_1	SCALAR_RULE	Scalars.RULES	
meta::pure::functions::string::split	(str:meta::pure::metamodel::type::String[1], token:meta::pure::metamodel::type::String[1]):meta::pure::metamodel::type::String[*]	SPLIT__STRING_1__STRING_1	SCALAR_RULE	Scalars.RULES	
meta::pure::functions::string::splitPart	(str:meta::pure::metamodel::type::String[0..1], token:meta::pure::metamodel::type::String[1], part:meta::pure::metamodel::type::Integer[1]):meta::pure::metamodel::type::String[0..1]	SPLIT_PART__STRING_0_1__STRING_1__INTEGER_1	SCALAR_RULE	Scalars.RULES	
meta::pure::functions::string::startsWith	(source:meta::pure::metamodel::type::String[0..1], val:meta::pure::metamodel::type::String[1]):meta::pure::metamodel::type::Boolean[1]	STARTS_WITH__STRING_0_1__STRING_1	SCALAR_RULE	Scalars.RULES	
meta::pure::functions::string::startsWith	(source:meta::pure::metamodel::type::String[1], val:meta::pure::metamodel::type::String[1]):meta::pure::metamodel::type::Boolean[1]	STARTS_WITH__STRING_1__STRING_1	SCALAR_RULE	Scalars.RULES	
meta::pure::functions::string::substring	(str:meta::pure::metamodel::type::String[1], start:meta::pure::metamodel::type::Integer[1]):meta::pure::metamodel::type::String[1]	SUBSTRING__STRING_1__INTEGER_1	SCALAR_RULE	Scalars.RULES	
meta::pure::functions::string::substring	(str:meta::pure::metamodel::type::String[1], start:meta::pure::metamodel::type::Integer[1], end:meta::pure::metamodel::type::Integer[1]):meta::pure::metamodel::type::String[1]	SUBSTRING__STRING_1__INTEGER_1__INTEGER_1	SCALAR_RULE	Scalars.RULES	
meta::pure::functions::string::toLower	(source:meta::pure::metamodel::type::String[1]):meta::pure::metamodel::type::String[1]	TO_LOWER__STRING_1	SCALAR_RULE	Scalars.RULES	
meta::pure::functions::string::toLowerFirstCharacter	(str:meta::pure::metamodel::type::String[1]):meta::pure::metamodel::type::String[1]	TO_LOWER_FIRST_CHARACTER__STRING_1	SCALAR_RULE	Scalars.RULES	
meta::pure::functions::string::toRepresentation	(any:meta::pure::metamodel::type::Any[1]):meta::pure::metamodel::type::String[1]	TO_REPRESENTATION__ANY_1	SCALAR_RULE	Scalars.RULES	PlatformTypes
meta::pure::functions::string::toString	(any:meta::pure::metamodel::type::Any[1]):meta::pure::metamodel::type::String[1]	TO_STRING__ANY_1	SCALAR_RULE	Scalars.RULES	AssertVerdicts;ExecuteChainAssembly;PlatformTypes;StoreNav
meta::pure::functions::string::toUpper	(source:meta::pure::metamodel::type::String[1]):meta::pure::metamodel::type::String[1]	TO_UPPER__STRING_1	SCALAR_RULE	Scalars.RULES	
meta::pure::functions::string::toUpperFirstCharacter	(str:meta::pure::metamodel::type::String[1]):meta::pure::metamodel::type::String[1]	TO_UPPER_FIRST_CHARACTER__STRING_1	SCALAR_RULE	Scalars.RULES	
meta::pure::functions::string::trim	(str:meta::pure::metamodel::type::String[1]):meta::pure::metamodel::type::String[1]	TRIM__STRING_1	SCALAR_RULE	Scalars.RULES	
meta::pure::functions::variant::convert::fromJson	(json:meta::pure::metamodel::type::String[1]):meta::pure::metamodel::variant::Variant[1]	FROM_JSON__STRING_1	SCALAR_RULE	Scalars.RULES	
meta::pure::functions::variant::convert::to	<T>(variant:meta::pure::metamodel::variant::Variant[0..1], type:T[0..1]):T[0..1]	TO__VARIANT_0_1__T_0_1	CORE_FN	CoreFn.TO	
meta::pure::functions::variant::convert::toMany	<T>(variant:meta::pure::metamodel::variant::Variant[0..1], type:T[0..1]):T[*]	TO_MANY__VARIANT_0_1__T_0_1	CORE_FN	CoreFn.TO_MANY	
meta::pure::functions::variant::convert::toVariant	(value:meta::pure::metamodel::type::Any[*]):meta::pure::metamodel::variant::Variant[1]	TO_VARIANT__ANY_MANY	SCALAR_RULE	Scalars.RULES	JsonChecker
meta::pure::functions::variant::navigation::get	(variant:meta::pure::metamodel::variant::Variant[0..1], index:meta::pure::metamodel::type::Integer[1]):meta::pure::metamodel::variant::Variant[0..1]	GET__VARIANT_0_1__INTEGER_1	FAMILY	NativeFn.ResolverForm	
meta::pure::functions::variant::navigation::get	(variant:meta::pure::metamodel::variant::Variant[0..1], key:meta::pure::metamodel::type::String[1]):meta::pure::metamodel::variant::Variant[0..1]	GET__VARIANT_0_1__STRING_1	FAMILY	NativeFn.ResolverForm	
meta::pure::graphFetch::execution::alloyConfig	(includeType:meta::pure::metamodel::type::Boolean[1], includeEnumType:meta::pure::metamodel::type::Boolean[1], dateTimeFormat:meta::pure::metamodel::type::String[1], removePropertiesWithNullValues:meta::pure::metamodel::type::Boolean[1], removePropertiesWithEmptySets:meta::pure::metamodel::type::Boolean[1], typeString:meta::pure::metamodel::type::String[1], fullyQualifiedTypePath:meta::pure::metamodel::type::Boolean[1], includeObjectReference:meta::pure::metamodel::type::Boolean[1]):meta::pure::graphFetch::execution::AlloySerializationConfig[1]	ALLOY_CONFIG__8	FAMILY	NativeFn.ResolverForm	
meta::pure::graphFetch::execution::alloyConfig	(includeType:meta::pure::metamodel::type::Boolean[1], includeEnumType:meta::pure::metamodel::type::Boolean[1], removePropertiesWithNullValues:meta::pure::metamodel::type::Boolean[1], removePropertiesWithEmptySets:meta::pure::metamodel::type::Boolean[1]):meta::pure::graphFetch::execution::AlloySerializationConfig[1]	ALLOY_CONFIG__4	FAMILY	NativeFn.ResolverForm	
meta::pure::graphFetch::execution::alloyConfig	(includeType:meta::pure::metamodel::type::Boolean[1], includeEnumType:meta::pure::metamodel::type::Boolean[1], removePropertiesWithNullValues:meta::pure::metamodel::type::Boolean[1], removePropertiesWithEmptySets:meta::pure::metamodel::type::Boolean[1], includeObjectReference:meta::pure::metamodel::type::Boolean[1]):meta::pure::graphFetch::execution::AlloySerializationConfig[1]	ALLOY_CONFIG__5	FAMILY	NativeFn.ResolverForm	
meta::pure::graphFetch::execution::alloyConfig	(includeType:meta::pure::metamodel::type::Boolean[1], includeEnumType:meta::pure::metamodel::type::Boolean[1], removePropertiesWithNullValues:meta::pure::metamodel::type::Boolean[1], removePropertiesWithEmptySets:meta::pure::metamodel::type::Boolean[1], typeString:meta::pure::metamodel::type::String[1], fullyQualifiedTypePath:meta::pure::metamodel::type::Boolean[1]):meta::pure::graphFetch::execution::AlloySerializationConfig[1]	ALLOY_CONFIG__6	FAMILY	NativeFn.ResolverForm	
meta::pure::graphFetch::execution::alloyConfig	(includeType:meta::pure::metamodel::type::Boolean[1], includeEnumType:meta::pure::metamodel::type::Boolean[1], removePropertiesWithNullValues:meta::pure::metamodel::type::Boolean[1], removePropertiesWithEmptySets:meta::pure::metamodel::type::Boolean[1], typeString:meta::pure::metamodel::type::String[1], fullyQualifiedTypePath:meta::pure::metamodel::type::Boolean[1], includeObjectReference:meta::pure::metamodel::type::Boolean[1]):meta::pure::graphFetch::execution::AlloySerializationConfig[1]	ALLOY_CONFIG__7	FAMILY	NativeFn.ResolverForm	
meta::pure::graphFetch::execution::graphFetch	<T>(collection:T[*], graphFetchTree:meta::pure::graphFetch::RootGraphFetchTree<T>[1]):T[*]	GRAPH_FETCH__T_MANY__ROOT_GRAPH_FETCH_TREE_1	CORE_FN	CoreFn.GRAPH_FETCH	
meta::pure::graphFetch::execution::graphFetch	<T>(collection:T[*], graphFetchTree:meta::pure::graphFetch::RootGraphFetchTree<T>[1], batchSize:meta::pure::metamodel::type::Integer[1]):T[*]	GRAPH_FETCH__T_MANY__ROOT_GRAPH_FETCH_TREE_1__INTEGER_1	CORE_FN	CoreFn.GRAPH_FETCH	
meta::pure::graphFetch::execution::graphFetchChecked	<T>(collection:T[*], graphFetchTree:meta::pure::graphFetch::RootGraphFetchTree<T>[1]):meta::pure::dataQuality::Checked<T>[*]	GRAPH_FETCH_CHECKED__T_MANY__ROOT_GRAPH_FETCH_TREE_1	CORE_FN	CoreFn.GRAPH_FETCH_CHECKED	
meta::pure::graphFetch::execution::graphFetchChecked	<T>(collection:T[*], graphFetchTree:meta::pure::graphFetch::RootGraphFetchTree<T>[1], batchSize:meta::pure::metamodel::type::Integer[1]):meta::pure::dataQuality::Checked<T>[*]	GRAPH_FETCH_CHECKED__T_MANY__ROOT_GRAPH_FETCH_TREE_1__INTEGER_1	CORE_FN	CoreFn.GRAPH_FETCH_CHECKED	
meta::pure::graphFetch::execution::serialize	<T>(collection:T[*], graphFetchTree:meta::pure::graphFetch::RootGraphFetchTree<T>[1]):meta::pure::metamodel::type::String[1]	SERIALIZE__T_MANY__ROOT_GRAPH_FETCH_TREE_1	CORE_FN	CoreFn.SERIALIZE	
meta::pure::graphFetch::execution::serialize	<T>(collection:T[*], graphFetchTree:meta::pure::graphFetch::RootGraphFetchTree<T>[1], config:meta::pure::graphFetch::execution::AlloySerializationConfig[1]):meta::pure::metamodel::type::String[1]	SERIALIZE__T_MANY__ROOT_GRAPH_FETCH_TREE_1__CONFIG_1	CORE_FN	CoreFn.SERIALIZE	
meta::pure::lineage::scanColumns::scanColumns	(p:meta::pure::lineage::scanProperties::propertyTree::PropertyPathTree[1], m:meta::pure::mapping::Mapping[1]):meta::pure::lineage::scanColumns::ColumnWithContext[*]	SCAN_COLUMNS__2	FAMILY	NativeFn.Handle	PlatformTypes
meta::pure::lineage::scanProperties::propertyTree::buildPropertyTree	(properyLists:meta::pure::functions::collection::List<meta::pure::lineage::scanProperties::PropertyPathNode>[*]):meta::pure::lineage::scanProperties::propertyTree::PropertyPathTree[1]	BUILD_PROPERTY_TREE__LISTS	FAMILY	NativeFn.Handle	PlatformTypes
meta::pure::lineage::scanProperties::scanProperties	(vs:meta::pure::metamodel::valuespecification::ValueSpecification[1], list:meta::pure::functions::collection::List<meta::pure::lineage::scanProperties::PropertyPathNode>[1], processed:meta::pure::metamodel::function::Function<meta::pure::metamodel::type::Any>[*], vars:meta::pure::functions::collection::Map<meta::pure::metamodel::type::String,meta::pure::functions::collection::List<meta::pure::lineage::scanProperties::PropertyPathNode>>[0..1]):meta::pure::lineage::scanProperties::Res[0..1]	SCAN_PROPERTIES__4	FAMILY	NativeFn.Handle	PlatformTypes
meta::pure::lineage::scanRelations::scanRelations	(f:meta::pure::metamodel::function::FunctionDefinition<meta::pure::metamodel::type::Any>[1], m:meta::pure::mapping::Mapping[1], extensions:meta::pure::extension::Extension[*]):meta::pure::lineage::scanRelations::RelationTree[1]	SCAN_RELATIONS__FUNCTION_DEFINITION_1__MAPPING_1__EXTENSION_MANY	FAMILY	NativeFn.Handle	PlatformTypes
meta::pure::lineage::scanRelations::scanRelations	(f:meta::pure::metamodel::function::FunctionDefinition<meta::pure::metamodel::type::Any>[1], m:meta::pure::mapping::Mapping[1], r:meta::core::runtime::Runtime[1], extensions:meta::pure::extension::Extension[*]):meta::pure::lineage::scanRelations::RelationTree[1]	SCAN_RELATIONS__FUNCTION_DEFINITION_1__MAPPING_1__RUNTIME_1__EXTENSION_MANY	FAMILY	NativeFn.Handle	PlatformTypes
meta::pure::mapping::from	<T|m>(func:meta::pure::metamodel::function::FunctionDefinition<{->T[m]}>[1], packageableRuntime:meta::pure::runtime::PackageableRuntime[1]):T[m]	FROM__FN_1__PACKAGEABLE_RUNTIME_1	CORE_FN	CoreFn.FROM	
meta::pure::mapping::from	<T|m>(func:meta::pure::metamodel::function::FunctionDefinition<{->T[m]}>[1], runtime:meta::core::runtime::Runtime[1]):T[m]	FROM__FN_1__RUNTIME_1	CORE_FN	CoreFn.FROM	
meta::pure::mapping::from	<T|m>(t:T[m], m:meta::pure::mapping::Mapping[1], packageableRuntime:meta::pure::runtime::PackageableRuntime[1]):T[m]	FROM__T_m__MAPPING_1__PACKAGEABLE_RUNTIME_1	CORE_FN	CoreFn.FROM	
meta::pure::mapping::from	<T|m>(t:T[m], m:meta::pure::mapping::Mapping[1], runtime:meta::core::runtime::Runtime[1]):T[m]	FROM__T_m__MAPPING_1__RUNTIME_1	CORE_FN	CoreFn.FROM	
meta::pure::mapping::from	<T|m>(t:T[m], packageableRuntime:meta::pure::runtime::PackageableRuntime[1]):T[m]	FROM__T_m__PACKAGEABLE_RUNTIME_1	CORE_FN	CoreFn.FROM	
meta::pure::mapping::from	<T|m>(t:T[m], runtime:meta::core::runtime::Runtime[1]):T[m]	FROM__T_m__RUNTIME_1	CORE_FN	CoreFn.FROM	
meta::pure::mapping::withChainedMappings	<T|m>(t:T[m], m:meta::pure::mapping::Mapping[*]):T[m]	WITH_CHAINED_MAPPINGS	FAMILY	NativeFn.ResolverForm	PlatformTypes
meta::pure::mapping::withMapping	<T|m>(t:T[m], m:meta::pure::mapping::Mapping[1]):T[m]	WITH_MAPPING	FAMILY	NativeFn.ResolverForm	
meta::pure::metamodel::relation::newTDSRelationAccessor	<T>(tds:meta::pure::metamodel::relation::TDS<T>[1]):meta::pure::metamodel::relation::TDSRelationAccessor<T>[1]	NEW_TDS_RELATION_ACCESSOR__TDS_1	CORE_FN	CoreFn.SELECT	
meta::pure::router::execute	<T|m>(f:meta::pure::metamodel::function::FunctionDefinition<{->T[m]}>[1], m:meta::pure::mapping::Mapping[1], runtime:meta::core::runtime::Runtime[1], extensions:meta::pure::extension::Extension[*], debug:meta::pure::tools::DebugContext[1]):meta::pure::mapping::Result<T>[1]	ROUTER_EXECUTE__FN_1__MAPPING_1__RUNTIME_1__EXTENSION_MANY__DEBUG_CONTEXT_1	FAMILY	NativeFn.Handle	PlatformTypes
meta::pure::router::execute	<T|y>(f:meta::pure::metamodel::function::FunctionDefinition<{->T[y]}>[1], m:meta::pure::mapping::Mapping[1], runtime:meta::core::runtime::Runtime[1], exeCtx:meta::pure::runtime::ExecutionContext[1], extensions:meta::pure::extension::Extension[*]):meta::pure::mapping::Result<T>[1]	ROUTER_EXECUTE__FN_1__MAPPING_1__RUNTIME_1__EXECUTION_CONTEXT_1__EXTENSION_MANY	FAMILY	NativeFn.Handle	ExecuteChainAssembly;PlatformTypes;Typer
meta::pure::router::execute	<T|y>(f:meta::pure::metamodel::function::FunctionDefinition<{->T[y]}>[1], m:meta::pure::mapping::Mapping[1], runtime:meta::core::runtime::Runtime[1], extensions:meta::pure::extension::Extension[*]):meta::pure::mapping::Result<T>[1]	ROUTER_EXECUTE__FN_1__MAPPING_1__RUNTIME_1__EXTENSION_MANY	FAMILY	NativeFn.Handle	PlatformTypes
meta::pure::router::preeval::preval	<T>(f:meta::pure::metamodel::function::FunctionDefinition<T>[1], extensions:meta::pure::extension::Extension[*]):meta::pure::metamodel::function::FunctionDefinition<T>[1]	PREVAL__FUNCTION_DEFINITION_1__EXTENSION_MANY	FAMILY	NativeFn.Handle	PlatformTypes
meta::pure::router::preeval::preval	<T>(f:meta::pure::metamodel::function::FunctionDefinition<T>[1], extensions:meta::pure::extension::Extension[*], debug:meta::pure::tools::DebugContext[1]):meta::pure::metamodel::function::FunctionDefinition<T>[1]	PREVAL__FUNCTION_DEFINITION_1__EXTENSION_MANY__DEBUG_CONTEXT_1	FAMILY	NativeFn.Handle	PlatformTypes
meta::pure::tds::asc	(column:meta::pure::metamodel::type::String[1]):meta::pure::tds::SortInformation[1]	ASC__STRING_1	CORE_FN	CoreFn.ASC	
meta::pure::tds::desc	(column:meta::pure::metamodel::type::String[1]):meta::pure::tds::SortInformation[1]	DESC__STRING_1	CORE_FN	CoreFn.DESC	
meta::pure::tds::extensions::firstNotNull	<T>(set:T[*]):T[0..1]	FIRST_NOT_NULL__T_MANY	SCALAR_RULE	Scalars.RULES	
meta::pure::tds::filter	(tds:meta::pure::tds::TabularDataSet[1], f:meta::pure::metamodel::function::Function<{meta::pure::tds::TDSRow[1]->meta::pure::metamodel::type::Boolean[1]}>[1]):meta::pure::tds::TabularDataSet[1]	TDS_FILTER__TDS_1__FUNCTION_1	CORE_FN	CoreFn.FILTER	
meta::pure::tds::groupBy	<K,V,U>(set:K[*], functions:meta::pure::metamodel::function::Function<{K[1]->meta::pure::metamodel::type::Any[*]}>[*], aggValues:meta::pure::functions::collection::AggregateValue<K,V,U>[*], ids:meta::pure::metamodel::type::String[*]):meta::pure::tds::TabularDataSet[1]	GROUP_BY__K_MANY__FUNCTION_MANY__AGGREGATE_VALUE_MANY__STRING_MANY	CORE_FN	CoreFn.GROUP_BY	
meta::pure::tds::groupByWithWindowSubset	<K,V,U>(set:K[*], functions:meta::pure::metamodel::function::Function<{K[1]->meta::pure::metamodel::type::Any[*]}>[*], aggValues:meta::pure::functions::collection::AggregateValue<K,V,U>[*], ids:meta::pure::metamodel::type::String[*], subSelectIds:meta::pure::metamodel::type::String[*], subAggIds:meta::pure::metamodel::type::String[*]):meta::pure::tds::TabularDataSet[1]	GROUP_BY_WITH_WINDOW_SUBSET__K_MANY__FUNCTION_MANY__AGGREGATE_VALUE_MANY__STRING_MANY__STRING_MANY__STRING_MANY	CORE_FN	CoreFn.GROUP_BY_WITH_WINDOW_SUBSET	
meta::pure::tds::limit	(tds:meta::pure::tds::TabularDataSet[1], size:meta::pure::metamodel::type::Integer[0..1]):meta::pure::tds::TabularDataSet[1]	LIMIT__TDS_1__INTEGER_0_1	CORE_FN	CoreFn.LIMIT	
meta::pure::tds::project	<K>(set:K[*], functions:meta::pure::metamodel::function::Function<{K[1]->meta::pure::metamodel::type::Any[*]}>[*], ids:meta::pure::metamodel::type::String[*]):meta::pure::tds::TabularDataSet[1]	PROJECT__K_MANY__FUNCTION_MANY__STRING_MANY	CORE_FN	CoreFn.PROJECT	TdsLegacy
meta::pure::tds::sort	(tds:meta::pure::tds::TabularDataSet[1], column:meta::pure::metamodel::type::String[1], direction:meta::pure::tds::SortDirection[1]):meta::pure::tds::TabularDataSet[1]	SORT__TDS_1__STRING_1__SORT_DIRECTION_1	CORE_FN|SCALAR_RULE	CoreFn.SORT|Scalars.RULES	
meta::pure::tds::sort	(tds:meta::pure::tds::TabularDataSet[1], columns:meta::pure::metamodel::type::String[*]):meta::pure::tds::TabularDataSet[1]	SORT__TDS_1__STRING_MANY	CORE_FN|SCALAR_RULE	CoreFn.SORT|Scalars.RULES	
meta::pure::tds::tableToTDS	(table:meta::relational::metamodel::relation::Table[1]):meta::relational::mapping::TableTDS[1]	TABLE_TO_TDS__TABLE_1	CORE_FN	CoreFn.TABLE_TO_TDS	
meta::pure::tds::tdsContains	<T>(object:T[1], functions:meta::pure::metamodel::function::Function<{T[1]->meta::pure::metamodel::type::Any[0..1]}>[*], ids:meta::pure::metamodel::type::String[*], tds:meta::pure::tds::TabularDataSet[1], crossOperation:meta::pure::metamodel::function::Function<{meta::pure::tds::TDSRow[1],meta::pure::tds::TDSRow[1]->meta::pure::metamodel::type::Boolean[1]}>[1]):meta::pure::metamodel::type::Boolean[1]	TDS_CONTAINS__T_1__FUNCTION_MANY__STRING_MANY__TDS_1__FUNCTION_1	FAMILY	NativeFn.ResolverForm	
meta::pure::tds::tdsContains	<T>(object:T[1], functions:meta::pure::metamodel::function::Function<{T[1]->meta::pure::metamodel::type::Any[0..1]}>[*], tds:meta::pure::tds::TabularDataSet[1]):meta::pure::metamodel::type::Boolean[1]	TDS_CONTAINS__T_1__FUNCTION_MANY__TDS_1	FAMILY	NativeFn.ResolverForm	
meta::relational::functions::database::tableReference	(database:meta::relational::metamodel::Database[1], schemaName:meta::pure::metamodel::type::String[1], tableName:meta::pure::metamodel::type::String[1]):meta::relational::metamodel::relation::Table[1]	TABLE_REFERENCE__DATABASE_1__STRING_1__STRING_1	CORE_FN	CoreFn.TABLE_REFERENCE	
meta::relational::functions::sqlQueryToString::sqlFalse	():meta::pure::metamodel::type::Boolean[1]	SQL_FALSE	SCALAR_RULE	Scalars.RULES	
meta::relational::functions::sqlQueryToString::sqlNull	():meta::relational::metamodel::SQLNull[1]	SQL_NULL	SCALAR_RULE	Scalars.RULES	
meta::relational::functions::sqlQueryToString::sqlTrue	():meta::pure::metamodel::type::Boolean[1]	SQL_TRUE	SCALAR_RULE	Scalars.RULES	
meta::relational::functions::sqlstring::toNonExecutableSQLString	(f:meta::pure::metamodel::function::FunctionDefinition<{->meta::pure::metamodel::type::Any[*]}>[1], mapping:meta::pure::mapping::Mapping[1], databaseType:meta::relational::runtime::DatabaseType[1], extensions:meta::pure::extension::Extension[*]):meta::pure::metamodel::type::String[1]	TO_NON_EXECUTABLE_SQL_STRING__FN_1__MAPPING_1__DATABASE_TYPE_1__EXTENSION_MANY	FAMILY	NativeFn.JavaRoutine	PlatformTypes
meta::relational::functions::sqlstring::toSQL	(f:meta::pure::metamodel::function::FunctionDefinition<{->meta::pure::metamodel::type::Any[*]}>[1], mapping:meta::pure::mapping::Mapping[1], runtime:meta::core::runtime::Runtime[1], extensions:meta::pure::extension::Extension[*]):meta::relational::functions::sqlstring::SQLResult[1]	TO_SQL__FN_1__MAPPING_1__RUNTIME_1__EXTENSION_MANY	FAMILY	NativeFn.Handle	PlatformTypes
meta::relational::functions::sqlstring::toSQLString	(f:meta::pure::metamodel::function::FunctionDefinition<{->meta::pure::metamodel::type::Any[*]}>[1], mapping:meta::pure::mapping::Mapping[1], databaseType:meta::relational::runtime::DatabaseType[1], extensions:meta::pure::extension::Extension[*]):meta::pure::metamodel::type::String[1]	TO_SQL_STRING__FN_1__MAPPING_1__DATABASE_TYPE_1__EXTENSION_MANY	FAMILY	NativeFn.JavaRoutine	PlatformTypes
meta::relational::functions::sqlstring::toSQLStringPretty	(f:meta::pure::metamodel::function::FunctionDefinition<{->meta::pure::metamodel::type::Any[*]}>[1], mapping:meta::pure::mapping::Mapping[1], databaseType:meta::relational::runtime::DatabaseType[1], extensions:meta::pure::extension::Extension[*]):meta::pure::metamodel::type::String[1]	TO_SQL_STRING_PRETTY__FN_1__MAPPING_1__DATABASE_TYPE_1__EXTENSION_MANY	FAMILY	NativeFn.JavaRoutine	PlatformTypes
meta::relational::functions::sqlstring::toSQLStringPretty	(f:meta::pure::metamodel::function::FunctionDefinition<{->meta::pure::metamodel::type::Any[*]}>[1], mapping:meta::pure::mapping::Mapping[1], runtime:meta::core::runtime::Runtime[1], extensions:meta::pure::extension::Extension[*]):meta::pure::metamodel::type::String[1]	TO_SQL_STRING_PRETTY__FN_1__MAPPING_1__RUNTIME_1__EXTENSION_MANY	FAMILY	NativeFn.JavaRoutine	PlatformTypes
meta::relational::functions::toDDL::createSchemaStatement	(schema:meta::pure::metamodel::type::String[1]):meta::pure::metamodel::type::String[1]	DDL_CREATE_SCHEMA_STATEMENT__STRING_1	FAMILY	NativeFn.DdlStatement	PlatformTypes
meta::relational::functions::toDDL::createTableStatement	(database:meta::relational::metamodel::Database[1], schema:meta::pure::metamodel::type::String[1], tableName:meta::pure::metamodel::type::String[1]):meta::pure::metamodel::type::String[1]	DDL_CREATE_TABLE_STATEMENT__DB_1__STRING_1__STRING_1	FAMILY	NativeFn.DdlStatement	PlatformTypes
meta::relational::functions::toDDL::createTableStatement	(database:meta::relational::metamodel::Database[1], tableName:meta::pure::metamodel::type::String[1]):meta::pure::metamodel::type::String[1]	DDL_CREATE_TABLE_STATEMENT__DB_1__STRING_1	FAMILY	NativeFn.DdlStatement	PlatformTypes
meta::relational::functions::toDDL::dropAndCreateSchemaInDb	(schema:meta::pure::metamodel::type::String[1], c:meta::external::store::relational::runtime::DatabaseConnection[1]):meta::pure::metamodel::type::Boolean[1]	DROP_AND_CREATE_SCHEMA_IN_DB__STRING_1__CONN_1	FAMILY	NativeFn.Effect	PlatformTypes
meta::relational::functions::toDDL::dropAndCreateSchemaInDb	(schema:meta::pure::metamodel::type::String[1], c:meta::external::store::relational::runtime::DatabaseConnection[1], debug:meta::pure::metamodel::type::Boolean[1]):meta::pure::metamodel::type::Boolean[1]	DROP_AND_CREATE_SCHEMA_IN_DB__STRING_1__CONN_1__BOOLEAN_1	FAMILY	NativeFn.Effect	PlatformTypes
meta::relational::functions::toDDL::dropAndCreateTableInDb	(database:meta::relational::metamodel::Database[1], schema:meta::pure::metamodel::type::String[1], tableName:meta::pure::metamodel::type::String[1], c:meta::external::store::relational::runtime::DatabaseConnection[1]):meta::pure::metamodel::type::Boolean[1]	DROP_AND_CREATE_TABLE_IN_DB__ANY_1__STRING_1__STRING_1__CONN_1	FAMILY	NativeFn.Effect	PlatformTypes
meta::relational::functions::toDDL::dropAndCreateTableInDb	(database:meta::relational::metamodel::Database[1], tableName:meta::pure::metamodel::type::String[1], c:meta::external::store::relational::runtime::DatabaseConnection[1]):meta::pure::metamodel::type::Boolean[1]	DROP_AND_CREATE_TABLE_IN_DB__ANY_1__STRING_1__CONN_1	FAMILY	NativeFn.Effect	PlatformTypes
meta::relational::functions::toDDL::dropSchemaStatement	(schema:meta::pure::metamodel::type::String[1]):meta::pure::metamodel::type::String[1]	DDL_DROP_SCHEMA_STATEMENT__STRING_1	FAMILY	NativeFn.DdlStatement	PlatformTypes
meta::relational::functions::toDDL::dropTableStatement	(database:meta::relational::metamodel::Database[1], schema:meta::pure::metamodel::type::String[1], tableName:meta::pure::metamodel::type::String[1]):meta::pure::metamodel::type::String[1]	DDL_DROP_TABLE_STATEMENT__DB_1__STRING_1__STRING_1	FAMILY	NativeFn.DdlStatement	PlatformTypes
meta::relational::functions::toDDL::dropTableStatement	(database:meta::relational::metamodel::Database[1], tableName:meta::pure::metamodel::type::String[1]):meta::pure::metamodel::type::String[1]	DDL_DROP_TABLE_STATEMENT__DB_1__STRING_1	FAMILY	NativeFn.DdlStatement	PlatformTypes
meta::relational::metamodel::execute::executeInDb	(sql:meta::pure::metamodel::type::String[1], databaseConnection:meta::external::store::relational::runtime::DatabaseConnection[1]):meta::relational::metamodel::execute::ResultSet[1]	EXECUTE_IN_DB__STRING_1__CONN_1	FAMILY	NativeFn.Effect	ConnectionLets;PlatformTypes
meta::relational::metamodel::execute::executeInDb	(sql:meta::pure::metamodel::type::String[1], databaseConnection:meta::external::store::relational::runtime::DatabaseConnection[1], timeOutInSeconds:meta::pure::metamodel::type::Integer[1], fetchSize:meta::pure::metamodel::type::Integer[1]):meta::relational::metamodel::execute::ResultSet[1]	EXECUTE_IN_DB__STRING_1__CONN_1__INTEGER_1__INTEGER_1	FAMILY	NativeFn.Effect	ConnectionLets;PlatformTypes
meta::relational::metamodel::execute::executeInDbToTDS	(sql:meta::pure::metamodel::type::String[1], databaseConnectionFunction:meta::pure::metamodel::function::Function<{->meta::external::store::relational::runtime::DatabaseConnection[1]}>[1]):meta::pure::tds::TabularDataSet[1]	EXECUTE_IN_DB_TO_TDS__STRING_1__FN_1	FAMILY	NativeFn.Carrier	PlatformTypes
meta::relational::metamodel::execute::fetchDbColumnsMetaData	(databaseConnection:meta::external::store::relational::runtime::DatabaseConnection[1], schemaPattern:meta::pure::metamodel::type::String[0..1], tablePattern:meta::pure::metamodel::type::String[0..1], columnPattern:meta::pure::metamodel::type::String[0..1]):meta::relational::metamodel::execute::ResultSet[1]	FETCH_DB_COLUMNS_META_DATA	FAMILY	NativeFn.Carrier	PlatformTypes
meta::relational::metamodel::execute::fetchDbPrimaryKeysMetaData	(databaseConnection:meta::external::store::relational::runtime::DatabaseConnection[1], schemaPattern:meta::pure::metamodel::type::String[0..1], tableName:meta::pure::metamodel::type::String[1]):meta::relational::metamodel::execute::ResultSet[1]	FETCH_DB_PRIMARY_KEYS_META_DATA	FAMILY	NativeFn.Carrier	PlatformTypes
meta::relational::metamodel::execute::fetchDbSchemasMetaData	(databaseConnection:meta::external::store::relational::runtime::DatabaseConnection[1], schemaPattern:meta::pure::metamodel::type::String[0..1]):meta::relational::metamodel::execute::ResultSet[1]	FETCH_DB_SCHEMAS_META_DATA	FAMILY	NativeFn.Carrier	PlatformTypes
meta::relational::metamodel::execute::fetchDbTablesMetaData	(databaseConnection:meta::external::store::relational::runtime::DatabaseConnection[1], schemaPattern:meta::pure::metamodel::type::String[0..1], tablePattern:meta::pure::metamodel::type::String[0..1]):meta::relational::metamodel::execute::ResultSet[1]	FETCH_DB_TABLES_META_DATA	FAMILY	NativeFn.Carrier	PlatformTypes
meta::relational::metamodel::execute::loadCsvToDbTable	(filePath:meta::pure::metamodel::type::String[1], table:meta::relational::metamodel::relation::Table[1], databaseConnection:meta::external::store::relational::runtime::DatabaseConnection[1]):meta::pure::metamodel::type::Nil[0]	LOAD_CSV_TO_DB_TABLE__STRING_1__TABLE_1__CONN_1	FAMILY	NativeFn.Effect	PlatformTypes
meta::relational::milestoning::concatenateTemporalTdsQueries	(lfs:meta::pure::metamodel::function::LambdaFunction<{->meta::pure::tds::TabularDataSet[1]}>[*]):meta::pure::metamodel::function::LambdaFunction<{->meta::pure::tds::TabularDataSet[1]}>[1]	CONCATENATE_TEMPORAL_TDS_QUERIES	FAMILY	NativeFn.PlanWrapper	
meta::relational::postProcessor::cteExtraction::extractSubqueriesAsCTEs	(select:meta::relational::metamodel::relation::SelectSQLQuery[1]):meta::relational::metamodel::relation::SelectSQLQuery[1]	EXTRACT_CTES	FAMILY	NativeFn.ContextOption	
meta::relational::postProcessor::nonExecutable	(selectSQLQuery:meta::relational::metamodel::relation::SelectSQLQuery[1], extensions:meta::pure::extension::Extension[*]):meta::pure::mapping::Result<meta::relational::metamodel::relation::SelectSQLQuery>[1]	NON_EXECUTABLE_PP	FAMILY	NativeFn.ContextOption	
meta::relational::postProcessor::replaceTables	(selectSQLQuery:meta::relational::metamodel::relation::SelectSQLQuery[1], oldToNewPairs:meta::pure::functions::collection::Pair<meta::relational::metamodel::relation::Table,meta::relational::metamodel::relation::Table>[*]):meta::pure::mapping::Result<meta::relational::metamodel::relation::SelectSQLQuery>[1]	REPLACE_TABLES	FAMILY	NativeFn.ContextOption	
meta::relational::testDataGeneration::executionPlan::planTestDataGeneration	(func:meta::pure::metamodel::function::FunctionDefinition<meta::pure::metamodel::type::Any>[1], mapping:meta::pure::mapping::Mapping[1], runtime:meta::core::runtime::Runtime[1], exeCtx:meta::pure::runtime::ExecutionContext[1], rowIdentifiers:meta::relational::testDataGeneration::TableRowIdentifiers[*], hashStrings:meta::pure::metamodel::type::Boolean[1], extensions:meta::pure::extension::Extension[*]):meta::pure::executionPlan::ExecutionPlan[1]	PLAN_TEST_DATA_GENERATION__FUNCTION_DEFINITION_1__MAPPING_1__RUNTIME_1__EXECUTION_CONTEXT_1__TABLE_ROW_IDENTIFIERS_MANY__BOOLEAN_1__EXTENSION_MANY	CORE_FN	CoreFn.PLAN_TEST_DATA_GENERATION	PlatformTypes
meta::relational::testDataGeneration::executionPlan::planTestDataGeneration	(func:meta::pure::metamodel::function::FunctionDefinition<meta::pure::metamodel::type::Any>[1], mapping:meta::pure::mapping::Mapping[1], runtime:meta::core::runtime::Runtime[1], exeCtx:meta::pure::runtime::ExecutionContext[1], rowIdentifiers:meta::relational::testDataGeneration::TableRowIdentifiers[*], hashStrings:meta::pure::metamodel::type::Boolean[1], temporalMilestoningDates:meta::relational::testDataGeneration::TemporalMilestoningDates[0..1], extensions:meta::pure::extension::Extension[*]):meta::pure::executionPlan::ExecutionPlan[1]	PLAN_TEST_DATA_GENERATION__FUNCTION_DEFINITION_1__MAPPING_1__RUNTIME_1__EXECUTION_CONTEXT_1__TABLE_ROW_IDENTIFIERS_MANY__BOOLEAN_1__TEMPORAL_MILESTONING_DATES_0_1__EXTENSION_MANY	CORE_FN	CoreFn.PLAN_TEST_DATA_GENERATION	PlatformTypes
meta::relational::testDataGeneration::generateSeedDataString	(func:meta::pure::metamodel::function::FunctionDefinition<meta::pure::metamodel::type::Any>[1], mapping:meta::pure::mapping::Mapping[1], runtime:meta::core::runtime::Runtime[1], exeCtx:meta::pure::runtime::ExecutionContext[1], parameters:meta::pure::metamodel::type::Any[*], extensions:meta::pure::extension::Extension[*]):meta::pure::metamodel::type::String[1]	GENERATE_SEED_DATA_STRING__FUNCTION_DEFINITION_1__MAPPING_1__RUNTIME_1__EXECUTION_CONTEXT_1__ANY_MANY__EXTENSION_MANY	CORE_FN	CoreFn.GENERATE_SEED_DATA_STRING	PlatformTypes
meta::relational::testDataGeneration::generateTestData	(func:meta::pure::metamodel::function::FunctionDefinition<meta::pure::metamodel::type::Any>[1], mapping:meta::pure::mapping::Mapping[1], runtime:meta::core::runtime::Runtime[1], rowIdentifiers:meta::relational::testDataGeneration::TableRowIdentifiers[*], extensions:meta::pure::extension::Extension[*]):meta::relational::testDataGeneration::TestDataGenResult[1]	GENERATE_TEST_DATA__FUNCTION_DEFINITION_1__MAPPING_1__RUNTIME_1__TABLE_ROW_IDENTIFIERS_MANY__EXTENSION_MANY	CORE_FN|FAMILY	CoreFn.GENERATE_TEST_DATA|NativeFn.Carrier	PlatformTypes
meta::relational::testDataGeneration::getRelationalCSVDataFromQuery	(query:meta::pure::metamodel::function::FunctionDefinition<{->meta::pure::tds::TabularDataSet[1]}>[1], mapping:meta::pure::mapping::Mapping[1]):meta::relational::metamodel::data::RelationalCSVData[1]	GET_RELATIONAL_CSV_DATA__FN_1__MAPPING_1	CORE_FN|FAMILY	CoreFn.GET_RELATIONAL_CSV_DATA|NativeFn.Carrier	PlatformTypes
meta::relational::tests::csv::toCSV	(t:meta::pure::tds::TabularDataSet[1]):meta::pure::metamodel::type::String[1]	TO_CSV__TDS	FAMILY	NativeFn.Verdict	PlatformTypes
meta::relational::tests::csv::toCSV	(t:meta::pure::tds::TabularDataSet[1], dateTimeFormat:meta::pure::metamodel::type::String[1], dateFormat:meta::pure::metamodel::type::String[1], renderTdsNull:meta::pure::metamodel::type::Boolean[1]):meta::pure::metamodel::type::String[1]	TO_CSV__TDS_FMT	FAMILY	NativeFn.Verdict	PlatformTypes
meta::relational::tests::csv::toCSV	(t:meta::pure::tds::TabularDataSet[1], renderTdsNull:meta::pure::metamodel::type::Boolean[1]):meta::pure::metamodel::type::String[1]	TO_CSV__TDS_BOOL	FAMILY	NativeFn.Verdict	PlatformTypes
