# native-membership.tsv — the platform's implemented surface (upstream boundary program, batch 5).
# Membership is OURS; the signature text is generated from the pinned checkouts.
# constant	fqn	signatureKey — sorted by fqn, then key.
DECODE_OBJECT_REFERENCES__3	meta::alloy::objectReference::decodeObjectReferencesAndGetPkMap	meta::alloy::objectReference::decodeObjectReferencesAndGetPkMap(meta::pure::metamodel::type::String[1],meta::pure::metamodel::type::String[1],meta::pure::extension::Extension[*])
GENERATE_OBJECT_REFERENCES__6	meta::alloy::objectReference::generateObjectReferences	meta::alloy::objectReference::generateObjectReferences(meta::pure::metamodel::type::String[1],meta::pure::metamodel::type::String[1],meta::pure::metamodel::type::String[1],meta::pure::metamodel::type::String[1],meta::pure::functions::collection::Map<meta::pure::metamodel::type::String, meta::pure::metamodel::type::Any>[*],meta::pure::extension::Extension[*])
GENERATE_OBJECT_REFERENCES_FOR_GIVEN_SET_ID__7	meta::alloy::objectReference::generateObjectReferencesForGivenSetId	meta::alloy::objectReference::generateObjectReferencesForGivenSetId(meta::pure::metamodel::type::String[1],meta::pure::metamodel::type::String[1],meta::pure::metamodel::type::String[1],meta::pure::metamodel::type::String[1],meta::pure::metamodel::type::String[1],meta::pure::functions::collection::Map<meta::pure::metamodel::type::String, meta::pure::metamodel::type::Any>[*],meta::pure::extension::Extension[*])
SET_UP_DATA_SQLS__LIST_MANY__ANY_MANY__ANY_1	meta::alloy::service::execution::setUpDataSQLs	meta::alloy::service::execution::setUpDataSQLs(meta::pure::functions::collection::List<meta::pure::metamodel::type::String>[*],meta::relational::metamodel::Database[*],meta::relational::functions::sqlQueryToString::DbConfig[1])
SET_UP_DATA_SQLS__STRING_1__DATABASE_MANY	meta::alloy::service::execution::setUpDataSQLs	meta::alloy::service::execution::setUpDataSQLs(meta::pure::metamodel::type::String[1],meta::relational::metamodel::Database[*])
SET_UP_DATA_SQLS__STRING_1__ANY_MANY__ANY_1	meta::alloy::service::execution::setUpDataSQLs	meta::alloy::service::execution::setUpDataSQLs(meta::pure::metamodel::type::String[1],meta::relational::metamodel::Database[*],meta::relational::functions::sqlQueryToString::DbConfig[1])
SET_UP_DATA_SQLS_V2__STRING_1__ANY_1__ANY_1	meta::alloy::service::execution::setUpDataSQLsV2	meta::alloy::service::execution::setUpDataSQLsV2(meta::pure::metamodel::type::String[1],meta::relational::metamodel::Database[*],meta::relational::functions::sqlQueryToString::DbConfig[1])
MAY_EXECUTE_ALLOY_TEST	meta::alloy::test::mayExecuteAlloyTest	meta::alloy::test::mayExecuteAlloyTest(meta::pure::metamodel::function::Function<{meta::pure::metamodel::type::String[1],meta::pure::metamodel::type::String[1],meta::pure::metamodel::type::String[1],meta::pure::metamodel::type::Integer[1]->X[k]}>[1],meta::pure::metamodel::function::Function<{->X[k]}>[1])
CONNECTION_BY_ELEMENT__RUNTIME_1__STORE_1	meta::core::runtime::connectionByElement	meta::core::runtime::connectionByElement(meta::core::runtime::Runtime[1],meta::pure::store::Store[1])
CORE_CURRENT_USER_ID__STRING_1	meta::core::runtime::currentUserId	meta::core::runtime::currentUserId()
GET_VALUE__JSON_OBJECT_1__STRING_1	meta::json::getValue	meta::json::getValue(meta::json::JSONObject[1],meta::pure::metamodel::type::String[1])
PARSE_JSON__STRING_1	meta::json::parseJSON	meta::json::parseJSON(meta::pure::metamodel::type::String[1])
TDS_TO_JSON_KEY_VALUE_OBJECT_STRING__TDS_1	meta::json::tdsToJSONKeyValueObjectString	meta::json::tdsToJSONKeyValueObjectString(meta::pure::tds::TabularDataSet[1])
TO_COMPACT_JSON_STRING	meta::json::toCompactJSONString	meta::json::toCompactJSONString(meta::json::JSONElement[1])
TO_JSON__ANY_M	meta::json::toJSON	meta::json::toJSON(meta::pure::metamodel::type::Any[*])
TO_PRETTY_JSON_STRING	meta::json::toPrettyJSONString	meta::json::toPrettyJSONString(meta::json::JSONElement[1])
EXECUTE_LEGEND_QUERY__FN_1__PAIR_MANY__EXTENSION_MANY	meta::legend::executeLegendQuery	meta::legend::executeLegendQuery(meta::pure::metamodel::function::FunctionDefinition<meta::pure::metamodel::type::Any>[1],meta::pure::functions::collection::Pair<meta::pure::metamodel::type::String, meta::pure::metamodel::type::Any>[*],meta::pure::extension::Extension[*])
EXECUTE_LEGEND_QUERY__FN_1__PAIR_MANY__EXECUTION_CONTEXT_1__EXTENSION_MANY	meta::legend::executeLegendQuery	meta::legend::executeLegendQuery(meta::pure::metamodel::function::FunctionDefinition<meta::pure::metamodel::type::Any>[1],meta::pure::functions::collection::Pair<meta::pure::metamodel::type::String, meta::pure::metamodel::type::Any>[*],meta::pure::runtime::ExecutionContext[1],meta::pure::extension::Extension[*])
MAY_EXECUTE_LEGEND_TEST	meta::legend::test::mayExecuteLegendTest	meta::legend::test::mayExecuteLegendTest(meta::pure::metamodel::function::Function<{meta::pure::metamodel::type::String[1],meta::pure::metamodel::type::String[1],meta::pure::metamodel::type::String[1],meta::pure::metamodel::type::String[1],meta::pure::metamodel::type::Integer[1]->X[k]}>[1],meta::pure::metamodel::function::Function<{->X[k]}>[1])
RELATIONAL_MAPPER_PP	meta::pure::alloy::connections::relationalMapperPostProcessor	meta::pure::alloy::connections::relationalMapperPostProcessor(meta::pure::alloy::connections::RelationalMapperPostProcessor[1])
EXECUTION_PLAN_EXECUTE__EXECUTION_PLAN_1__ANY_MANY__EXTENSION_MANY	meta::pure::executionPlan::execute	meta::pure::executionPlan::execute(meta::pure::executionPlan::ExecutionPlan[1],meta::pure::metamodel::type::Any[*],meta::pure::extension::Extension[*])
EXECUTION_PLAN__FUNCTION_DEFINITION_1__EXTENSION_MANY	meta::pure::executionPlan::executionPlan	meta::pure::executionPlan::executionPlan(meta::pure::metamodel::function::FunctionDefinition<meta::pure::metamodel::type::Any>[1],meta::pure::extension::Extension[*])
EXECUTION_PLAN__FUNCTION_DEFINITION_1__MAPPING_1__RUNTIME_1__EXTENSION_MANY	meta::pure::executionPlan::executionPlan	meta::pure::executionPlan::executionPlan(meta::pure::metamodel::function::FunctionDefinition<meta::pure::metamodel::type::Any>[1],meta::pure::mapping::Mapping[1],meta::core::runtime::Runtime[1],meta::pure::extension::Extension[*])
EXECUTION_PLAN__FUNCTION_DEFINITION_1__MAPPING_1__RUNTIME_1__EXTENSION_MANY__DEBUG_CONTEXT_1	meta::pure::executionPlan::executionPlan	meta::pure::executionPlan::executionPlan(meta::pure::metamodel::function::FunctionDefinition<meta::pure::metamodel::type::Any>[1],meta::pure::mapping::Mapping[1],meta::core::runtime::Runtime[1],meta::pure::extension::Extension[*],meta::pure::tools::DebugContext[1])
EXECUTION_PLAN__FUNCTION_DEFINITION_1__MAPPING_1__RUNTIME_1__BOOLEAN_1__EXTENSION_MANY	meta::pure::executionPlan::executionPlan	meta::pure::executionPlan::executionPlan(meta::pure::metamodel::function::FunctionDefinition<meta::pure::metamodel::type::Any>[1],meta::pure::mapping::Mapping[1],meta::core::runtime::Runtime[1],meta::pure::metamodel::type::Boolean[1],meta::pure::extension::Extension[*])
EXECUTION_PLAN__FUNCTION_DEFINITION_1__MAPPING_1__RUNTIME_1__EXECUTION_CONTEXT_1__EXTENSION_MANY	meta::pure::executionPlan::executionPlan	meta::pure::executionPlan::executionPlan(meta::pure::metamodel::function::FunctionDefinition<meta::pure::metamodel::type::Any>[1],meta::pure::mapping::Mapping[1],meta::core::runtime::Runtime[1],meta::pure::runtime::ExecutionContext[1],meta::pure::extension::Extension[*])
EXECUTION_PLAN__FUNCTION_DEFINITION_1__EXECUTION_CONTEXT_1__EXTENSION_MANY	meta::pure::executionPlan::executionPlan	meta::pure::executionPlan::executionPlan(meta::pure::metamodel::function::FunctionDefinition<meta::pure::metamodel::type::Any>[1],meta::pure::runtime::ExecutionContext[1],meta::pure::extension::Extension[*])
WITH_FEATURE_FLAGS__T_MANY__ENUM_MANY	meta::pure::executionPlan::featureFlag::withFeatureFlags	meta::pure::executionPlan::featureFlag::withFeatureFlags(T[*],meta::pure::metamodel::type::Enum[*])
PLAN_TO_STRING__EXECUTION_PLAN_1__EXTENSION_MANY	meta::pure::executionPlan::toString::planToString	meta::pure::executionPlan::toString::planToString(meta::pure::executionPlan::ExecutionPlan[1],meta::pure::extension::Extension[*])
PLAN_TO_STRING_WITHOUT_FORMATTING__EXECUTION_PLAN_1__EXTENSION_MANY	meta::pure::executionPlan::toString::planToStringWithoutFormatting	meta::pure::executionPlan::toString::planToStringWithoutFormatting(meta::pure::executionPlan::ExecutionPlan[1],meta::pure::extension::Extension[*])
ASSERT__BOOLEAN_1	meta::pure::functions::asserts::assert	meta::pure::functions::asserts::assert(meta::pure::metamodel::type::Boolean[1])
ASSERT__BOOLEAN_1__FN_1	meta::pure::functions::asserts::assert	meta::pure::functions::asserts::assert(meta::pure::metamodel::type::Boolean[1],meta::pure::metamodel::function::Function<{->meta::pure::metamodel::type::String[1]}>[1])
ASSERT__BOOLEAN_1__STRING_1	meta::pure::functions::asserts::assert	meta::pure::functions::asserts::assert(meta::pure::metamodel::type::Boolean[1],meta::pure::metamodel::type::String[1])
ASSERT__BOOLEAN_1__STRING_1__ANY_MANY	meta::pure::functions::asserts::assert	meta::pure::functions::asserts::assert(meta::pure::metamodel::type::Boolean[1],meta::pure::metamodel::type::String[1],meta::pure::metamodel::type::Any[*])
ASSERT_CONTAINS__ANY_MANY__ANY_1	meta::pure::functions::asserts::assertContains	meta::pure::functions::asserts::assertContains(meta::pure::metamodel::type::Any[*],meta::pure::metamodel::type::Any[1])
ASSERT_CONTAINS__ANY_MANY__ANY_1__FN_1	meta::pure::functions::asserts::assertContains	meta::pure::functions::asserts::assertContains(meta::pure::metamodel::type::Any[*],meta::pure::metamodel::type::Any[1],meta::pure::metamodel::function::Function<{->meta::pure::metamodel::type::String[1]}>[1])
ASSERT_CONTAINS__ANY_MANY__ANY_1__STRING_1	meta::pure::functions::asserts::assertContains	meta::pure::functions::asserts::assertContains(meta::pure::metamodel::type::Any[*],meta::pure::metamodel::type::Any[1],meta::pure::metamodel::type::String[1])
ASSERT_CONTAINS__ANY_MANY__ANY_1__STRING_1__ANY_MANY	meta::pure::functions::asserts::assertContains	meta::pure::functions::asserts::assertContains(meta::pure::metamodel::type::Any[*],meta::pure::metamodel::type::Any[1],meta::pure::metamodel::type::String[1],meta::pure::metamodel::type::Any[*])
ASSERT_EMPTY__ANY_MANY	meta::pure::functions::asserts::assertEmpty	meta::pure::functions::asserts::assertEmpty(meta::pure::metamodel::type::Any[*])
ASSERT_EMPTY__ANY_MANY__FN_1	meta::pure::functions::asserts::assertEmpty	meta::pure::functions::asserts::assertEmpty(meta::pure::metamodel::type::Any[*],meta::pure::metamodel::function::Function<{->meta::pure::metamodel::type::String[1]}>[1])
ASSERT_EMPTY__ANY_MANY__STRING_1	meta::pure::functions::asserts::assertEmpty	meta::pure::functions::asserts::assertEmpty(meta::pure::metamodel::type::Any[*],meta::pure::metamodel::type::String[1])
ASSERT_EMPTY__ANY_MANY__STRING_1__ANY_MANY	meta::pure::functions::asserts::assertEmpty	meta::pure::functions::asserts::assertEmpty(meta::pure::metamodel::type::Any[*],meta::pure::metamodel::type::String[1],meta::pure::metamodel::type::Any[*])
ASSERT_EQ__ANY_1__ANY_1	meta::pure::functions::asserts::assertEq	meta::pure::functions::asserts::assertEq(meta::pure::metamodel::type::Any[1],meta::pure::metamodel::type::Any[1])
ASSERT_EQ__ANY_1__ANY_1__FN_1	meta::pure::functions::asserts::assertEq	meta::pure::functions::asserts::assertEq(meta::pure::metamodel::type::Any[1],meta::pure::metamodel::type::Any[1],meta::pure::metamodel::function::Function<{->meta::pure::metamodel::type::String[1]}>[1])
ASSERT_EQ__ANY_1__ANY_1__STRING_1	meta::pure::functions::asserts::assertEq	meta::pure::functions::asserts::assertEq(meta::pure::metamodel::type::Any[1],meta::pure::metamodel::type::Any[1],meta::pure::metamodel::type::String[1])
ASSERT_EQ__ANY_1__ANY_1__STRING_1__ANY_MANY	meta::pure::functions::asserts::assertEq	meta::pure::functions::asserts::assertEq(meta::pure::metamodel::type::Any[1],meta::pure::metamodel::type::Any[1],meta::pure::metamodel::type::String[1],meta::pure::metamodel::type::Any[*])
ASSERT_EQ_WITHIN_TOLERANCE__NUMBER_1__NUMBER_1__NUMBER_1	meta::pure::functions::asserts::assertEqWithinTolerance	meta::pure::functions::asserts::assertEqWithinTolerance(meta::pure::metamodel::type::Number[1],meta::pure::metamodel::type::Number[1],meta::pure::metamodel::type::Number[1])
ASSERT_EQ_WITHIN_TOLERANCE__N_1__N_1__N_1__FN_1	meta::pure::functions::asserts::assertEqWithinTolerance	meta::pure::functions::asserts::assertEqWithinTolerance(meta::pure::metamodel::type::Number[1],meta::pure::metamodel::type::Number[1],meta::pure::metamodel::type::Number[1],meta::pure::metamodel::function::Function<{->meta::pure::metamodel::type::String[1]}>[1])
ASSERT_EQ_WITHIN_TOLERANCE__N_1__N_1__N_1__STRING_1	meta::pure::functions::asserts::assertEqWithinTolerance	meta::pure::functions::asserts::assertEqWithinTolerance(meta::pure::metamodel::type::Number[1],meta::pure::metamodel::type::Number[1],meta::pure::metamodel::type::Number[1],meta::pure::metamodel::type::String[1])
ASSERT_EQ_WITHIN_TOLERANCE__N_1__N_1__N_1__STRING_1__ANY_MANY	meta::pure::functions::asserts::assertEqWithinTolerance	meta::pure::functions::asserts::assertEqWithinTolerance(meta::pure::metamodel::type::Number[1],meta::pure::metamodel::type::Number[1],meta::pure::metamodel::type::Number[1],meta::pure::metamodel::type::String[1],meta::pure::metamodel::type::Any[*])
ASSERT_EQUALS__ANY_MANY__ANY_MANY	meta::pure::functions::asserts::assertEquals	meta::pure::functions::asserts::assertEquals(meta::pure::metamodel::type::Any[*],meta::pure::metamodel::type::Any[*])
ASSERT_EQUALS__ANY_MANY__ANY_MANY__FN_1	meta::pure::functions::asserts::assertEquals	meta::pure::functions::asserts::assertEquals(meta::pure::metamodel::type::Any[*],meta::pure::metamodel::type::Any[*],meta::pure::metamodel::function::Function<{->meta::pure::metamodel::type::String[1]}>[1])
ASSERT_EQUALS__ANY_MANY__ANY_MANY__STRING_1	meta::pure::functions::asserts::assertEquals	meta::pure::functions::asserts::assertEquals(meta::pure::metamodel::type::Any[*],meta::pure::metamodel::type::Any[*],meta::pure::metamodel::type::String[1])
ASSERT_EQUALS__ANY_MANY__ANY_MANY__STRING_1__ANY_MANY	meta::pure::functions::asserts::assertEquals	meta::pure::functions::asserts::assertEquals(meta::pure::metamodel::type::Any[*],meta::pure::metamodel::type::Any[*],meta::pure::metamodel::type::String[1],meta::pure::metamodel::type::Any[*])
ASSERT_ERROR__MATCHER	meta::pure::functions::asserts::assertError	meta::pure::functions::asserts::assertError(meta::pure::metamodel::function::Function<{->meta::pure::metamodel::type::Any[*]}>[1],meta::pure::metamodel::function::Function<{meta::pure::metamodel::type::String[1],meta::pure::functions::meta::SourceInformation[0..1]->meta::pure::metamodel::type::Any[*]}>[1])
ASSERT_ERROR__FN_1__STRING_1	meta::pure::functions::asserts::assertError	meta::pure::functions::asserts::assertError(meta::pure::metamodel::function::Function<{->meta::pure::metamodel::type::Any[*]}>[1],meta::pure::metamodel::type::String[1])
ASSERT_ERROR__FN_1__STRING_1__INTEGER_01__INTEGER_01	meta::pure::functions::asserts::assertError	meta::pure::functions::asserts::assertError(meta::pure::metamodel::function::Function<{->meta::pure::metamodel::type::Any[*]}>[1],meta::pure::metamodel::type::String[1],meta::pure::metamodel::type::Integer[0..1],meta::pure::metamodel::type::Integer[0..1])
ASSERT_FALSE__BOOLEAN_1	meta::pure::functions::asserts::assertFalse	meta::pure::functions::asserts::assertFalse(meta::pure::metamodel::type::Boolean[1])
ASSERT_FALSE__BOOLEAN_1__FN_1	meta::pure::functions::asserts::assertFalse	meta::pure::functions::asserts::assertFalse(meta::pure::metamodel::type::Boolean[1],meta::pure::metamodel::function::Function<{->meta::pure::metamodel::type::String[1]}>[1])
ASSERT_FALSE__BOOLEAN_1__STRING_1	meta::pure::functions::asserts::assertFalse	meta::pure::functions::asserts::assertFalse(meta::pure::metamodel::type::Boolean[1],meta::pure::metamodel::type::String[1])
ASSERT_FALSE__BOOLEAN_1__STRING_1__ANY_MANY	meta::pure::functions::asserts::assertFalse	meta::pure::functions::asserts::assertFalse(meta::pure::metamodel::type::Boolean[1],meta::pure::metamodel::type::String[1],meta::pure::metamodel::type::Any[*])
ASSERT_INSTANCE_OF__ANY_1__TYPE_1	meta::pure::functions::asserts::assertInstanceOf	meta::pure::functions::asserts::assertInstanceOf(meta::pure::metamodel::type::Any[1],meta::pure::metamodel::type::Type[1])
ASSERT_INSTANCE_OF__ANY_1__TYPE_1__FN_1	meta::pure::functions::asserts::assertInstanceOf	meta::pure::functions::asserts::assertInstanceOf(meta::pure::metamodel::type::Any[1],meta::pure::metamodel::type::Type[1],meta::pure::metamodel::function::Function<{->meta::pure::metamodel::type::String[1]}>[1])
ASSERT_INSTANCE_OF__ANY_1__TYPE_1__STRING_1	meta::pure::functions::asserts::assertInstanceOf	meta::pure::functions::asserts::assertInstanceOf(meta::pure::metamodel::type::Any[1],meta::pure::metamodel::type::Type[1],meta::pure::metamodel::type::String[1])
ASSERT_INSTANCE_OF__ANY_1__TYPE_1__STRING_1__ANY_MANY	meta::pure::functions::asserts::assertInstanceOf	meta::pure::functions::asserts::assertInstanceOf(meta::pure::metamodel::type::Any[1],meta::pure::metamodel::type::Type[1],meta::pure::metamodel::type::String[1],meta::pure::metamodel::type::Any[*])
ASSERT_IS__ANY_1__ANY_1	meta::pure::functions::asserts::assertIs	meta::pure::functions::asserts::assertIs(meta::pure::metamodel::type::Any[1],meta::pure::metamodel::type::Any[1])
ASSERT_IS__ANY_1__ANY_1__FN_1	meta::pure::functions::asserts::assertIs	meta::pure::functions::asserts::assertIs(meta::pure::metamodel::type::Any[1],meta::pure::metamodel::type::Any[1],meta::pure::metamodel::function::Function<{->meta::pure::metamodel::type::String[1]}>[1])
ASSERT_IS__ANY_1__ANY_1__STRING_1	meta::pure::functions::asserts::assertIs	meta::pure::functions::asserts::assertIs(meta::pure::metamodel::type::Any[1],meta::pure::metamodel::type::Any[1],meta::pure::metamodel::type::String[1])
ASSERT_IS__ANY_1__ANY_1__STRING_1__ANY_MANY	meta::pure::functions::asserts::assertIs	meta::pure::functions::asserts::assertIs(meta::pure::metamodel::type::Any[1],meta::pure::metamodel::type::Any[1],meta::pure::metamodel::type::String[1],meta::pure::metamodel::type::Any[*])
ASSERT_JSON_STRINGS_EQUAL__STRING_1__STRING_1	meta::pure::functions::asserts::assertJsonStringsEqual	meta::pure::functions::asserts::assertJsonStringsEqual(meta::pure::metamodel::type::String[1],meta::pure::metamodel::type::String[1])
ASSERT_NOT_EMPTY__ANY_MANY	meta::pure::functions::asserts::assertNotEmpty	meta::pure::functions::asserts::assertNotEmpty(meta::pure::metamodel::type::Any[*])
ASSERT_NOT_EMPTY__ANY_MANY__FN_1	meta::pure::functions::asserts::assertNotEmpty	meta::pure::functions::asserts::assertNotEmpty(meta::pure::metamodel::type::Any[*],meta::pure::metamodel::function::Function<{->meta::pure::metamodel::type::String[1]}>[1])
ASSERT_NOT_EMPTY__ANY_MANY__STRING_1	meta::pure::functions::asserts::assertNotEmpty	meta::pure::functions::asserts::assertNotEmpty(meta::pure::metamodel::type::Any[*],meta::pure::metamodel::type::String[1])
ASSERT_NOT_EMPTY__ANY_MANY__STRING_1__ANY_MANY	meta::pure::functions::asserts::assertNotEmpty	meta::pure::functions::asserts::assertNotEmpty(meta::pure::metamodel::type::Any[*],meta::pure::metamodel::type::String[1],meta::pure::metamodel::type::Any[*])
ASSERT_NOT_EQUALS__ANY_MANY__ANY_MANY	meta::pure::functions::asserts::assertNotEquals	meta::pure::functions::asserts::assertNotEquals(meta::pure::metamodel::type::Any[*],meta::pure::metamodel::type::Any[*])
ASSERT_NOT_EQUALS__ANY_MANY__ANY_MANY__FN_1	meta::pure::functions::asserts::assertNotEquals	meta::pure::functions::asserts::assertNotEquals(meta::pure::metamodel::type::Any[*],meta::pure::metamodel::type::Any[*],meta::pure::metamodel::function::Function<{->meta::pure::metamodel::type::String[1]}>[1])
ASSERT_NOT_EQUALS__ANY_MANY__ANY_MANY__STRING_1	meta::pure::functions::asserts::assertNotEquals	meta::pure::functions::asserts::assertNotEquals(meta::pure::metamodel::type::Any[*],meta::pure::metamodel::type::Any[*],meta::pure::metamodel::type::String[1])
ASSERT_NOT_EQUALS__ANY_MANY__ANY_MANY__STRING_1__ANY_MANY	meta::pure::functions::asserts::assertNotEquals	meta::pure::functions::asserts::assertNotEquals(meta::pure::metamodel::type::Any[*],meta::pure::metamodel::type::Any[*],meta::pure::metamodel::type::String[1],meta::pure::metamodel::type::Any[*])
ASSERT_SAME_ELEMENTS__ANY_MANY__ANY_MANY	meta::pure::functions::asserts::assertSameElements	meta::pure::functions::asserts::assertSameElements(meta::pure::metamodel::type::Any[*],meta::pure::metamodel::type::Any[*])
ASSERT_SAME_ELEMENTS__ANY_MANY__ANY_MANY__FN_1	meta::pure::functions::asserts::assertSameElements	meta::pure::functions::asserts::assertSameElements(meta::pure::metamodel::type::Any[*],meta::pure::metamodel::type::Any[*],meta::pure::metamodel::function::Function<{->meta::pure::metamodel::type::String[1]}>[1])
ASSERT_SAME_ELEMENTS__ANY_MANY__ANY_MANY__STRING_1	meta::pure::functions::asserts::assertSameElements	meta::pure::functions::asserts::assertSameElements(meta::pure::metamodel::type::Any[*],meta::pure::metamodel::type::Any[*],meta::pure::metamodel::type::String[1])
ASSERT_SAME_ELEMENTS__ANY_MANY__ANY_MANY__STRING_1__ANY_MANY	meta::pure::functions::asserts::assertSameElements	meta::pure::functions::asserts::assertSameElements(meta::pure::metamodel::type::Any[*],meta::pure::metamodel::type::Any[*],meta::pure::metamodel::type::String[1],meta::pure::metamodel::type::Any[*])
ASSERT_SIZE__ANY_MANY__INTEGER_1	meta::pure::functions::asserts::assertSize	meta::pure::functions::asserts::assertSize(meta::pure::metamodel::type::Any[*],meta::pure::metamodel::type::Integer[1])
ASSERT_SIZE__ANY_MANY__INTEGER_1__FN_1	meta::pure::functions::asserts::assertSize	meta::pure::functions::asserts::assertSize(meta::pure::metamodel::type::Any[*],meta::pure::metamodel::type::Integer[1],meta::pure::metamodel::function::Function<{->meta::pure::metamodel::type::String[1]}>[1])
ASSERT_SIZE__ANY_MANY__INTEGER_1__STRING_1	meta::pure::functions::asserts::assertSize	meta::pure::functions::asserts::assertSize(meta::pure::metamodel::type::Any[*],meta::pure::metamodel::type::Integer[1],meta::pure::metamodel::type::String[1])
ASSERT_SIZE__ANY_MANY__INTEGER_1__STRING_1__ANY_MANY	meta::pure::functions::asserts::assertSize	meta::pure::functions::asserts::assertSize(meta::pure::metamodel::type::Any[*],meta::pure::metamodel::type::Integer[1],meta::pure::metamodel::type::String[1],meta::pure::metamodel::type::Any[*])
FAIL	meta::pure::functions::asserts::fail	meta::pure::functions::asserts::fail()
FAIL__STRING_1	meta::pure::functions::asserts::fail	meta::pure::functions::asserts::fail(meta::pure::metamodel::type::String[1])
AND__BOOLEAN_1__BOOLEAN_1	meta::pure::functions::boolean::and	meta::pure::functions::boolean::and(meta::pure::metamodel::type::Boolean[1],meta::pure::metamodel::type::Boolean[1])
BETWEEN__DATE	meta::pure::functions::boolean::between	meta::pure::functions::boolean::between(meta::pure::metamodel::type::Date[0..1],meta::pure::metamodel::type::Date[0..1],meta::pure::metamodel::type::Date[0..1])
BETWEEN__NUMBER	meta::pure::functions::boolean::between	meta::pure::functions::boolean::between(meta::pure::metamodel::type::Number[0..1],meta::pure::metamodel::type::Number[0..1],meta::pure::metamodel::type::Number[0..1])
BETWEEN__STRING	meta::pure::functions::boolean::between	meta::pure::functions::boolean::between(meta::pure::metamodel::type::String[0..1],meta::pure::metamodel::type::String[0..1],meta::pure::metamodel::type::String[0..1])
EQ__ANY_1__ANY_1	meta::pure::functions::boolean::eq	meta::pure::functions::boolean::eq(meta::pure::metamodel::type::Any[1],meta::pure::metamodel::type::Any[1])
EQUAL__ANY_MANY__ANY_MANY	meta::pure::functions::boolean::equal	meta::pure::functions::boolean::equal(meta::pure::metamodel::type::Any[*],meta::pure::metamodel::type::Any[*])
GREATER_THAN__BOOLEAN_0_1__BOOLEAN_0_1	meta::pure::functions::boolean::greaterThan	meta::pure::functions::boolean::greaterThan(meta::pure::metamodel::type::Boolean[0..1],meta::pure::metamodel::type::Boolean[0..1])
GREATER_THAN__DATE_0_1__DATE_0_1	meta::pure::functions::boolean::greaterThan	meta::pure::functions::boolean::greaterThan(meta::pure::metamodel::type::Date[0..1],meta::pure::metamodel::type::Date[0..1])
GREATER_THAN__DATE_0_1__DATE_1	meta::pure::functions::boolean::greaterThan	meta::pure::functions::boolean::greaterThan(meta::pure::metamodel::type::Date[0..1],meta::pure::metamodel::type::Date[1])
GREATER_THAN__DATE_1__DATE_0_1	meta::pure::functions::boolean::greaterThan	meta::pure::functions::boolean::greaterThan(meta::pure::metamodel::type::Date[1],meta::pure::metamodel::type::Date[0..1])
GREATER_THAN__DATE_1__DATE_1	meta::pure::functions::boolean::greaterThan	meta::pure::functions::boolean::greaterThan(meta::pure::metamodel::type::Date[1],meta::pure::metamodel::type::Date[1])
GREATER_THAN__NUMBER_0_1__NUMBER_0_1	meta::pure::functions::boolean::greaterThan	meta::pure::functions::boolean::greaterThan(meta::pure::metamodel::type::Number[0..1],meta::pure::metamodel::type::Number[0..1])
GREATER_THAN__NUMBER_0_1__NUMBER_1	meta::pure::functions::boolean::greaterThan	meta::pure::functions::boolean::greaterThan(meta::pure::metamodel::type::Number[0..1],meta::pure::metamodel::type::Number[1])
GREATER_THAN__NUMBER_1__NUMBER_0_1	meta::pure::functions::boolean::greaterThan	meta::pure::functions::boolean::greaterThan(meta::pure::metamodel::type::Number[1],meta::pure::metamodel::type::Number[0..1])
GREATER_THAN__NUMBER_1__NUMBER_1	meta::pure::functions::boolean::greaterThan	meta::pure::functions::boolean::greaterThan(meta::pure::metamodel::type::Number[1],meta::pure::metamodel::type::Number[1])
GREATER_THAN__STRING_0_1__STRING_0_1	meta::pure::functions::boolean::greaterThan	meta::pure::functions::boolean::greaterThan(meta::pure::metamodel::type::String[0..1],meta::pure::metamodel::type::String[0..1])
GREATER_THAN__STRING_0_1__STRING_1	meta::pure::functions::boolean::greaterThan	meta::pure::functions::boolean::greaterThan(meta::pure::metamodel::type::String[0..1],meta::pure::metamodel::type::String[1])
GREATER_THAN__STRING_1__STRING_0_1	meta::pure::functions::boolean::greaterThan	meta::pure::functions::boolean::greaterThan(meta::pure::metamodel::type::String[1],meta::pure::metamodel::type::String[0..1])
GREATER_THAN__STRING_1__STRING_1	meta::pure::functions::boolean::greaterThan	meta::pure::functions::boolean::greaterThan(meta::pure::metamodel::type::String[1],meta::pure::metamodel::type::String[1])
GREATER_THAN_EQUAL__BOOLEAN_0_1__BOOLEAN_0_1	meta::pure::functions::boolean::greaterThanEqual	meta::pure::functions::boolean::greaterThanEqual(meta::pure::metamodel::type::Boolean[0..1],meta::pure::metamodel::type::Boolean[0..1])
GREATER_THAN_EQUAL__DATE_0_1__DATE_0_1	meta::pure::functions::boolean::greaterThanEqual	meta::pure::functions::boolean::greaterThanEqual(meta::pure::metamodel::type::Date[0..1],meta::pure::metamodel::type::Date[0..1])
GREATER_THAN_EQUAL__DATE_0_1__DATE_1	meta::pure::functions::boolean::greaterThanEqual	meta::pure::functions::boolean::greaterThanEqual(meta::pure::metamodel::type::Date[0..1],meta::pure::metamodel::type::Date[1])
GREATER_THAN_EQUAL__DATE_1__DATE_0_1	meta::pure::functions::boolean::greaterThanEqual	meta::pure::functions::boolean::greaterThanEqual(meta::pure::metamodel::type::Date[1],meta::pure::metamodel::type::Date[0..1])
GREATER_THAN_EQUAL__DATE_1__DATE_1	meta::pure::functions::boolean::greaterThanEqual	meta::pure::functions::boolean::greaterThanEqual(meta::pure::metamodel::type::Date[1],meta::pure::metamodel::type::Date[1])
GREATER_THAN_EQUAL__NUMBER_0_1__NUMBER_0_1	meta::pure::functions::boolean::greaterThanEqual	meta::pure::functions::boolean::greaterThanEqual(meta::pure::metamodel::type::Number[0..1],meta::pure::metamodel::type::Number[0..1])
GREATER_THAN_EQUAL__NUMBER_0_1__NUMBER_1	meta::pure::functions::boolean::greaterThanEqual	meta::pure::functions::boolean::greaterThanEqual(meta::pure::metamodel::type::Number[0..1],meta::pure::metamodel::type::Number[1])
GREATER_THAN_EQUAL__NUMBER_1__NUMBER_0_1	meta::pure::functions::boolean::greaterThanEqual	meta::pure::functions::boolean::greaterThanEqual(meta::pure::metamodel::type::Number[1],meta::pure::metamodel::type::Number[0..1])
GREATER_THAN_EQUAL__NUMBER_1__NUMBER_1	meta::pure::functions::boolean::greaterThanEqual	meta::pure::functions::boolean::greaterThanEqual(meta::pure::metamodel::type::Number[1],meta::pure::metamodel::type::Number[1])
GREATER_THAN_EQUAL__STRING_0_1__STRING_0_1	meta::pure::functions::boolean::greaterThanEqual	meta::pure::functions::boolean::greaterThanEqual(meta::pure::metamodel::type::String[0..1],meta::pure::metamodel::type::String[0..1])
GREATER_THAN_EQUAL__STRING_0_1__STRING_1	meta::pure::functions::boolean::greaterThanEqual	meta::pure::functions::boolean::greaterThanEqual(meta::pure::metamodel::type::String[0..1],meta::pure::metamodel::type::String[1])
GREATER_THAN_EQUAL__STRING_1__STRING_0_1	meta::pure::functions::boolean::greaterThanEqual	meta::pure::functions::boolean::greaterThanEqual(meta::pure::metamodel::type::String[1],meta::pure::metamodel::type::String[0..1])
GREATER_THAN_EQUAL__STRING_1__STRING_1	meta::pure::functions::boolean::greaterThanEqual	meta::pure::functions::boolean::greaterThanEqual(meta::pure::metamodel::type::String[1],meta::pure::metamodel::type::String[1])
IS_TRUE__BOOLEAN_01	meta::pure::functions::boolean::isTrue	meta::pure::functions::boolean::isTrue(meta::pure::metamodel::type::Boolean[0..1])
LESS_THAN__BOOLEAN_0_1__BOOLEAN_0_1	meta::pure::functions::boolean::lessThan	meta::pure::functions::boolean::lessThan(meta::pure::metamodel::type::Boolean[0..1],meta::pure::metamodel::type::Boolean[0..1])
LESS_THAN__DATE_0_1__DATE_0_1	meta::pure::functions::boolean::lessThan	meta::pure::functions::boolean::lessThan(meta::pure::metamodel::type::Date[0..1],meta::pure::metamodel::type::Date[0..1])
LESS_THAN__DATE_0_1__DATE_1	meta::pure::functions::boolean::lessThan	meta::pure::functions::boolean::lessThan(meta::pure::metamodel::type::Date[0..1],meta::pure::metamodel::type::Date[1])
LESS_THAN__DATE_1__DATE_0_1	meta::pure::functions::boolean::lessThan	meta::pure::functions::boolean::lessThan(meta::pure::metamodel::type::Date[1],meta::pure::metamodel::type::Date[0..1])
LESS_THAN__DATE_1__DATE_1	meta::pure::functions::boolean::lessThan	meta::pure::functions::boolean::lessThan(meta::pure::metamodel::type::Date[1],meta::pure::metamodel::type::Date[1])
LESS_THAN__NUMBER_0_1__NUMBER_0_1	meta::pure::functions::boolean::lessThan	meta::pure::functions::boolean::lessThan(meta::pure::metamodel::type::Number[0..1],meta::pure::metamodel::type::Number[0..1])
LESS_THAN__NUMBER_0_1__NUMBER_1	meta::pure::functions::boolean::lessThan	meta::pure::functions::boolean::lessThan(meta::pure::metamodel::type::Number[0..1],meta::pure::metamodel::type::Number[1])
LESS_THAN__NUMBER_1__NUMBER_0_1	meta::pure::functions::boolean::lessThan	meta::pure::functions::boolean::lessThan(meta::pure::metamodel::type::Number[1],meta::pure::metamodel::type::Number[0..1])
LESS_THAN__NUMBER_1__NUMBER_1	meta::pure::functions::boolean::lessThan	meta::pure::functions::boolean::lessThan(meta::pure::metamodel::type::Number[1],meta::pure::metamodel::type::Number[1])
LESS_THAN__STRING_0_1__STRING_0_1	meta::pure::functions::boolean::lessThan	meta::pure::functions::boolean::lessThan(meta::pure::metamodel::type::String[0..1],meta::pure::metamodel::type::String[0..1])
LESS_THAN__STRING_0_1__STRING_1	meta::pure::functions::boolean::lessThan	meta::pure::functions::boolean::lessThan(meta::pure::metamodel::type::String[0..1],meta::pure::metamodel::type::String[1])
LESS_THAN__STRING_1__STRING_0_1	meta::pure::functions::boolean::lessThan	meta::pure::functions::boolean::lessThan(meta::pure::metamodel::type::String[1],meta::pure::metamodel::type::String[0..1])
LESS_THAN__STRING_1__STRING_1	meta::pure::functions::boolean::lessThan	meta::pure::functions::boolean::lessThan(meta::pure::metamodel::type::String[1],meta::pure::metamodel::type::String[1])
LESS_THAN_EQUAL__BOOLEAN_0_1__BOOLEAN_0_1	meta::pure::functions::boolean::lessThanEqual	meta::pure::functions::boolean::lessThanEqual(meta::pure::metamodel::type::Boolean[0..1],meta::pure::metamodel::type::Boolean[0..1])
LESS_THAN_EQUAL__DATE_0_1__DATE_0_1	meta::pure::functions::boolean::lessThanEqual	meta::pure::functions::boolean::lessThanEqual(meta::pure::metamodel::type::Date[0..1],meta::pure::metamodel::type::Date[0..1])
LESS_THAN_EQUAL__DATE_0_1__DATE_1	meta::pure::functions::boolean::lessThanEqual	meta::pure::functions::boolean::lessThanEqual(meta::pure::metamodel::type::Date[0..1],meta::pure::metamodel::type::Date[1])
LESS_THAN_EQUAL__DATE_1__DATE_0_1	meta::pure::functions::boolean::lessThanEqual	meta::pure::functions::boolean::lessThanEqual(meta::pure::metamodel::type::Date[1],meta::pure::metamodel::type::Date[0..1])
LESS_THAN_EQUAL__DATE_1__DATE_1	meta::pure::functions::boolean::lessThanEqual	meta::pure::functions::boolean::lessThanEqual(meta::pure::metamodel::type::Date[1],meta::pure::metamodel::type::Date[1])
LESS_THAN_EQUAL__NUMBER_0_1__NUMBER_0_1	meta::pure::functions::boolean::lessThanEqual	meta::pure::functions::boolean::lessThanEqual(meta::pure::metamodel::type::Number[0..1],meta::pure::metamodel::type::Number[0..1])
LESS_THAN_EQUAL__NUMBER_0_1__NUMBER_1	meta::pure::functions::boolean::lessThanEqual	meta::pure::functions::boolean::lessThanEqual(meta::pure::metamodel::type::Number[0..1],meta::pure::metamodel::type::Number[1])
LESS_THAN_EQUAL__NUMBER_1__NUMBER_0_1	meta::pure::functions::boolean::lessThanEqual	meta::pure::functions::boolean::lessThanEqual(meta::pure::metamodel::type::Number[1],meta::pure::metamodel::type::Number[0..1])
LESS_THAN_EQUAL__NUMBER_1__NUMBER_1	meta::pure::functions::boolean::lessThanEqual	meta::pure::functions::boolean::lessThanEqual(meta::pure::metamodel::type::Number[1],meta::pure::metamodel::type::Number[1])
LESS_THAN_EQUAL__STRING_0_1__STRING_0_1	meta::pure::functions::boolean::lessThanEqual	meta::pure::functions::boolean::lessThanEqual(meta::pure::metamodel::type::String[0..1],meta::pure::metamodel::type::String[0..1])
LESS_THAN_EQUAL__STRING_0_1__STRING_1	meta::pure::functions::boolean::lessThanEqual	meta::pure::functions::boolean::lessThanEqual(meta::pure::metamodel::type::String[0..1],meta::pure::metamodel::type::String[1])
LESS_THAN_EQUAL__STRING_1__STRING_0_1	meta::pure::functions::boolean::lessThanEqual	meta::pure::functions::boolean::lessThanEqual(meta::pure::metamodel::type::String[1],meta::pure::metamodel::type::String[0..1])
LESS_THAN_EQUAL__STRING_1__STRING_1	meta::pure::functions::boolean::lessThanEqual	meta::pure::functions::boolean::lessThanEqual(meta::pure::metamodel::type::String[1],meta::pure::metamodel::type::String[1])
NOT__BOOLEAN_1	meta::pure::functions::boolean::not	meta::pure::functions::boolean::not(meta::pure::metamodel::type::Boolean[1])
OR__BOOLEAN_1__BOOLEAN_1	meta::pure::functions::boolean::or	meta::pure::functions::boolean::or(meta::pure::metamodel::type::Boolean[1],meta::pure::metamodel::type::Boolean[1])
XOR__BOOLEAN_1__BOOLEAN_1	meta::pure::functions::boolean::xor	meta::pure::functions::boolean::xor(meta::pure::metamodel::type::Boolean[1],meta::pure::metamodel::type::Boolean[1])
ADD__T_MANY__T_1	meta::pure::functions::collection::add	meta::pure::functions::collection::add(T[*],T[1])
ADD__T_MANY__INTEGER_1__T_1	meta::pure::functions::collection::add	meta::pure::functions::collection::add(T[*],meta::pure::metamodel::type::Integer[1],T[1])
AND__BOOLEAN_MANY	meta::pure::functions::collection::and	meta::pure::functions::collection::and(meta::pure::metamodel::type::Boolean[*])
AT__T_MANY__INTEGER_1	meta::pure::functions::collection::at	meta::pure::functions::collection::at(T[*],meta::pure::metamodel::type::Integer[1])
CONCATENATE__T_MANY__T_MANY	meta::pure::functions::collection::concatenate	meta::pure::functions::collection::concatenate(T[*],T[*])
CONTAINS__Z_MANY__Z_1__FUNCTION_1	meta::pure::functions::collection::contains	meta::pure::functions::collection::contains(Z[*],Z[1],meta::pure::metamodel::function::Function<{Z[1],Z[1]->meta::pure::metamodel::type::Boolean[1]}>[1])
CONTAINS__ANY_MANY__ANY_1	meta::pure::functions::collection::contains	meta::pure::functions::collection::contains(meta::pure::metamodel::type::Any[*],meta::pure::metamodel::type::Any[1])
COUNT__ANY_MANY	meta::pure::functions::collection::count	meta::pure::functions::collection::count(meta::pure::metamodel::type::Any[*])
DEFAULT_IF_EMPTY__T_MANY__T_ONEMANY	meta::pure::functions::collection::defaultIfEmpty	meta::pure::functions::collection::defaultIfEmpty(T[*],T[1..*])
DISTINCT__T_MANY	meta::pure::functions::collection::distinct	meta::pure::functions::collection::distinct(T[*])
DROP__T_MANY__INTEGER_1	meta::pure::functions::collection::drop	meta::pure::functions::collection::drop(T[*],meta::pure::metamodel::type::Integer[1])
EXISTS__T_MANY__FUNCTION_1	meta::pure::functions::collection::exists	meta::pure::functions::collection::exists(T[*],meta::pure::metamodel::function::Function<{T[1]->meta::pure::metamodel::type::Boolean[1]}>[1])
FILTER__T_MANY__FUNCTION_1	meta::pure::functions::collection::filter	meta::pure::functions::collection::filter(T[*],meta::pure::metamodel::function::Function<{T[1]->meta::pure::metamodel::type::Boolean[1]}>[1])
FIND__T_MANY__FUNCTION_1	meta::pure::functions::collection::find	meta::pure::functions::collection::find(T[*],meta::pure::metamodel::function::Function<{T[1]->meta::pure::metamodel::type::Boolean[1]}>[1])
FIRST__T_MANY	meta::pure::functions::collection::first	meta::pure::functions::collection::first(T[*])
FOLD__T_MANY__FUNCTION_1__V_m	meta::pure::functions::collection::fold	meta::pure::functions::collection::fold(T[*],meta::pure::metamodel::function::Function<{T[1],V[m]->V[m]}>[1],V[m])
FOR_ALL__T_MANY__FUNCTION_1	meta::pure::functions::collection::forAll	meta::pure::functions::collection::forAll(T[*],meta::pure::metamodel::function::Function<{T[1]->meta::pure::metamodel::type::Boolean[1]}>[1])
MAP_GET__MAP_1__U_1	meta::pure::functions::collection::get	meta::pure::functions::collection::get(meta::pure::functions::collection::Map<U, V>[1],U[1])
GET_ALL__CLASS_1	meta::pure::functions::collection::getAll	meta::pure::functions::collection::getAll(meta::pure::metamodel::type::Class<T>[1])
GET_ALL__CLASS_1__DATE_1	meta::pure::functions::collection::getAll	meta::pure::functions::collection::getAll(meta::pure::metamodel::type::Class<T>[1],meta::pure::metamodel::type::Date[1])
GET_ALL__CLASS_1__DATE_1__DATE_1	meta::pure::functions::collection::getAll	meta::pure::functions::collection::getAll(meta::pure::metamodel::type::Class<T>[1],meta::pure::metamodel::type::Date[1],meta::pure::metamodel::type::Date[1])
GET_ALL_FOR_EACH_DATE__CLASS_1__DATE_MANY	meta::pure::functions::collection::getAllForEachDate	meta::pure::functions::collection::getAllForEachDate(meta::pure::metamodel::type::Class<T>[1],meta::pure::metamodel::type::Date[*])
GET_ALL_VERSIONS__CLASS_1	meta::pure::functions::collection::getAllVersions	meta::pure::functions::collection::getAllVersions(meta::pure::metamodel::type::Class<T>[1])
GET_ALL_VERSIONS_IN_RANGE__CLASS_1__DATE_1__DATE_1	meta::pure::functions::collection::getAllVersionsInRange	meta::pure::functions::collection::getAllVersionsInRange(meta::pure::metamodel::type::Class<T>[1],meta::pure::metamodel::type::Date[1],meta::pure::metamodel::type::Date[1])
GREATEST__X_MANY	meta::pure::functions::collection::greatest	meta::pure::functions::collection::greatest(X[*])
GREATEST__X_1_MANY	meta::pure::functions::collection::greatest	meta::pure::functions::collection::greatest(X[1..*])
GROUP_BY__X_MANY__FUNCTION_1	meta::pure::functions::collection::groupBy	meta::pure::functions::collection::groupBy(X[*],meta::pure::metamodel::function::Function<{X[1]->K[1]}>[1])
HEAD__T_MANY	meta::pure::functions::collection::head	meta::pure::functions::collection::head(T[*])
IN__ANY_0_1__ANY_MANY	meta::pure::functions::collection::in	meta::pure::functions::collection::in(meta::pure::metamodel::type::Any[0..1],meta::pure::metamodel::type::Any[*])
IN__ANY_1__ANY_MANY	meta::pure::functions::collection::in	meta::pure::functions::collection::in(meta::pure::metamodel::type::Any[1],meta::pure::metamodel::type::Any[*])
INDEX_OF__T_MANY__T_1	meta::pure::functions::collection::indexOf	meta::pure::functions::collection::indexOf(T[*],T[1])
INIT__T_MANY	meta::pure::functions::collection::init	meta::pure::functions::collection::init(T[*])
IS_DISTINCT__T_MANY	meta::pure::functions::collection::isDistinct	meta::pure::functions::collection::isDistinct(T[*])
IS_EMPTY__T_MANY	meta::pure::functions::collection::isEmpty	meta::pure::functions::collection::isEmpty(meta::pure::metamodel::type::Any[*])
IS_NOT_EMPTY__ANY_MANY	meta::pure::functions::collection::isNotEmpty	meta::pure::functions::collection::isNotEmpty(meta::pure::metamodel::type::Any[*])
IS_NOT_EMPTY__ANY_0_1	meta::pure::functions::collection::isNotEmpty	meta::pure::functions::collection::isNotEmpty(meta::pure::metamodel::type::Any[0..1])
KEY_VALUES__MAP_1	meta::pure::functions::collection::keyValues	meta::pure::functions::collection::keyValues(meta::pure::functions::collection::Map<U, V>[1])
MAP_KEYS__MAP_1	meta::pure::functions::collection::keys	meta::pure::functions::collection::keys(meta::pure::functions::collection::Map<U, V>[1])
LAST__T_MANY	meta::pure::functions::collection::last	meta::pure::functions::collection::last(T[*])
LEAST__X_MANY	meta::pure::functions::collection::least	meta::pure::functions::collection::least(X[*])
LEAST__X_1_MANY	meta::pure::functions::collection::least	meta::pure::functions::collection::least(X[1..*])
LIMIT__T_MANY__INTEGER_1	meta::pure::functions::collection::limit	meta::pure::functions::collection::limit(T[*],meta::pure::metamodel::type::Integer[1])
LIST__U_MANY	meta::pure::functions::collection::list	meta::pure::functions::collection::list(U[*])
MAP__T_MANY__FUNCTION_1	meta::pure::functions::collection::map	meta::pure::functions::collection::map(T[*],meta::pure::metamodel::function::Function<{T[1]->V[*]}>[1])
MAP__T_0_1__FUNCTION_1	meta::pure::functions::collection::map	meta::pure::functions::collection::map(T[0..1],meta::pure::metamodel::function::Function<{T[1]->V[0..1]}>[1])
MAP__T_M__FUNCTION_1	meta::pure::functions::collection::map	meta::pure::functions::collection::map(T[m],meta::pure::metamodel::function::Function<{T[1]->V[1]}>[1])
MAX_CMP__T_1_MANY	meta::pure::functions::collection::max	meta::pure::functions::collection::max(T[1..*],meta::pure::metamodel::function::Function<{T[1],T[1]->meta::pure::metamodel::type::Integer[1]}>[1])
MAX_GENERIC__X_MANY	meta::pure::functions::collection::max	meta::pure::functions::collection::max(X[*])
MAX_GENERIC__X_1_MANY	meta::pure::functions::collection::max	meta::pure::functions::collection::max(X[1..*])
MIN_CMP__T_1_MANY	meta::pure::functions::collection::min	meta::pure::functions::collection::min(T[1..*],meta::pure::metamodel::function::Function<{T[1],T[1]->meta::pure::metamodel::type::Integer[1]}>[1])
MIN_GENERIC__X_MANY	meta::pure::functions::collection::min	meta::pure::functions::collection::min(X[*])
MIN_GENERIC__X_1_MANY	meta::pure::functions::collection::min	meta::pure::functions::collection::min(X[1..*])
NEW_MAP__PAIRS	meta::pure::functions::collection::newMap	meta::pure::functions::collection::newMap(meta::pure::functions::collection::Pair<U, V>[*])
OBJECT_REFERENCE_IN__ANY_1__STRING_MANY	meta::pure::functions::collection::objectReferenceIn	meta::pure::functions::collection::objectReferenceIn(meta::pure::metamodel::type::Any[1],meta::pure::metamodel::type::String[*])
OR__BOOLEAN_MANY	meta::pure::functions::collection::or	meta::pure::functions::collection::or(meta::pure::metamodel::type::Boolean[*])
PAGINATED__T_MANY__INTEGER_1__INTEGER_1	meta::pure::functions::collection::paginated	meta::pure::functions::collection::paginated(T[*],meta::pure::metamodel::type::Integer[1],meta::pure::metamodel::type::Integer[1])
PAIR__U_1__V_1	meta::pure::functions::collection::pair	meta::pure::functions::collection::pair(U[1],V[1])
MAP_PUT__MAP_1__U_1__V_1	meta::pure::functions::collection::put	meta::pure::functions::collection::put(meta::pure::functions::collection::Map<U, V>[1],U[1],V[1])
MAP_PUT_ALL__MAP_1__MAP_1	meta::pure::functions::collection::putAll	meta::pure::functions::collection::putAll(meta::pure::functions::collection::Map<U, V>[1],meta::pure::functions::collection::Map<U, V>[1])
MAP_PUT_ALL__MAP_1__PAIRS	meta::pure::functions::collection::putAll	meta::pure::functions::collection::putAll(meta::pure::functions::collection::Map<U, V>[1],meta::pure::functions::collection::Pair<U, V>[*])
RANGE__INTEGER_1	meta::pure::functions::collection::range	meta::pure::functions::collection::range(meta::pure::metamodel::type::Integer[1])
RANGE__INTEGER_1__INTEGER_1	meta::pure::functions::collection::range	meta::pure::functions::collection::range(meta::pure::metamodel::type::Integer[1],meta::pure::metamodel::type::Integer[1])
RANGE__INTEGER_1__INTEGER_1__INTEGER_1	meta::pure::functions::collection::range	meta::pure::functions::collection::range(meta::pure::metamodel::type::Integer[1],meta::pure::metamodel::type::Integer[1],meta::pure::metamodel::type::Integer[1])
REMOVE_DUPLICATES__T_MANY	meta::pure::functions::collection::removeDuplicates	meta::pure::functions::collection::removeDuplicates(T[*])
REMOVE_DUPLICATES__T_MANY__FUNCTION_1	meta::pure::functions::collection::removeDuplicates	meta::pure::functions::collection::removeDuplicates(T[*],meta::pure::metamodel::function::Function<{T[1],T[1]->meta::pure::metamodel::type::Boolean[1]}>[1])
REMOVE_DUPLICATES__T_MANY__FUNCTION_0_1__FUNCTION_0_1	meta::pure::functions::collection::removeDuplicates	meta::pure::functions::collection::removeDuplicates(T[*],meta::pure::metamodel::function::Function<{T[1]->V[1]}>[0..1],meta::pure::metamodel::function::Function<{V[1],V[1]->meta::pure::metamodel::type::Boolean[1]}>[0..1])
REMOVE_DUPLICATES_BY__T_MANY__FUNCTION_1	meta::pure::functions::collection::removeDuplicatesBy	meta::pure::functions::collection::removeDuplicatesBy(T[*],meta::pure::metamodel::function::Function<{T[1]->meta::pure::metamodel::type::Any[1]}>[1])
REPEAT__T_1__INTEGER_1	meta::pure::functions::collection::repeat	meta::pure::functions::collection::repeat(T[1],meta::pure::metamodel::type::Integer[1])
REPLACE_TREE_NODE__TREENODE_1__TREENODE_1__TREENODE_1	meta::pure::functions::collection::replaceTreeNode	meta::pure::functions::collection::replaceTreeNode(meta::pure::functions::collection::TreeNode[1],meta::pure::functions::collection::TreeNode[1],meta::pure::functions::collection::TreeNode[1])
REVERSE__T_m	meta::pure::functions::collection::reverse	meta::pure::functions::collection::reverse(T[m])
SIZE__ANY_MANY	meta::pure::functions::collection::size	meta::pure::functions::collection::size(meta::pure::metamodel::type::Any[*])
SLICE__T_MANY__INTEGER_1__INTEGER_1	meta::pure::functions::collection::slice	meta::pure::functions::collection::slice(T[*],meta::pure::metamodel::type::Integer[1],meta::pure::metamodel::type::Integer[1])
SORT__T_m	meta::pure::functions::collection::sort	meta::pure::functions::collection::sort(T[m])
SORT__T_m__FUNCTION_0_1	meta::pure::functions::collection::sort	meta::pure::functions::collection::sort(T[m],meta::pure::metamodel::function::Function<{T[1],T[1]->meta::pure::metamodel::type::Integer[1]}>[0..1])
SORT__T_m__FUNCTION_0_1__FUNCTION_0_1	meta::pure::functions::collection::sort	meta::pure::functions::collection::sort(T[m],meta::pure::metamodel::function::Function<{T[1]->U[1]}>[0..1],meta::pure::metamodel::function::Function<{U[1],U[1]->meta::pure::metamodel::type::Integer[1]}>[0..1])
SORT_BY__T_m__FUNCTION_0_1	meta::pure::functions::collection::sortBy	meta::pure::functions::collection::sortBy(T[m],meta::pure::metamodel::function::Function<{T[1]->U[1]}>[0..1])
SORT_BY_REVERSED__T_m__FUNCTION_0_1	meta::pure::functions::collection::sortByReversed	meta::pure::functions::collection::sortByReversed(T[m],meta::pure::metamodel::function::Function<{T[1]->U[1]}>[0..1])
TAIL__T_MANY	meta::pure::functions::collection::tail	meta::pure::functions::collection::tail(T[*])
TAKE__T_MANY__INTEGER_1	meta::pure::functions::collection::take	meta::pure::functions::collection::take(T[*],meta::pure::metamodel::type::Integer[1])
UNION__T_MANY__T_MANY	meta::pure::functions::collection::union	meta::pure::functions::collection::union(T[*],T[*])
UNIQUE_VALUE_ONLY__T_MANY	meta::pure::functions::collection::uniqueValueOnly	meta::pure::functions::collection::uniqueValueOnly(T[*])
UNIQUE_VALUE_ONLY__T_MANY__T_01	meta::pure::functions::collection::uniqueValueOnly	meta::pure::functions::collection::uniqueValueOnly(T[*],T[0..1])
MAP_VALUES__MAP_1	meta::pure::functions::collection::values	meta::pure::functions::collection::values(meta::pure::functions::collection::Map<U, V>[1])
ZIP__T_MANY__U_MANY	meta::pure::functions::collection::zip	meta::pure::functions::collection::zip(T[*],U[*])
ADD__DATETIME_1__DURATION_1	meta::pure::functions::date::add	meta::pure::functions::date::add(meta::pure::metamodel::type::DateTime[1],meta::pure::functions::date::Duration[1])
ADD__DATE_1__DURATION_1	meta::pure::functions::date::add	meta::pure::functions::date::add(meta::pure::metamodel::type::Date[1],meta::pure::functions::date::Duration[1])
ADD__STRICTDATE_1__DURATION_1	meta::pure::functions::date::add	meta::pure::functions::date::add(meta::pure::metamodel::type::StrictDate[1],meta::pure::functions::date::Duration[1])
ADJUST__DATE_1__INTEGER_1__DURATION_UNIT_1	meta::pure::functions::date::adjust	meta::pure::functions::date::adjust(meta::pure::metamodel::type::Date[1],meta::pure::metamodel::type::Integer[1],meta::pure::functions::date::DurationUnit[1])
CAL_C_Y_MINUS2	meta::pure::functions::date::calendar::CYMinus2	meta::pure::functions::date::calendar::CYMinus2(meta::pure::metamodel::type::Date[0..1],meta::pure::metamodel::type::String[1],meta::pure::metamodel::type::Date[1],meta::pure::metamodel::type::Number[0..1])
CAL_C_Y_MINUS3	meta::pure::functions::date::calendar::CYMinus3	meta::pure::functions::date::calendar::CYMinus3(meta::pure::metamodel::type::Date[0..1],meta::pure::metamodel::type::String[1],meta::pure::metamodel::type::Date[1],meta::pure::metamodel::type::Number[0..1])
CAL_ANNUALIZED	meta::pure::functions::date::calendar::annualized	meta::pure::functions::date::calendar::annualized(meta::pure::metamodel::type::Date[0..1],meta::pure::metamodel::type::String[1],meta::pure::metamodel::type::Date[1],meta::pure::metamodel::type::Number[0..1])
CAL_CME	meta::pure::functions::date::calendar::cme	meta::pure::functions::date::calendar::cme(meta::pure::metamodel::type::Date[0..1],meta::pure::metamodel::type::String[1],meta::pure::metamodel::type::Date[1],meta::pure::metamodel::type::Number[0..1])
CAL_CW	meta::pure::functions::date::calendar::cw	meta::pure::functions::date::calendar::cw(meta::pure::metamodel::type::Date[0..1],meta::pure::metamodel::type::String[1],meta::pure::metamodel::type::Date[1],meta::pure::metamodel::type::Number[0..1])
CAL_CW_FM	meta::pure::functions::date::calendar::cw_fm	meta::pure::functions::date::calendar::cw_fm(meta::pure::metamodel::type::Date[0..1],meta::pure::metamodel::type::String[1],meta::pure::metamodel::type::Date[1],meta::pure::metamodel::type::Number[0..1])
CAL_MTD	meta::pure::functions::date::calendar::mtd	meta::pure::functions::date::calendar::mtd(meta::pure::metamodel::type::Date[0..1],meta::pure::metamodel::type::String[1],meta::pure::metamodel::type::Date[1],meta::pure::metamodel::type::Number[0..1])
CAL_P12MTD	meta::pure::functions::date::calendar::p12mtd	meta::pure::functions::date::calendar::p12mtd(meta::pure::metamodel::type::Date[0..1],meta::pure::metamodel::type::String[1],meta::pure::metamodel::type::Date[1],meta::pure::metamodel::type::Number[0..1])
CAL_P12WA	meta::pure::functions::date::calendar::p12wa	meta::pure::functions::date::calendar::p12wa(meta::pure::metamodel::type::Date[0..1],meta::pure::metamodel::type::String[1],meta::pure::metamodel::type::Date[1],meta::pure::metamodel::type::Number[0..1])
CAL_P12WTD	meta::pure::functions::date::calendar::p12wtd	meta::pure::functions::date::calendar::p12wtd(meta::pure::metamodel::type::Date[0..1],meta::pure::metamodel::type::String[1],meta::pure::metamodel::type::Date[1],meta::pure::metamodel::type::Number[0..1])
CAL_P4WA	meta::pure::functions::date::calendar::p4wa	meta::pure::functions::date::calendar::p4wa(meta::pure::metamodel::type::Date[0..1],meta::pure::metamodel::type::String[1],meta::pure::metamodel::type::Date[1],meta::pure::metamodel::type::Number[0..1])
CAL_P4WTD	meta::pure::functions::date::calendar::p4wtd	meta::pure::functions::date::calendar::p4wtd(meta::pure::metamodel::type::Date[0..1],meta::pure::metamodel::type::String[1],meta::pure::metamodel::type::Date[1],meta::pure::metamodel::type::Number[0..1])
CAL_P52WA	meta::pure::functions::date::calendar::p52wa	meta::pure::functions::date::calendar::p52wa(meta::pure::metamodel::type::Date[0..1],meta::pure::metamodel::type::String[1],meta::pure::metamodel::type::Date[1],meta::pure::metamodel::type::Number[0..1])
CAL_P52WTD	meta::pure::functions::date::calendar::p52wtd	meta::pure::functions::date::calendar::p52wtd(meta::pure::metamodel::type::Date[0..1],meta::pure::metamodel::type::String[1],meta::pure::metamodel::type::Date[1],meta::pure::metamodel::type::Number[0..1])
CAL_PMA	meta::pure::functions::date::calendar::pma	meta::pure::functions::date::calendar::pma(meta::pure::metamodel::type::Date[0..1],meta::pure::metamodel::type::String[1],meta::pure::metamodel::type::Date[1],meta::pure::metamodel::type::Number[0..1])
CAL_PMTD	meta::pure::functions::date::calendar::pmtd	meta::pure::functions::date::calendar::pmtd(meta::pure::metamodel::type::Date[0..1],meta::pure::metamodel::type::String[1],meta::pure::metamodel::type::Date[1],meta::pure::metamodel::type::Number[0..1])
CAL_PQTD	meta::pure::functions::date::calendar::pqtd	meta::pure::functions::date::calendar::pqtd(meta::pure::metamodel::type::Date[0..1],meta::pure::metamodel::type::String[1],meta::pure::metamodel::type::Date[1],meta::pure::metamodel::type::Number[0..1])
CAL_PRIOR_DAY	meta::pure::functions::date::calendar::priorDay	meta::pure::functions::date::calendar::priorDay(meta::pure::metamodel::type::Date[0..1],meta::pure::metamodel::type::String[1],meta::pure::metamodel::type::Date[1],meta::pure::metamodel::type::Number[0..1])
CAL_PRIOR_YEAR	meta::pure::functions::date::calendar::priorYear	meta::pure::functions::date::calendar::priorYear(meta::pure::metamodel::type::Date[0..1],meta::pure::metamodel::type::String[1],meta::pure::metamodel::type::Date[1],meta::pure::metamodel::type::Number[0..1])
CAL_PW	meta::pure::functions::date::calendar::pw	meta::pure::functions::date::calendar::pw(meta::pure::metamodel::type::Date[0..1],meta::pure::metamodel::type::String[1],meta::pure::metamodel::type::Date[1],meta::pure::metamodel::type::Number[0..1])
CAL_PW_FM	meta::pure::functions::date::calendar::pw_fm	meta::pure::functions::date::calendar::pw_fm(meta::pure::metamodel::type::Date[0..1],meta::pure::metamodel::type::String[1],meta::pure::metamodel::type::Date[1],meta::pure::metamodel::type::Number[0..1])
CAL_PWA	meta::pure::functions::date::calendar::pwa	meta::pure::functions::date::calendar::pwa(meta::pure::metamodel::type::Date[0..1],meta::pure::metamodel::type::String[1],meta::pure::metamodel::type::Date[1],meta::pure::metamodel::type::Number[0..1])
CAL_PWTD	meta::pure::functions::date::calendar::pwtd	meta::pure::functions::date::calendar::pwtd(meta::pure::metamodel::type::Date[0..1],meta::pure::metamodel::type::String[1],meta::pure::metamodel::type::Date[1],meta::pure::metamodel::type::Number[0..1])
CAL_PYMTD	meta::pure::functions::date::calendar::pymtd	meta::pure::functions::date::calendar::pymtd(meta::pure::metamodel::type::Date[0..1],meta::pure::metamodel::type::String[1],meta::pure::metamodel::type::Date[1],meta::pure::metamodel::type::Number[0..1])
CAL_PYQTD	meta::pure::functions::date::calendar::pyqtd	meta::pure::functions::date::calendar::pyqtd(meta::pure::metamodel::type::Date[0..1],meta::pure::metamodel::type::String[1],meta::pure::metamodel::type::Date[1],meta::pure::metamodel::type::Number[0..1])
CAL_PYTD	meta::pure::functions::date::calendar::pytd	meta::pure::functions::date::calendar::pytd(meta::pure::metamodel::type::Date[0..1],meta::pure::metamodel::type::String[1],meta::pure::metamodel::type::Date[1],meta::pure::metamodel::type::Number[0..1])
CAL_PYWA	meta::pure::functions::date::calendar::pywa	meta::pure::functions::date::calendar::pywa(meta::pure::metamodel::type::Date[0..1],meta::pure::metamodel::type::String[1],meta::pure::metamodel::type::Date[1],meta::pure::metamodel::type::Number[0..1])
CAL_PYWTD	meta::pure::functions::date::calendar::pywtd	meta::pure::functions::date::calendar::pywtd(meta::pure::metamodel::type::Date[0..1],meta::pure::metamodel::type::String[1],meta::pure::metamodel::type::Date[1],meta::pure::metamodel::type::Number[0..1])
CAL_QTD	meta::pure::functions::date::calendar::qtd	meta::pure::functions::date::calendar::qtd(meta::pure::metamodel::type::Date[0..1],meta::pure::metamodel::type::String[1],meta::pure::metamodel::type::Date[1],meta::pure::metamodel::type::Number[0..1])
CAL_REPORT_END_DAY	meta::pure::functions::date::calendar::reportEndDay	meta::pure::functions::date::calendar::reportEndDay(meta::pure::metamodel::type::Date[0..1],meta::pure::metamodel::type::String[1],meta::pure::metamodel::type::Date[1],meta::pure::metamodel::type::Number[0..1])
CAL_WTD	meta::pure::functions::date::calendar::wtd	meta::pure::functions::date::calendar::wtd(meta::pure::metamodel::type::Date[0..1],meta::pure::metamodel::type::String[1],meta::pure::metamodel::type::Date[1],meta::pure::metamodel::type::Number[0..1])
CAL_YTD	meta::pure::functions::date::calendar::ytd	meta::pure::functions::date::calendar::ytd(meta::pure::metamodel::type::Date[0..1],meta::pure::metamodel::type::String[1],meta::pure::metamodel::type::Date[1],meta::pure::metamodel::type::Number[0..1])
DATE__INTEGER_1	meta::pure::functions::date::date	meta::pure::functions::date::date(meta::pure::metamodel::type::Integer[1])
DATE__INTEGER_1__INTEGER_1	meta::pure::functions::date::date	meta::pure::functions::date::date(meta::pure::metamodel::type::Integer[1],meta::pure::metamodel::type::Integer[1])
DATE__INTEGER_1__INTEGER_1__INTEGER_1	meta::pure::functions::date::date	meta::pure::functions::date::date(meta::pure::metamodel::type::Integer[1],meta::pure::metamodel::type::Integer[1],meta::pure::metamodel::type::Integer[1])
DATE__INTEGER_1__INTEGER_1__INTEGER_1__INTEGER_1	meta::pure::functions::date::date	meta::pure::functions::date::date(meta::pure::metamodel::type::Integer[1],meta::pure::metamodel::type::Integer[1],meta::pure::metamodel::type::Integer[1],meta::pure::metamodel::type::Integer[1])
DATE__INTEGER_1__INTEGER_1__INTEGER_1__INTEGER_1__INTEGER_1	meta::pure::functions::date::date	meta::pure::functions::date::date(meta::pure::metamodel::type::Integer[1],meta::pure::metamodel::type::Integer[1],meta::pure::metamodel::type::Integer[1],meta::pure::metamodel::type::Integer[1],meta::pure::metamodel::type::Integer[1])
DATE__INTEGER_1__INTEGER_1__INTEGER_1__INTEGER_1__INTEGER_1__NUMBER_1	meta::pure::functions::date::date	meta::pure::functions::date::date(meta::pure::metamodel::type::Integer[1],meta::pure::metamodel::type::Integer[1],meta::pure::metamodel::type::Integer[1],meta::pure::metamodel::type::Integer[1],meta::pure::metamodel::type::Integer[1],meta::pure::metamodel::type::Number[1])
DATE_DIFF__DATE_0_1__DATE_0_1	meta::pure::functions::date::dateDiff	meta::pure::functions::date::dateDiff(meta::pure::metamodel::type::Date[0..1],meta::pure::metamodel::type::Date[0..1],meta::pure::functions::date::DurationUnit[1])
DATE_DIFF__DATE_1__DATE_1__DURATION_UNIT_1	meta::pure::functions::date::dateDiff	meta::pure::functions::date::dateDiff(meta::pure::metamodel::type::Date[1],meta::pure::metamodel::type::Date[1],meta::pure::functions::date::DurationUnit[1])
DATE_PART__DATE_0_1	meta::pure::functions::date::datePart	meta::pure::functions::date::datePart(meta::pure::metamodel::type::Date[0..1])
DATE_PART__DATE_1	meta::pure::functions::date::datePart	meta::pure::functions::date::datePart(meta::pure::metamodel::type::Date[1])
DAY_OF_MONTH__DATE_1	meta::pure::functions::date::dayOfMonth	meta::pure::functions::date::dayOfMonth(meta::pure::metamodel::type::Date[1])
DAY_OF_WEEK__DATE_1	meta::pure::functions::date::dayOfWeek	meta::pure::functions::date::dayOfWeek(meta::pure::metamodel::type::Date[1])
DAY_OF_WEEK_NUMBER__DATE_1	meta::pure::functions::date::dayOfWeekNumber	meta::pure::functions::date::dayOfWeekNumber(meta::pure::metamodel::type::Date[1])
DAY_OF_WEEK_NUMBER__DATE_1__DAY_OF_WEEK_1	meta::pure::functions::date::dayOfWeekNumber	meta::pure::functions::date::dayOfWeekNumber(meta::pure::metamodel::type::Date[1],meta::pure::functions::date::DayOfWeek[1])
DAY_OF_YEAR__DATE_1	meta::pure::functions::date::dayOfYear	meta::pure::functions::date::dayOfYear(meta::pure::metamodel::type::Date[1])
FIRST_DAY_OF_MONTH__DATE_1	meta::pure::functions::date::firstDayOfMonth	meta::pure::functions::date::firstDayOfMonth(meta::pure::metamodel::type::Date[1])
FIRST_DAY_OF_QUARTER__DATE_1	meta::pure::functions::date::firstDayOfQuarter	meta::pure::functions::date::firstDayOfQuarter(meta::pure::metamodel::type::Date[1])
FIRST_DAY_OF_THIS_MONTH	meta::pure::functions::date::firstDayOfThisMonth	meta::pure::functions::date::firstDayOfThisMonth()
FIRST_DAY_OF_THIS_QUARTER	meta::pure::functions::date::firstDayOfThisQuarter	meta::pure::functions::date::firstDayOfThisQuarter()
FIRST_DAY_OF_THIS_YEAR	meta::pure::functions::date::firstDayOfThisYear	meta::pure::functions::date::firstDayOfThisYear()
FIRST_DAY_OF_WEEK__DATE_1	meta::pure::functions::date::firstDayOfWeek	meta::pure::functions::date::firstDayOfWeek(meta::pure::metamodel::type::Date[1])
FIRST_DAY_OF_YEAR__DATE_1	meta::pure::functions::date::firstDayOfYear	meta::pure::functions::date::firstDayOfYear(meta::pure::metamodel::type::Date[1])
FIRST_HOUR_OF_DAY__DATE_1	meta::pure::functions::date::firstHourOfDay	meta::pure::functions::date::firstHourOfDay(meta::pure::metamodel::type::Date[1])
FIRST_MILLISECOND_OF_SECOND__DATE_1	meta::pure::functions::date::firstMillisecondOfSecond	meta::pure::functions::date::firstMillisecondOfSecond(meta::pure::metamodel::type::Date[1])
FIRST_MINUTE_OF_HOUR__DATE_1	meta::pure::functions::date::firstMinuteOfHour	meta::pure::functions::date::firstMinuteOfHour(meta::pure::metamodel::type::Date[1])
FIRST_SECOND_OF_MINUTE__DATE_1	meta::pure::functions::date::firstSecondOfMinute	meta::pure::functions::date::firstSecondOfMinute(meta::pure::metamodel::type::Date[1])
FORMAT_DATE__DATE_TIME	meta::pure::functions::date::formatDate	meta::pure::functions::date::formatDate(meta::pure::metamodel::type::DateTime[1],meta::pure::functions::date::DateTimeFormat[1])
FORMAT_DATE__STRICT_DATE	meta::pure::functions::date::formatDate	meta::pure::functions::date::formatDate(meta::pure::metamodel::type::StrictDate[1],meta::pure::functions::date::StrictDateFormat[1])
FROM_EPOCH_VALUE__INTEGER_1	meta::pure::functions::date::fromEpochValue	meta::pure::functions::date::fromEpochValue(meta::pure::metamodel::type::Integer[1])
FROM_EPOCH_VALUE__INTEGER_1__DURATION_UNIT_1	meta::pure::functions::date::fromEpochValue	meta::pure::functions::date::fromEpochValue(meta::pure::metamodel::type::Integer[1],meta::pure::functions::date::DurationUnit[1])
HAS_DAY__DATE_1	meta::pure::functions::date::hasDay	meta::pure::functions::date::hasDay(meta::pure::metamodel::type::Date[1])
HAS_HOUR__DATE_1	meta::pure::functions::date::hasHour	meta::pure::functions::date::hasHour(meta::pure::metamodel::type::Date[1])
HAS_MINUTE__DATE_1	meta::pure::functions::date::hasMinute	meta::pure::functions::date::hasMinute(meta::pure::metamodel::type::Date[1])
HAS_MONTH__DATE_1	meta::pure::functions::date::hasMonth	meta::pure::functions::date::hasMonth(meta::pure::metamodel::type::Date[1])
HAS_SECOND__DATE_1	meta::pure::functions::date::hasSecond	meta::pure::functions::date::hasSecond(meta::pure::metamodel::type::Date[1])
HAS_SUBSECOND__DATE_1	meta::pure::functions::date::hasSubsecond	meta::pure::functions::date::hasSubsecond(meta::pure::metamodel::type::Date[1])
HAS_SUBSECOND_WITH_AT_LEAST_PRECISION__DATE_1__INTEGER_1	meta::pure::functions::date::hasSubsecondWithAtLeastPrecision	meta::pure::functions::date::hasSubsecondWithAtLeastPrecision(meta::pure::metamodel::type::Date[1],meta::pure::metamodel::type::Integer[1])
HOUR__DATE_1	meta::pure::functions::date::hour	meta::pure::functions::date::hour(meta::pure::metamodel::type::Date[1])
IS_AFTER_DAY__DATE_1__DATE_1	meta::pure::functions::date::isAfterDay	meta::pure::functions::date::isAfterDay(meta::pure::metamodel::type::Date[1],meta::pure::metamodel::type::Date[1])
IS_BEFORE_DAY__DATE_1__DATE_1	meta::pure::functions::date::isBeforeDay	meta::pure::functions::date::isBeforeDay(meta::pure::metamodel::type::Date[1],meta::pure::metamodel::type::Date[1])
IS_ON_DAY__DATE_1__DATE_1	meta::pure::functions::date::isOnDay	meta::pure::functions::date::isOnDay(meta::pure::metamodel::type::Date[1],meta::pure::metamodel::type::Date[1])
IS_ON_OR_AFTER_DAY__DATE_1__DATE_1	meta::pure::functions::date::isOnOrAfterDay	meta::pure::functions::date::isOnOrAfterDay(meta::pure::metamodel::type::Date[1],meta::pure::metamodel::type::Date[1])
IS_ON_OR_BEFORE_DAY__DATE_1__DATE_1	meta::pure::functions::date::isOnOrBeforeDay	meta::pure::functions::date::isOnOrBeforeDay(meta::pure::metamodel::type::Date[1],meta::pure::metamodel::type::Date[1])
MAX__DATE_TIME_MANY	meta::pure::functions::date::max	meta::pure::functions::date::max(meta::pure::metamodel::type::DateTime[*])
MAX__DATE_TIME_1__DATE_TIME_1	meta::pure::functions::date::max	meta::pure::functions::date::max(meta::pure::metamodel::type::DateTime[1],meta::pure::metamodel::type::DateTime[1])
MAX__DATE_MANY	meta::pure::functions::date::max	meta::pure::functions::date::max(meta::pure::metamodel::type::Date[*])
MAX__DATE_1__DATE_1	meta::pure::functions::date::max	meta::pure::functions::date::max(meta::pure::metamodel::type::Date[1],meta::pure::metamodel::type::Date[1])
MAX__STRICT_DATE_MANY	meta::pure::functions::date::max	meta::pure::functions::date::max(meta::pure::metamodel::type::StrictDate[*])
MAX__STRICT_DATE_1__STRICT_DATE_1	meta::pure::functions::date::max	meta::pure::functions::date::max(meta::pure::metamodel::type::StrictDate[1],meta::pure::metamodel::type::StrictDate[1])
MIN__DATE_TIME_MANY	meta::pure::functions::date::min	meta::pure::functions::date::min(meta::pure::metamodel::type::DateTime[*])
MIN__DATE_TIME_1__DATE_TIME_1	meta::pure::functions::date::min	meta::pure::functions::date::min(meta::pure::metamodel::type::DateTime[1],meta::pure::metamodel::type::DateTime[1])
MIN__DATE_MANY	meta::pure::functions::date::min	meta::pure::functions::date::min(meta::pure::metamodel::type::Date[*])
MIN__DATE_1__DATE_1	meta::pure::functions::date::min	meta::pure::functions::date::min(meta::pure::metamodel::type::Date[1],meta::pure::metamodel::type::Date[1])
MIN__STRICT_DATE_MANY	meta::pure::functions::date::min	meta::pure::functions::date::min(meta::pure::metamodel::type::StrictDate[*])
MIN__STRICT_DATE_1__STRICT_DATE_1	meta::pure::functions::date::min	meta::pure::functions::date::min(meta::pure::metamodel::type::StrictDate[1],meta::pure::metamodel::type::StrictDate[1])
MINUTE__DATE_1	meta::pure::functions::date::minute	meta::pure::functions::date::minute(meta::pure::metamodel::type::Date[1])
MONTH__DATE_1	meta::pure::functions::date::month	meta::pure::functions::date::month(meta::pure::metamodel::type::Date[1])
MONTH_NUMBER__DATE_0_1	meta::pure::functions::date::monthNumber	meta::pure::functions::date::monthNumber(meta::pure::metamodel::type::Date[0..1])
MONTH_NUMBER__DATE_1	meta::pure::functions::date::monthNumber	meta::pure::functions::date::monthNumber(meta::pure::metamodel::type::Date[1])
MOST_RECENT_DAY_OF_WEEK__DAY_1	meta::pure::functions::date::mostRecentDayOfWeek	meta::pure::functions::date::mostRecentDayOfWeek(meta::pure::functions::date::DayOfWeek[1])
MOST_RECENT_DAY_OF_WEEK__DATE_1__DAY_1	meta::pure::functions::date::mostRecentDayOfWeek	meta::pure::functions::date::mostRecentDayOfWeek(meta::pure::metamodel::type::Date[1],meta::pure::functions::date::DayOfWeek[1])
NOW	meta::pure::functions::date::now	meta::pure::functions::date::now()
PREVIOUS_DAY_OF_WEEK__DAY_1	meta::pure::functions::date::previousDayOfWeek	meta::pure::functions::date::previousDayOfWeek(meta::pure::functions::date::DayOfWeek[1])
PREVIOUS_DAY_OF_WEEK__DATE_1__DAY_1	meta::pure::functions::date::previousDayOfWeek	meta::pure::functions::date::previousDayOfWeek(meta::pure::metamodel::type::Date[1],meta::pure::functions::date::DayOfWeek[1])
QUARTER__DATE_1	meta::pure::functions::date::quarter	meta::pure::functions::date::quarter(meta::pure::metamodel::type::Date[1])
QUARTER_NUMBER__DATE_1	meta::pure::functions::date::quarterNumber	meta::pure::functions::date::quarterNumber(meta::pure::metamodel::type::Date[1])
SECOND__DATE_1	meta::pure::functions::date::second	meta::pure::functions::date::second(meta::pure::metamodel::type::Date[1])
TIME_BUCKET__DATETIME_1__INTEGER_1__DURATION_UNIT_1	meta::pure::functions::date::timeBucket	meta::pure::functions::date::timeBucket(meta::pure::metamodel::type::DateTime[1],meta::pure::metamodel::type::Integer[1],meta::pure::functions::date::DurationUnit[1])
TIME_BUCKET__STRICTDATE_1__INTEGER_1__DURATION_UNIT_1	meta::pure::functions::date::timeBucket	meta::pure::functions::date::timeBucket(meta::pure::metamodel::type::StrictDate[1],meta::pure::metamodel::type::Integer[1],meta::pure::functions::date::DurationUnit[1])
TO_EPOCH_VALUE__DATE_1	meta::pure::functions::date::toEpochValue	meta::pure::functions::date::toEpochValue(meta::pure::metamodel::type::Date[1])
TO_EPOCH_VALUE__DATE_1__DURATION_UNIT_1	meta::pure::functions::date::toEpochValue	meta::pure::functions::date::toEpochValue(meta::pure::metamodel::type::Date[1],meta::pure::functions::date::DurationUnit[1])
TODAY	meta::pure::functions::date::today	meta::pure::functions::date::today()
WEEK_OF_YEAR__DATE_0_1	meta::pure::functions::date::weekOfYear	meta::pure::functions::date::weekOfYear(meta::pure::metamodel::type::Date[0..1])
WEEK_OF_YEAR__DATE_1	meta::pure::functions::date::weekOfYear	meta::pure::functions::date::weekOfYear(meta::pure::metamodel::type::Date[1])
YEAR__DATE_0_1	meta::pure::functions::date::year	meta::pure::functions::date::year(meta::pure::metamodel::type::Date[0..1])
YEAR__DATE_1	meta::pure::functions::date::year	meta::pure::functions::date::year(meta::pure::metamodel::type::Date[1])
COALESCE__T_0_1__T_0_1	meta::pure::functions::flow::coalesce	meta::pure::functions::flow::coalesce(T[0..1],T[0..1])
COALESCE__T_0_1__T_0_1__T_0_1	meta::pure::functions::flow::coalesce	meta::pure::functions::flow::coalesce(T[0..1],T[0..1],T[0..1])
COALESCE__T_0_1__T_0_1__T_0_1__T_0_1	meta::pure::functions::flow::coalesce	meta::pure::functions::flow::coalesce(T[0..1],T[0..1],T[0..1],T[0..1])
COALESCE__T_0_1__T_0_1__T_0_1__T_1	meta::pure::functions::flow::coalesce	meta::pure::functions::flow::coalesce(T[0..1],T[0..1],T[0..1],T[1])
COALESCE__T_0_1__T_0_1__T_1	meta::pure::functions::flow::coalesce	meta::pure::functions::flow::coalesce(T[0..1],T[0..1],T[1])
COALESCE__T_0_1__T_1	meta::pure::functions::flow::coalesce	meta::pure::functions::flow::coalesce(T[0..1],T[1])
HASH__STRING_1__HASH_TYPE_1	meta::pure::functions::hash::hash	meta::pure::functions::hash::hash(meta::pure::metamodel::type::String[1],meta::pure::functions::hash::HashType[1])
HASH_CODE__ANY_MANY	meta::pure::functions::hash::hashCode	meta::pure::functions::hash::hashCode(meta::pure::metamodel::type::Any[*])
EXECUTE_HTTP_RAW__URL_1__METHOD_1__STRING_01__STRING_01	meta::pure::functions::io::http::executeHTTPRaw	meta::pure::functions::io::http::executeHTTPRaw(meta::pure::functions::io::http::URL[1],meta::pure::functions::io::http::HTTPMethod[1],meta::pure::metamodel::type::String[0..1],meta::pure::metamodel::type::String[0..1])
PRINT__ANY_M	meta::pure::functions::io::print	meta::pure::functions::io::print(meta::pure::metamodel::type::Any[*])
PRINT__ANY_M__INTEGER_1	meta::pure::functions::io::print	meta::pure::functions::io::print(meta::pure::metamodel::type::Any[*],meta::pure::metamodel::type::Integer[1])
PRINTLN__ANY_M	meta::pure::functions::io::println	meta::pure::functions::io::println(meta::pure::metamodel::type::Any[*])
PRINTLN__ANY_M__INTEGER_1	meta::pure::functions::io::println	meta::pure::functions::io::println(meta::pure::metamodel::type::Any[*],meta::pure::metamodel::type::Integer[1])
CAST__ANY_m__T_1	meta::pure::functions::lang::cast	meta::pure::functions::lang::cast(meta::pure::metamodel::type::Any[m],T[1])
COMPARE__T_1__T_1	meta::pure::functions::lang::compare	meta::pure::functions::lang::compare(T[1],T[1])
DYNAMIC_NEW__CLASS_1__KEYVALUE_MANY	meta::pure::functions::lang::dynamicNew	meta::pure::functions::lang::dynamicNew(meta::pure::metamodel::type::Class<meta::pure::metamodel::type::Any>[1],meta::pure::functions::lang::KeyValue[*])
DYNAMIC_NEW__CLASS_5	meta::pure::functions::lang::dynamicNew	meta::pure::functions::lang::dynamicNew(meta::pure::metamodel::type::Class<meta::pure::metamodel::type::Any>[1],meta::pure::functions::lang::KeyValue[*],meta::pure::metamodel::function::Function<{meta::pure::metamodel::type::Any[1],meta::pure::metamodel::function::property::Property<meta::pure::metamodel::type::Nil, meta::pure::metamodel::type::Any|0..1>[1]->meta::pure::metamodel::type::Any[0..1]}>[0..1],meta::pure::metamodel::function::Function<{meta::pure::metamodel::type::Any[1],meta::pure::metamodel::function::property::Property<meta::pure::metamodel::type::Nil, meta::pure::metamodel::type::Any|*>[1]->meta::pure::metamodel::type::Any[*]}>[0..1],meta::pure::metamodel::type::Any[0..1])
DYNAMIC_NEW__CLASS_6	meta::pure::functions::lang::dynamicNew	meta::pure::functions::lang::dynamicNew(meta::pure::metamodel::type::Class<meta::pure::metamodel::type::Any>[1],meta::pure::functions::lang::KeyValue[*],meta::pure::metamodel::function::Function<{meta::pure::metamodel::type::Any[1],meta::pure::metamodel::function::property::Property<meta::pure::metamodel::type::Nil, meta::pure::metamodel::type::Any|0..1>[1]->meta::pure::metamodel::type::Any[0..1]}>[0..1],meta::pure::metamodel::function::Function<{meta::pure::metamodel::type::Any[1],meta::pure::metamodel::function::property::Property<meta::pure::metamodel::type::Nil, meta::pure::metamodel::type::Any|*>[1]->meta::pure::metamodel::type::Any[*]}>[0..1],meta::pure::metamodel::type::Any[0..1],meta::pure::metamodel::function::Function<{meta::pure::metamodel::type::Any[1]->meta::pure::metamodel::type::Any[1]}>[0..1])
DYNAMIC_NEW__GENERICTYPE_1__KEYVALUE_MANY	meta::pure::functions::lang::dynamicNew	meta::pure::functions::lang::dynamicNew(meta::pure::metamodel::type::generics::GenericType[1],meta::pure::functions::lang::KeyValue[*])
DYNAMIC_NEW__GENERIC_5	meta::pure::functions::lang::dynamicNew	meta::pure::functions::lang::dynamicNew(meta::pure::metamodel::type::generics::GenericType[1],meta::pure::functions::lang::KeyValue[*],meta::pure::metamodel::function::Function<{meta::pure::metamodel::type::Any[1],meta::pure::metamodel::function::property::Property<meta::pure::metamodel::type::Nil, meta::pure::metamodel::type::Any|0..1>[1]->meta::pure::metamodel::type::Any[0..1]}>[0..1],meta::pure::metamodel::function::Function<{meta::pure::metamodel::type::Any[1],meta::pure::metamodel::function::property::Property<meta::pure::metamodel::type::Nil, meta::pure::metamodel::type::Any|*>[1]->meta::pure::metamodel::type::Any[*]}>[0..1],meta::pure::metamodel::type::Any[0..1])
DYNAMIC_NEW__GENERIC_6	meta::pure::functions::lang::dynamicNew	meta::pure::functions::lang::dynamicNew(meta::pure::metamodel::type::generics::GenericType[1],meta::pure::functions::lang::KeyValue[*],meta::pure::metamodel::function::Function<{meta::pure::metamodel::type::Any[1],meta::pure::metamodel::function::property::Property<meta::pure::metamodel::type::Nil, meta::pure::metamodel::type::Any|0..1>[1]->meta::pure::metamodel::type::Any[0..1]}>[0..1],meta::pure::metamodel::function::Function<{meta::pure::metamodel::type::Any[1],meta::pure::metamodel::function::property::Property<meta::pure::metamodel::type::Nil, meta::pure::metamodel::type::Any|*>[1]->meta::pure::metamodel::type::Any[*]}>[0..1],meta::pure::metamodel::type::Any[0..1],meta::pure::metamodel::function::Function<{meta::pure::metamodel::type::Any[1]->meta::pure::metamodel::type::Any[1]}>[0..1])
EVAL__FUNCTION_1	meta::pure::functions::lang::eval	meta::pure::functions::lang::eval(meta::pure::metamodel::function::Function<{->V[m]}>[1])
EVAL__FUNCTION_1__6	meta::pure::functions::lang::eval	meta::pure::functions::lang::eval(meta::pure::metamodel::function::Function<{T[n],U[p],W[q],X[r],Y[s],Z[t]->V[m]}>[1],T[n],U[p],W[q],X[r],Y[s],Z[t])
EVAL__FUNCTION_1__5	meta::pure::functions::lang::eval	meta::pure::functions::lang::eval(meta::pure::metamodel::function::Function<{T[n],U[p],W[q],X[r],Y[s]->V[m]}>[1],T[n],U[p],W[q],X[r],Y[s])
EVAL__FUNCTION_1__4	meta::pure::functions::lang::eval	meta::pure::functions::lang::eval(meta::pure::metamodel::function::Function<{T[n],U[p],W[q],X[r]->V[m]}>[1],T[n],U[p],W[q],X[r])
EVAL__FUNCTION_1__T_n__U_p__W_q	meta::pure::functions::lang::eval	meta::pure::functions::lang::eval(meta::pure::metamodel::function::Function<{T[n],U[p],W[q]->V[m]}>[1],T[n],U[p],W[q])
EVAL__FUNCTION_1__T_n__U_p	meta::pure::functions::lang::eval	meta::pure::functions::lang::eval(meta::pure::metamodel::function::Function<{T[n],U[p]->V[m]}>[1],T[n],U[p])
EVAL__FUNCTION_1__T_n	meta::pure::functions::lang::eval	meta::pure::functions::lang::eval(meta::pure::metamodel::function::Function<{T[n]->V[m]}>[1],T[n])
EXTRACT_ENUM_VALUE__OPTIONAL	meta::pure::functions::lang::extractEnumValue	meta::pure::functions::lang::extractEnumValue(meta::pure::metamodel::type::Enumeration<T>[1],meta::pure::metamodel::type::String[0..1])
EXTRACT_ENUM_VALUE	meta::pure::functions::lang::extractEnumValue	meta::pure::functions::lang::extractEnumValue(meta::pure::metamodel::type::Enumeration<T>[1],meta::pure::metamodel::type::String[1])
IF__PAIR_MANY__FUNCTION_1	meta::pure::functions::lang::if	meta::pure::functions::lang::if(meta::pure::functions::collection::Pair<meta::pure::metamodel::function::Function<{->meta::pure::metamodel::type::Boolean[1]}>, meta::pure::metamodel::function::Function<{->T[m]}>>[*],meta::pure::metamodel::function::Function<{->T[m]}>[1])
IF__BOOLEAN_1__FUNCTION_1__FUNCTION_1	meta::pure::functions::lang::if	meta::pure::functions::lang::if(meta::pure::metamodel::type::Boolean[1],meta::pure::metamodel::function::Function<{->T[m]}>[1],meta::pure::metamodel::function::Function<{->T[m]}>[1])
LET_FUNCTION__STRING_1__T_m	meta::pure::functions::lang::letFunction	meta::pure::functions::lang::letFunction(meta::pure::metamodel::type::String[1],T[m])
MATCH__ANY_MANY__FUNCTION_1_MANY__P_o	meta::pure::functions::lang::match	meta::pure::functions::lang::match(meta::pure::metamodel::type::Any[*],meta::pure::metamodel::function::Function<{meta::pure::metamodel::type::Nil[n],P[o]->T[m]}>[1..*],P[o])
MATCH__ANY_MANY__FUNCTION_1_MANY	meta::pure::functions::lang::match	meta::pure::functions::lang::match(meta::pure::metamodel::type::Any[*],meta::pure::metamodel::function::Function<{meta::pure::metamodel::type::Nil[n]->T[m]}>[1..*])
MUTATE_ADD__T_1__STRING_1__ANY_MANY	meta::pure::functions::lang::mutateAdd	meta::pure::functions::lang::mutateAdd(T[1],meta::pure::metamodel::type::String[1],meta::pure::metamodel::type::Any[*])
SUB_TYPE__ANY_m__T_1	meta::pure::functions::lang::subType	meta::pure::functions::lang::subType(meta::pure::metamodel::type::Any[m],T[1])
TO_MULTIPLICITY__T_MANY__ANY_Z	meta::pure::functions::lang::toMultiplicity	meta::pure::functions::lang::toMultiplicity(T[*],meta::pure::metamodel::type::Any[z])
WHEN_SUB_TYPE__ANY_MANY__T_1	meta::pure::functions::lang::whenSubType	meta::pure::functions::lang::whenSubType(meta::pure::metamodel::type::Any[*],T[1])
WHEN_SUB_TYPE__ANY_01__T_1	meta::pure::functions::lang::whenSubType	meta::pure::functions::lang::whenSubType(meta::pure::metamodel::type::Any[0..1],T[1])
WHEN_SUB_TYPE__ANY_1__T_1	meta::pure::functions::lang::whenSubType	meta::pure::functions::lang::whenSubType(meta::pure::metamodel::type::Any[1],T[1])
ABS__DECIMAL_1	meta::pure::functions::math::abs	meta::pure::functions::math::abs(meta::pure::metamodel::type::Decimal[1])
ABS__FLOAT_1	meta::pure::functions::math::abs	meta::pure::functions::math::abs(meta::pure::metamodel::type::Float[1])
ABS__INTEGER_1	meta::pure::functions::math::abs	meta::pure::functions::math::abs(meta::pure::metamodel::type::Integer[1])
ABS__NUMBER_1	meta::pure::functions::math::abs	meta::pure::functions::math::abs(meta::pure::metamodel::type::Number[1])
ACOS__NUMBER_1	meta::pure::functions::math::acos	meta::pure::functions::math::acos(meta::pure::metamodel::type::Number[1])
ASIN__NUMBER_1	meta::pure::functions::math::asin	meta::pure::functions::math::asin(meta::pure::metamodel::type::Number[1])
ATAN__NUMBER_1	meta::pure::functions::math::atan	meta::pure::functions::math::atan(meta::pure::metamodel::type::Number[1])
ATAN2__NUMBER_1__NUMBER_1	meta::pure::functions::math::atan2	meta::pure::functions::math::atan2(meta::pure::metamodel::type::Number[1],meta::pure::metamodel::type::Number[1])
AVERAGE__RELATION_1__WINDOW_1__T_1__COL_SPEC_1	meta::pure::functions::math::average	meta::pure::functions::math::average(meta::pure::metamodel::relation::Relation<T>[1],meta::pure::functions::relation::_Window<T>[1],T[1],meta::pure::metamodel::relation::ColSpec<(?:meta::pure::metamodel::type::Number)⊆T>[1])
AVERAGE__NUMBER_MANY	meta::pure::functions::math::average	meta::pure::functions::math::average(meta::pure::metamodel::type::Number[*])
BIT_AND__INTEGER_1__INTEGER_1	meta::pure::functions::math::bitAnd	meta::pure::functions::math::bitAnd(meta::pure::metamodel::type::Integer[1],meta::pure::metamodel::type::Integer[1])
BIT_NOT__INTEGER_1	meta::pure::functions::math::bitNot	meta::pure::functions::math::bitNot(meta::pure::metamodel::type::Integer[1])
BIT_OR__INTEGER_1__INTEGER_1	meta::pure::functions::math::bitOr	meta::pure::functions::math::bitOr(meta::pure::metamodel::type::Integer[1],meta::pure::metamodel::type::Integer[1])
BIT_SHIFT_LEFT__INTEGER_1__INTEGER_1	meta::pure::functions::math::bitShiftLeft	meta::pure::functions::math::bitShiftLeft(meta::pure::metamodel::type::Integer[1],meta::pure::metamodel::type::Integer[1])
BIT_SHIFT_RIGHT__INTEGER_1__INTEGER_1	meta::pure::functions::math::bitShiftRight	meta::pure::functions::math::bitShiftRight(meta::pure::metamodel::type::Integer[1],meta::pure::metamodel::type::Integer[1])
BIT_XOR__INTEGER_1__INTEGER_1	meta::pure::functions::math::bitXor	meta::pure::functions::math::bitXor(meta::pure::metamodel::type::Integer[1],meta::pure::metamodel::type::Integer[1])
CBRT__NUMBER_1	meta::pure::functions::math::cbrt	meta::pure::functions::math::cbrt(meta::pure::metamodel::type::Number[1])
CEILING__NUMBER_1	meta::pure::functions::math::ceiling	meta::pure::functions::math::ceiling(meta::pure::metamodel::type::Number[1])
CORR__ROW_MAPPER_MANY	meta::pure::functions::math::corr	meta::pure::functions::math::corr(meta::pure::functions::math::mathUtility::RowMapper<meta::pure::metamodel::type::Number, meta::pure::metamodel::type::Number>[*])
CORR__NUMBER_MANY__NUMBER_MANY	meta::pure::functions::math::corr	meta::pure::functions::math::corr(meta::pure::metamodel::type::Number[*],meta::pure::metamodel::type::Number[*])
COS__NUMBER_1	meta::pure::functions::math::cos	meta::pure::functions::math::cos(meta::pure::metamodel::type::Number[1])
COSH__NUMBER_1	meta::pure::functions::math::cosh	meta::pure::functions::math::cosh(meta::pure::metamodel::type::Number[1])
COT__NUMBER_1	meta::pure::functions::math::cot	meta::pure::functions::math::cot(meta::pure::metamodel::type::Number[1])
COVAR_POPULATION__ROW_MAPPER_MANY	meta::pure::functions::math::covarPopulation	meta::pure::functions::math::covarPopulation(meta::pure::functions::math::mathUtility::RowMapper<meta::pure::metamodel::type::Number, meta::pure::metamodel::type::Number>[*])
COVAR_POPULATION__NUMBER_MANY__NUMBER_MANY	meta::pure::functions::math::covarPopulation	meta::pure::functions::math::covarPopulation(meta::pure::metamodel::type::Number[*],meta::pure::metamodel::type::Number[*])
COVAR_SAMPLE__ROW_MAPPER_MANY	meta::pure::functions::math::covarSample	meta::pure::functions::math::covarSample(meta::pure::functions::math::mathUtility::RowMapper<meta::pure::metamodel::type::Number, meta::pure::metamodel::type::Number>[*])
COVAR_SAMPLE__NUMBER_MANY__NUMBER_MANY	meta::pure::functions::math::covarSample	meta::pure::functions::math::covarSample(meta::pure::metamodel::type::Number[*],meta::pure::metamodel::type::Number[*])
DIVIDE__DECIMAL_1__DECIMAL_1__INTEGER_1	meta::pure::functions::math::divide	meta::pure::functions::math::divide(meta::pure::metamodel::type::Decimal[1],meta::pure::metamodel::type::Decimal[1],meta::pure::metamodel::type::Integer[1])
DIVIDE__NUMBER_1__NUMBER_1	meta::pure::functions::math::divide	meta::pure::functions::math::divide(meta::pure::metamodel::type::Number[1],meta::pure::metamodel::type::Number[1])
EXP__NUMBER_1	meta::pure::functions::math::exp	meta::pure::functions::math::exp(meta::pure::metamodel::type::Number[1])
FLOOR__NUMBER_1	meta::pure::functions::math::floor	meta::pure::functions::math::floor(meta::pure::metamodel::type::Number[1])
LOG__NUMBER_1	meta::pure::functions::math::log	meta::pure::functions::math::log(meta::pure::metamodel::type::Number[1])
LOG10__NUMBER_1	meta::pure::functions::math::log10	meta::pure::functions::math::log10(meta::pure::metamodel::type::Number[1])
ROW_MAPPER__T_0_1__U_0_1	meta::pure::functions::math::mathUtility::rowMapper	meta::pure::functions::math::mathUtility::rowMapper(T[0..1],U[0..1])
MAX__FLOAT_MANY	meta::pure::functions::math::max	meta::pure::functions::math::max(meta::pure::metamodel::type::Float[*])
MAX__FLOAT_1__FLOAT_1	meta::pure::functions::math::max	meta::pure::functions::math::max(meta::pure::metamodel::type::Float[1],meta::pure::metamodel::type::Float[1])
MAX__INTEGER_MANY	meta::pure::functions::math::max	meta::pure::functions::math::max(meta::pure::metamodel::type::Integer[*])
MAX__INTEGER_1__INTEGER_1	meta::pure::functions::math::max	meta::pure::functions::math::max(meta::pure::metamodel::type::Integer[1],meta::pure::metamodel::type::Integer[1])
MAX__NUMBER_MANY	meta::pure::functions::math::max	meta::pure::functions::math::max(meta::pure::metamodel::type::Number[*])
MAX__NUMBER_1__NUMBER_1	meta::pure::functions::math::max	meta::pure::functions::math::max(meta::pure::metamodel::type::Number[1],meta::pure::metamodel::type::Number[1])
MAX_BY__T_MANY__NUMBER_MANY	meta::pure::functions::math::maxBy	meta::pure::functions::math::maxBy(T[*],meta::pure::metamodel::type::Number[*])
MAX_BY__T_MANY__NUMBER_MANY__INTEGER_1	meta::pure::functions::math::maxBy	meta::pure::functions::math::maxBy(T[*],meta::pure::metamodel::type::Number[*],meta::pure::metamodel::type::Integer[1])
MAX_BY__ROW_MAPPER_MANY	meta::pure::functions::math::maxBy	meta::pure::functions::math::maxBy(meta::pure::functions::math::mathUtility::RowMapper<T, meta::pure::metamodel::type::Number>[*])
MEAN__NUMBER_MANY	meta::pure::functions::math::mean	meta::pure::functions::math::mean(meta::pure::metamodel::type::Number[*])
MEDIAN__NUMBER_MANY	meta::pure::functions::math::median	meta::pure::functions::math::median(meta::pure::metamodel::type::Number[*])
MIN__FLOAT_MANY	meta::pure::functions::math::min	meta::pure::functions::math::min(meta::pure::metamodel::type::Float[*])
MIN__FLOAT_1__FLOAT_1	meta::pure::functions::math::min	meta::pure::functions::math::min(meta::pure::metamodel::type::Float[1],meta::pure::metamodel::type::Float[1])
MIN__INTEGER_MANY	meta::pure::functions::math::min	meta::pure::functions::math::min(meta::pure::metamodel::type::Integer[*])
MIN__INTEGER_1__INTEGER_1	meta::pure::functions::math::min	meta::pure::functions::math::min(meta::pure::metamodel::type::Integer[1],meta::pure::metamodel::type::Integer[1])
MIN__NUMBER_MANY	meta::pure::functions::math::min	meta::pure::functions::math::min(meta::pure::metamodel::type::Number[*])
MIN__NUMBER_1__NUMBER_1	meta::pure::functions::math::min	meta::pure::functions::math::min(meta::pure::metamodel::type::Number[1],meta::pure::metamodel::type::Number[1])
MIN_BY__T_MANY__NUMBER_MANY	meta::pure::functions::math::minBy	meta::pure::functions::math::minBy(T[*],meta::pure::metamodel::type::Number[*])
MIN_BY__T_MANY__NUMBER_MANY__INTEGER_1	meta::pure::functions::math::minBy	meta::pure::functions::math::minBy(T[*],meta::pure::metamodel::type::Number[*],meta::pure::metamodel::type::Integer[1])
MIN_BY__ROW_MAPPER_MANY	meta::pure::functions::math::minBy	meta::pure::functions::math::minBy(meta::pure::functions::math::mathUtility::RowMapper<T, meta::pure::metamodel::type::Number>[*])
MINUS__DECIMAL_MANY	meta::pure::functions::math::minus	meta::pure::functions::math::minus(meta::pure::metamodel::type::Decimal[*])
MINUS__FLOAT_MANY	meta::pure::functions::math::minus	meta::pure::functions::math::minus(meta::pure::metamodel::type::Float[*])
MINUS__INTEGER_MANY	meta::pure::functions::math::minus	meta::pure::functions::math::minus(meta::pure::metamodel::type::Integer[*])
MINUS__NUMBER_MANY	meta::pure::functions::math::minus	meta::pure::functions::math::minus(meta::pure::metamodel::type::Number[*])
MOD__INTEGER_1__INTEGER_1	meta::pure::functions::math::mod	meta::pure::functions::math::mod(meta::pure::metamodel::type::Integer[1],meta::pure::metamodel::type::Integer[1])
MODE__FLOAT_MANY	meta::pure::functions::math::mode	meta::pure::functions::math::mode(meta::pure::metamodel::type::Float[*])
MODE__INTEGER_MANY	meta::pure::functions::math::mode	meta::pure::functions::math::mode(meta::pure::metamodel::type::Integer[*])
MODE__NUMBER_MANY	meta::pure::functions::math::mode	meta::pure::functions::math::mode(meta::pure::metamodel::type::Number[*])
PERCENTILE__NUMBER_MANY__FLOAT_1	meta::pure::functions::math::percentile	meta::pure::functions::math::percentile(meta::pure::metamodel::type::Number[*],meta::pure::metamodel::type::Float[1])
PERCENTILE__NUMBER_MANY__FLOAT_1__BOOLEAN_1__BOOLEAN_1	meta::pure::functions::math::percentile	meta::pure::functions::math::percentile(meta::pure::metamodel::type::Number[*],meta::pure::metamodel::type::Float[1],meta::pure::metamodel::type::Boolean[1],meta::pure::metamodel::type::Boolean[1])
PI	meta::pure::functions::math::pi	meta::pure::functions::math::pi()
PLUS__DECIMAL_MANY	meta::pure::functions::math::plus	meta::pure::functions::math::plus(meta::pure::metamodel::type::Decimal[*])
PLUS__FLOAT_MANY	meta::pure::functions::math::plus	meta::pure::functions::math::plus(meta::pure::metamodel::type::Float[*])
PLUS__INTEGER_MANY	meta::pure::functions::math::plus	meta::pure::functions::math::plus(meta::pure::metamodel::type::Integer[*])
PLUS__NUMBER_MANY	meta::pure::functions::math::plus	meta::pure::functions::math::plus(meta::pure::metamodel::type::Number[*])
POW__NUMBER_1__NUMBER_1	meta::pure::functions::math::pow	meta::pure::functions::math::pow(meta::pure::metamodel::type::Number[1],meta::pure::metamodel::type::Number[1])
REM__NUMBER_1__NUMBER_1	meta::pure::functions::math::rem	meta::pure::functions::math::rem(meta::pure::metamodel::type::Number[1],meta::pure::metamodel::type::Number[1])
ROUND__DECIMAL_1__INTEGER_1	meta::pure::functions::math::round	meta::pure::functions::math::round(meta::pure::metamodel::type::Decimal[1],meta::pure::metamodel::type::Integer[1])
ROUND__FLOAT_1__INTEGER_1	meta::pure::functions::math::round	meta::pure::functions::math::round(meta::pure::metamodel::type::Float[1],meta::pure::metamodel::type::Integer[1])
ROUND__NUMBER_1	meta::pure::functions::math::round	meta::pure::functions::math::round(meta::pure::metamodel::type::Number[1])
SIGN__NUMBER_1	meta::pure::functions::math::sign	meta::pure::functions::math::sign(meta::pure::metamodel::type::Number[1])
SIN__NUMBER_1	meta::pure::functions::math::sin	meta::pure::functions::math::sin(meta::pure::metamodel::type::Number[1])
SINH__NUMBER_1	meta::pure::functions::math::sinh	meta::pure::functions::math::sinh(meta::pure::metamodel::type::Number[1])
SQRT__NUMBER_1	meta::pure::functions::math::sqrt	meta::pure::functions::math::sqrt(meta::pure::metamodel::type::Number[1])
STD_DEV__NUMBER_1_MANY__BOOLEAN_1	meta::pure::functions::math::stdDev	meta::pure::functions::math::stdDev(meta::pure::metamodel::type::Number[1..*],meta::pure::metamodel::type::Boolean[1])
STD_DEV_POPULATION__RELATION_1__WINDOW_1__T_1__COL_SPEC_1	meta::pure::functions::math::stdDevPopulation	meta::pure::functions::math::stdDevPopulation(meta::pure::metamodel::relation::Relation<T>[1],meta::pure::functions::relation::_Window<T>[1],T[1],meta::pure::metamodel::relation::ColSpec<(?:meta::pure::metamodel::type::Number)⊆T>[1])
STD_DEV_POPULATION__NUMBER_MANY	meta::pure::functions::math::stdDevPopulation	meta::pure::functions::math::stdDevPopulation(meta::pure::metamodel::type::Number[*])
STD_DEV_SAMPLE__NUMBER_MANY	meta::pure::functions::math::stdDevSample	meta::pure::functions::math::stdDevSample(meta::pure::metamodel::type::Number[*])
SUM__FLOAT_MANY	meta::pure::functions::math::sum	meta::pure::functions::math::sum(meta::pure::metamodel::type::Float[*])
SUM__INTEGER_MANY	meta::pure::functions::math::sum	meta::pure::functions::math::sum(meta::pure::metamodel::type::Integer[*])
SUM__NUMBER_MANY	meta::pure::functions::math::sum	meta::pure::functions::math::sum(meta::pure::metamodel::type::Number[*])
TAN__NUMBER_1	meta::pure::functions::math::tan	meta::pure::functions::math::tan(meta::pure::metamodel::type::Number[1])
TANH__NUMBER_1	meta::pure::functions::math::tanh	meta::pure::functions::math::tanh(meta::pure::metamodel::type::Number[1])
TIMES__DECIMAL_MANY	meta::pure::functions::math::times	meta::pure::functions::math::times(meta::pure::metamodel::type::Decimal[*])
TIMES__FLOAT_MANY	meta::pure::functions::math::times	meta::pure::functions::math::times(meta::pure::metamodel::type::Float[*])
TIMES__INTEGER_MANY	meta::pure::functions::math::times	meta::pure::functions::math::times(meta::pure::metamodel::type::Integer[*])
TIMES__NUMBER_MANY	meta::pure::functions::math::times	meta::pure::functions::math::times(meta::pure::metamodel::type::Number[*])
TO_DECIMAL__NUMBER_1	meta::pure::functions::math::toDecimal	meta::pure::functions::math::toDecimal(meta::pure::metamodel::type::Number[1])
TO_DEGREES__NUMBER_1	meta::pure::functions::math::toDegrees	meta::pure::functions::math::toDegrees(meta::pure::metamodel::type::Number[1])
TO_FLOAT__NUMBER_1	meta::pure::functions::math::toFloat	meta::pure::functions::math::toFloat(meta::pure::metamodel::type::Number[1])
TO_RADIANS__NUMBER_1	meta::pure::functions::math::toRadians	meta::pure::functions::math::toRadians(meta::pure::metamodel::type::Number[1])
VARIANCE__NUMBER_MANY__BOOLEAN_1	meta::pure::functions::math::variance	meta::pure::functions::math::variance(meta::pure::metamodel::type::Number[*],meta::pure::metamodel::type::Boolean[1])
VARIANCE_POPULATION__NUMBER_MANY	meta::pure::functions::math::variancePopulation	meta::pure::functions::math::variancePopulation(meta::pure::metamodel::type::Number[*])
VARIANCE_SAMPLE__NUMBER_MANY	meta::pure::functions::math::varianceSample	meta::pure::functions::math::varianceSample(meta::pure::metamodel::type::Number[*])
WAVG__ROW_MAPPER_MANY	meta::pure::functions::math::wavg	meta::pure::functions::math::wavg(meta::pure::functions::math::mathUtility::RowMapper<meta::pure::metamodel::type::Number, meta::pure::metamodel::type::Number>[*])
WAVG_ROW_MAPPER__NUMBER_0_1__NUMBER_0_1	meta::pure::functions::math::wavgUtility::wavgRowMapper	meta::pure::functions::math::wavgUtility::wavgRowMapper(meta::pure::metamodel::type::Number[0..1],meta::pure::metamodel::type::Number[0..1])
Z_SCORE__WINDOW	meta::pure::functions::math::zScore	meta::pure::functions::math::zScore(meta::pure::metamodel::relation::Relation<T>[1],meta::pure::functions::relation::_Window<T>[1],T[1],meta::pure::metamodel::relation::ColSpec<(?:meta::pure::metamodel::type::Number)⊆T>[1])
ADD_COLUMNS__RELATIONTYPE_1__COLSPECARRAY_1	meta::pure::functions::meta::addColumns	meta::pure::functions::meta::addColumns(meta::pure::metamodel::relation::RelationType<meta::pure::metamodel::type::Any>[1],meta::pure::metamodel::relation::ColSpecArray<meta::pure::metamodel::type::Any>[1])
DEACTIVATE__ANY_MANY	meta::pure::functions::meta::deactivate	meta::pure::functions::meta::deactivate(meta::pure::metamodel::type::Any[*])
ELEMENT_TO_PATH__PACKAGEABLEELEMENT_1	meta::pure::functions::meta::elementToPath	meta::pure::functions::meta::elementToPath(meta::pure::metamodel::PackageableElement[1])
ELEMENT_TO_PATH__PACKAGEABLEELEMENT_1__BOOLEAN_1	meta::pure::functions::meta::elementToPath	meta::pure::functions::meta::elementToPath(meta::pure::metamodel::PackageableElement[1],meta::pure::metamodel::type::Boolean[1])
ELEMENT_TO_PATH__PACKAGEABLEELEMENT_1__STRING_1	meta::pure::functions::meta::elementToPath	meta::pure::functions::meta::elementToPath(meta::pure::metamodel::PackageableElement[1],meta::pure::metamodel::type::String[1])
ELEMENT_TO_PATH__3	meta::pure::functions::meta::elementToPath	meta::pure::functions::meta::elementToPath(meta::pure::metamodel::PackageableElement[1],meta::pure::metamodel::type::String[1],meta::pure::metamodel::type::Boolean[1])
ELEMENT_TO_PATH__FUNCTION_1	meta::pure::functions::meta::elementToPath	meta::pure::functions::meta::elementToPath(meta::pure::metamodel::function::Function<meta::pure::metamodel::type::Any>[1])
ELEMENT_TO_PATH__TYPE_1	meta::pure::functions::meta::elementToPath	meta::pure::functions::meta::elementToPath(meta::pure::metamodel::type::Type[1])
ELEMENT_TO_PATH__TYPE_1__STRING_1	meta::pure::functions::meta::elementToPath	meta::pure::functions::meta::elementToPath(meta::pure::metamodel::type::Type[1],meta::pure::metamodel::type::String[1])
ENUM_VALUES	meta::pure::functions::meta::enumValues	meta::pure::functions::meta::enumValues(meta::pure::metamodel::type::Enumeration<T>[1])
EVALUATE_AND_DEACTIVATE__T_M	meta::pure::functions::meta::evaluateAndDeactivate	meta::pure::functions::meta::evaluateAndDeactivate(T[m])
GENERIC_TYPE__ANY_MANY	meta::pure::functions::meta::genericType	meta::pure::functions::meta::genericType(meta::pure::metamodel::type::Any[*])
ID__ANY_1	meta::pure::functions::meta::id	meta::pure::functions::meta::id(meta::pure::metamodel::type::Any[1])
INSTANCE_OF__ANY_1__TYPE_1	meta::pure::functions::meta::instanceOf	meta::pure::functions::meta::instanceOf(meta::pure::metamodel::type::Any[1],meta::pure::metamodel::type::Type[1])
STEREOTYPE__PROFILE_1__STRING_1	meta::pure::functions::meta::stereotype	meta::pure::functions::meta::stereotype(meta::pure::metamodel::extension::Profile[1],meta::pure::metamodel::type::String[1])
TYPE__ANY_1	meta::pure::functions::meta::type	meta::pure::functions::meta::type(meta::pure::metamodel::type::Any[*])
TO_ONE__T_MANY	meta::pure::functions::multiplicity::toOne	meta::pure::functions::multiplicity::toOne(T[*])
TO_ONE__T_MANY__STRING_1	meta::pure::functions::multiplicity::toOne	meta::pure::functions::multiplicity::toOne(T[*],meta::pure::metamodel::type::String[1])
TO_ONE_MANY__T_MANY	meta::pure::functions::multiplicity::toOneMany	meta::pure::functions::multiplicity::toOneMany(T[*])
TO_ONE_MANY__T_MANY__STRING_1	meta::pure::functions::multiplicity::toOneMany	meta::pure::functions::multiplicity::toOneMany(T[*],meta::pure::metamodel::type::String[1])
_RANGE__UNBOUNDED_1__UNBOUNDED_1	meta::pure::functions::relation::_range	meta::pure::functions::relation::_range(meta::pure::functions::relation::UnboundedFrameValue[1],meta::pure::functions::relation::UnboundedFrameValue[1])
_RANGE__UNBOUNDED_1__INT_1__DU_1	meta::pure::functions::relation::_range	meta::pure::functions::relation::_range(meta::pure::functions::relation::UnboundedFrameValue[1],meta::pure::metamodel::type::Integer[1],meta::pure::functions::date::DurationUnit[1])
_RANGE__UNBOUNDED_1__NUMBER_1	meta::pure::functions::relation::_range	meta::pure::functions::relation::_range(meta::pure::functions::relation::UnboundedFrameValue[1],meta::pure::metamodel::type::Number[1])
_RANGE__INT_1__DU_1__UNBOUNDED_1	meta::pure::functions::relation::_range	meta::pure::functions::relation::_range(meta::pure::metamodel::type::Integer[1],meta::pure::functions::date::DurationUnit[1],meta::pure::functions::relation::UnboundedFrameValue[1])
_RANGE__INT_1__DU_1__INT_1__DU_1	meta::pure::functions::relation::_range	meta::pure::functions::relation::_range(meta::pure::metamodel::type::Integer[1],meta::pure::functions::date::DurationUnit[1],meta::pure::metamodel::type::Integer[1],meta::pure::functions::date::DurationUnit[1])
_RANGE__NUMBER_1__UNBOUNDED_1	meta::pure::functions::relation::_range	meta::pure::functions::relation::_range(meta::pure::metamodel::type::Number[1],meta::pure::functions::relation::UnboundedFrameValue[1])
_RANGE__NUMBER_1__NUMBER_1	meta::pure::functions::relation::_range	meta::pure::functions::relation::_range(meta::pure::metamodel::type::Number[1],meta::pure::metamodel::type::Number[1])
AGGREGATE__RELATION_1__AGG_COL_SPEC_1	meta::pure::functions::relation::aggregate	meta::pure::functions::relation::aggregate(meta::pure::metamodel::relation::Relation<T>[1],meta::pure::metamodel::relation::AggColSpec<{T[1]->K[0..1]}, {K[*]->V[0..1]}, R>[1])
AGGREGATE__RELATION_1__AGG_COL_SPEC_ARRAY_1	meta::pure::functions::relation::aggregate	meta::pure::functions::relation::aggregate(meta::pure::metamodel::relation::Relation<T>[1],meta::pure::metamodel::relation::AggColSpecArray<{T[1]->K[0..1]}, {K[*]->V[0..1]}, R>[1])
AGGREGATE__RELATION_1__FUNC_COL_SPEC_1	meta::pure::functions::relation::aggregate	meta::pure::functions::relation::aggregate(meta::pure::metamodel::relation::Relation<T>[1],meta::pure::metamodel::relation::FuncColSpec<{meta::pure::metamodel::relation::Relation<T>[1]->meta::pure::metamodel::type::Any[0..1]}, R>[1])
AGGREGATE__RELATION_1__FUNC_COL_SPEC_ARRAY_1	meta::pure::functions::relation::aggregate	meta::pure::functions::relation::aggregate(meta::pure::metamodel::relation::Relation<T>[1],meta::pure::metamodel::relation::FuncColSpecArray<{meta::pure::metamodel::relation::Relation<T>[1]->meta::pure::metamodel::type::Any[*]}, R>[1])
AS_OF_JOIN__RELATION_1__RELATION_1__FUNCTION_1	meta::pure::functions::relation::asOfJoin	meta::pure::functions::relation::asOfJoin(meta::pure::metamodel::relation::Relation<T>[1],meta::pure::metamodel::relation::Relation<V>[1],meta::pure::metamodel::function::Function<{T[1],V[1]->meta::pure::metamodel::type::Boolean[1]}>[1])
AS_OF_JOIN__RELATION_1__RELATION_1__FUNCTION_1__FUNCTION_1	meta::pure::functions::relation::asOfJoin	meta::pure::functions::relation::asOfJoin(meta::pure::metamodel::relation::Relation<T>[1],meta::pure::metamodel::relation::Relation<V>[1],meta::pure::metamodel::function::Function<{T[1],V[1]->meta::pure::metamodel::type::Boolean[1]}>[1],meta::pure::metamodel::function::Function<{T[1],V[1]->meta::pure::metamodel::type::Boolean[1]}>[1])
ASCENDING__COL_SPEC_1	meta::pure::functions::relation::ascending	meta::pure::functions::relation::ascending(meta::pure::metamodel::relation::ColSpec<T>[1])
ASCENDING__COL_SPEC_1__NULL_ORDER_1	meta::pure::functions::relation::ascending	meta::pure::functions::relation::ascending(meta::pure::metamodel::relation::ColSpec<T>[1],meta::pure::functions::relation::NullOrder[1])
ASSERT_TDS_EQUIVALENT__REL_1__REL_1__NUMBER_1	meta::pure::functions::relation::assertTdsEquivalent	meta::pure::functions::relation::assertTdsEquivalent(meta::pure::metamodel::relation::Relation<meta::pure::metamodel::type::Any>[1],meta::pure::metamodel::relation::Relation<meta::pure::metamodel::type::Any>[1],meta::pure::metamodel::type::Number[1])
ASSERT_TDS_EQUIVALENT__REL_1__REL_1__NUMBER_1__NUMBER_1	meta::pure::functions::relation::assertTdsEquivalent	meta::pure::functions::relation::assertTdsEquivalent(meta::pure::metamodel::relation::Relation<meta::pure::metamodel::type::Any>[1],meta::pure::metamodel::relation::Relation<meta::pure::metamodel::type::Any>[1],meta::pure::metamodel::type::Number[1],meta::pure::metamodel::type::Number[1])
COLUMNS__REL_1	meta::pure::functions::relation::columns	meta::pure::functions::relation::columns(meta::pure::metamodel::relation::Relation<T>[1])
CONCATENATE__RELATION_1__RELATION_1	meta::pure::functions::relation::concatenate	meta::pure::functions::relation::concatenate(meta::pure::metamodel::relation::Relation<T>[1],meta::pure::metamodel::relation::Relation<T>[1])
CUMULATIVE_DISTRIBUTION__RELATION_1__WINDOW_1__T_1	meta::pure::functions::relation::cumulativeDistribution	meta::pure::functions::relation::cumulativeDistribution(meta::pure::metamodel::relation::Relation<T>[1],meta::pure::functions::relation::_Window<T>[1],T[1])
DENSE_RANK__RELATION_1__WINDOW_1__T_1	meta::pure::functions::relation::denseRank	meta::pure::functions::relation::denseRank(meta::pure::metamodel::relation::Relation<T>[1],meta::pure::functions::relation::_Window<T>[1],T[1])
DESCENDING__COL_SPEC_1	meta::pure::functions::relation::descending	meta::pure::functions::relation::descending(meta::pure::metamodel::relation::ColSpec<T>[1])
DESCENDING__COL_SPEC_1__NULL_ORDER_1	meta::pure::functions::relation::descending	meta::pure::functions::relation::descending(meta::pure::metamodel::relation::ColSpec<T>[1],meta::pure::functions::relation::NullOrder[1])
DISTINCT__RELATION_1	meta::pure::functions::relation::distinct	meta::pure::functions::relation::distinct(meta::pure::metamodel::relation::Relation<T>[1])
DISTINCT__RELATION_1__COL_SPEC_ARRAY_1	meta::pure::functions::relation::distinct	meta::pure::functions::relation::distinct(meta::pure::metamodel::relation::Relation<T>[1],meta::pure::metamodel::relation::ColSpecArray<X⊆T>[1])
DROP__RELATION_1__INTEGER_1	meta::pure::functions::relation::drop	meta::pure::functions::relation::drop(meta::pure::metamodel::relation::Relation<T>[1],meta::pure::metamodel::type::Integer[1])
EMPTY_FIRST__SORT_INFO_1	meta::pure::functions::relation::emptyFirst	meta::pure::functions::relation::emptyFirst(meta::pure::functions::relation::SortInfo<T>[1])
EMPTY_LAST__SORT_INFO_1	meta::pure::functions::relation::emptyLast	meta::pure::functions::relation::emptyLast(meta::pure::functions::relation::SortInfo<T>[1])
EQUAL_ALL__U_0_1__RELATION_1	meta::pure::functions::relation::equalAll	meta::pure::functions::relation::equalAll(U[0..1],meta::pure::metamodel::relation::Relation<Z=(?:U)>[1])
EQUAL_ANY__U_0_1__RELATION_1	meta::pure::functions::relation::equalAny	meta::pure::functions::relation::equalAny(U[0..1],meta::pure::metamodel::relation::Relation<Z=(?:U)>[1])
EXISTS__RELATION_1__FUNCTION_1	meta::pure::functions::relation::exists	meta::pure::functions::relation::exists(meta::pure::metamodel::relation::Relation<T>[1],meta::pure::metamodel::function::Function<{T[1]->meta::pure::metamodel::type::Boolean[1]}>[1])
EXTEND__RELATION_1__WINDOW_1__AGG_COL_SPEC_1	meta::pure::functions::relation::extend	meta::pure::functions::relation::extend(meta::pure::metamodel::relation::Relation<T>[1],meta::pure::functions::relation::_Window<T>[1],meta::pure::metamodel::relation::AggColSpec<{meta::pure::metamodel::relation::Relation<T>[1],meta::pure::functions::relation::_Window<T>[1],T[1]->K[0..1]}, {K[*]->V[0..1]}, R>[1])
EXTEND__RELATION_1__WINDOW_1__AGG_COL_SPEC_ARRAY_1	meta::pure::functions::relation::extend	meta::pure::functions::relation::extend(meta::pure::metamodel::relation::Relation<T>[1],meta::pure::functions::relation::_Window<T>[1],meta::pure::metamodel::relation::AggColSpecArray<{meta::pure::metamodel::relation::Relation<T>[1],meta::pure::functions::relation::_Window<T>[1],T[1]->K[0..1]}, {K[*]->V[0..1]}, R>[1])
EXTEND__RELATION_1__WINDOW_1__FUNC_COL_SPEC_1	meta::pure::functions::relation::extend	meta::pure::functions::relation::extend(meta::pure::metamodel::relation::Relation<T>[1],meta::pure::functions::relation::_Window<T>[1],meta::pure::metamodel::relation::FuncColSpec<{meta::pure::metamodel::relation::Relation<T>[1],meta::pure::functions::relation::_Window<T>[1],T[1]->meta::pure::metamodel::type::Any[0..1]}, R>[1])
EXTEND__RELATION_1__WINDOW_1__FUNC_COL_SPEC_ARRAY_1	meta::pure::functions::relation::extend	meta::pure::functions::relation::extend(meta::pure::metamodel::relation::Relation<T>[1],meta::pure::functions::relation::_Window<T>[1],meta::pure::metamodel::relation::FuncColSpecArray<{meta::pure::metamodel::relation::Relation<T>[1],meta::pure::functions::relation::_Window<T>[1],T[1]->meta::pure::metamodel::type::Any[*]}, R>[1])
EXTEND__RELATION_1__AGG_COL_SPEC_1	meta::pure::functions::relation::extend	meta::pure::functions::relation::extend(meta::pure::metamodel::relation::Relation<T>[1],meta::pure::metamodel::relation::AggColSpec<{T[1]->K[0..1]}, {K[*]->V[0..1]}, R>[1])
EXTEND__RELATION_1__AGG_COL_SPEC_ARRAY_1	meta::pure::functions::relation::extend	meta::pure::functions::relation::extend(meta::pure::metamodel::relation::Relation<T>[1],meta::pure::metamodel::relation::AggColSpecArray<{T[1]->K[0..1]}, {K[*]->V[0..1]}, R>[1])
EXTEND__RELATION_1__FUNC_COL_SPEC_1	meta::pure::functions::relation::extend	meta::pure::functions::relation::extend(meta::pure::metamodel::relation::Relation<T>[1],meta::pure::metamodel::relation::FuncColSpec<{T[1]->meta::pure::metamodel::type::Any[0..1]}, Z>[1])
EXTEND__RELATION_1__FUNC_COL_SPEC_ARRAY_1	meta::pure::functions::relation::extend	meta::pure::functions::relation::extend(meta::pure::metamodel::relation::Relation<T>[1],meta::pure::metamodel::relation::FuncColSpecArray<{T[1]->meta::pure::metamodel::type::Any[*]}, Z>[1])
FILTER__RELATION_1__FUNCTION_1	meta::pure::functions::relation::filter	meta::pure::functions::relation::filter(meta::pure::metamodel::relation::Relation<T>[1],meta::pure::metamodel::function::Function<{T[1]->meta::pure::metamodel::type::Boolean[1]}>[1])
FIRST__RELATION_1__WINDOW_1__T_1	meta::pure::functions::relation::first	meta::pure::functions::relation::first(meta::pure::metamodel::relation::Relation<T>[1],meta::pure::functions::relation::_Window<T>[1],T[1])
GREATER_THAN_ALL__U_0_1__RELATION_1	meta::pure::functions::relation::greaterThanAll	meta::pure::functions::relation::greaterThanAll(U[0..1],meta::pure::metamodel::relation::Relation<Z=(?:U)>[1])
GREATER_THAN_ANY__U_0_1__RELATION_1	meta::pure::functions::relation::greaterThanAny	meta::pure::functions::relation::greaterThanAny(U[0..1],meta::pure::metamodel::relation::Relation<Z=(?:U)>[1])
GREATER_THAN_EQUAL_ALL__U_0_1__RELATION_1	meta::pure::functions::relation::greaterThanEqualAll	meta::pure::functions::relation::greaterThanEqualAll(U[0..1],meta::pure::metamodel::relation::Relation<Z=(?:U)>[1])
GREATER_THAN_EQUAL_ANY__U_0_1__RELATION_1	meta::pure::functions::relation::greaterThanEqualAny	meta::pure::functions::relation::greaterThanEqualAny(U[0..1],meta::pure::metamodel::relation::Relation<Z=(?:U)>[1])
GROUP_BY__RELATION_1__COL_SPEC_1__AGG_COL_SPEC_1	meta::pure::functions::relation::groupBy	meta::pure::functions::relation::groupBy(meta::pure::metamodel::relation::Relation<T>[1],meta::pure::metamodel::relation::ColSpec<Z⊆T>[1],meta::pure::metamodel::relation::AggColSpec<{T[1]->K[0..1]}, {K[*]->V[0..1]}, R>[1])
GROUP_BY__RELATION_1__COL_SPEC_1__AGG_COL_SPEC_ARRAY_1	meta::pure::functions::relation::groupBy	meta::pure::functions::relation::groupBy(meta::pure::metamodel::relation::Relation<T>[1],meta::pure::metamodel::relation::ColSpec<Z⊆T>[1],meta::pure::metamodel::relation::AggColSpecArray<{T[1]->K[0..1]}, {K[*]->V[0..1]}, R>[1])
GROUP_BY__RELATION_1__COL_SPEC_1__FUNC_COL_SPEC_1	meta::pure::functions::relation::groupBy	meta::pure::functions::relation::groupBy(meta::pure::metamodel::relation::Relation<T>[1],meta::pure::metamodel::relation::ColSpec<Z⊆T>[1],meta::pure::metamodel::relation::FuncColSpec<{meta::pure::metamodel::relation::Relation<T>[1]->meta::pure::metamodel::type::Any[0..1]}, R>[1])
GROUP_BY__RELATION_1__COL_SPEC_1__FUNC_COL_SPEC_ARRAY_1	meta::pure::functions::relation::groupBy	meta::pure::functions::relation::groupBy(meta::pure::metamodel::relation::Relation<T>[1],meta::pure::metamodel::relation::ColSpec<Z⊆T>[1],meta::pure::metamodel::relation::FuncColSpecArray<{meta::pure::metamodel::relation::Relation<T>[1]->meta::pure::metamodel::type::Any[*]}, R>[1])
GROUP_BY__RELATION_1__COL_SPEC_ARRAY_1__AGG_COL_SPEC_1	meta::pure::functions::relation::groupBy	meta::pure::functions::relation::groupBy(meta::pure::metamodel::relation::Relation<T>[1],meta::pure::metamodel::relation::ColSpecArray<Z⊆T>[1],meta::pure::metamodel::relation::AggColSpec<{T[1]->K[0..1]}, {K[*]->V[0..1]}, R>[1])
GROUP_BY__RELATION_1__COL_SPEC_ARRAY_1__AGG_COL_SPEC_ARRAY_1	meta::pure::functions::relation::groupBy	meta::pure::functions::relation::groupBy(meta::pure::metamodel::relation::Relation<T>[1],meta::pure::metamodel::relation::ColSpecArray<Z⊆T>[1],meta::pure::metamodel::relation::AggColSpecArray<{T[1]->K[0..1]}, {K[*]->V[0..1]}, R>[1])
GROUP_BY__RELATION_1__COL_SPEC_ARRAY_1__FUNC_COL_SPEC_1	meta::pure::functions::relation::groupBy	meta::pure::functions::relation::groupBy(meta::pure::metamodel::relation::Relation<T>[1],meta::pure::metamodel::relation::ColSpecArray<Z⊆T>[1],meta::pure::metamodel::relation::FuncColSpec<{meta::pure::metamodel::relation::Relation<T>[1]->meta::pure::metamodel::type::Any[0..1]}, R>[1])
GROUP_BY__RELATION_1__COL_SPEC_ARRAY_1__FUNC_COL_SPEC_ARRAY_1	meta::pure::functions::relation::groupBy	meta::pure::functions::relation::groupBy(meta::pure::metamodel::relation::Relation<T>[1],meta::pure::metamodel::relation::ColSpecArray<Z⊆T>[1],meta::pure::metamodel::relation::FuncColSpecArray<{meta::pure::metamodel::relation::Relation<T>[1]->meta::pure::metamodel::type::Any[*]}, R>[1])
IN__U_0_1__RELATION_1	meta::pure::functions::relation::in	meta::pure::functions::relation::in(U[0..1],meta::pure::metamodel::relation::Relation<Z=(?:U)>[1])
JOIN__RELATION_1__RELATION_1__JOIN_KIND_1__FUNCTION_1	meta::pure::functions::relation::join	meta::pure::functions::relation::join(meta::pure::metamodel::relation::Relation<T>[1],meta::pure::metamodel::relation::Relation<V>[1],meta::pure::functions::relation::JoinKind[1],meta::pure::metamodel::function::Function<{T[1],V[1]->meta::pure::metamodel::type::Boolean[1]}>[1])
JOIN_STRINGS__RELATION_1__FUNCTION_1__STRING_1	meta::pure::functions::relation::joinStrings	meta::pure::functions::relation::joinStrings(meta::pure::metamodel::relation::Relation<T>[1],meta::pure::metamodel::function::Function<{T[1]->meta::pure::metamodel::type::String[1]}>[1],meta::pure::metamodel::type::String[1])
JOIN_STRINGS__RELATION_1__FUNCTION_1__STRING_1__SORT_INFO_MANY	meta::pure::functions::relation::joinStrings	meta::pure::functions::relation::joinStrings(meta::pure::metamodel::relation::Relation<T>[1],meta::pure::metamodel::function::Function<{T[1]->meta::pure::metamodel::type::String[1]}>[1],meta::pure::metamodel::type::String[1],meta::pure::functions::relation::SortInfo<X⊆T>[*])
JOIN_STRINGS__RELATION_1__COL_SPEC_1__STRING_1	meta::pure::functions::relation::joinStrings	meta::pure::functions::relation::joinStrings(meta::pure::metamodel::relation::Relation<T>[1],meta::pure::metamodel::relation::ColSpec<(?:meta::pure::metamodel::type::String)⊆T>[1],meta::pure::metamodel::type::String[1])
JOIN_STRINGS__RELATION_1__COL_SPEC_1__STRING_1__SORT_INFO_MANY	meta::pure::functions::relation::joinStrings	meta::pure::functions::relation::joinStrings(meta::pure::metamodel::relation::Relation<T>[1],meta::pure::metamodel::relation::ColSpec<(?:meta::pure::metamodel::type::String)⊆T>[1],meta::pure::metamodel::type::String[1],meta::pure::functions::relation::SortInfo<X⊆T>[*])
LAG__RELATION_1__T_1	meta::pure::functions::relation::lag	meta::pure::functions::relation::lag(meta::pure::metamodel::relation::Relation<T>[1],T[1])
LAG__RELATION_1__T_1__INTEGER_1	meta::pure::functions::relation::lag	meta::pure::functions::relation::lag(meta::pure::metamodel::relation::Relation<T>[1],T[1],meta::pure::metamodel::type::Integer[1])
LAST__RELATION_1__WINDOW_1__T_1	meta::pure::functions::relation::last	meta::pure::functions::relation::last(meta::pure::metamodel::relation::Relation<T>[1],meta::pure::functions::relation::_Window<T>[1],T[1])
LATERAL__RELATION_1__FUNCTION_1	meta::pure::functions::relation::lateral	meta::pure::functions::relation::lateral(meta::pure::metamodel::relation::Relation<T>[1],meta::pure::metamodel::function::Function<{T[1]->meta::pure::metamodel::relation::Relation<V>[1]}>[1])
LEAD__RELATION_1__T_1	meta::pure::functions::relation::lead	meta::pure::functions::relation::lead(meta::pure::metamodel::relation::Relation<T>[1],T[1])
LEAD__RELATION_1__T_1__INTEGER_1	meta::pure::functions::relation::lead	meta::pure::functions::relation::lead(meta::pure::metamodel::relation::Relation<T>[1],T[1],meta::pure::metamodel::type::Integer[1])
LESS_THAN_ALL__U_0_1__RELATION_1	meta::pure::functions::relation::lessThanAll	meta::pure::functions::relation::lessThanAll(U[0..1],meta::pure::metamodel::relation::Relation<Z=(?:U)>[1])
LESS_THAN_ANY__U_0_1__RELATION_1	meta::pure::functions::relation::lessThanAny	meta::pure::functions::relation::lessThanAny(U[0..1],meta::pure::metamodel::relation::Relation<Z=(?:U)>[1])
LESS_THAN_EQUAL_ALL__U_0_1__RELATION_1	meta::pure::functions::relation::lessThanEqualAll	meta::pure::functions::relation::lessThanEqualAll(U[0..1],meta::pure::metamodel::relation::Relation<Z=(?:U)>[1])
LESS_THAN_EQUAL_ANY__U_0_1__RELATION_1	meta::pure::functions::relation::lessThanEqualAny	meta::pure::functions::relation::lessThanEqualAny(U[0..1],meta::pure::metamodel::relation::Relation<Z=(?:U)>[1])
LIMIT__RELATION_1__INTEGER_1	meta::pure::functions::relation::limit	meta::pure::functions::relation::limit(meta::pure::metamodel::relation::Relation<T>[1],meta::pure::metamodel::type::Integer[1])
MAP__RELATION_1__FUNCTION_1	meta::pure::functions::relation::map	meta::pure::functions::relation::map(meta::pure::metamodel::relation::Relation<T>[1],meta::pure::metamodel::function::Function<{T[1]->V[*]}>[1])
NTH__RELATION_1__WINDOW_1__T_1__INTEGER_1	meta::pure::functions::relation::nth	meta::pure::functions::relation::nth(meta::pure::metamodel::relation::Relation<T>[1],meta::pure::functions::relation::_Window<T>[1],T[1],meta::pure::metamodel::type::Integer[1])
NTILE__RELATION_1__T_1__INTEGER_1	meta::pure::functions::relation::ntile	meta::pure::functions::relation::ntile(meta::pure::metamodel::relation::Relation<T>[1],T[1],meta::pure::metamodel::type::Integer[1])
OVER__SORT_INFO_MANY	meta::pure::functions::relation::over	meta::pure::functions::relation::over(meta::pure::functions::relation::SortInfo<(?:?)⊆T>[*])
OVER__SORT_INFO_1__RANGE_INTERVAL_1	meta::pure::functions::relation::over	meta::pure::functions::relation::over(meta::pure::functions::relation::SortInfo<(?:?)⊆T>[1],meta::pure::functions::relation::_RangeInterval[1])
OVER__SORT_INFO_1__RANGE_1	meta::pure::functions::relation::over	meta::pure::functions::relation::over(meta::pure::functions::relation::SortInfo<(?:?)⊆T>[1],meta::pure::functions::relation::_Range[1])
OVER__COL_SPEC_1	meta::pure::functions::relation::over	meta::pure::functions::relation::over(meta::pure::metamodel::relation::ColSpec<(?:?)⊆T>[1])
OVER__COL_SPEC_1__ROWS_1	meta::pure::functions::relation::over	meta::pure::functions::relation::over(meta::pure::metamodel::relation::ColSpec<(?:?)⊆T>[1],meta::pure::functions::relation::Rows[1])
OVER__COL_SPEC_1__SORT_INFO_MANY	meta::pure::functions::relation::over	meta::pure::functions::relation::over(meta::pure::metamodel::relation::ColSpec<(?:?)⊆T>[1],meta::pure::functions::relation::SortInfo<(?:?)⊆T>[*])
OVER__COL_SPEC_1__SORT_INFO_MANY__ROWS_1	meta::pure::functions::relation::over	meta::pure::functions::relation::over(meta::pure::metamodel::relation::ColSpec<(?:?)⊆T>[1],meta::pure::functions::relation::SortInfo<(?:?)⊆T>[*],meta::pure::functions::relation::Rows[1])
OVER__COL_SPEC_1__SORT_INFO_1__RANGE_INTERVAL_1	meta::pure::functions::relation::over	meta::pure::functions::relation::over(meta::pure::metamodel::relation::ColSpec<(?:?)⊆T>[1],meta::pure::functions::relation::SortInfo<(?:?)⊆T>[1],meta::pure::functions::relation::_RangeInterval[1])
OVER__COL_SPEC_1__SORT_INFO_1__RANGE_1	meta::pure::functions::relation::over	meta::pure::functions::relation::over(meta::pure::metamodel::relation::ColSpec<(?:?)⊆T>[1],meta::pure::functions::relation::SortInfo<(?:?)⊆T>[1],meta::pure::functions::relation::_Range[1])
OVER__COL_SPEC_ARRAY_1	meta::pure::functions::relation::over	meta::pure::functions::relation::over(meta::pure::metamodel::relation::ColSpecArray<(?:?)⊆T>[1])
OVER__COL_SPEC_ARRAY_1__ROWS_1	meta::pure::functions::relation::over	meta::pure::functions::relation::over(meta::pure::metamodel::relation::ColSpecArray<(?:?)⊆T>[1],meta::pure::functions::relation::Rows[1])
OVER__COL_SPEC_ARRAY_1__SORT_INFO_MANY	meta::pure::functions::relation::over	meta::pure::functions::relation::over(meta::pure::metamodel::relation::ColSpecArray<(?:?)⊆T>[1],meta::pure::functions::relation::SortInfo<(?:?)⊆T>[*])
OVER__COL_SPEC_ARRAY_1__SORT_INFO_MANY__ROWS_1	meta::pure::functions::relation::over	meta::pure::functions::relation::over(meta::pure::metamodel::relation::ColSpecArray<(?:?)⊆T>[1],meta::pure::functions::relation::SortInfo<(?:?)⊆T>[*],meta::pure::functions::relation::Rows[1])
OVER__COL_SPEC_ARRAY_1__SORT_INFO_1__RANGE_INTERVAL_1	meta::pure::functions::relation::over	meta::pure::functions::relation::over(meta::pure::metamodel::relation::ColSpecArray<(?:?)⊆T>[1],meta::pure::functions::relation::SortInfo<(?:?)⊆T>[1],meta::pure::functions::relation::_RangeInterval[1])
OVER__COL_SPEC_ARRAY_1__SORT_INFO_1__RANGE_1	meta::pure::functions::relation::over	meta::pure::functions::relation::over(meta::pure::metamodel::relation::ColSpecArray<(?:?)⊆T>[1],meta::pure::functions::relation::SortInfo<(?:?)⊆T>[1],meta::pure::functions::relation::_Range[1])
OVER__STRING_MANY__SORT_INFO_MANY__FRAME_0_1	meta::pure::functions::relation::over	meta::pure::functions::relation::over(meta::pure::metamodel::type::String[*],meta::pure::functions::relation::SortInfo<(?:?)⊆T>[*],meta::pure::functions::relation::Frame[0..1])
PERCENT_RANK__RELATION_1__WINDOW_1__T_1	meta::pure::functions::relation::percentRank	meta::pure::functions::relation::percentRank(meta::pure::metamodel::relation::Relation<T>[1],meta::pure::functions::relation::_Window<T>[1],T[1])
PIVOT__RELATION_1__COL_SPEC_1__AGG_COL_SPEC_1	meta::pure::functions::relation::pivot	meta::pure::functions::relation::pivot(meta::pure::metamodel::relation::Relation<T>[1],meta::pure::metamodel::relation::ColSpec<Z⊆T>[1],meta::pure::metamodel::relation::AggColSpec<{T[1]->K[0..1]}, {K[*]->V[0..1]}, R>[1])
PIVOT__RELATION_1__COL_SPEC_1__AGG_COL_SPEC_ARRAY_1	meta::pure::functions::relation::pivot	meta::pure::functions::relation::pivot(meta::pure::metamodel::relation::Relation<T>[1],meta::pure::metamodel::relation::ColSpec<Z⊆T>[1],meta::pure::metamodel::relation::AggColSpecArray<{T[1]->K[0..1]}, {K[*]->V[0..1]}, R>[1])
PIVOT__RELATION_1__COL_SPEC_1__ANY_1_MANY__AGG_COL_SPEC_1	meta::pure::functions::relation::pivot	meta::pure::functions::relation::pivot(meta::pure::metamodel::relation::Relation<T>[1],meta::pure::metamodel::relation::ColSpec<Z⊆T>[1],meta::pure::metamodel::type::Any[1..*],meta::pure::metamodel::relation::AggColSpec<{T[1]->K[0..1]}, {K[*]->V[0..1]}, R>[1])
PIVOT__RELATION_1__COL_SPEC_ARRAY_1__AGG_COL_SPEC_1	meta::pure::functions::relation::pivot	meta::pure::functions::relation::pivot(meta::pure::metamodel::relation::Relation<T>[1],meta::pure::metamodel::relation::ColSpecArray<Z⊆T>[1],meta::pure::metamodel::relation::AggColSpec<{T[1]->K[0..1]}, {K[*]->V[0..1]}, R>[1])
PIVOT__RELATION_1__COL_SPEC_ARRAY_1__AGG_COL_SPEC_ARRAY_1	meta::pure::functions::relation::pivot	meta::pure::functions::relation::pivot(meta::pure::metamodel::relation::Relation<T>[1],meta::pure::metamodel::relation::ColSpecArray<Z⊆T>[1],meta::pure::metamodel::relation::AggColSpecArray<{T[1]->K[0..1]}, {K[*]->V[0..1]}, R>[1])
PROJECT__C_MANY__FUNC_COL_SPEC_ARRAY_1	meta::pure::functions::relation::project	meta::pure::functions::relation::project(C[*],meta::pure::metamodel::relation::FuncColSpecArray<{C[1]->meta::pure::metamodel::type::Any[*]}, T>[1])
PROJECT__RELATION_1__FUNC_COL_SPEC_ARRAY_1	meta::pure::functions::relation::project	meta::pure::functions::relation::project(meta::pure::metamodel::relation::Relation<T>[1],meta::pure::metamodel::relation::FuncColSpecArray<{T[1]->meta::pure::metamodel::type::Any[*]}, Z>[1])
RANK__RELATION_1__WINDOW_1__T_1	meta::pure::functions::relation::rank	meta::pure::functions::relation::rank(meta::pure::metamodel::relation::Relation<T>[1],meta::pure::functions::relation::_Window<T>[1],T[1])
REDUCE__RELATION_1__WINDOW_1__T_1__FUNCTION_1__FUNCTION_1	meta::pure::functions::relation::reduce	meta::pure::functions::relation::reduce(meta::pure::metamodel::relation::Relation<T>[1],meta::pure::functions::relation::_Window<T>[1],T[1],meta::pure::metamodel::function::Function<{T[1]->V[*]}>[1],meta::pure::metamodel::function::Function<{V[*]->U[m]}>[1])
RENAME__RELATION_1__COL_SPEC_1__COL_SPEC_1	meta::pure::functions::relation::rename	meta::pure::functions::relation::rename(meta::pure::metamodel::relation::Relation<T>[1],meta::pure::metamodel::relation::ColSpec<Z=(?:K)⊆T>[1],meta::pure::metamodel::relation::ColSpec<V=(?:K)>[1])
ROW_NUMBER__RELATION_1__T_1	meta::pure::functions::relation::rowNumber	meta::pure::functions::relation::rowNumber(meta::pure::metamodel::relation::Relation<T>[1],T[1])
ROWS__UNBOUNDED_1__UNBOUNDED_1	meta::pure::functions::relation::rows	meta::pure::functions::relation::rows(meta::pure::functions::relation::UnboundedFrameValue[1],meta::pure::functions::relation::UnboundedFrameValue[1])
ROWS__UNBOUNDED_1__INTEGER_1	meta::pure::functions::relation::rows	meta::pure::functions::relation::rows(meta::pure::functions::relation::UnboundedFrameValue[1],meta::pure::metamodel::type::Integer[1])
ROWS__INTEGER_1__UNBOUNDED_1	meta::pure::functions::relation::rows	meta::pure::functions::relation::rows(meta::pure::metamodel::type::Integer[1],meta::pure::functions::relation::UnboundedFrameValue[1])
ROWS__INTEGER_1__INTEGER_1	meta::pure::functions::relation::rows	meta::pure::functions::relation::rows(meta::pure::metamodel::type::Integer[1],meta::pure::metamodel::type::Integer[1])
SELECT__RELATION_1	meta::pure::functions::relation::select	meta::pure::functions::relation::select(meta::pure::metamodel::relation::Relation<T>[1])
SELECT__RELATION_1__COL_SPEC_1	meta::pure::functions::relation::select	meta::pure::functions::relation::select(meta::pure::metamodel::relation::Relation<T>[1],meta::pure::metamodel::relation::ColSpec<Z⊆T>[1])
SELECT__RELATION_1__COL_SPEC_ARRAY_1	meta::pure::functions::relation::select	meta::pure::functions::relation::select(meta::pure::metamodel::relation::Relation<T>[1],meta::pure::metamodel::relation::ColSpecArray<Z⊆T>[1])
SIZE__RELATION_1	meta::pure::functions::relation::size	meta::pure::functions::relation::size(meta::pure::metamodel::relation::Relation<T>[1])
SLICE__RELATION_1__INTEGER_1__INTEGER_1	meta::pure::functions::relation::slice	meta::pure::functions::relation::slice(meta::pure::metamodel::relation::Relation<T>[1],meta::pure::metamodel::type::Integer[1],meta::pure::metamodel::type::Integer[1])
SORT__RELATION_1__SORT_INFO_MANY	meta::pure::functions::relation::sort	meta::pure::functions::relation::sort(meta::pure::metamodel::relation::Relation<T>[1],meta::pure::functions::relation::SortInfo<X⊆T>[*])
TO_STRING__RELATION	meta::pure::functions::relation::toString	meta::pure::functions::relation::toString(meta::pure::metamodel::relation::Relation<T>[1])
TO_STRING__RELATION_BOOL	meta::pure::functions::relation::toString	meta::pure::functions::relation::toString(meta::pure::metamodel::relation::Relation<T>[1],meta::pure::metamodel::type::Boolean[1])
UNBOUNDED	meta::pure::functions::relation::unbounded	meta::pure::functions::relation::unbounded()
FLATTEN__T_MANY__COL_SPEC_1	meta::pure::functions::relation::variant::flatten	meta::pure::functions::relation::variant::flatten(T[*],meta::pure::metamodel::relation::ColSpec<Z=(?:T)>[1])
WRITE__RELATION_1__ACCESSOR_1	meta::pure::functions::relation::write	meta::pure::functions::relation::write(meta::pure::metamodel::relation::Relation<T>[1],meta::pure::metamodel::relation::RelationElementAccessor<T>[1])
CURRENT_USER_ID	meta::pure::functions::runtime::currentUserId	meta::pure::functions::runtime::currentUserId()
ASCII__STRING_1	meta::pure::functions::string::ascii	meta::pure::functions::string::ascii(meta::pure::metamodel::type::String[1])
CHAR__INTEGER_1	meta::pure::functions::string::char	meta::pure::functions::string::char(meta::pure::metamodel::type::Integer[1])
CHUNK__STRING_1__INTEGER_1	meta::pure::functions::string::chunk	meta::pure::functions::string::chunk(meta::pure::metamodel::type::String[1],meta::pure::metamodel::type::Integer[1])
CONTAINS__STRING_1__STRING_1	meta::pure::functions::string::contains	meta::pure::functions::string::contains(meta::pure::metamodel::type::String[1],meta::pure::metamodel::type::String[1])
DECODE_BASE64__STRING_1	meta::pure::functions::string::decodeBase64	meta::pure::functions::string::decodeBase64(meta::pure::metamodel::type::String[1])
ENCODE_BASE64__STRING_1	meta::pure::functions::string::encodeBase64	meta::pure::functions::string::encodeBase64(meta::pure::metamodel::type::String[1])
ENDS_WITH__STRING_0_1__STRING_1	meta::pure::functions::string::endsWith	meta::pure::functions::string::endsWith(meta::pure::metamodel::type::String[0..1],meta::pure::metamodel::type::String[1])
ENDS_WITH__STRING_1__STRING_1	meta::pure::functions::string::endsWith	meta::pure::functions::string::endsWith(meta::pure::metamodel::type::String[1],meta::pure::metamodel::type::String[1])
FORMAT__STRING_1__ANY_MANY	meta::pure::functions::string::format	meta::pure::functions::string::format(meta::pure::metamodel::type::String[1],meta::pure::metamodel::type::Any[*])
GENERATE_GUID	meta::pure::functions::string::generation::generateGuid	meta::pure::functions::string::generation::generateGuid()
INDEX_OF__STRING_1__STRING_1	meta::pure::functions::string::indexOf	meta::pure::functions::string::indexOf(meta::pure::metamodel::type::String[1],meta::pure::metamodel::type::String[1])
INDEX_OF__STRING_1__STRING_1__INTEGER_1	meta::pure::functions::string::indexOf	meta::pure::functions::string::indexOf(meta::pure::metamodel::type::String[1],meta::pure::metamodel::type::String[1],meta::pure::metamodel::type::Integer[1])
JARO_WINKLER_SIMILARITY__STRING_1__STRING_1	meta::pure::functions::string::jaroWinklerSimilarity	meta::pure::functions::string::jaroWinklerSimilarity(meta::pure::metamodel::type::String[1],meta::pure::metamodel::type::String[1])
JOIN_STRINGS__STRING_MANY	meta::pure::functions::string::joinStrings	meta::pure::functions::string::joinStrings(meta::pure::metamodel::type::String[*])
JOIN_STRINGS__STRING_MANY__STRING_1	meta::pure::functions::string::joinStrings	meta::pure::functions::string::joinStrings(meta::pure::metamodel::type::String[*],meta::pure::metamodel::type::String[1])
JOIN_STRINGS__STRING_MANY__STRING_1__STRING_1__STRING_1	meta::pure::functions::string::joinStrings	meta::pure::functions::string::joinStrings(meta::pure::metamodel::type::String[*],meta::pure::metamodel::type::String[1],meta::pure::metamodel::type::String[1],meta::pure::metamodel::type::String[1])
LEFT__STRING_1__INTEGER_1	meta::pure::functions::string::left	meta::pure::functions::string::left(meta::pure::metamodel::type::String[1],meta::pure::metamodel::type::Integer[1])
LENGTH__STRING_1	meta::pure::functions::string::length	meta::pure::functions::string::length(meta::pure::metamodel::type::String[1])
LEVENSHTEIN_DISTANCE__STRING_1__STRING_1	meta::pure::functions::string::levenshteinDistance	meta::pure::functions::string::levenshteinDistance(meta::pure::metamodel::type::String[1],meta::pure::metamodel::type::String[1])
LPAD__STRING_1__INTEGER_1	meta::pure::functions::string::lpad	meta::pure::functions::string::lpad(meta::pure::metamodel::type::String[1],meta::pure::metamodel::type::Integer[1])
LPAD__STRING_1__INTEGER_1__STRING_1	meta::pure::functions::string::lpad	meta::pure::functions::string::lpad(meta::pure::metamodel::type::String[1],meta::pure::metamodel::type::Integer[1],meta::pure::metamodel::type::String[1])
LTRIM__STRING_1	meta::pure::functions::string::ltrim	meta::pure::functions::string::ltrim(meta::pure::metamodel::type::String[1])
MAKE_STRING__ANY_MANY	meta::pure::functions::string::makeString	meta::pure::functions::string::makeString(meta::pure::metamodel::type::Any[*])
MAKE_STRING__ANY_MANY__STRING_1	meta::pure::functions::string::makeString	meta::pure::functions::string::makeString(meta::pure::metamodel::type::Any[*],meta::pure::metamodel::type::String[1])
MAKE_STRING__ANY_MANY__STRING_1__STRING_1__STRING_1	meta::pure::functions::string::makeString	meta::pure::functions::string::makeString(meta::pure::metamodel::type::Any[*],meta::pure::metamodel::type::String[1],meta::pure::metamodel::type::String[1],meta::pure::metamodel::type::String[1])
MATCHES__STRING_1__STRING_1	meta::pure::functions::string::matches	meta::pure::functions::string::matches(meta::pure::metamodel::type::String[1],meta::pure::metamodel::type::String[1])
PARSE_BOOLEAN__STRING_1	meta::pure::functions::string::parseBoolean	meta::pure::functions::string::parseBoolean(meta::pure::metamodel::type::String[1])
PARSE_DATE__STRING_1	meta::pure::functions::string::parseDate	meta::pure::functions::string::parseDate(meta::pure::metamodel::type::String[1])
PARSE_DECIMAL__STRING_1	meta::pure::functions::string::parseDecimal	meta::pure::functions::string::parseDecimal(meta::pure::metamodel::type::String[1])
PARSE_DECIMAL__STRING_1__INTEGER_1__INTEGER_1	meta::pure::functions::string::parseDecimal	meta::pure::functions::string::parseDecimal(meta::pure::metamodel::type::String[1],meta::pure::metamodel::type::Integer[1],meta::pure::metamodel::type::Integer[1])
PARSE_FLOAT__STRING_1	meta::pure::functions::string::parseFloat	meta::pure::functions::string::parseFloat(meta::pure::metamodel::type::String[1])
PARSE_INTEGER__STRING_1	meta::pure::functions::string::parseInteger	meta::pure::functions::string::parseInteger(meta::pure::metamodel::type::String[1])
STRING_PLUS__STRING_MANY	meta::pure::functions::string::plus	meta::pure::functions::string::plus(meta::pure::metamodel::type::String[*])
REGEXP_COUNT__2	meta::pure::functions::string::regexpCount	meta::pure::functions::string::regexpCount(meta::pure::metamodel::type::String[1],meta::pure::metamodel::type::String[1])
REGEXP_COUNT__3	meta::pure::functions::string::regexpCount	meta::pure::functions::string::regexpCount(meta::pure::metamodel::type::String[1],meta::pure::metamodel::type::String[1],meta::pure::functions::string::RegexpParameter[1..*])
REGEXP_EXTRACT__3	meta::pure::functions::string::regexpExtract	meta::pure::functions::string::regexpExtract(meta::pure::metamodel::type::String[1],meta::pure::metamodel::type::String[1],meta::pure::metamodel::type::Boolean[1])
REGEXP_EXTRACT__4P	meta::pure::functions::string::regexpExtract	meta::pure::functions::string::regexpExtract(meta::pure::metamodel::type::String[1],meta::pure::metamodel::type::String[1],meta::pure::metamodel::type::Boolean[1],meta::pure::functions::string::RegexpParameter[1..*])
REGEXP_EXTRACT__4	meta::pure::functions::string::regexpExtract	meta::pure::functions::string::regexpExtract(meta::pure::metamodel::type::String[1],meta::pure::metamodel::type::String[1],meta::pure::metamodel::type::Boolean[1],meta::pure::metamodel::type::Integer[1])
REGEXP_EXTRACT__5	meta::pure::functions::string::regexpExtract	meta::pure::functions::string::regexpExtract(meta::pure::metamodel::type::String[1],meta::pure::metamodel::type::String[1],meta::pure::metamodel::type::Boolean[1],meta::pure::metamodel::type::Integer[1],meta::pure::functions::string::RegexpParameter[1..*])
REGEXP_INDEX_OF__2	meta::pure::functions::string::regexpIndexOf	meta::pure::functions::string::regexpIndexOf(meta::pure::metamodel::type::String[1],meta::pure::metamodel::type::String[1])
REGEXP_INDEX_OF__3P	meta::pure::functions::string::regexpIndexOf	meta::pure::functions::string::regexpIndexOf(meta::pure::metamodel::type::String[1],meta::pure::metamodel::type::String[1],meta::pure::functions::string::RegexpParameter[1..*])
REGEXP_INDEX_OF__3	meta::pure::functions::string::regexpIndexOf	meta::pure::functions::string::regexpIndexOf(meta::pure::metamodel::type::String[1],meta::pure::metamodel::type::String[1],meta::pure::metamodel::type::Integer[1])
REGEXP_INDEX_OF__4	meta::pure::functions::string::regexpIndexOf	meta::pure::functions::string::regexpIndexOf(meta::pure::metamodel::type::String[1],meta::pure::metamodel::type::String[1],meta::pure::metamodel::type::Integer[1],meta::pure::functions::string::RegexpParameter[1..*])
REGEXP_LIKE__2	meta::pure::functions::string::regexpLike	meta::pure::functions::string::regexpLike(meta::pure::metamodel::type::String[1],meta::pure::metamodel::type::String[1])
REGEXP_LIKE__3	meta::pure::functions::string::regexpLike	meta::pure::functions::string::regexpLike(meta::pure::metamodel::type::String[1],meta::pure::metamodel::type::String[1],meta::pure::functions::string::RegexpParameter[1..*])
REGEXP_REPLACE__4	meta::pure::functions::string::regexpReplace	meta::pure::functions::string::regexpReplace(meta::pure::metamodel::type::String[1],meta::pure::metamodel::type::String[1],meta::pure::metamodel::type::String[1],meta::pure::metamodel::type::Boolean[1])
REGEXP_REPLACE__5	meta::pure::functions::string::regexpReplace	meta::pure::functions::string::regexpReplace(meta::pure::metamodel::type::String[1],meta::pure::metamodel::type::String[1],meta::pure::metamodel::type::String[1],meta::pure::metamodel::type::Boolean[1],meta::pure::functions::string::RegexpParameter[1..*])
REPEAT_STRING__STRING_0_1__INTEGER_1	meta::pure::functions::string::repeatString	meta::pure::functions::string::repeatString(meta::pure::metamodel::type::String[0..1],meta::pure::metamodel::type::Integer[1])
REPLACE__STRING_1__STRING_1__STRING_1	meta::pure::functions::string::replace	meta::pure::functions::string::replace(meta::pure::metamodel::type::String[1],meta::pure::metamodel::type::String[1],meta::pure::metamodel::type::String[1])
REVERSE_STRING__STRING_1	meta::pure::functions::string::reverseString	meta::pure::functions::string::reverseString(meta::pure::metamodel::type::String[1])
RIGHT__STRING_1__INTEGER_1	meta::pure::functions::string::right	meta::pure::functions::string::right(meta::pure::metamodel::type::String[1],meta::pure::metamodel::type::Integer[1])
RPAD__STRING_1__INTEGER_1	meta::pure::functions::string::rpad	meta::pure::functions::string::rpad(meta::pure::metamodel::type::String[1],meta::pure::metamodel::type::Integer[1])
RPAD__STRING_1__INTEGER_1__STRING_1	meta::pure::functions::string::rpad	meta::pure::functions::string::rpad(meta::pure::metamodel::type::String[1],meta::pure::metamodel::type::Integer[1],meta::pure::metamodel::type::String[1])
RTRIM__STRING_1	meta::pure::functions::string::rtrim	meta::pure::functions::string::rtrim(meta::pure::metamodel::type::String[1])
SPLIT__STRING_1__STRING_1	meta::pure::functions::string::split	meta::pure::functions::string::split(meta::pure::metamodel::type::String[1],meta::pure::metamodel::type::String[1])
SPLIT_PART__STRING_0_1__STRING_1__INTEGER_1	meta::pure::functions::string::splitPart	meta::pure::functions::string::splitPart(meta::pure::metamodel::type::String[0..1],meta::pure::metamodel::type::String[1],meta::pure::metamodel::type::Integer[1])
STARTS_WITH__STRING_0_1__STRING_1	meta::pure::functions::string::startsWith	meta::pure::functions::string::startsWith(meta::pure::metamodel::type::String[0..1],meta::pure::metamodel::type::String[1])
STARTS_WITH__STRING_1__STRING_1	meta::pure::functions::string::startsWith	meta::pure::functions::string::startsWith(meta::pure::metamodel::type::String[1],meta::pure::metamodel::type::String[1])
SUBSTRING__STRING_1__INTEGER_1	meta::pure::functions::string::substring	meta::pure::functions::string::substring(meta::pure::metamodel::type::String[1],meta::pure::metamodel::type::Integer[1])
SUBSTRING__STRING_1__INTEGER_1__INTEGER_1	meta::pure::functions::string::substring	meta::pure::functions::string::substring(meta::pure::metamodel::type::String[1],meta::pure::metamodel::type::Integer[1],meta::pure::metamodel::type::Integer[1])
TO_LOWER__STRING_1	meta::pure::functions::string::toLower	meta::pure::functions::string::toLower(meta::pure::metamodel::type::String[1])
TO_LOWER_FIRST_CHARACTER__STRING_1	meta::pure::functions::string::toLowerFirstCharacter	meta::pure::functions::string::toLowerFirstCharacter(meta::pure::metamodel::type::String[1])
TO_REPRESENTATION__ANY_1	meta::pure::functions::string::toRepresentation	meta::pure::functions::string::toRepresentation(meta::pure::metamodel::type::Any[1])
TO_STRING__ANY_1	meta::pure::functions::string::toString	meta::pure::functions::string::toString(meta::pure::metamodel::type::Any[1])
TO_UPPER__STRING_1	meta::pure::functions::string::toUpper	meta::pure::functions::string::toUpper(meta::pure::metamodel::type::String[1])
TO_UPPER_FIRST_CHARACTER__STRING_1	meta::pure::functions::string::toUpperFirstCharacter	meta::pure::functions::string::toUpperFirstCharacter(meta::pure::metamodel::type::String[1])
TRIM__STRING_1	meta::pure::functions::string::trim	meta::pure::functions::string::trim(meta::pure::metamodel::type::String[1])
FROM_JSON__STRING_1	meta::pure::functions::variant::convert::fromJson	meta::pure::functions::variant::convert::fromJson(meta::pure::metamodel::type::String[1])
TO__VARIANT_0_1__T_0_1	meta::pure::functions::variant::convert::to	meta::pure::functions::variant::convert::to(meta::pure::metamodel::variant::Variant[0..1],T[0..1])
TO_MANY__VARIANT_0_1__T_0_1	meta::pure::functions::variant::convert::toMany	meta::pure::functions::variant::convert::toMany(meta::pure::metamodel::variant::Variant[0..1],T[0..1])
TO_VARIANT__ANY_MANY	meta::pure::functions::variant::convert::toVariant	meta::pure::functions::variant::convert::toVariant(meta::pure::metamodel::type::Any[*])
GET__VARIANT_0_1__INTEGER_1	meta::pure::functions::variant::navigation::get	meta::pure::functions::variant::navigation::get(meta::pure::metamodel::variant::Variant[0..1],meta::pure::metamodel::type::Integer[1])
GET__VARIANT_0_1__STRING_1	meta::pure::functions::variant::navigation::get	meta::pure::functions::variant::navigation::get(meta::pure::metamodel::variant::Variant[0..1],meta::pure::metamodel::type::String[1])
ALLOY_CONFIG__4	meta::pure::graphFetch::execution::alloyConfig	meta::pure::graphFetch::execution::alloyConfig(meta::pure::metamodel::type::Boolean[1],meta::pure::metamodel::type::Boolean[1],meta::pure::metamodel::type::Boolean[1],meta::pure::metamodel::type::Boolean[1])
ALLOY_CONFIG__5	meta::pure::graphFetch::execution::alloyConfig	meta::pure::graphFetch::execution::alloyConfig(meta::pure::metamodel::type::Boolean[1],meta::pure::metamodel::type::Boolean[1],meta::pure::metamodel::type::Boolean[1],meta::pure::metamodel::type::Boolean[1],meta::pure::metamodel::type::Boolean[1])
ALLOY_CONFIG__6	meta::pure::graphFetch::execution::alloyConfig	meta::pure::graphFetch::execution::alloyConfig(meta::pure::metamodel::type::Boolean[1],meta::pure::metamodel::type::Boolean[1],meta::pure::metamodel::type::Boolean[1],meta::pure::metamodel::type::Boolean[1],meta::pure::metamodel::type::String[1],meta::pure::metamodel::type::Boolean[1])
ALLOY_CONFIG__7	meta::pure::graphFetch::execution::alloyConfig	meta::pure::graphFetch::execution::alloyConfig(meta::pure::metamodel::type::Boolean[1],meta::pure::metamodel::type::Boolean[1],meta::pure::metamodel::type::Boolean[1],meta::pure::metamodel::type::Boolean[1],meta::pure::metamodel::type::String[1],meta::pure::metamodel::type::Boolean[1],meta::pure::metamodel::type::Boolean[1])
ALLOY_CONFIG__8	meta::pure::graphFetch::execution::alloyConfig	meta::pure::graphFetch::execution::alloyConfig(meta::pure::metamodel::type::Boolean[1],meta::pure::metamodel::type::Boolean[1],meta::pure::metamodel::type::String[1],meta::pure::metamodel::type::Boolean[1],meta::pure::metamodel::type::Boolean[1],meta::pure::metamodel::type::String[1],meta::pure::metamodel::type::Boolean[1],meta::pure::metamodel::type::Boolean[1])
GRAPH_FETCH__T_MANY__ROOT_GRAPH_FETCH_TREE_1	meta::pure::graphFetch::execution::graphFetch	meta::pure::graphFetch::execution::graphFetch(T[*],meta::pure::graphFetch::RootGraphFetchTree<T>[1])
GRAPH_FETCH__T_MANY__ROOT_GRAPH_FETCH_TREE_1__INTEGER_1	meta::pure::graphFetch::execution::graphFetch	meta::pure::graphFetch::execution::graphFetch(T[*],meta::pure::graphFetch::RootGraphFetchTree<T>[1],meta::pure::metamodel::type::Integer[1])
GRAPH_FETCH_CHECKED__T_MANY__ROOT_GRAPH_FETCH_TREE_1	meta::pure::graphFetch::execution::graphFetchChecked	meta::pure::graphFetch::execution::graphFetchChecked(T[*],meta::pure::graphFetch::RootGraphFetchTree<T>[1])
GRAPH_FETCH_CHECKED__T_MANY__ROOT_GRAPH_FETCH_TREE_1__INTEGER_1	meta::pure::graphFetch::execution::graphFetchChecked	meta::pure::graphFetch::execution::graphFetchChecked(T[*],meta::pure::graphFetch::RootGraphFetchTree<T>[1],meta::pure::metamodel::type::Integer[1])
SERIALIZE__T_MANY__ROOT_GRAPH_FETCH_TREE_1	meta::pure::graphFetch::execution::serialize	meta::pure::graphFetch::execution::serialize(T[*],meta::pure::graphFetch::RootGraphFetchTree<T>[1])
SERIALIZE__T_MANY__ROOT_GRAPH_FETCH_TREE_1__CONFIG_1	meta::pure::graphFetch::execution::serialize	meta::pure::graphFetch::execution::serialize(T[*],meta::pure::graphFetch::RootGraphFetchTree<T>[1],meta::pure::graphFetch::execution::AlloySerializationConfig[1])
SCAN_COLUMNS__2	meta::pure::lineage::scanColumns::scanColumns	meta::pure::lineage::scanColumns::scanColumns(meta::pure::lineage::scanProperties::propertyTree::PropertyPathTree[1],meta::pure::mapping::Mapping[1])
BUILD_PROPERTY_TREE__LISTS	meta::pure::lineage::scanProperties::propertyTree::buildPropertyTree	meta::pure::lineage::scanProperties::propertyTree::buildPropertyTree(meta::pure::functions::collection::List<meta::pure::lineage::scanProperties::PropertyPathNode>[*])
SCAN_PROPERTIES__4	meta::pure::lineage::scanProperties::scanProperties	meta::pure::lineage::scanProperties::scanProperties(meta::pure::metamodel::valuespecification::ValueSpecification[1],meta::pure::functions::collection::List<meta::pure::lineage::scanProperties::PropertyPathNode>[1],meta::pure::metamodel::function::Function<meta::pure::metamodel::type::Any>[*],meta::pure::functions::collection::Map<meta::pure::metamodel::type::String, meta::pure::functions::collection::List<meta::pure::lineage::scanProperties::PropertyPathNode>>[0..1])
SCAN_RELATIONS__FUNCTION_DEFINITION_1__MAPPING_1__RUNTIME_1__EXTENSION_MANY	meta::pure::lineage::scanRelations::scanRelations	meta::pure::lineage::scanRelations::scanRelations(meta::pure::metamodel::function::FunctionDefinition<meta::pure::metamodel::type::Any>[1],meta::pure::mapping::Mapping[1],meta::core::runtime::Runtime[1],meta::pure::extension::Extension[*])
SCAN_RELATIONS__FUNCTION_DEFINITION_1__MAPPING_1__EXTENSION_MANY	meta::pure::lineage::scanRelations::scanRelations	meta::pure::lineage::scanRelations::scanRelations(meta::pure::metamodel::function::FunctionDefinition<meta::pure::metamodel::type::Any>[1],meta::pure::mapping::Mapping[1],meta::pure::extension::Extension[*])
FROM__T_m__RUNTIME_1	meta::pure::mapping::from	meta::pure::mapping::from(T[m],meta::core::runtime::Runtime[1])
FROM__T_m__MAPPING_1__RUNTIME_1	meta::pure::mapping::from	meta::pure::mapping::from(T[m],meta::pure::mapping::Mapping[1],meta::core::runtime::Runtime[1])
FROM__T_m__MAPPING_1__PACKAGEABLE_RUNTIME_1	meta::pure::mapping::from	meta::pure::mapping::from(T[m],meta::pure::mapping::Mapping[1],meta::pure::runtime::PackageableRuntime[1])
FROM__T_m__PACKAGEABLE_RUNTIME_1	meta::pure::mapping::from	meta::pure::mapping::from(T[m],meta::pure::runtime::PackageableRuntime[1])
FROM__FN_1__RUNTIME_1	meta::pure::mapping::from	meta::pure::mapping::from(meta::pure::metamodel::function::FunctionDefinition<{->T[m]}>[1],meta::core::runtime::Runtime[1])
FROM__FN_1__PACKAGEABLE_RUNTIME_1	meta::pure::mapping::from	meta::pure::mapping::from(meta::pure::metamodel::function::FunctionDefinition<{->T[m]}>[1],meta::pure::runtime::PackageableRuntime[1])
WITH_CHAINED_MAPPINGS	meta::pure::mapping::withChainedMappings	meta::pure::mapping::withChainedMappings(T[m],meta::pure::mapping::Mapping[*])
WITH_MAPPING	meta::pure::mapping::withMapping	meta::pure::mapping::withMapping(T[m],meta::pure::mapping::Mapping[1])
NEW_TDS_RELATION_ACCESSOR__TDS_1	meta::pure::metamodel::relation::newTDSRelationAccessor	meta::pure::metamodel::relation::newTDSRelationAccessor(meta::pure::metamodel::relation::TDS<T>[1])
ROUTER_EXECUTE__FN_1__MAPPING_1__RUNTIME_1__EXTENSION_MANY__DEBUG_CONTEXT_1	meta::pure::router::execute	meta::pure::router::execute(meta::pure::metamodel::function::FunctionDefinition<{->T[m]}>[1],meta::pure::mapping::Mapping[1],meta::core::runtime::Runtime[1],meta::pure::extension::Extension[*],meta::pure::tools::DebugContext[1])
ROUTER_EXECUTE__FN_1__MAPPING_1__RUNTIME_1__EXTENSION_MANY	meta::pure::router::execute	meta::pure::router::execute(meta::pure::metamodel::function::FunctionDefinition<{->T[y]}>[1],meta::pure::mapping::Mapping[1],meta::core::runtime::Runtime[1],meta::pure::extension::Extension[*])
ROUTER_EXECUTE__FN_1__MAPPING_1__RUNTIME_1__EXECUTION_CONTEXT_1__EXTENSION_MANY	meta::pure::router::execute	meta::pure::router::execute(meta::pure::metamodel::function::FunctionDefinition<{->T[y]}>[1],meta::pure::mapping::Mapping[1],meta::core::runtime::Runtime[1],meta::pure::runtime::ExecutionContext[1],meta::pure::extension::Extension[*])
PREVAL__FUNCTION_DEFINITION_1__EXTENSION_MANY	meta::pure::router::preeval::preval	meta::pure::router::preeval::preval(meta::pure::metamodel::function::FunctionDefinition<T>[1],meta::pure::extension::Extension[*])
PREVAL__FUNCTION_DEFINITION_1__EXTENSION_MANY__DEBUG_CONTEXT_1	meta::pure::router::preeval::preval	meta::pure::router::preeval::preval(meta::pure::metamodel::function::FunctionDefinition<T>[1],meta::pure::extension::Extension[*],meta::pure::tools::DebugContext[1])
ASC__STRING_1	meta::pure::tds::asc	meta::pure::tds::asc(meta::pure::metamodel::type::String[1])
DESC__STRING_1	meta::pure::tds::desc	meta::pure::tds::desc(meta::pure::metamodel::type::String[1])
FIRST_NOT_NULL__T_MANY	meta::pure::tds::extensions::firstNotNull	meta::pure::tds::extensions::firstNotNull(T[*])
TDS_FILTER__TDS_1__FUNCTION_1	meta::pure::tds::filter	meta::pure::tds::filter(meta::pure::tds::TabularDataSet[1],meta::pure::metamodel::function::Function<{meta::pure::tds::TDSRow[1]->meta::pure::metamodel::type::Boolean[1]}>[1])
GROUP_BY__K_MANY__FUNCTION_MANY__AGGREGATE_VALUE_MANY__STRING_MANY	meta::pure::tds::groupBy	meta::pure::tds::groupBy(K[*],meta::pure::metamodel::function::Function<{K[1]->meta::pure::metamodel::type::Any[*]}>[*],meta::pure::functions::collection::AggregateValue<K, V, U>[*],meta::pure::metamodel::type::String[*])
GROUP_BY_WITH_WINDOW_SUBSET__K_MANY__FUNCTION_MANY__AGGREGATE_VALUE_MANY__STRING_MANY__STRING_MANY__STRING_MANY	meta::pure::tds::groupByWithWindowSubset	meta::pure::tds::groupByWithWindowSubset(K[*],meta::pure::metamodel::function::Function<{K[1]->meta::pure::metamodel::type::Any[*]}>[*],meta::pure::functions::collection::AggregateValue<K, V, U>[*],meta::pure::metamodel::type::String[*],meta::pure::metamodel::type::String[*],meta::pure::metamodel::type::String[*])
LIMIT__TDS_1__INTEGER_0_1	meta::pure::tds::limit	meta::pure::tds::limit(meta::pure::tds::TabularDataSet[1],meta::pure::metamodel::type::Integer[0..1])
PROJECT__K_MANY__FUNCTION_MANY__STRING_MANY	meta::pure::tds::project	meta::pure::tds::project(K[*],meta::pure::metamodel::function::Function<{K[1]->meta::pure::metamodel::type::Any[*]}>[*],meta::pure::metamodel::type::String[*])
SORT__TDS_1__STRING_MANY	meta::pure::tds::sort	meta::pure::tds::sort(meta::pure::tds::TabularDataSet[1],meta::pure::metamodel::type::String[*])
SORT__TDS_1__STRING_1__SORT_DIRECTION_1	meta::pure::tds::sort	meta::pure::tds::sort(meta::pure::tds::TabularDataSet[1],meta::pure::metamodel::type::String[1],meta::pure::tds::SortDirection[1])
TABLE_TO_TDS__TABLE_1	meta::pure::tds::tableToTDS	meta::pure::tds::tableToTDS(meta::relational::metamodel::relation::Table[1])
TDS_CONTAINS__T_1__FUNCTION_MANY__STRING_MANY__TDS_1__FUNCTION_1	meta::pure::tds::tdsContains	meta::pure::tds::tdsContains(T[1],meta::pure::metamodel::function::Function<{T[1]->meta::pure::metamodel::type::Any[0..1]}>[*],meta::pure::metamodel::type::String[*],meta::pure::tds::TabularDataSet[1],meta::pure::metamodel::function::Function<{meta::pure::tds::TDSRow[1],meta::pure::tds::TDSRow[1]->meta::pure::metamodel::type::Boolean[1]}>[1])
TDS_CONTAINS__T_1__FUNCTION_MANY__TDS_1	meta::pure::tds::tdsContains	meta::pure::tds::tdsContains(T[1],meta::pure::metamodel::function::Function<{T[1]->meta::pure::metamodel::type::Any[0..1]}>[*],meta::pure::tds::TabularDataSet[1])
TABLE_REFERENCE__DATABASE_1__STRING_1__STRING_1	meta::relational::functions::database::tableReference	meta::relational::functions::database::tableReference(meta::relational::metamodel::Database[1],meta::pure::metamodel::type::String[1],meta::pure::metamodel::type::String[1])
SQL_FALSE	meta::relational::functions::sqlQueryToString::sqlFalse	meta::relational::functions::sqlQueryToString::sqlFalse()
SQL_NULL	meta::relational::functions::sqlQueryToString::sqlNull	meta::relational::functions::sqlQueryToString::sqlNull()
SQL_TRUE	meta::relational::functions::sqlQueryToString::sqlTrue	meta::relational::functions::sqlQueryToString::sqlTrue()
TO_NON_EXECUTABLE_SQL_STRING__FN_1__MAPPING_1__DATABASE_TYPE_1__EXTENSION_MANY	meta::relational::functions::sqlstring::toNonExecutableSQLString	meta::relational::functions::sqlstring::toNonExecutableSQLString(meta::pure::metamodel::function::FunctionDefinition<{->meta::pure::metamodel::type::Any[*]}>[1],meta::pure::mapping::Mapping[1],meta::relational::runtime::DatabaseType[1],meta::pure::extension::Extension[*])
TO_SQL__FN_1__MAPPING_1__RUNTIME_1__EXTENSION_MANY	meta::relational::functions::sqlstring::toSQL	meta::relational::functions::sqlstring::toSQL(meta::pure::metamodel::function::FunctionDefinition<{->meta::pure::metamodel::type::Any[*]}>[1],meta::pure::mapping::Mapping[1],meta::core::runtime::Runtime[1],meta::pure::extension::Extension[*])
TO_SQL_STRING__FN_1__MAPPING_1__DATABASE_TYPE_1__EXTENSION_MANY	meta::relational::functions::sqlstring::toSQLString	meta::relational::functions::sqlstring::toSQLString(meta::pure::metamodel::function::FunctionDefinition<{->meta::pure::metamodel::type::Any[*]}>[1],meta::pure::mapping::Mapping[1],meta::relational::runtime::DatabaseType[1],meta::pure::extension::Extension[*])
TO_SQL_STRING_PRETTY__FN_1__MAPPING_1__RUNTIME_1__EXTENSION_MANY	meta::relational::functions::sqlstring::toSQLStringPretty	meta::relational::functions::sqlstring::toSQLStringPretty(meta::pure::metamodel::function::FunctionDefinition<{->meta::pure::metamodel::type::Any[*]}>[1],meta::pure::mapping::Mapping[1],meta::core::runtime::Runtime[1],meta::pure::extension::Extension[*])
TO_SQL_STRING_PRETTY__FN_1__MAPPING_1__DATABASE_TYPE_1__EXTENSION_MANY	meta::relational::functions::sqlstring::toSQLStringPretty	meta::relational::functions::sqlstring::toSQLStringPretty(meta::pure::metamodel::function::FunctionDefinition<{->meta::pure::metamodel::type::Any[*]}>[1],meta::pure::mapping::Mapping[1],meta::relational::runtime::DatabaseType[1],meta::pure::extension::Extension[*])
DDL_CREATE_SCHEMA_STATEMENT__STRING_1	meta::relational::functions::toDDL::createSchemaStatement	meta::relational::functions::toDDL::createSchemaStatement(meta::pure::metamodel::type::String[1])
DDL_CREATE_TABLE_STATEMENT__DB_1__STRING_1	meta::relational::functions::toDDL::createTableStatement	meta::relational::functions::toDDL::createTableStatement(meta::relational::metamodel::Database[1],meta::pure::metamodel::type::String[1])
DDL_CREATE_TABLE_STATEMENT__DB_1__STRING_1__STRING_1	meta::relational::functions::toDDL::createTableStatement	meta::relational::functions::toDDL::createTableStatement(meta::relational::metamodel::Database[1],meta::pure::metamodel::type::String[1],meta::pure::metamodel::type::String[1])
DROP_AND_CREATE_SCHEMA_IN_DB__STRING_1__CONN_1	meta::relational::functions::toDDL::dropAndCreateSchemaInDb	meta::relational::functions::toDDL::dropAndCreateSchemaInDb(meta::pure::metamodel::type::String[1],meta::external::store::relational::runtime::DatabaseConnection[1])
DROP_AND_CREATE_SCHEMA_IN_DB__STRING_1__CONN_1__BOOLEAN_1	meta::relational::functions::toDDL::dropAndCreateSchemaInDb	meta::relational::functions::toDDL::dropAndCreateSchemaInDb(meta::pure::metamodel::type::String[1],meta::external::store::relational::runtime::DatabaseConnection[1],meta::pure::metamodel::type::Boolean[1])
DROP_AND_CREATE_TABLE_IN_DB__ANY_1__STRING_1__CONN_1	meta::relational::functions::toDDL::dropAndCreateTableInDb	meta::relational::functions::toDDL::dropAndCreateTableInDb(meta::relational::metamodel::Database[1],meta::pure::metamodel::type::String[1],meta::external::store::relational::runtime::DatabaseConnection[1])
DROP_AND_CREATE_TABLE_IN_DB__ANY_1__STRING_1__STRING_1__CONN_1	meta::relational::functions::toDDL::dropAndCreateTableInDb	meta::relational::functions::toDDL::dropAndCreateTableInDb(meta::relational::metamodel::Database[1],meta::pure::metamodel::type::String[1],meta::pure::metamodel::type::String[1],meta::external::store::relational::runtime::DatabaseConnection[1])
DDL_DROP_SCHEMA_STATEMENT__STRING_1	meta::relational::functions::toDDL::dropSchemaStatement	meta::relational::functions::toDDL::dropSchemaStatement(meta::pure::metamodel::type::String[1])
DDL_DROP_TABLE_STATEMENT__DB_1__STRING_1	meta::relational::functions::toDDL::dropTableStatement	meta::relational::functions::toDDL::dropTableStatement(meta::relational::metamodel::Database[1],meta::pure::metamodel::type::String[1])
DDL_DROP_TABLE_STATEMENT__DB_1__STRING_1__STRING_1	meta::relational::functions::toDDL::dropTableStatement	meta::relational::functions::toDDL::dropTableStatement(meta::relational::metamodel::Database[1],meta::pure::metamodel::type::String[1],meta::pure::metamodel::type::String[1])
EXECUTE_IN_DB__STRING_1__CONN_1	meta::relational::metamodel::execute::executeInDb	meta::relational::metamodel::execute::executeInDb(meta::pure::metamodel::type::String[1],meta::external::store::relational::runtime::DatabaseConnection[1])
EXECUTE_IN_DB__STRING_1__CONN_1__INTEGER_1__INTEGER_1	meta::relational::metamodel::execute::executeInDb	meta::relational::metamodel::execute::executeInDb(meta::pure::metamodel::type::String[1],meta::external::store::relational::runtime::DatabaseConnection[1],meta::pure::metamodel::type::Integer[1],meta::pure::metamodel::type::Integer[1])
EXECUTE_IN_DB_TO_TDS__STRING_1__FN_1	meta::relational::metamodel::execute::executeInDbToTDS	meta::relational::metamodel::execute::executeInDbToTDS(meta::pure::metamodel::type::String[1],meta::pure::metamodel::function::Function<{->meta::external::store::relational::runtime::DatabaseConnection[1]}>[1])
FETCH_DB_COLUMNS_META_DATA	meta::relational::metamodel::execute::fetchDbColumnsMetaData	meta::relational::metamodel::execute::fetchDbColumnsMetaData(meta::external::store::relational::runtime::DatabaseConnection[1],meta::pure::metamodel::type::String[0..1],meta::pure::metamodel::type::String[0..1],meta::pure::metamodel::type::String[0..1])
FETCH_DB_PRIMARY_KEYS_META_DATA	meta::relational::metamodel::execute::fetchDbPrimaryKeysMetaData	meta::relational::metamodel::execute::fetchDbPrimaryKeysMetaData(meta::external::store::relational::runtime::DatabaseConnection[1],meta::pure::metamodel::type::String[0..1],meta::pure::metamodel::type::String[1])
FETCH_DB_SCHEMAS_META_DATA	meta::relational::metamodel::execute::fetchDbSchemasMetaData	meta::relational::metamodel::execute::fetchDbSchemasMetaData(meta::external::store::relational::runtime::DatabaseConnection[1],meta::pure::metamodel::type::String[0..1])
FETCH_DB_TABLES_META_DATA	meta::relational::metamodel::execute::fetchDbTablesMetaData	meta::relational::metamodel::execute::fetchDbTablesMetaData(meta::external::store::relational::runtime::DatabaseConnection[1],meta::pure::metamodel::type::String[0..1],meta::pure::metamodel::type::String[0..1])
LOAD_CSV_TO_DB_TABLE__STRING_1__TABLE_1__CONN_1	meta::relational::metamodel::execute::loadCsvToDbTable	meta::relational::metamodel::execute::loadCsvToDbTable(meta::pure::metamodel::type::String[1],meta::relational::metamodel::relation::Table[1],meta::external::store::relational::runtime::DatabaseConnection[1])
CONCATENATE_TEMPORAL_TDS_QUERIES	meta::relational::milestoning::concatenateTemporalTdsQueries	meta::relational::milestoning::concatenateTemporalTdsQueries(meta::pure::metamodel::function::LambdaFunction<{->meta::pure::tds::TabularDataSet[1]}>[*])
EXTRACT_CTES	meta::relational::postProcessor::cteExtraction::extractSubqueriesAsCTEs	meta::relational::postProcessor::cteExtraction::extractSubqueriesAsCTEs(meta::relational::metamodel::relation::SelectSQLQuery[1])
NON_EXECUTABLE_PP	meta::relational::postProcessor::nonExecutable	meta::relational::postProcessor::nonExecutable(meta::relational::metamodel::relation::SelectSQLQuery[1],meta::pure::extension::Extension[*])
REPLACE_TABLES	meta::relational::postProcessor::replaceTables	meta::relational::postProcessor::replaceTables(meta::relational::metamodel::relation::SelectSQLQuery[1],meta::pure::functions::collection::Pair<meta::relational::metamodel::relation::Table, meta::relational::metamodel::relation::Table>[*])
PLAN_TEST_DATA_GENERATION__FUNCTION_DEFINITION_1__MAPPING_1__RUNTIME_1__EXECUTION_CONTEXT_1__TABLE_ROW_IDENTIFIERS_MANY__BOOLEAN_1__EXTENSION_MANY	meta::relational::testDataGeneration::executionPlan::planTestDataGeneration	meta::relational::testDataGeneration::executionPlan::planTestDataGeneration(meta::pure::metamodel::function::FunctionDefinition<meta::pure::metamodel::type::Any>[1],meta::pure::mapping::Mapping[1],meta::core::runtime::Runtime[1],meta::pure::runtime::ExecutionContext[1],meta::relational::testDataGeneration::TableRowIdentifiers[*],meta::pure::metamodel::type::Boolean[1],meta::pure::extension::Extension[*])
PLAN_TEST_DATA_GENERATION__FUNCTION_DEFINITION_1__MAPPING_1__RUNTIME_1__EXECUTION_CONTEXT_1__TABLE_ROW_IDENTIFIERS_MANY__BOOLEAN_1__TEMPORAL_MILESTONING_DATES_0_1__EXTENSION_MANY	meta::relational::testDataGeneration::executionPlan::planTestDataGeneration	meta::relational::testDataGeneration::executionPlan::planTestDataGeneration(meta::pure::metamodel::function::FunctionDefinition<meta::pure::metamodel::type::Any>[1],meta::pure::mapping::Mapping[1],meta::core::runtime::Runtime[1],meta::pure::runtime::ExecutionContext[1],meta::relational::testDataGeneration::TableRowIdentifiers[*],meta::pure::metamodel::type::Boolean[1],meta::relational::testDataGeneration::TemporalMilestoningDates[0..1],meta::pure::extension::Extension[*])
GENERATE_SEED_DATA_STRING__FUNCTION_DEFINITION_1__MAPPING_1__RUNTIME_1__EXECUTION_CONTEXT_1__ANY_MANY__EXTENSION_MANY	meta::relational::testDataGeneration::generateSeedDataString	meta::relational::testDataGeneration::generateSeedDataString(meta::pure::metamodel::function::FunctionDefinition<meta::pure::metamodel::type::Any>[1],meta::pure::mapping::Mapping[1],meta::core::runtime::Runtime[1],meta::pure::runtime::ExecutionContext[1],meta::pure::metamodel::type::Any[*],meta::pure::extension::Extension[*])
GENERATE_TEST_DATA__FUNCTION_DEFINITION_1__MAPPING_1__RUNTIME_1__TABLE_ROW_IDENTIFIERS_MANY__EXTENSION_MANY	meta::relational::testDataGeneration::generateTestData	meta::relational::testDataGeneration::generateTestData(meta::pure::metamodel::function::FunctionDefinition<meta::pure::metamodel::type::Any>[1],meta::pure::mapping::Mapping[1],meta::core::runtime::Runtime[1],meta::relational::testDataGeneration::TableRowIdentifiers[*],meta::pure::extension::Extension[*])
GET_RELATIONAL_CSV_DATA__FN_1__MAPPING_1	meta::relational::testDataGeneration::getRelationalCSVDataFromQuery	meta::relational::testDataGeneration::getRelationalCSVDataFromQuery(meta::pure::metamodel::function::FunctionDefinition<{->meta::pure::tds::TabularDataSet[1]}>[1],meta::pure::mapping::Mapping[1])
TO_CSV__TDS	meta::relational::tests::csv::toCSV	meta::relational::tests::csv::toCSV(meta::pure::tds::TabularDataSet[1])
TO_CSV__TDS_BOOL	meta::relational::tests::csv::toCSV	meta::relational::tests::csv::toCSV(meta::pure::tds::TabularDataSet[1],meta::pure::metamodel::type::Boolean[1])
TO_CSV__TDS_FMT	meta::relational::tests::csv::toCSV	meta::relational::tests::csv::toCSV(meta::pure::tds::TabularDataSet[1],meta::pure::metamodel::type::String[1],meta::pure::metamodel::type::String[1],meta::pure::metamodel::type::Boolean[1])
