trade_id,trade_date,booked_at,region,desk,book,year,quarter,notional,pnl,quantity,settled
100000,2021-02-09,2021-02-09 07:17:00,EMEA,Equities,Alpha Fund,2021,Q1,975593.27,85034.30,330,true
100001,2022-04-08,2022-04-08 04:34:00,APAC,FX,"Smith, ""Big"" Fund",2022,Q2,954478.07,3394.00,45,true
100002,2023-12-08,2023-12-08 13:04:00,AMER,Credit,Alpha Fund,2023,Q4,382614.57,57879.57,118,true
100003,2024-01-15,2024-01-15 18:17:00,EMEA,Credit,O'Brien Holdings,2024,Q1,459266.40,-75092.91,179,true
100004,2025-09-11,2025-09-11 04:08:00,APAC,FX,Beta Fund,2025,Q3,675520.74,-51663.78,193,false
100005,2021-12-03,2021-12-03 03:41:00,AMER,Commodities,O'Brien Holdings,2021,Q4,105154.81,-18251.59,346,true
100006,2022-04-12,2022-04-12 00:51:00,EMEA,FX,O'Brien Holdings,2022,Q2,995331.44,84299.21,397,true
100007,2023-04-18,2023-04-18 13:03:00,APAC,Commodities,"Smith, ""Big"" Fund",2023,Q2,606348.55,95442.69,131,true
100008,2024-03-09,2024-03-09 01:01:00,AMER,Credit,"Smith, ""Big"" Fund",2024,Q1,6209.97,77652.93,39,true
100009,2025-01-19,2025-01-19 08:14:00,EMEA,Credit,Alpha Fund,2025,Q1,520813.08,65857.81,376,true
100010,2021-07-16,2021-07-16 06:39:00,APAC,Commodities,O'Brien Holdings,2021,Q3,783010.10,-72252.83,155,false
100011,2022-03-19,2022-03-19 05:46:00,AMER,Commodities,"Smith, ""Big"" Fund",2022,Q1,729.24,-26578.97,71,true
100012,2023-01-27,2023-01-27 22:59:00,EMEA,Commodities,O'Brien Holdings,2023,Q1,366331.78,-12448.38,41,false
100013,2024-08-20,2024-08-20 00:39:00,APAC,Equities,Beta Fund,2024,Q3,926751.51,-32871.57,117,true
100014,2025-09-10,2025-09-10 09:14:00,AMER,Commodities,Beta Fund,2025,Q3,986771.61,73090.16,380,false
100015,2021-06-18,2021-06-18 02:12:00,EMEA,Rates,O'Brien Holdings,2021,Q2,796973.62,2036.39,419,false
100016,2022-09-19,2022-09-19 06:02:00,APAC,Commodities,"Smith, ""Big"" Fund",2022,Q3,516297.72,54221.25,46,true
100017,2023-06-15,2023-06-15 00:09:00,AMER,Credit,O'Brien Holdings,2023,Q2,865397.47,-99885.27,484,true
100018,2024-08-01,2024-08-01 12:29:00,EMEA,Rates,"Smith, ""Big"" Fund",2024,Q3,196359.48,56009.92,68,false
100019,2025-02-15,2025-02-15 22:48:00,APAC,Rates,Alpha Fund,2025,Q1,848101.50,98578.37,55,true
100020,2021-03-18,2021-03-18 06:02:00,AMER,FX,Beta Fund,2021,Q1,681623.31,44658.36,189,true
100021,2022-03-27,2022-03-27 11:04:00,EMEA,Credit,O'Brien Holdings,2022,Q1,929428.56,18962.51,185,true
100022,2023-09-27,2023-09-27 20:09:00,APAC,FX,Alpha Fund,2023,Q3,574767.30,48098.17,341,true
100023,2024-03-19,2024-03-19 23:50:00,AMER,Rates,Beta Fund,2024,Q1,592752.28,55491.06,447,false
100024,2025-04-17,2025-04-17 17:36:00,EMEA,FX,"Smith, ""Big"" Fund",2025,Q2,2019.66,18969.54,212,false
100025,2021-09-15,2021-09-15 14:49:00,APAC,Equities,Beta Fund,2021,Q3,555530.42,-76299.53,424,true
100026,2022-01-11,2022-01-11 00:41:00,AMER,Commodities,O'Brien Holdings,2022,Q1,73448.96,-13429.20,222,true
100027,2023-08-08,2023-08-08 12:16:00,EMEA,FX,"Smith, ""Big"" Fund",2023,Q3,944349.09,84034.09,109,true
100028,2024-07-06,2024-07-06 16:42:00,APAC,Equities,"Smith, ""Big"" Fund",2024,Q3,828953.86,50026.31,483,true
100029,2025-03-02,2025-03-02 11:51:00,AMER,Commodities,Beta Fund,2025,Q1,976345.08,78161.11,241,true
100030,2021-05-24,2021-05-24 00:23:00,EMEA,FX,"Smith, ""Big"" Fund",2021,Q2,713127.97,-95201.09,31,true
100031,2022-02-18,2022-02-18 12:00:00,APAC,Credit,Alpha Fund,2022,Q1,938610.99,-43339.01,219,false
100032,2023-02-14,2023-02-14 04:27:00,AMER,Equities,O'Brien Holdings,2023,Q1,411388.44,-45357.86,387,true
100033,2024-06-04,2024-06-04 13:41:00,EMEA,Credit,O'Brien Holdings,2024,Q2,283279.26,-18149.50,470,true
100034,2025-03-17,2025-03-17 10:47:00,APAC,Commodities,Beta Fund,2025,Q1,652367.76,66219.09,448,true
100035,2021-12-06,2021-12-06 01:16:00,AMER,Rates,"Smith, ""Big"" Fund",2021,Q4,712173.70,-34830.61,175,true
100036,2022-01-06,2022-01-06 13:36:00,EMEA,FX,Beta Fund,2022,Q1,896165.26,71964.19,476,false
100037,2023-02-23,2023-02-23 08:08:00,APAC,Equities,"Smith, ""Big"" Fund",2023,Q1,671625.34,51044.83,477,true
100038,2024-11-06,2024-11-06 03:29:00,AMER,Commodities,O'Brien Holdings,2024,Q4,725915.62,-88961.80,343,true
100039,2025-03-09,2025-03-09 04:13:00,EMEA,Commodities,Alpha Fund,2025,Q1,833137.19,84682.66,248,true
100040,2021-05-21,2021-05-21 13:39:00,APAC,FX,O'Brien Holdings,2021,Q2,117217.25,94110.89,182,true
100041,2022-08-11,2022-08-11 05:49:00,AMER,Credit,Alpha Fund,2022,Q3,447860.49,35085.89,305,true
100042,2023-01-24,2023-01-24 18:07:00,EMEA,Commodities,O'Brien Holdings,2023,Q1,272877.73,-12840.88,126,true
100043,2024-07-13,2024-07-13 08:14:00,APAC,Commodities,"Smith, ""Big"" Fund",2024,Q3,877277.92,86939.20,131,true
100044,2025-08-18,2025-08-18 10:57:00,AMER,Credit,Beta Fund,2025,Q3,204030.86,54461.90,401,true
100045,2021-01-23,2021-01-23 02:31:00,EMEA,Commodities,"Smith, ""Big"" Fund",2021,Q1,397896.00,29682.42,494,true
100046,2022-08-24,2022-08-24 20:33:00,APAC,Rates,Alpha Fund,2022,Q3,111901.14,-19446.12,302,true
100047,2023-03-28,2023-03-28 07:58:00,AMER,Credit,Alpha Fund,2023,Q1,156391.82,-13010.50,359,false
100048,2024-06-22,2024-06-22 04:49:00,EMEA,Equities,Alpha Fund,2024,Q2,912289.03,46955.13,277,true
100049,2025-04-28,2025-04-28 22:11:00,APAC,FX,O'Brien Holdings,2025,Q2,259503.11,-81600.47,420,true
100050,2021-09-08,2021-09-08 13:29:00,AMER,Equities,O'Brien Holdings,2021,Q3,38341.29,-88200.75,172,true
100051,2022-07-07,2022-07-07 08:31:00,EMEA,Rates,Beta Fund,2022,Q3,293905.64,-74615.67,182,false
100052,2023-03-03,2023-03-03 12:22:00,APAC,FX,O'Brien Holdings,2023,Q1,288913.92,-53560.93,162,false
100053,2024-04-23,2024-04-23 01:49:00,AMER,Credit,Beta Fund,2024,Q2,636237.35,57843.62,190,true
100054,2025-03-23,2025-03-23 01:46:00,EMEA,Equities,Alpha Fund,2025,Q1,54818.14,-29779.47,14,true
100055,2021-10-09,2021-10-09 17:41:00,APAC,Rates,Alpha Fund,2021,Q4,247772.88,17071.00,266,true
100056,2022-01-15,2022-01-15 18:20:00,AMER,Equities,"Smith, ""Big"" Fund",2022,Q1,7364.89,-19566.26,368,false
100057,2023-11-02,2023-11-02 19:53:00,EMEA,Rates,O'Brien Holdings,2023,Q4,76204.23,25354.75,198,true
100058,2024-12-03,2024-12-03 21:03:00,APAC,FX,"Smith, ""Big"" Fund",2024,Q4,437808.10,-18456.66,23,true
100059,2025-08-27,2025-08-27 08:29:00,AMER,FX,"Smith, ""Big"" Fund",2025,Q3,953078.31,48013.46,411,false
100060,2021-04-01,2021-04-01 16:32:00,EMEA,Credit,Beta Fund,2021,Q2,99765.86,92341.20,370,true
100061,2022-08-15,2022-08-15 18:32:00,APAC,Commodities,Beta Fund,2022,Q3,70286.82,17649.65,403,true
100062,2023-07-21,2023-07-21 02:36:00,AMER,Commodities,Alpha Fund,2023,Q3,79789.26,3699.30,407,true
100063,2024-07-18,2024-07-18 06:37:00,EMEA,Equities,O'Brien Holdings,2024,Q3,531407.26,55066.69,475,true
100064,2025-07-03,2025-07-03 00:06:00,APAC,Rates,Alpha Fund,2025,Q3,359802.08,-44733.96,466,true
100065,2021-11-06,2021-11-06 12:11:00,AMER,Equities,Alpha Fund,2021,Q4,60733.40,-50004.80,395,false
100066,2022-01-10,2022-01-10 01:32:00,EMEA,Credit,"Smith, ""Big"" Fund",2022,Q1,849099.71,22571.08,387,true
100067,2023-05-23,2023-05-23 23:05:00,APAC,Credit,Alpha Fund,2023,Q2,492379.12,10097.00,396,false
100068,2024-04-02,2024-04-02 16:31:00,AMER,Equities,Alpha Fund,2024,Q2,69849.51,53546.57,147,true
100069,2025-05-17,2025-05-17 22:06:00,EMEA,Equities,Beta Fund,2025,Q2,749332.70,-92527.05,8,true
100070,2021-05-26,2021-05-26 20:54:00,APAC,Commodities,Alpha Fund,2021,Q2,604881.93,-81989.62,118,true
100071,2022-09-04,2022-09-04 03:04:00,AMER,FX,O'Brien Holdings,2022,Q3,959268.63,63774.66,21,true
100072,2023-01-06,2023-01-06 08:10:00,EMEA,FX,O'Brien Holdings,2023,Q1,32730.78,-21584.89,410,false
100073,2024-10-20,2024-10-20 03:35:00,APAC,Equities,Beta Fund,2024,Q4,676131.19,72637.04,230,true
100074,2025-02-04,2025-02-04 15:29:00,AMER,Commodities,O'Brien Holdings,2025,Q1,428637.30,27215.63,267,true
100075,2021-12-16,2021-12-16 13:34:00,EMEA,Rates,Alpha Fund,2021,Q4,848195.12,59638.04,94,false
100076,2022-08-01,2022-08-01 22:34:00,APAC,Commodities,O'Brien Holdings,2022,Q3,204924.67,84437.60,227,false
100077,2023-12-02,2023-12-02 14:11:00,AMER,Credit,"Smith, ""Big"" Fund",2023,Q4,222842.95,12621.56,139,true
100078,2024-09-24,2024-09-24 22:11:00,EMEA,Commodities,Alpha Fund,2024,Q3,39805.06,-84932.70,45,true
100079,2025-01-18,2025-01-18 02:37:00,APAC,Credit,Beta Fund,2025,Q1,303951.96,97205.19,257,true
100080,2021-01-15,2021-01-15 10:42:00,AMER,FX,"Smith, ""Big"" Fund",2021,Q1,173662.44,-77609.32,276,false
100081,2022-10-16,2022-10-16 05:16:00,EMEA,Commodities,O'Brien Holdings,2022,Q4,883215.50,92644.34,278,true
100082,2023-01-07,2023-01-07 00:57:00,APAC,Rates,O'Brien Holdings,2023,Q1,502183.50,7830.35,286,false
100083,2024-12-05,2024-12-05 23:42:00,AMER,FX,"Smith, ""Big"" Fund",2024,Q4,918379.57,56831.09,236,true
100084,2025-03-08,2025-03-08 13:32:00,EMEA,Commodities,"Smith, ""Big"" Fund",2025,Q1,599184.01,48666.47,119,false
100085,2021-03-13,2021-03-13 15:37:00,APAC,Commodities,Alpha Fund,2021,Q1,839065.72,-47383.72,427,false
100086,2022-11-10,2022-11-10 17:47:00,AMER,Equities,O'Brien Holdings,2022,Q4,876585.96,29558.29,377,true
100087,2023-03-11,2023-03-11 07:59:00,EMEA,Equities,Beta Fund,2023,Q1,687968.91,93422.47,473,true
100088,2024-03-06,2024-03-06 22:34:00,APAC,Rates,"Smith, ""Big"" Fund",2024,Q1,808493.93,-92806.80,97,true
100089,2025-11-22,2025-11-22 05:30:00,AMER,Equities,Beta Fund,2025,Q4,466060.94,-97132.18,112,true
100090,2021-02-28,2021-02-28 21:06:00,EMEA,Equities,O'Brien Holdings,2021,Q1,506844.41,15494.30,387,true
100091,2022-12-13,2022-12-13 11:44:00,APAC,FX,"Smith, ""Big"" Fund",2022,Q4,782175.10,-94920.38,111,true
100092,2023-11-08,2023-11-08 04:49:00,AMER,Commodities,Beta Fund,2023,Q4,582778.99,66135.37,306,false
100093,2024-01-18,2024-01-18 03:18:00,EMEA,Credit,"Smith, ""Big"" Fund",2024,Q1,470296.40,-8204.71,453,false
100094,2025-10-18,2025-10-18 23:22:00,APAC,Commodities,"Smith, ""Big"" Fund",2025,Q4,974566.41,-30519.17,334,true
100095,2021-02-08,2021-02-08 00:06:00,AMER,Rates,"Smith, ""Big"" Fund",2021,Q1,714165.69,53549.32,398,false
100096,2022-07-13,2022-07-13 05:11:00,EMEA,Equities,O'Brien Holdings,2022,Q3,437482.03,5736.81,10,true
100097,2023-03-23,2023-03-23 03:20:00,APAC,Credit,"Smith, ""Big"" Fund",2023,Q1,333150.31,-72260.47,350,true
100098,2024-06-04,2024-06-04 12:15:00,AMER,Credit,Beta Fund,2024,Q2,547289.51,-37598.54,393,true
100099,2025-07-28,2025-07-28 17:21:00,EMEA,Credit,"Smith, ""Big"" Fund",2025,Q3,491624.47,-44677.59,386,true
100100,2021-09-19,2021-09-19 16:48:00,APAC,FX,Beta Fund,2021,Q3,108938.73,-80855.29,223,true
100101,2022-04-24,2022-04-24 12:13:00,AMER,Commodities,Beta Fund,2022,Q2,788822.37,10298.54,400,false
100102,2023-12-17,2023-12-17 01:55:00,EMEA,Equities,Alpha Fund,2023,Q4,346521.25,-80773.18,326,true
100103,2024-02-13,2024-02-13 07:43:00,APAC,Equities,"Smith, ""Big"" Fund",2024,Q1,611799.86,30908.94,300,true
100104,2025-04-08,2025-04-08 07:50:00,AMER,FX,O'Brien Holdings,2025,Q2,972981.33,-59006.80,436,true
100105,2021-02-11,2021-02-11 08:29:00,EMEA,Rates,Alpha Fund,2021,Q1,263047.17,-40420.63,454,true
100106,2022-11-20,2022-11-20 13:13:00,APAC,Rates,O'Brien Holdings,2022,Q4,7099.22,78823.67,433,true
100107,2023-06-07,2023-06-07 08:47:00,AMER,Rates,Beta Fund,2023,Q2,537459.45,38429.86,410,true
100108,2024-08-07,2024-08-07 02:31:00,EMEA,Rates,Alpha Fund,2024,Q3,405008.79,22136.17,194,true
100109,2025-12-17,2025-12-17 03:01:00,APAC,Rates,Beta Fund,2025,Q4,760517.43,78142.81,58,true
100110,2021-02-24,2021-02-24 00:41:00,AMER,Commodities,Beta Fund,2021,Q1,978169.64,33150.68,332,true
100111,2022-03-03,2022-03-03 10:31:00,EMEA,Credit,Alpha Fund,2022,Q1,12849.14,84182.18,66,true
100112,2023-12-16,2023-12-16 15:30:00,APAC,Rates,Alpha Fund,2023,Q4,121207.21,-32114.26,357,true
100113,2024-04-17,2024-04-17 05:46:00,AMER,Credit,Alpha Fund,2024,Q2,16469.56,18939.11,454,true
100114,2025-11-18,2025-11-18 08:53:00,EMEA,Credit,"Smith, ""Big"" Fund",2025,Q4,853229.34,28528.00,16,true
100115,2021-10-16,2021-10-16 00:47:00,APAC,FX,Beta Fund,2021,Q4,838397.00,-80830.01,296,true
100116,2022-03-01,2022-03-01 17:25:00,AMER,Rates,O'Brien Holdings,2022,Q1,519366.44,60703.73,239,true
100117,2023-08-27,2023-08-27 17:23:00,EMEA,Commodities,O'Brien Holdings,2023,Q3,444108.88,1234.46,491,true
100118,2024-04-03,2024-04-03 18:55:00,APAC,Credit,O'Brien Holdings,2024,Q2,43449.74,51166.16,495,true
100119,2025-09-02,2025-09-02 05:08:00,AMER,Equities,Beta Fund,2025,Q3,842149.67,2473.14,48,true
100120,2021-08-14,2021-08-14 20:13:00,EMEA,FX,O'Brien Holdings,2021,Q3,686968.54,-42762.89,17,true
100121,2022-10-27,2022-10-27 04:25:00,APAC,Rates,O'Brien Holdings,2022,Q4,47979.24,89288.34,140,false
100122,2023-10-05,2023-10-05 18:42:00,AMER,FX,"Smith, ""Big"" Fund",2023,Q4,971241.29,-74815.95,195,true
100123,2024-09-23,2024-09-23 19:41:00,EMEA,Rates,"Smith, ""Big"" Fund",2024,Q3,711610.28,-63619.92,71,false
100124,2025-12-08,2025-12-08 17:15:00,APAC,Equities,Beta Fund,2025,Q4,598298.55,95865.88,436,true
100125,2021-12-23,2021-12-23 11:40:00,AMER,Equities,"Smith, ""Big"" Fund",2021,Q4,949763.37,-69087.24,482,false
100126,2022-11-26,2022-11-26 23:48:00,EMEA,Credit,"Smith, ""Big"" Fund",2022,Q4,59036.39,-95807.65,55,true
100127,2023-03-22,2023-03-22 20:24:00,APAC,Credit,Alpha Fund,2023,Q1,146025.81,50888.32,357,true
100128,2024-03-12,2024-03-12 19:41:00,AMER,FX,O'Brien Holdings,2024,Q1,579164.16,61085.18,353,true
100129,2025-04-01,2025-04-01 05:29:00,EMEA,Commodities,Beta Fund,2025,Q2,913206.48,-40586.17,456,true
100130,2021-07-27,2021-07-27 00:33:00,APAC,Credit,Beta Fund,2021,Q3,319358.07,38147.50,493,false
100131,2022-09-04,2022-09-04 01:50:00,AMER,Rates,Beta Fund,2022,Q3,976584.29,-96267.75,442,true
100132,2023-10-27,2023-10-27 08:10:00,EMEA,Commodities,Beta Fund,2023,Q4,933288.62,-87475.81,63,true
100133,2024-09-23,2024-09-23 19:52:00,APAC,Equities,Beta Fund,2024,Q3,710567.58,89828.20,189,false
100134,2025-02-13,2025-02-13 14:42:00,AMER,Commodities,Beta Fund,2025,Q1,917009.55,-58773.24,230,false
100135,2021-08-19,2021-08-19 02:06:00,EMEA,Rates,Alpha Fund,2021,Q3,125846.38,4709.69,421,true
100136,2022-11-13,2022-11-13 23:19:00,APAC,Equities,Beta Fund,2022,Q4,131352.37,56641.68,420,true
100137,2023-05-08,2023-05-08 12:00:00,AMER,Commodities,Alpha Fund,2023,Q2,170317.42,71134.16,232,false
100138,2024-03-14,2024-03-14 17:17:00,EMEA,FX,O'Brien Holdings,2024,Q1,465954.70,5175.76,24,true
100139,2025-01-15,2025-01-15 11:00:00,APAC,Rates,"Smith, ""Big"" Fund",2025,Q1,801036.63,68615.02,145,true
100140,2021-03-07,2021-03-07 07:15:00,AMER,Credit,Alpha Fund,2021,Q1,14925.54,31491.07,199,true
100141,2022-12-02,2022-12-02 05:32:00,EMEA,Rates,"Smith, ""Big"" Fund",2022,Q4,808091.31,17575.15,166,true
100142,2023-03-21,2023-03-21 14:34:00,APAC,Rates,Beta Fund,2023,Q1,437498.53,24821.65,322,true
100143,2024-11-13,2024-11-13 18:30:00,AMER,FX,O'Brien Holdings,2024,Q4,992090.71,-38387.58,161,true
100144,2025-08-19,2025-08-19 20:44:00,EMEA,Rates,"Smith, ""Big"" Fund",2025,Q3,211591.93,21536.98,326,false
100145,2021-10-10,2021-10-10 00:09:00,APAC,FX,"Smith, ""Big"" Fund",2021,Q4,658009.04,-6217.29,69,true
100146,2022-03-10,2022-03-10 12:25:00,AMER,Commodities,Alpha Fund,2022,Q1,212566.21,88978.30,449,false
100147,2023-05-12,2023-05-12 09:56:00,EMEA,FX,"Smith, ""Big"" Fund",2023,Q2,253053.59,-46359.15,475,true
100148,2024-11-22,2024-11-22 10:04:00,APAC,Commodities,O'Brien Holdings,2024,Q4,940075.19,10695.51,278,true
100149,2025-03-25,2025-03-25 00:56:00,AMER,FX,O'Brien Holdings,2025,Q1,372901.37,37860.32,107,true
100150,2021-04-15,2021-04-15 23:05:00,EMEA,Rates,Beta Fund,2021,Q2,621696.36,14838.64,396,true
100151,2022-12-01,2022-12-01 00:12:00,APAC,Rates,O'Brien Holdings,2022,Q4,583049.40,37375.89,215,true
100152,2023-03-28,2023-03-28 15:20:00,AMER,FX,"Smith, ""Big"" Fund",2023,Q1,391748.59,-30663.63,367,true
100153,2024-12-16,2024-12-16 20:52:00,EMEA,Rates,Beta Fund,2024,Q4,315967.66,-17234.60,476,false
100154,2025-12-06,2025-12-06 03:22:00,APAC,Equities,Beta Fund,2025,Q4,924904.28,18940.47,274,true
100155,2021-12-23,2021-12-23 23:55:00,AMER,Commodities,Alpha Fund,2021,Q4,915851.32,-51930.61,379,true
100156,2022-08-09,2022-08-09 21:32:00,EMEA,FX,Alpha Fund,2022,Q3,603682.29,85703.78,349,true
100157,2023-07-06,2023-07-06 01:44:00,APAC,Equities,Beta Fund,2023,Q3,168573.03,47225.02,408,true
100158,2024-07-18,2024-07-18 05:50:00,AMER,Commodities,"Smith, ""Big"" Fund",2024,Q3,96223.56,-86206.37,314,true
100159,2025-01-04,2025-01-04 07:09:00,EMEA,Commodities,"Smith, ""Big"" Fund",2025,Q1,893129.86,-32546.12,125,true
100160,2021-01-28,2021-01-28 06:28:00,APAC,Rates,"Smith, ""Big"" Fund",2021,Q1,228215.36,57388.25,493,true
100161,2022-07-12,2022-07-12 11:15:00,AMER,FX,"Smith, ""Big"" Fund",2022,Q3,328060.39,-76482.52,299,false
100162,2023-10-28,2023-10-28 01:04:00,EMEA,Commodities,Beta Fund,2023,Q4,509794.23,2521.66,376,true
100163,2024-07-25,2024-07-25 08:55:00,APAC,Equities,Alpha Fund,2024,Q3,9456.95,-26434.68,114,false
100164,2025-07-14,2025-07-14 10:02:00,AMER,Equities,Beta Fund,2025,Q3,981208.60,-90388.66,58,true
100165,2021-08-26,2021-08-26 00:37:00,EMEA,FX,Beta Fund,2021,Q3,741135.49,-38738.60,102,true
100166,2022-09-21,2022-09-21 18:30:00,APAC,Equities,Alpha Fund,2022,Q3,63964.56,84050.10,495,true
100167,2023-09-02,2023-09-02 22:20:00,AMER,FX,"Smith, ""Big"" Fund",2023,Q3,532.86,89180.07,440,false
100168,2024-11-23,2024-11-23 14:05:00,EMEA,Commodities,O'Brien Holdings,2024,Q4,819915.05,-14066.84,33,false
100169,2025-11-05,2025-11-05 20:44:00,APAC,Commodities,Alpha Fund,2025,Q4,28032.59,41850.44,431,true
100170,2021-03-18,2021-03-18 00:10:00,AMER,Rates,Beta Fund,2021,Q1,571177.10,-66478.68,77,true
100171,2022-12-07,2022-12-07 14:00:00,EMEA,Credit,"Smith, ""Big"" Fund",2022,Q4,529424.56,-92113.45,491,false
100172,2023-02-20,2023-02-20 05:07:00,APAC,FX,Alpha Fund,2023,Q1,330468.27,-15080.59,265,false
100173,2024-05-17,2024-05-17 04:42:00,AMER,Commodities,Beta Fund,2024,Q2,627851.56,-952.44,420,false
100174,2025-10-02,2025-10-02 07:34:00,EMEA,Credit,"Smith, ""Big"" Fund",2025,Q4,553061.72,-57901.23,379,true
100175,2021-03-24,2021-03-24 16:00:00,APAC,Commodities,Beta Fund,2021,Q1,283992.18,-58309.17,43,true
100176,2022-01-27,2022-01-27 22:43:00,AMER,Equities,O'Brien Holdings,2022,Q1,336843.54,53433.18,285,true
100177,2023-02-20,2023-02-20 02:47:00,EMEA,Credit,"Smith, ""Big"" Fund",2023,Q1,957502.36,-15050.28,279,true
100178,2024-05-27,2024-05-27 22:38:00,APAC,Commodities,Alpha Fund,2024,Q2,351896.48,38048.92,246,true
100179,2025-06-21,2025-06-21 03:26:00,AMER,Rates,Alpha Fund,2025,Q2,586139.77,70242.65,412,true
100180,2021-03-26,2021-03-26 09:38:00,EMEA,Rates,"Smith, ""Big"" Fund",2021,Q1,762172.83,73906.84,125,true
100181,2022-06-26,2022-06-26 03:38:00,APAC,Commodities,Alpha Fund,2022,Q2,423267.17,7326.42,420,true
100182,2023-03-27,2023-03-27 01:57:00,AMER,FX,Alpha Fund,2023,Q1,585486.04,3518.04,212,true
100183,2024-07-14,2024-07-14 08:17:00,EMEA,Credit,O'Brien Holdings,2024,Q3,52076.44,21008.13,147,false
100184,2025-04-22,2025-04-22 07:41:00,APAC,FX,Alpha Fund,2025,Q2,397085.64,-8167.75,129,false
100185,2021-04-02,2021-04-02 18:14:00,AMER,Credit,O'Brien Holdings,2021,Q2,552074.27,74897.26,213,true
100186,2022-04-04,2022-04-04 02:20:00,EMEA,Commodities,"Smith, ""Big"" Fund",2022,Q2,578248.92,-24389.63,436,true
100187,2023-05-25,2023-05-25 14:26:00,APAC,Equities,Alpha Fund,2023,Q2,582688.83,-32311.25,151,true
100188,2024-11-22,2024-11-22 19:30:00,AMER,FX,Beta Fund,2024,Q4,393668.67,47753.81,283,false
100189,2025-05-19,2025-05-19 12:29:00,EMEA,Rates,"Smith, ""Big"" Fund",2025,Q2,397982.73,44349.21,122,true
100190,2021-10-15,2021-10-15 00:51:00,APAC,Rates,"Smith, ""Big"" Fund",2021,Q4,931115.87,93905.00,99,false
100191,2022-05-23,2022-05-23 10:45:00,AMER,Commodities,Beta Fund,2022,Q2,340158.79,50805.45,229,true
100192,2023-07-25,2023-07-25 05:51:00,EMEA,FX,Beta Fund,2023,Q3,187726.14,69792.96,436,true
100193,2024-08-22,2024-08-22 22:10:00,APAC,Equities,Beta Fund,2024,Q3,901709.94,-7861.99,266,true
100194,2025-03-03,2025-03-03 15:58:00,AMER,Commodities,Alpha Fund,2025,Q1,161661.76,-23975.26,226,true
100195,2021-03-22,2021-03-22 22:41:00,EMEA,Rates,"Smith, ""Big"" Fund",2021,Q1,952866.52,61786.34,451,true
100196,2022-08-16,2022-08-16 08:31:00,APAC,FX,"Smith, ""Big"" Fund",2022,Q3,383872.91,56445.63,436,true
100197,2023-01-11,2023-01-11 16:12:00,AMER,Equities,O'Brien Holdings,2023,Q1,156243.90,-82494.63,341,true
100198,2024-09-06,2024-09-06 12:31:00,EMEA,FX,"Smith, ""Big"" Fund",2024,Q3,826233.35,-16575.25,385,true
100199,2025-10-25,2025-10-25 17:24:00,APAC,Rates,Alpha Fund,2025,Q4,975214.96,36174.76,425,true
100200,2021-08-04,2021-08-04 22:50:00,AMER,FX,Beta Fund,2021,Q3,502485.18,32732.07,164,true
100201,2022-12-12,2022-12-12 04:52:00,EMEA,Credit,Alpha Fund,2022,Q4,770256.79,-51447.76,114,true
100202,2023-08-19,2023-08-19 11:28:00,APAC,Credit,Beta Fund,2023,Q3,354751.32,32041.28,141,false
100203,2024-04-27,2024-04-27 20:28:00,AMER,Credit,Alpha Fund,2024,Q2,128768.86,76091.36,308,true
100204,2025-10-06,2025-10-06 18:59:00,EMEA,Equities,"Smith, ""Big"" Fund",2025,Q4,758420.71,-70138.80,281,true
100205,2021-06-25,2021-06-25 03:50:00,APAC,Credit,Alpha Fund,2021,Q2,152323.55,-13989.27,60,true
100206,2022-02-01,2022-02-01 12:27:00,AMER,Rates,Beta Fund,2022,Q1,469675.99,-86907.00,495,true
100207,2023-05-19,2023-05-19 18:40:00,EMEA,Rates,Alpha Fund,2023,Q2,882728.20,60717.29,15,true
100208,2024-05-21,2024-05-21 20:08:00,APAC,Rates,Alpha Fund,2024,Q2,740508.64,95455.93,166,true
100209,2025-06-17,2025-06-17 19:51:00,AMER,Credit,"Smith, ""Big"" Fund",2025,Q2,403738.10,37268.57,303,false
100210,2021-01-15,2021-01-15 16:14:00,EMEA,FX,Beta Fund,2021,Q1,238920.77,-76665.56,387,true
100211,2022-03-20,2022-03-20 21:21:00,APAC,Equities,"Smith, ""Big"" Fund",2022,Q1,495772.98,894.25,319,true
100212,2023-12-07,2023-12-07 05:21:00,AMER,Equities,Alpha Fund,2023,Q4,582344.26,80188.77,238,true
100213,2024-03-04,2024-03-04 02:15:00,EMEA,Equities,"Smith, ""Big"" Fund",2024,Q1,912818.72,-53406.84,441,true
100214,2025-03-19,2025-03-19 19:25:00,APAC,Credit,"Smith, ""Big"" Fund",2025,Q1,428610.03,-64210.89,250,true
100215,2021-06-13,2021-06-13 23:17:00,AMER,FX,"Smith, ""Big"" Fund",2021,Q2,865155.69,-93435.16,407,true
100216,2022-03-08,2022-03-08 08:47:00,EMEA,Rates,O'Brien Holdings,2022,Q1,513136.06,-28370.88,294,false
100217,2023-01-21,2023-01-21 18:50:00,APAC,Equities,"Smith, ""Big"" Fund",2023,Q1,264497.15,43295.93,464,false
100218,2024-06-12,2024-06-12 21:15:00,AMER,FX,O'Brien Holdings,2024,Q2,771009.74,-13848.93,121,false
100219,2025-07-16,2025-07-16 15:42:00,EMEA,Rates,"Smith, ""Big"" Fund",2025,Q3,87884.25,45951.03,278,true
100220,2021-05-23,2021-05-23 07:57:00,APAC,Equities,O'Brien Holdings,2021,Q2,112867.28,60566.90,107,true
100221,2022-07-14,2022-07-14 09:10:00,AMER,Equities,Alpha Fund,2022,Q3,71331.78,51564.72,188,true
100222,2023-01-16,2023-01-16 04:21:00,EMEA,FX,Alpha Fund,2023,Q1,462665.80,-90105.94,461,false
100223,2024-12-01,2024-12-01 11:14:00,APAC,Equities,O'Brien Holdings,2024,Q4,183723.77,89994.77,307,true
100224,2025-09-17,2025-09-17 14:44:00,AMER,FX,Alpha Fund,2025,Q3,934509.89,58901.51,124,false
100225,2021-02-20,2021-02-20 03:29:00,EMEA,FX,Alpha Fund,2021,Q1,748801.16,-66739.69,370,true
100226,2022-09-17,2022-09-17 18:09:00,APAC,Credit,Alpha Fund,2022,Q3,88234.45,-94195.03,147,true
100227,2023-12-19,2023-12-19 08:34:00,AMER,Equities,Alpha Fund,2023,Q4,666694.51,-74939.06,135,true
100228,2024-10-26,2024-10-26 19:24:00,EMEA,Equities,"Smith, ""Big"" Fund",2024,Q4,301401.04,25244.52,153,false
100229,2025-03-23,2025-03-23 16:10:00,APAC,Commodities,"Smith, ""Big"" Fund",2025,Q1,228025.66,-92012.11,212,true
100230,2021-02-11,2021-02-11 11:34:00,AMER,Commodities,"Smith, ""Big"" Fund",2021,Q1,604073.87,-23309.07,71,true
100231,2022-08-20,2022-08-20 12:55:00,EMEA,Equities,Beta Fund,2022,Q3,860186.68,-41010.54,49,true
100232,2023-06-25,2023-06-25 16:15:00,APAC,Credit,Alpha Fund,2023,Q2,68298.70,81406.91,454,true
100233,2024-05-14,2024-05-14 06:24:00,AMER,Rates,"Smith, ""Big"" Fund",2024,Q2,943569.86,-10460.71,62,false
100234,2025-11-20,2025-11-20 02:20:00,EMEA,FX,O'Brien Holdings,2025,Q4,229787.00,-19498.02,398,true
100235,2021-07-16,2021-07-16 06:50:00,APAC,Credit,"Smith, ""Big"" Fund",2021,Q3,980272.65,-24536.10,275,true
100236,2022-06-18,2022-06-18 00:57:00,AMER,Commodities,O'Brien Holdings,2022,Q2,521565.43,39136.00,234,true
100237,2023-12-08,2023-12-08 12:51:00,EMEA,Equities,Alpha Fund,2023,Q4,812248.90,-1493.47,352,true
100238,2024-01-26,2024-01-26 20:52:00,APAC,FX,Beta Fund,2024,Q1,678648.79,-36412.09,448,true
100239,2025-12-09,2025-12-09 15:46:00,AMER,FX,O'Brien Holdings,2025,Q4,890751.87,27443.39,91,true
100240,2021-03-22,2021-03-22 01:07:00,EMEA,Commodities,Beta Fund,2021,Q1,721992.82,-60684.03,145,true
100241,2022-03-18,2022-03-18 19:35:00,APAC,Credit,O'Brien Holdings,2022,Q1,100163.99,46144.15,30,true
100242,2023-11-27,2023-11-27 01:40:00,AMER,FX,Alpha Fund,2023,Q4,65797.25,-79398.48,356,true
100243,2024-01-08,2024-01-08 12:32:00,EMEA,Rates,"Smith, ""Big"" Fund",2024,Q1,33241.31,91284.52,412,true
100244,2025-12-03,2025-12-03 18:21:00,APAC,FX,"Smith, ""Big"" Fund",2025,Q4,315948.15,29054.47,180,true
100245,2021-11-28,2021-11-28 14:57:00,AMER,Equities,Beta Fund,2021,Q4,498801.45,-19030.41,349,true
100246,2022-07-23,2022-07-23 14:45:00,EMEA,Rates,Beta Fund,2022,Q3,787850.10,13281.03,385,true
100247,2023-02-17,2023-02-17 05:27:00,APAC,Rates,"Smith, ""Big"" Fund",2023,Q1,385757.23,82920.20,373,true
100248,2024-10-14,2024-10-14 22:37:00,AMER,Rates,"Smith, ""Big"" Fund",2024,Q4,154227.94,-31622.29,498,true
100249,2025-12-16,2025-12-16 07:45:00,EMEA,Credit,"Smith, ""Big"" Fund",2025,Q4,87916.11,-51892.29,408,true
100250,2021-12-25,2021-12-25 06:32:00,APAC,FX,"Smith, ""Big"" Fund",2021,Q4,804143.15,56011.70,47,false
100251,2022-12-21,2022-12-21 00:19:00,AMER,Rates,O'Brien Holdings,2022,Q4,596649.25,-3533.80,229,false
100252,2023-01-25,2023-01-25 20:37:00,EMEA,Rates,O'Brien Holdings,2023,Q1,798244.58,-16679.25,128,true
100253,2024-04-08,2024-04-08 04:04:00,APAC,FX,O'Brien Holdings,2024,Q2,705212.49,2192.24,293,true
100254,2025-06-10,2025-06-10 04:45:00,AMER,Equities,O'Brien Holdings,2025,Q2,946885.94,63405.57,116,false
100255,2021-03-17,2021-03-17 20:34:00,EMEA,Equities,"Smith, ""Big"" Fund",2021,Q1,953519.63,-55052.14,275,true
100256,2022-06-06,2022-06-06 00:40:00,APAC,Rates,Alpha Fund,2022,Q2,200571.66,31870.95,6,true
100257,2023-08-12,2023-08-12 17:03:00,AMER,Commodities,"Smith, ""Big"" Fund",2023,Q3,881211.65,28915.91,488,true
100258,2024-05-20,2024-05-20 22:21:00,EMEA,Equities,Beta Fund,2024,Q2,15603.38,-89406.97,361,true
100259,2025-07-01,2025-07-01 10:27:00,APAC,FX,Beta Fund,2025,Q3,20630.51,74343.12,443,true
100260,2021-04-11,2021-04-11 01:27:00,AMER,Equities,O'Brien Holdings,2021,Q2,135301.84,49441.30,422,true
100261,2022-11-10,2022-11-10 14:47:00,EMEA,Equities,O'Brien Holdings,2022,Q4,583579.98,-84581.24,75,true
100262,2023-02-19,2023-02-19 00:13:00,APAC,Rates,"Smith, ""Big"" Fund",2023,Q1,864395.95,-20944.23,362,true
100263,2024-12-03,2024-12-03 01:52:00,AMER,Rates,"Smith, ""Big"" Fund",2024,Q4,60204.17,64584.85,108,true
100264,2025-06-28,2025-06-28 07:27:00,EMEA,Equities,Beta Fund,2025,Q2,561462.43,-8738.94,228,false
100265,2021-09-03,2021-09-03 21:45:00,APAC,Equities,Alpha Fund,2021,Q3,288569.55,63271.45,12,false
100266,2022-11-26,2022-11-26 04:15:00,AMER,FX,Beta Fund,2022,Q4,392948.67,25747.59,237,false
100267,2023-11-02,2023-11-02 00:20:00,EMEA,Rates,Alpha Fund,2023,Q4,859950.47,-65825.61,159,false
100268,2024-03-23,2024-03-23 21:42:00,APAC,Credit,"Smith, ""Big"" Fund",2024,Q1,201966.48,-53214.13,78,true
100269,2025-01-05,2025-01-05 13:54:00,AMER,Equities,O'Brien Holdings,2025,Q1,974623.43,93258.80,109,true
100270,2021-03-28,2021-03-28 00:04:00,EMEA,Equities,Beta Fund,2021,Q1,753080.50,17091.93,272,true
100271,2022-02-26,2022-02-26 09:59:00,APAC,FX,O'Brien Holdings,2022,Q1,322332.66,88380.64,97,true
100272,2023-09-27,2023-09-27 08:54:00,AMER,Equities,"Smith, ""Big"" Fund",2023,Q3,681141.62,89583.15,318,true
100273,2024-07-25,2024-07-25 09:32:00,EMEA,Rates,Alpha Fund,2024,Q3,755177.01,-90938.32,43,true
100274,2025-02-04,2025-02-04 00:57:00,APAC,Credit,O'Brien Holdings,2025,Q1,249172.47,-55961.48,392,true
100275,2021-06-20,2021-06-20 22:12:00,AMER,Credit,Alpha Fund,2021,Q2,63489.98,-53139.99,2,true
100276,2022-08-11,2022-08-11 12:53:00,EMEA,Equities,"Smith, ""Big"" Fund",2022,Q3,30334.22,46894.76,480,true
100277,2023-02-20,2023-02-20 07:59:00,APAC,Equities,O'Brien Holdings,2023,Q1,70203.93,31891.42,170,true
100278,2024-07-09,2024-07-09 11:59:00,AMER,Rates,Alpha Fund,2024,Q3,594143.24,-36173.96,12,true
100279,2025-06-16,2025-06-16 03:20:00,EMEA,Rates,Beta Fund,2025,Q2,693119.25,56895.09,196,true
100280,2021-12-13,2021-12-13 14:43:00,APAC,Credit,Beta Fund,2021,Q4,301054.02,-43516.96,171,true
100281,2022-04-19,2022-04-19 09:28:00,AMER,Equities,Beta Fund,2022,Q2,740649.96,18378.17,14,true
100282,2023-02-25,2023-02-25 04:28:00,EMEA,FX,"Smith, ""Big"" Fund",2023,Q1,688106.25,80246.33,293,true
100283,2024-12-20,2024-12-20 01:07:00,APAC,Credit,Alpha Fund,2024,Q4,599391.84,68788.36,483,true
100284,2025-07-21,2025-07-21 16:44:00,AMER,FX,"Smith, ""Big"" Fund",2025,Q3,47951.88,42513.07,396,true
100285,2021-02-09,2021-02-09 09:10:00,EMEA,Equities,"Smith, ""Big"" Fund",2021,Q1,953228.47,-25344.48,347,true
100286,2022-08-15,2022-08-15 16:28:00,APAC,Equities,Alpha Fund,2022,Q3,251937.48,-48825.77,420,false
100287,2023-03-13,2023-03-13 06:19:00,AMER,Equities,Alpha Fund,2023,Q1,581377.37,-88446.61,40,true
100288,2024-11-27,2024-11-27 10:48:00,EMEA,Equities,Alpha Fund,2024,Q4,100761.76,97453.30,423,false
100289,2025-11-09,2025-11-09 17:37:00,APAC,Equities,Beta Fund,2025,Q4,798290.71,-65781.16,179,true
100290,2021-08-05,2021-08-05 20:20:00,AMER,Commodities,Beta Fund,2021,Q3,74451.41,31828.43,284,false
100291,2022-11-02,2022-11-02 20:09:00,EMEA,FX,Beta Fund,2022,Q4,399167.30,-70625.92,346,true
100292,2023-03-07,2023-03-07 12:32:00,APAC,FX,Alpha Fund,2023,Q1,361572.16,46163.35,47,true
100293,2024-03-21,2024-03-21 12:39:00,AMER,Credit,O'Brien Holdings,2024,Q1,205428.88,-37969.56,428,false
100294,2025-04-18,2025-04-18 05:27:00,EMEA,Commodities,Alpha Fund,2025,Q2,297529.86,-38499.44,327,true
100295,2021-06-12,2021-06-12 17:19:00,APAC,Equities,"Smith, ""Big"" Fund",2021,Q2,147335.40,-98551.45,112,false
100296,2022-06-12,2022-06-12 23:24:00,AMER,Commodities,O'Brien Holdings,2022,Q2,533078.96,68804.07,445,true
100297,2023-04-10,2023-04-10 19:12:00,EMEA,Credit,"Smith, ""Big"" Fund",2023,Q2,160256.81,57491.95,373,true
100298,2024-06-15,2024-06-15 04:39:00,APAC,FX,"Smith, ""Big"" Fund",2024,Q2,196509.24,-70213.29,434,true
100299,2025-08-19,2025-08-19 20:03:00,AMER,Equities,Alpha Fund,2025,Q3,940908.71,-6755.91,364,true
100300,2021-11-17,2021-11-17 23:53:00,EMEA,Rates,O'Brien Holdings,2021,Q4,877476.40,-26122.11,309,false
100301,2022-02-06,2022-02-06 16:15:00,APAC,Equities,O'Brien Holdings,2022,Q1,592111.05,68038.87,55,true
100302,2023-11-06,2023-11-06 02:22:00,AMER,Credit,"Smith, ""Big"" Fund",2023,Q4,923108.59,-21633.24,415,false
100303,2024-03-28,2024-03-28 05:47:00,EMEA,FX,Beta Fund,2024,Q1,402009.59,99589.95,134,true
100304,2025-10-15,2025-10-15 21:16:00,APAC,Equities,"Smith, ""Big"" Fund",2025,Q4,122815.80,33522.44,17,true
100305,2021-07-25,2021-07-25 17:04:00,AMER,Rates,"Smith, ""Big"" Fund",2021,Q3,518676.34,-56936.27,65,true
100306,2022-10-06,2022-10-06 11:19:00,EMEA,Rates,Alpha Fund,2022,Q4,777212.21,-43553.46,132,true
100307,2023-03-09,2023-03-09 00:27:00,APAC,Commodities,O'Brien Holdings,2023,Q1,437756.67,-14903.40,26,true
100308,2024-03-03,2024-03-03 22:30:00,AMER,FX,O'Brien Holdings,2024,Q1,456392.23,36104.68,331,true
100309,2025-10-21,2025-10-21 03:43:00,EMEA,Commodities,Alpha Fund,2025,Q4,235028.33,-8752.90,200,false
100310,2021-06-11,2021-06-11 04:14:00,APAC,Rates,"Smith, ""Big"" Fund",2021,Q2,165747.24,-6003.84,175,true
100311,2022-07-18,2022-07-18 10:03:00,AMER,Rates,Alpha Fund,2022,Q3,769820.18,7717.36,453,false
100312,2023-12-13,2023-12-13 00:02:00,EMEA,Rates,"Smith, ""Big"" Fund",2023,Q4,740942.71,64594.97,483,true
100313,2024-08-26,2024-08-26 23:44:00,APAC,Commodities,Beta Fund,2024,Q3,272962.62,13684.81,20,true
100314,2025-01-15,2025-01-15 03:29:00,AMER,Credit,Alpha Fund,2025,Q1,820820.70,-72747.99,71,false
100315,2021-03-08,2021-03-08 22:33:00,EMEA,FX,Alpha Fund,2021,Q1,852676.98,1426.68,294,true
100316,2022-10-02,2022-10-02 16:39:00,APAC,Rates,Alpha Fund,2022,Q4,129513.45,-26687.38,477,true
100317,2023-03-13,2023-03-13 12:33:00,AMER,Rates,O'Brien Holdings,2023,Q1,855560.37,-8696.12,356,true
100318,2024-10-08,2024-10-08 14:41:00,EMEA,FX,Alpha Fund,2024,Q4,355640.97,-49894.64,414,true
100319,2025-10-10,2025-10-10 22:43:00,APAC,Commodities,Alpha Fund,2025,Q4,391640.84,14391.11,235,true
100320,2021-07-26,2021-07-26 14:27:00,AMER,Credit,Alpha Fund,2021,Q3,750976.82,-73933.78,176,true
100321,2022-03-02,2022-03-02 16:18:00,EMEA,Equities,O'Brien Holdings,2022,Q1,142235.97,-59707.59,469,true
100322,2023-10-02,2023-10-02 21:04:00,APAC,Credit,Beta Fund,2023,Q4,640768.15,-10404.62,306,true
100323,2024-11-20,2024-11-20 13:18:00,AMER,Commodities,Beta Fund,2024,Q4,156632.46,-78946.80,193,true
100324,2025-04-25,2025-04-25 10:16:00,EMEA,Rates,"Smith, ""Big"" Fund",2025,Q2,577181.71,85359.55,10,true
100325,2021-12-20,2021-12-20 06:39:00,APAC,Rates,Alpha Fund,2021,Q4,5343.08,77039.12,144,true
100326,2022-02-25,2022-02-25 21:40:00,AMER,FX,Beta Fund,2022,Q1,106245.70,55811.09,316,true
100327,2023-09-22,2023-09-22 07:33:00,EMEA,FX,Beta Fund,2023,Q3,83213.55,74559.08,20,true
100328,2024-08-12,2024-08-12 23:41:00,APAC,Commodities,O'Brien Holdings,2024,Q3,757280.02,-70669.21,416,true
100329,2025-08-16,2025-08-16 13:46:00,AMER,Commodities,Beta Fund,2025,Q3,769441.30,88880.53,52,true
100330,2021-11-08,2021-11-08 16:27:00,EMEA,Credit,Beta Fund,2021,Q4,642072.68,-87065.09,16,true
100331,2022-12-22,2022-12-22 18:50:00,APAC,FX,"Smith, ""Big"" Fund",2022,Q4,519869.80,54565.02,201,true
100332,2023-04-07,2023-04-07 01:32:00,AMER,FX,"Smith, ""Big"" Fund",2023,Q2,482268.60,60582.59,143,true
100333,2024-02-19,2024-02-19 05:47:00,EMEA,Equities,Alpha Fund,2024,Q1,828507.23,5166.02,207,true
100334,2025-01-04,2025-01-04 16:31:00,APAC,Rates,O'Brien Holdings,2025,Q1,712375.83,-44360.02,258,true
100335,2021-05-09,2021-05-09 02:44:00,AMER,Equities,Beta Fund,2021,Q2,358778.80,64860.05,343,true
100336,2022-12-27,2022-12-27 12:12:00,EMEA,Equities,Beta Fund,2022,Q4,218822.43,14466.62,159,true
100337,2023-12-04,2023-12-04 01:38:00,APAC,FX,"Smith, ""Big"" Fund",2023,Q4,681689.67,-2795.33,114,true
100338,2024-01-21,2024-01-21 09:03:00,AMER,Rates,"Smith, ""Big"" Fund",2024,Q1,270420.92,-88465.51,319,false
100339,2025-03-19,2025-03-19 01:10:00,EMEA,Credit,"Smith, ""Big"" Fund",2025,Q1,531566.13,-47724.78,449,true
100340,2021-06-18,2021-06-18 20:02:00,APAC,Equities,Alpha Fund,2021,Q2,178818.60,-87976.87,157,true
100341,2022-02-26,2022-02-26 15:54:00,AMER,Rates,Beta Fund,2022,Q1,625983.91,-69006.75,375,true
100342,2023-08-15,2023-08-15 14:24:00,EMEA,Rates,Alpha Fund,2023,Q3,390876.12,4273.14,344,true
100343,2024-09-11,2024-09-11 00:55:00,APAC,Commodities,Beta Fund,2024,Q3,352704.80,7267.21,182,true
100344,2025-04-12,2025-04-12 05:27:00,AMER,Rates,Beta Fund,2025,Q2,870824.46,55324.74,428,false
100345,2021-01-05,2021-01-05 13:43:00,EMEA,FX,"Smith, ""Big"" Fund",2021,Q1,700254.32,87812.76,405,true
100346,2022-06-16,2022-06-16 23:46:00,APAC,Equities,O'Brien Holdings,2022,Q2,11312.28,-35899.35,456,false
100347,2023-10-15,2023-10-15 04:37:00,AMER,Equities,Alpha Fund,2023,Q4,795868.89,-57446.31,101,true
100348,2024-02-03,2024-02-03 06:13:00,EMEA,Credit,Alpha Fund,2024,Q1,736481.31,87235.84,59,false
100349,2025-12-22,2025-12-22 10:24:00,APAC,Commodities,Beta Fund,2025,Q4,482677.09,-52437.03,173,true
100350,2021-03-16,2021-03-16 12:46:00,AMER,FX,"Smith, ""Big"" Fund",2021,Q1,599345.40,30933.97,155,true
100351,2022-10-26,2022-10-26 08:25:00,EMEA,Credit,Beta Fund,2022,Q4,552650.66,19726.21,442,false
100352,2023-05-17,2023-05-17 05:34:00,APAC,Equities,"Smith, ""Big"" Fund",2023,Q2,442572.01,-22854.98,323,true
100353,2024-12-28,2024-12-28 19:27:00,AMER,Credit,O'Brien Holdings,2024,Q4,527070.86,-57136.16,21,true
100354,2025-10-08,2025-10-08 01:57:00,EMEA,Rates,"Smith, ""Big"" Fund",2025,Q4,555165.64,-36612.41,53,true
100355,2021-06-12,2021-06-12 19:25:00,APAC,Commodities,"Smith, ""Big"" Fund",2021,Q2,461752.14,-5116.78,107,true
100356,2022-05-11,2022-05-11 19:44:00,AMER,Credit,Alpha Fund,2022,Q2,205202.45,41694.89,10,true
100357,2023-08-18,2023-08-18 03:49:00,EMEA,Equities,O'Brien Holdings,2023,Q3,528452.16,98650.60,330,true
100358,2024-05-04,2024-05-04 01:22:00,APAC,Equities,Alpha Fund,2024,Q2,792204.99,34134.37,138,true
100359,2025-12-18,2025-12-18 06:11:00,AMER,Commodities,Beta Fund,2025,Q4,154075.97,52547.29,376,true
100360,2021-01-27,2021-01-27 20:48:00,EMEA,Commodities,O'Brien Holdings,2021,Q1,459642.55,30739.32,264,true
100361,2022-03-23,2022-03-23 17:15:00,APAC,Credit,Alpha Fund,2022,Q1,544393.08,-98945.17,369,true
100362,2023-06-03,2023-06-03 05:50:00,AMER,Equities,Alpha Fund,2023,Q2,922174.51,-73827.59,59,true
100363,2024-02-22,2024-02-22 08:42:00,EMEA,Equities,Beta Fund,2024,Q1,317011.43,26286.13,299,true
100364,2025-09-17,2025-09-17 21:12:00,APAC,FX,"Smith, ""Big"" Fund",2025,Q3,653671.42,-30555.87,47,true
100365,2021-11-15,2021-11-15 18:22:00,AMER,Commodities,Alpha Fund,2021,Q4,62727.05,-8129.64,404,true
100366,2022-06-26,2022-06-26 20:07:00,EMEA,Credit,O'Brien Holdings,2022,Q2,797038.04,78336.49,121,true
100367,2023-01-18,2023-01-18 05:40:00,APAC,Equities,Alpha Fund,2023,Q1,178305.04,-24485.47,293,true
100368,2024-08-20,2024-08-20 15:24:00,AMER,Rates,Beta Fund,2024,Q3,931965.74,-78978.73,424,true
100369,2025-05-06,2025-05-06 16:08:00,EMEA,Rates,Beta Fund,2025,Q2,661404.18,45011.10,398,true
100370,2021-11-28,2021-11-28 09:37:00,APAC,Credit,Alpha Fund,2021,Q4,515528.98,-88789.36,50,true
100371,2022-06-07,2022-06-07 13:15:00,AMER,FX,"Smith, ""Big"" Fund",2022,Q2,82117.96,22792.62,340,true
100372,2023-01-27,2023-01-27 18:19:00,EMEA,Equities,"Smith, ""Big"" Fund",2023,Q1,226695.51,19888.13,284,true
100373,2024-03-18,2024-03-18 10:31:00,APAC,Commodities,Beta Fund,2024,Q1,462440.47,-87981.10,444,false
100374,2025-10-11,2025-10-11 05:14:00,AMER,Rates,O'Brien Holdings,2025,Q4,640473.67,34235.49,468,true
100375,2021-11-10,2021-11-10 06:48:00,EMEA,Credit,Alpha Fund,2021,Q4,190707.95,25749.32,449,true
100376,2022-06-25,2022-06-25 08:12:00,APAC,Commodities,Alpha Fund,2022,Q2,538830.19,59636.35,299,true
100377,2023-09-20,2023-09-20 01:11:00,AMER,Credit,Alpha Fund,2023,Q3,744853.34,77118.56,32,true
100378,2024-11-15,2024-11-15 03:49:00,EMEA,Commodities,O'Brien Holdings,2024,Q4,914295.73,-42539.73,407,true
100379,2025-05-25,2025-05-25 03:18:00,APAC,Commodities,O'Brien Holdings,2025,Q2,63199.46,37529.04,405,true
100380,2021-08-06,2021-08-06 09:36:00,AMER,FX,Alpha Fund,2021,Q3,477890.11,-5275.67,202,true
100381,2022-01-08,2022-01-08 17:05:00,EMEA,Commodities,Alpha Fund,2022,Q1,278870.11,23681.50,83,true
100382,2023-10-20,2023-10-20 16:49:00,APAC,Rates,Alpha Fund,2023,Q4,921923.30,-94963.75,172,true
100383,2024-02-23,2024-02-23 21:47:00,AMER,Equities,"Smith, ""Big"" Fund",2024,Q1,652009.47,17343.11,212,true
100384,2025-05-13,2025-05-13 01:32:00,EMEA,Credit,Alpha Fund,2025,Q2,199714.43,8273.70,198,true
100385,2021-12-18,2021-12-18 13:18:00,APAC,Credit,O'Brien Holdings,2021,Q4,229139.58,-66521.25,39,true
100386,2022-05-14,2022-05-14 19:24:00,AMER,Equities,Beta Fund,2022,Q2,385944.66,-64367.43,21,true
100387,2023-09-12,2023-09-12 10:09:00,EMEA,Credit,O'Brien Holdings,2023,Q3,479891.84,71630.25,133,true
100388,2024-05-15,2024-05-15 12:00:00,APAC,Rates,"Smith, ""Big"" Fund",2024,Q2,755429.81,-69498.20,460,true
100389,2025-09-27,2025-09-27 03:57:00,AMER,FX,Beta Fund,2025,Q3,387021.36,-82716.21,235,true
100390,2021-01-24,2021-01-24 07:11:00,EMEA,FX,Alpha Fund,2021,Q1,247555.91,31845.19,410,true
100391,2022-01-09,2022-01-09 17:38:00,APAC,Rates,Beta Fund,2022,Q1,263514.87,-6571.25,118,true
100392,2023-10-03,2023-10-03 09:59:00,AMER,Rates,Beta Fund,2023,Q4,706487.54,-68170.56,213,true
100393,2024-05-04,2024-05-04 07:12:00,EMEA,Rates,Alpha Fund,2024,Q2,344549.16,-99005.45,104,false
100394,2025-01-15,2025-01-15 01:41:00,APAC,Commodities,Beta Fund,2025,Q1,66724.53,-75019.54,429,true
100395,2021-07-05,2021-07-05 23:57:00,AMER,FX,O'Brien Holdings,2021,Q3,473783.48,-57859.41,465,true
100396,2022-02-04,2022-02-04 09:52:00,EMEA,FX,Beta Fund,2022,Q1,795429.59,82595.19,140,true
100397,2023-08-03,2023-08-03 06:27:00,APAC,Equities,O'Brien Holdings,2023,Q3,119476.42,-82006.61,400,true
100398,2024-10-17,2024-10-17 11:48:00,AMER,Rates,Alpha Fund,2024,Q4,68311.55,19463.38,272,true
100399,2025-12-07,2025-12-07 00:34:00,EMEA,Credit,Alpha Fund,2025,Q4,767899.50,-85830.28,276,true
100400,2021-02-01,2021-02-01 03:47:00,APAC,Credit,Alpha Fund,2021,Q1,258642.46,22432.58,299,true
100401,2022-11-13,2022-11-13 18:56:00,AMER,Commodities,Beta Fund,2022,Q4,146257.74,24503.99,260,true
100402,2023-10-05,2023-10-05 10:11:00,EMEA,Equities,O'Brien Holdings,2023,Q4,14386.59,23768.82,313,true
100403,2024-06-20,2024-06-20 05:15:00,APAC,Commodities,Beta Fund,2024,Q2,231359.04,17863.14,162,true
100404,2025-07-10,2025-07-10 06:47:00,AMER,Credit,O'Brien Holdings,2025,Q3,87992.61,-10459.00,119,true
100405,2021-12-06,2021-12-06 07:34:00,EMEA,Rates,Alpha Fund,2021,Q4,726623.64,44504.44,306,true
100406,2022-12-20,2022-12-20 17:52:00,APAC,FX,Beta Fund,2022,Q4,941431.00,-20479.96,58,true
100407,2023-02-13,2023-02-13 01:49:00,AMER,Commodities,O'Brien Holdings,2023,Q1,189618.79,-70144.06,467,true
100408,2024-02-06,2024-02-06 21:46:00,EMEA,Credit,"Smith, ""Big"" Fund",2024,Q1,729855.73,52161.16,249,true
100409,2025-12-10,2025-12-10 03:13:00,APAC,Commodities,O'Brien Holdings,2025,Q4,119782.77,70483.94,108,true
100410,2021-04-13,2021-04-13 07:28:00,AMER,Equities,Alpha Fund,2021,Q2,308310.32,-56236.22,442,true
100411,2022-08-01,2022-08-01 10:31:00,EMEA,Credit,Beta Fund,2022,Q3,93612.76,-96986.54,229,true
100412,2023-08-27,2023-08-27 23:59:00,APAC,Credit,Beta Fund,2023,Q3,210910.40,-42415.14,71,true
100413,2024-03-11,2024-03-11 20:26:00,AMER,Rates,O'Brien Holdings,2024,Q1,319082.43,80141.33,39,true
100414,2025-02-14,2025-02-14 13:10:00,EMEA,Commodities,Beta Fund,2025,Q1,432373.86,-64076.11,46,true
100415,2021-05-22,2021-05-22 02:03:00,APAC,Commodities,Alpha Fund,2021,Q2,429599.21,49590.06,93,false
100416,2022-09-24,2022-09-24 23:24:00,AMER,Equities,"Smith, ""Big"" Fund",2022,Q3,192727.26,-35116.38,345,true
100417,2023-08-06,2023-08-06 20:42:00,EMEA,Commodities,O'Brien Holdings,2023,Q3,654441.20,-93161.45,288,false
100418,2024-12-01,2024-12-01 06:32:00,APAC,Commodities,O'Brien Holdings,2024,Q4,177640.19,-5645.66,422,true
100419,2025-01-08,2025-01-08 13:47:00,AMER,FX,O'Brien Holdings,2025,Q1,332296.12,83523.12,346,true
100420,2021-04-05,2021-04-05 03:23:00,EMEA,FX,O'Brien Holdings,2021,Q2,487908.49,-49321.99,332,true
100421,2022-04-21,2022-04-21 16:05:00,APAC,FX,O'Brien Holdings,2022,Q2,360048.62,-64373.07,176,true
100422,2023-11-01,2023-11-01 20:56:00,AMER,Rates,"Smith, ""Big"" Fund",2023,Q4,370566.34,-60988.24,235,true
100423,2024-11-16,2024-11-16 18:12:00,EMEA,Equities,Beta Fund,2024,Q4,1090.84,49949.78,454,true
100424,2025-06-14,2025-06-14 11:22:00,APAC,FX,O'Brien Holdings,2025,Q2,443604.43,-1029.17,185,true
100425,2021-10-21,2021-10-21 20:20:00,AMER,Equities,"Smith, ""Big"" Fund",2021,Q4,779408.09,576.33,207,true
100426,2022-03-02,2022-03-02 17:23:00,EMEA,Rates,Beta Fund,2022,Q1,953913.65,-17992.28,407,false
100427,2023-09-22,2023-09-22 22:24:00,APAC,FX,Beta Fund,2023,Q3,278900.33,96552.04,17,false
100428,2024-06-28,2024-06-28 06:38:00,AMER,Credit,Alpha Fund,2024,Q2,340941.78,89286.63,418,true
100429,2025-05-12,2025-05-12 18:01:00,EMEA,Credit,"Smith, ""Big"" Fund",2025,Q2,60835.08,32606.94,453,false
100430,2021-04-14,2021-04-14 06:38:00,APAC,FX,O'Brien Holdings,2021,Q2,432217.47,-65229.36,105,true
100431,2022-09-20,2022-09-20 01:13:00,AMER,Credit,O'Brien Holdings,2022,Q3,472563.77,-93913.37,182,true
100432,2023-08-16,2023-08-16 20:11:00,EMEA,FX,O'Brien Holdings,2023,Q3,815667.69,88892.71,142,true
100433,2024-07-21,2024-07-21 15:28:00,APAC,Credit,O'Brien Holdings,2024,Q3,958583.42,5413.86,413,false
100434,2025-12-24,2025-12-24 05:26:00,AMER,Rates,O'Brien Holdings,2025,Q4,966679.16,-89587.58,407,true
100435,2021-01-08,2021-01-08 23:12:00,EMEA,Rates,O'Brien Holdings,2021,Q1,448526.53,49316.22,420,false
100436,2022-11-15,2022-11-15 19:43:00,APAC,Commodities,"Smith, ""Big"" Fund",2022,Q4,113691.09,-92045.33,283,true
100437,2023-08-27,2023-08-27 16:19:00,AMER,Rates,O'Brien Holdings,2023,Q3,567310.26,-34674.33,16,false
100438,2024-09-03,2024-09-03 12:47:00,EMEA,FX,Beta Fund,2024,Q3,768939.50,-31780.93,85,false
100439,2025-11-23,2025-11-23 23:07:00,APAC,Credit,Alpha Fund,2025,Q4,949002.69,-57065.55,467,true
100440,2021-04-03,2021-04-03 14:26:00,AMER,Commodities,O'Brien Holdings,2021,Q2,508680.62,74355.92,346,true
100441,2022-02-01,2022-02-01 22:15:00,EMEA,Credit,Alpha Fund,2022,Q1,506181.85,-38497.39,152,true
100442,2023-08-05,2023-08-05 13:40:00,APAC,Rates,"Smith, ""Big"" Fund",2023,Q3,410011.23,-32966.55,459,true
100443,2024-03-04,2024-03-04 03:09:00,AMER,Credit,O'Brien Holdings,2024,Q1,358487.03,-96436.19,460,true
100444,2025-12-09,2025-12-09 23:54:00,EMEA,FX,"Smith, ""Big"" Fund",2025,Q4,498012.94,90211.65,145,false
100445,2021-08-20,2021-08-20 12:29:00,APAC,Credit,O'Brien Holdings,2021,Q3,676972.78,73354.93,355,true
100446,2022-11-27,2022-11-27 19:14:00,AMER,Credit,O'Brien Holdings,2022,Q4,752143.44,-98919.90,299,true
100447,2023-12-05,2023-12-05 23:39:00,EMEA,Rates,O'Brien Holdings,2023,Q4,40780.34,33626.86,271,false
100448,2024-10-25,2024-10-25 22:24:00,APAC,FX,Alpha Fund,2024,Q4,222336.28,74099.58,27,true
100449,2025-12-07,2025-12-07 18:55:00,AMER,Credit,Alpha Fund,2025,Q4,171848.09,-78343.15,260,true
100450,2021-02-14,2021-02-14 07:12:00,EMEA,Rates,"Smith, ""Big"" Fund",2021,Q1,879964.55,-94860.78,68,true
100451,2022-08-16,2022-08-16 01:38:00,APAC,Rates,"Smith, ""Big"" Fund",2022,Q3,117530.57,-98161.88,349,true
100452,2023-05-12,2023-05-12 22:03:00,AMER,Credit,O'Brien Holdings,2023,Q2,196772.03,-47985.91,275,true
100453,2024-09-07,2024-09-07 08:41:00,EMEA,Credit,Beta Fund,2024,Q3,229076.42,22024.55,466,true
100454,2025-05-13,2025-05-13 03:48:00,APAC,Rates,O'Brien Holdings,2025,Q2,562344.17,-57038.37,477,false
100455,2021-03-12,2021-03-12 18:10:00,AMER,Rates,"Smith, ""Big"" Fund",2021,Q1,299188.34,21526.84,466,true
100456,2022-04-05,2022-04-05 02:29:00,EMEA,FX,"Smith, ""Big"" Fund",2022,Q2,441101.72,-17030.81,150,true
100457,2023-07-01,2023-07-01 01:22:00,APAC,Equities,O'Brien Holdings,2023,Q3,295475.24,-31211.03,428,true
100458,2024-05-15,2024-05-15 13:25:00,AMER,Credit,O'Brien Holdings,2024,Q2,1149.58,-54108.36,213,true
100459,2025-04-24,2025-04-24 21:35:00,EMEA,Rates,Beta Fund,2025,Q2,414126.46,90798.42,213,false
100460,2021-03-23,2021-03-23 08:57:00,APAC,FX,Alpha Fund,2021,Q1,770025.88,62959.14,180,true
100461,2022-03-21,2022-03-21 22:26:00,AMER,Credit,Alpha Fund,2022,Q1,562955.58,43895.59,21,true
100462,2023-06-14,2023-06-14 07:44:00,EMEA,Equities,"Smith, ""Big"" Fund",2023,Q2,71412.24,-75052.08,46,true
100463,2024-08-08,2024-08-08 03:22:00,APAC,Equities,Alpha Fund,2024,Q3,976622.24,-15745.02,402,false
100464,2025-10-27,2025-10-27 16:43:00,AMER,Equities,Alpha Fund,2025,Q4,729142.52,-74989.84,474,true
100465,2021-07-27,2021-07-27 13:41:00,EMEA,Credit,O'Brien Holdings,2021,Q3,122250.83,-40362.85,307,true
100466,2022-06-18,2022-06-18 06:32:00,APAC,Rates,"Smith, ""Big"" Fund",2022,Q2,349074.57,16064.04,175,true
100467,2023-04-17,2023-04-17 21:49:00,AMER,Credit,O'Brien Holdings,2023,Q2,563381.83,-73989.12,355,true
100468,2024-07-01,2024-07-01 20:32:00,EMEA,Equities,"Smith, ""Big"" Fund",2024,Q3,319837.72,21474.47,436,true
100469,2025-04-11,2025-04-11 07:39:00,APAC,FX,Alpha Fund,2025,Q2,490418.60,70228.50,394,false
100470,2021-04-15,2021-04-15 10:39:00,AMER,Equities,Beta Fund,2021,Q2,133983.13,15965.76,204,false
100471,2022-09-14,2022-09-14 16:49:00,EMEA,Commodities,O'Brien Holdings,2022,Q3,536584.85,-83133.80,276,true
100472,2023-04-27,2023-04-27 07:36:00,APAC,Equities,O'Brien Holdings,2023,Q2,457767.84,68016.55,40,true
100473,2024-04-26,2024-04-26 10:34:00,AMER,Credit,Beta Fund,2024,Q2,991128.97,99550.00,263,true
100474,2025-07-22,2025-07-22 06:10:00,EMEA,FX,Beta Fund,2025,Q3,254773.78,29482.54,343,false
100475,2021-10-04,2021-10-04 01:01:00,APAC,Commodities,Alpha Fund,2021,Q4,133290.33,28571.10,453,true
100476,2022-08-21,2022-08-21 13:35:00,AMER,Equities,O'Brien Holdings,2022,Q3,970158.96,-57304.68,415,true
100477,2023-07-17,2023-07-17 23:06:00,EMEA,Commodities,O'Brien Holdings,2023,Q3,215339.19,53455.06,232,true
100478,2024-12-25,2024-12-25 20:06:00,APAC,Credit,Alpha Fund,2024,Q4,500607.80,37880.24,471,false
100479,2025-01-19,2025-01-19 01:55:00,AMER,Credit,Alpha Fund,2025,Q1,647441.61,47820.35,324,false
100480,2021-07-24,2021-07-24 20:21:00,EMEA,Credit,Alpha Fund,2021,Q3,12260.90,79055.49,127,false
100481,2022-02-10,2022-02-10 18:16:00,APAC,Rates,"Smith, ""Big"" Fund",2022,Q1,384874.37,96463.97,141,false
100482,2023-02-19,2023-02-19 08:59:00,AMER,Rates,Alpha Fund,2023,Q1,394987.03,43202.44,301,true
100483,2024-03-25,2024-03-25 04:20:00,EMEA,Rates,Beta Fund,2024,Q1,727425.68,-74212.14,383,false
100484,2025-03-06,2025-03-06 23:44:00,APAC,Rates,"Smith, ""Big"" Fund",2025,Q1,320119.89,57766.80,14,true
100485,2021-05-27,2021-05-27 11:12:00,AMER,FX,Alpha Fund,2021,Q2,116303.15,15872.33,365,false
100486,2022-10-10,2022-10-10 04:11:00,EMEA,Credit,"Smith, ""Big"" Fund",2022,Q4,471503.99,-50316.44,12,true
100487,2023-05-02,2023-05-02 10:53:00,APAC,FX,O'Brien Holdings,2023,Q2,99302.72,67639.66,372,true
100488,2024-06-17,2024-06-17 16:42:00,AMER,Commodities,Beta Fund,2024,Q2,37316.80,-94858.93,100,true
100489,2025-01-14,2025-01-14 14:43:00,EMEA,Equities,O'Brien Holdings,2025,Q1,809534.16,-49044.02,352,true
100490,2021-09-19,2021-09-19 07:33:00,APAC,FX,O'Brien Holdings,2021,Q3,360160.86,86661.43,98,true
100491,2022-04-26,2022-04-26 14:03:00,AMER,Commodities,O'Brien Holdings,2022,Q2,729740.00,56726.44,287,true
100492,2023-07-25,2023-07-25 04:41:00,EMEA,Rates,O'Brien Holdings,2023,Q3,16403.24,-15545.53,415,false
100493,2024-02-17,2024-02-17 22:28:00,APAC,Rates,O'Brien Holdings,2024,Q1,987801.98,9759.21,466,false
100494,2025-01-23,2025-01-23 02:45:00,AMER,Credit,O'Brien Holdings,2025,Q1,989400.45,-52035.82,407,true
100495,2021-04-14,2021-04-14 03:20:00,EMEA,Commodities,O'Brien Holdings,2021,Q2,401940.33,-16710.06,294,true
100496,2022-07-25,2022-07-25 12:50:00,APAC,Commodities,O'Brien Holdings,2022,Q3,744100.74,90950.21,95,true
100497,2023-04-05,2023-04-05 10:16:00,AMER,Equities,"Smith, ""Big"" Fund",2023,Q2,821337.86,79762.34,280,true
100498,2024-10-04,2024-10-04 06:55:00,EMEA,Rates,Alpha Fund,2024,Q4,16400.67,-87129.34,476,true
100499,2025-04-13,2025-04-13 20:10:00,APAC,Rates,Alpha Fund,2025,Q2,148741.11,-7129.51,432,true
100500,2021-02-20,2021-02-20 16:09:00,AMER,Credit,"Smith, ""Big"" Fund",2021,Q1,117927.47,-29526.31,442,true
100501,2022-04-20,2022-04-20 06:45:00,EMEA,Equities,Alpha Fund,2022,Q2,353435.30,28592.84,281,true
100502,2023-05-14,2023-05-14 05:13:00,APAC,Commodities,O'Brien Holdings,2023,Q2,1904.38,83320.86,485,false
100503,2024-10-05,2024-10-05 15:51:00,AMER,Credit,Alpha Fund,2024,Q4,625633.91,17368.03,104,false
100504,2025-10-21,2025-10-21 05:51:00,EMEA,FX,Beta Fund,2025,Q4,925108.66,-21235.75,106,true
100505,2021-11-09,2021-11-09 01:14:00,APAC,Rates,"Smith, ""Big"" Fund",2021,Q4,521216.90,84328.45,278,true
100506,2022-06-20,2022-06-20 10:37:00,AMER,Credit,Beta Fund,2022,Q2,121910.97,-70327.04,234,true
100507,2023-04-15,2023-04-15 02:59:00,EMEA,Equities,O'Brien Holdings,2023,Q2,475811.62,-95677.39,69,true
100508,2024-10-05,2024-10-05 06:48:00,APAC,Commodities,Alpha Fund,2024,Q4,396990.68,-38547.94,57,true
100509,2025-10-17,2025-10-17 18:32:00,AMER,FX,O'Brien Holdings,2025,Q4,160844.19,86766.04,107,true
100510,2021-11-26,2021-11-26 02:16:00,EMEA,FX,"Smith, ""Big"" Fund",2021,Q4,976551.51,-12208.56,88,true
100511,2022-06-07,2022-06-07 16:03:00,APAC,Rates,Alpha Fund,2022,Q2,121048.14,23810.23,293,true
100512,2023-02-02,2023-02-02 20:49:00,AMER,Equities,O'Brien Holdings,2023,Q1,22106.64,-40792.15,414,true
100513,2024-07-20,2024-07-20 23:23:00,EMEA,Commodities,Beta Fund,2024,Q3,580425.86,-79636.90,235,true
100514,2025-04-08,2025-04-08 11:08:00,APAC,Equities,"Smith, ""Big"" Fund",2025,Q2,572692.50,-49166.42,156,false
100515,2021-05-21,2021-05-21 12:27:00,AMER,Equities,Beta Fund,2021,Q2,203139.33,-17303.77,230,true
100516,2022-06-25,2022-06-25 23:48:00,EMEA,Credit,Alpha Fund,2022,Q2,707396.43,-85968.13,99,true
100517,2023-08-25,2023-08-25 05:29:00,APAC,Credit,"Smith, ""Big"" Fund",2023,Q3,200903.04,49907.95,417,true
100518,2024-09-14,2024-09-14 07:04:00,AMER,Credit,Alpha Fund,2024,Q3,766731.57,-82647.80,189,true
100519,2025-05-21,2025-05-21 17:19:00,EMEA,FX,Beta Fund,2025,Q2,347160.63,-90195.83,135,true
100520,2021-06-08,2021-06-08 00:36:00,APAC,Commodities,"Smith, ""Big"" Fund",2021,Q2,113225.98,9223.54,381,true
100521,2022-01-17,2022-01-17 19:15:00,AMER,Commodities,Beta Fund,2022,Q1,67795.99,-97173.80,267,true
100522,2023-09-01,2023-09-01 12:12:00,EMEA,Commodities,Alpha Fund,2023,Q3,998704.12,-82047.13,328,true
100523,2024-04-25,2024-04-25 05:11:00,APAC,Credit,Beta Fund,2024,Q2,345271.64,-26401.11,78,true
100524,2025-09-12,2025-09-12 22:21:00,AMER,Credit,Alpha Fund,2025,Q3,813693.07,88049.23,224,true
100525,2021-04-10,2021-04-10 17:34:00,EMEA,FX,"Smith, ""Big"" Fund",2021,Q2,542600.46,-71520.70,182,true
100526,2022-01-08,2022-01-08 22:22:00,APAC,FX,Beta Fund,2022,Q1,335344.33,26705.90,375,true
100527,2023-02-03,2023-02-03 19:11:00,AMER,Rates,Beta Fund,2023,Q1,902421.19,-81731.51,5,true
100528,2024-06-12,2024-06-12 03:29:00,EMEA,Rates,"Smith, ""Big"" Fund",2024,Q2,181513.65,31654.50,474,false
100529,2025-07-12,2025-07-12 06:23:00,APAC,FX,Alpha Fund,2025,Q3,699583.87,-40474.88,433,false
100530,2021-06-13,2021-06-13 11:09:00,AMER,FX,"Smith, ""Big"" Fund",2021,Q2,171157.65,-7139.92,21,true
100531,2022-11-24,2022-11-24 05:56:00,EMEA,Credit,O'Brien Holdings,2022,Q4,150021.20,-29391.48,240,true
100532,2023-02-24,2023-02-24 22:19:00,APAC,Equities,O'Brien Holdings,2023,Q1,140136.95,-90245.77,4,true
100533,2024-08-14,2024-08-14 08:43:00,AMER,Rates,O'Brien Holdings,2024,Q3,56942.23,-1306.81,231,false
100534,2025-12-21,2025-12-21 19:18:00,EMEA,Equities,"Smith, ""Big"" Fund",2025,Q4,414478.30,16364.32,122,true
100535,2021-11-20,2021-11-20 03:45:00,APAC,Credit,"Smith, ""Big"" Fund",2021,Q4,341510.49,39098.46,10,true
100536,2022-08-10,2022-08-10 11:47:00,AMER,FX,O'Brien Holdings,2022,Q3,732047.70,-33236.73,225,true
100537,2023-05-13,2023-05-13 07:35:00,EMEA,Commodities,O'Brien Holdings,2023,Q2,681460.87,17775.35,155,false
100538,2024-08-11,2024-08-11 01:30:00,APAC,Commodities,Alpha Fund,2024,Q3,667733.58,93781.84,314,true
100539,2025-05-26,2025-05-26 14:58:00,AMER,Commodities,Alpha Fund,2025,Q2,177203.39,-12186.29,95,true
100540,2021-11-14,2021-11-14 01:36:00,EMEA,Credit,"Smith, ""Big"" Fund",2021,Q4,672213.66,-85657.12,279,true
100541,2022-06-04,2022-06-04 06:54:00,APAC,Equities,"Smith, ""Big"" Fund",2022,Q2,439078.77,42377.09,396,true
100542,2023-08-17,2023-08-17 13:54:00,AMER,Equities,"Smith, ""Big"" Fund",2023,Q3,109812.18,52733.52,343,true
100543,2024-12-06,2024-12-06 06:21:00,EMEA,FX,Alpha Fund,2024,Q4,929223.08,-97524.43,118,true
100544,2025-11-04,2025-11-04 07:28:00,APAC,Rates,O'Brien Holdings,2025,Q4,213694.21,13034.20,184,false
100545,2021-08-28,2021-08-28 18:29:00,AMER,Commodities,O'Brien Holdings,2021,Q3,811786.55,-9701.38,289,true
100546,2022-06-04,2022-06-04 14:47:00,EMEA,Equities,O'Brien Holdings,2022,Q2,632880.48,-34582.01,39,true
100547,2023-05-27,2023-05-27 22:28:00,APAC,Credit,O'Brien Holdings,2023,Q2,685964.20,-52417.36,157,true
100548,2024-06-26,2024-06-26 11:44:00,AMER,Commodities,Alpha Fund,2024,Q2,463434.69,-16605.40,284,true
100549,2025-07-02,2025-07-02 05:17:00,EMEA,FX,O'Brien Holdings,2025,Q3,249881.33,-2328.10,135,true
100550,2021-10-04,2021-10-04 15:58:00,APAC,Credit,Alpha Fund,2021,Q4,626105.28,-67921.27,99,true
100551,2022-11-07,2022-11-07 13:27:00,AMER,Commodities,"Smith, ""Big"" Fund",2022,Q4,962639.60,-81010.05,54,true
100552,2023-02-23,2023-02-23 08:13:00,EMEA,Commodities,Alpha Fund,2023,Q1,426865.77,28376.11,454,true
100553,2024-02-25,2024-02-25 20:40:00,APAC,Equities,Alpha Fund,2024,Q1,770487.33,-63548.78,185,true
100554,2025-01-06,2025-01-06 11:46:00,AMER,Equities,Alpha Fund,2025,Q1,917563.20,31409.60,211,true
100555,2021-08-23,2021-08-23 07:03:00,EMEA,FX,Alpha Fund,2021,Q3,507090.60,10981.34,432,true
100556,2022-10-25,2022-10-25 13:43:00,APAC,Equities,Alpha Fund,2022,Q4,313874.04,83160.71,248,true
100557,2023-09-25,2023-09-25 07:15:00,AMER,Rates,Beta Fund,2023,Q3,309013.58,-4964.09,314,false
100558,2024-11-14,2024-11-14 20:53:00,EMEA,Rates,Alpha Fund,2024,Q4,374605.12,50546.47,167,true
100559,2025-06-12,2025-06-12 11:47:00,APAC,Rates,Alpha Fund,2025,Q2,306049.37,9011.31,168,true
100560,2021-11-14,2021-11-14 06:12:00,AMER,Rates,"Smith, ""Big"" Fund",2021,Q4,557000.11,70531.06,236,true
100561,2022-06-08,2022-06-08 21:38:00,EMEA,Credit,Alpha Fund,2022,Q2,107217.28,33853.63,94,true
100562,2023-07-02,2023-07-02 06:45:00,APAC,Commodities,Beta Fund,2023,Q3,505562.48,-67204.07,378,true
100563,2024-09-03,2024-09-03 06:43:00,AMER,Rates,"Smith, ""Big"" Fund",2024,Q3,135218.04,93213.95,409,false
100564,2025-04-19,2025-04-19 04:49:00,EMEA,Credit,O'Brien Holdings,2025,Q2,548941.79,90542.59,164,true
100565,2021-02-08,2021-02-08 01:33:00,APAC,FX,O'Brien Holdings,2021,Q1,15266.22,-55178.24,420,true
100566,2022-02-02,2022-02-02 20:12:00,AMER,Credit,"Smith, ""Big"" Fund",2022,Q1,536793.25,15452.29,270,true
100567,2023-04-14,2023-04-14 17:36:00,EMEA,FX,Beta Fund,2023,Q2,267041.51,-68846.98,497,false
100568,2024-01-03,2024-01-03 00:24:00,APAC,FX,O'Brien Holdings,2024,Q1,319163.22,-43454.29,339,true
100569,2025-11-09,2025-11-09 15:01:00,AMER,Equities,Alpha Fund,2025,Q4,295311.71,-51685.78,444,false
100570,2021-10-14,2021-10-14 12:52:00,EMEA,Commodities,Alpha Fund,2021,Q4,669648.77,17179.88,223,true
100571,2022-11-18,2022-11-18 08:15:00,APAC,Rates,"Smith, ""Big"" Fund",2022,Q4,4730.12,-61352.70,480,true
100572,2023-07-06,2023-07-06 18:52:00,AMER,Rates,O'Brien Holdings,2023,Q3,250507.67,65009.13,363,true
100573,2024-04-17,2024-04-17 14:56:00,EMEA,Equities,O'Brien Holdings,2024,Q2,222129.31,-79354.75,170,true
100574,2025-08-21,2025-08-21 11:51:00,APAC,Rates,Alpha Fund,2025,Q3,954826.59,-23309.19,63,true
100575,2021-06-06,2021-06-06 06:20:00,AMER,Equities,Alpha Fund,2021,Q2,172389.75,82043.06,173,true
100576,2022-04-05,2022-04-05 16:03:00,EMEA,Commodities,Alpha Fund,2022,Q2,69202.31,12942.21,285,true
100577,2023-03-06,2023-03-06 15:24:00,APAC,Rates,"Smith, ""Big"" Fund",2023,Q1,744779.72,25223.21,162,false
100578,2024-05-11,2024-05-11 12:09:00,AMER,Commodities,O'Brien Holdings,2024,Q2,395028.71,1565.81,419,true
100579,2025-03-20,2025-03-20 00:24:00,EMEA,FX,O'Brien Holdings,2025,Q1,6427.36,15980.13,469,true
100580,2021-05-19,2021-05-19 07:10:00,APAC,Credit,"Smith, ""Big"" Fund",2021,Q2,642889.54,-54971.03,79,true
100581,2022-07-16,2022-07-16 15:26:00,AMER,Rates,O'Brien Holdings,2022,Q3,260745.26,-16946.45,242,false
100582,2023-01-04,2023-01-04 05:46:00,EMEA,Commodities,Alpha Fund,2023,Q1,502289.69,-79150.52,15,true
100583,2024-02-22,2024-02-22 23:17:00,APAC,Credit,O'Brien Holdings,2024,Q1,414415.92,-65736.69,467,true
100584,2025-07-25,2025-07-25 19:07:00,AMER,FX,O'Brien Holdings,2025,Q3,852792.58,-18757.53,24,true
100585,2021-03-13,2021-03-13 03:44:00,EMEA,Credit,Alpha Fund,2021,Q1,490700.45,-48064.06,194,false
100586,2022-11-18,2022-11-18 10:24:00,APAC,FX,Beta Fund,2022,Q4,545157.86,-20771.21,48,false
100587,2023-05-22,2023-05-22 11:03:00,AMER,Equities,Beta Fund,2023,Q2,255971.61,17798.06,233,true
100588,2024-01-17,2024-01-17 08:48:00,EMEA,Equities,Alpha Fund,2024,Q1,248231.68,44444.17,423,false
100589,2025-08-21,2025-08-21 08:18:00,APAC,Commodities,O'Brien Holdings,2025,Q3,991788.18,80420.37,491,true
100590,2021-05-28,2021-05-28 20:51:00,AMER,Equities,O'Brien Holdings,2021,Q2,116992.06,56176.87,332,true
100591,2022-08-07,2022-08-07 17:09:00,EMEA,Rates,O'Brien Holdings,2022,Q3,792196.88,52684.71,356,false
100592,2023-11-13,2023-11-13 11:58:00,APAC,Equities,Alpha Fund,2023,Q4,980322.18,80464.62,128,true
100593,2024-08-01,2024-08-01 21:25:00,AMER,Commodities,"Smith, ""Big"" Fund",2024,Q3,732049.72,-35317.24,322,true
100594,2025-01-09,2025-01-09 03:26:00,EMEA,FX,Alpha Fund,2025,Q1,818954.57,47114.20,372,false
100595,2021-04-24,2021-04-24 19:46:00,APAC,Commodities,O'Brien Holdings,2021,Q2,384676.45,79745.03,352,true
100596,2022-04-15,2022-04-15 05:06:00,AMER,Commodities,"Smith, ""Big"" Fund",2022,Q2,216315.29,-83618.13,495,true
100597,2023-03-12,2023-03-12 23:00:00,EMEA,Equities,Beta Fund,2023,Q1,879611.82,66596.36,36,true
100598,2024-01-19,2024-01-19 16:25:00,APAC,Credit,Beta Fund,2024,Q1,221324.50,66081.14,379,true
100599,2025-10-17,2025-10-17 19:52:00,AMER,Equities,Beta Fund,2025,Q4,802437.09,-81117.69,257,false
100600,2021-09-03,2021-09-03 20:01:00,EMEA,Credit,"Smith, ""Big"" Fund",2021,Q3,516819.33,-98258.95,66,true
100601,2022-09-15,2022-09-15 10:38:00,APAC,Commodities,O'Brien Holdings,2022,Q3,928366.41,33937.47,274,false
100602,2023-01-08,2023-01-08 03:16:00,AMER,Rates,Alpha Fund,2023,Q1,820709.46,47378.32,374,true
100603,2024-09-27,2024-09-27 01:10:00,EMEA,FX,Beta Fund,2024,Q3,847109.15,89948.98,340,true
100604,2025-07-13,2025-07-13 15:35:00,APAC,Commodities,Alpha Fund,2025,Q3,288839.75,90571.66,140,true
100605,2021-06-22,2021-06-22 22:14:00,AMER,Credit,"Smith, ""Big"" Fund",2021,Q2,945336.56,83220.69,184,true
100606,2022-12-06,2022-12-06 22:37:00,EMEA,Commodities,Beta Fund,2022,Q4,190048.92,77341.03,459,true
100607,2023-12-15,2023-12-15 04:19:00,APAC,FX,"Smith, ""Big"" Fund",2023,Q4,232414.13,99565.69,409,false
100608,2024-09-23,2024-09-23 13:49:00,AMER,Equities,Alpha Fund,2024,Q3,72412.31,3376.23,462,true
100609,2025-04-17,2025-04-17 11:47:00,EMEA,Rates,O'Brien Holdings,2025,Q2,41293.98,16125.59,223,true
100610,2021-09-20,2021-09-20 19:39:00,APAC,Rates,Beta Fund,2021,Q3,582372.15,65831.89,296,true
100611,2022-07-21,2022-07-21 09:15:00,AMER,FX,O'Brien Holdings,2022,Q3,932025.71,-96580.88,281,true
100612,2023-06-07,2023-06-07 01:43:00,EMEA,FX,O'Brien Holdings,2023,Q2,451773.26,-94628.12,250,true
100613,2024-06-20,2024-06-20 23:47:00,APAC,Equities,"Smith, ""Big"" Fund",2024,Q2,359096.82,-52647.11,244,true
100614,2025-02-15,2025-02-15 20:26:00,AMER,FX,"Smith, ""Big"" Fund",2025,Q1,110720.78,-32139.16,458,true
100615,2021-11-09,2021-11-09 19:52:00,EMEA,FX,Alpha Fund,2021,Q4,120074.16,53086.04,301,true
100616,2022-05-01,2022-05-01 10:03:00,APAC,Credit,Beta Fund,2022,Q2,288518.69,33642.77,437,true
100617,2023-10-22,2023-10-22 20:28:00,AMER,FX,O'Brien Holdings,2023,Q4,640330.87,19223.96,226,true
100618,2024-02-17,2024-02-17 00:11:00,EMEA,FX,O'Brien Holdings,2024,Q1,834519.16,85185.22,278,true
100619,2025-08-27,2025-08-27 01:27:00,APAC,Rates,Beta Fund,2025,Q3,789973.73,-14024.21,173,true
100620,2021-07-13,2021-07-13 17:54:00,AMER,Commodities,Alpha Fund,2021,Q3,681607.60,-58455.70,60,false
100621,2022-09-17,2022-09-17 08:09:00,EMEA,FX,O'Brien Holdings,2022,Q3,925472.77,37397.06,493,true
100622,2023-11-11,2023-11-11 23:34:00,APAC,Equities,Beta Fund,2023,Q4,154063.35,55076.75,253,true
100623,2024-06-11,2024-06-11 01:55:00,AMER,Rates,"Smith, ""Big"" Fund",2024,Q2,65658.71,11373.13,57,true
100624,2025-02-23,2025-02-23 05:01:00,EMEA,Credit,"Smith, ""Big"" Fund",2025,Q1,825496.20,29393.93,318,true
100625,2021-09-14,2021-09-14 13:08:00,APAC,Credit,Beta Fund,2021,Q3,687216.71,14513.13,224,true
100626,2022-04-01,2022-04-01 16:50:00,AMER,Commodities,Beta Fund,2022,Q2,604913.34,15181.52,395,true
100627,2023-04-11,2023-04-11 19:07:00,EMEA,Credit,O'Brien Holdings,2023,Q2,76183.84,-14871.02,433,true
100628,2024-10-06,2024-10-06 20:39:00,APAC,Commodities,Alpha Fund,2024,Q4,216733.73,19858.43,348,false
100629,2025-08-22,2025-08-22 19:31:00,AMER,Commodities,Alpha Fund,2025,Q3,983607.69,-27448.57,482,true
100630,2021-04-08,2021-04-08 02:56:00,EMEA,Equities,"Smith, ""Big"" Fund",2021,Q2,587553.60,-95027.95,350,true
100631,2022-02-11,2022-02-11 13:42:00,APAC,Rates,Alpha Fund,2022,Q1,707273.06,95075.43,36,true
100632,2023-07-17,2023-07-17 09:15:00,AMER,Rates,Alpha Fund,2023,Q3,893505.28,-72283.93,357,true
100633,2024-03-19,2024-03-19 14:57:00,EMEA,Commodities,O'Brien Holdings,2024,Q1,825400.13,-52002.82,380,true
100634,2025-03-22,2025-03-22 19:24:00,APAC,Commodities,Alpha Fund,2025,Q1,757107.14,-14470.66,242,true
100635,2021-12-14,2021-12-14 05:03:00,AMER,Rates,O'Brien Holdings,2021,Q4,61216.11,71681.65,214,false
100636,2022-02-09,2022-02-09 16:20:00,EMEA,Equities,Beta Fund,2022,Q1,433365.69,90170.58,115,false
100637,2023-02-02,2023-02-02 18:49:00,APAC,Equities,"Smith, ""Big"" Fund",2023,Q1,549636.18,-63479.82,173,true
100638,2024-02-12,2024-02-12 04:45:00,AMER,Commodities,"Smith, ""Big"" Fund",2024,Q1,313221.32,41444.32,12,true
100639,2025-09-19,2025-09-19 05:57:00,EMEA,FX,"Smith, ""Big"" Fund",2025,Q3,582696.17,-65961.74,18,true
100640,2021-05-03,2021-05-03 23:23:00,APAC,Credit,Beta Fund,2021,Q2,684055.89,17328.12,46,true
100641,2022-07-27,2022-07-27 02:45:00,AMER,FX,Beta Fund,2022,Q3,895960.80,-11670.24,101,true
100642,2023-05-05,2023-05-05 00:09:00,EMEA,Commodities,"Smith, ""Big"" Fund",2023,Q2,286471.09,-30058.82,186,true
100643,2024-04-08,2024-04-08 06:12:00,APAC,Equities,O'Brien Holdings,2024,Q2,928309.22,88758.40,403,true
100644,2025-02-18,2025-02-18 07:34:00,AMER,Equities,O'Brien Holdings,2025,Q1,108644.40,-2867.40,302,true
100645,2021-04-07,2021-04-07 12:49:00,EMEA,Credit,Alpha Fund,2021,Q2,653303.33,85495.19,386,true
100646,2022-05-26,2022-05-26 11:31:00,APAC,Credit,Beta Fund,2022,Q2,692069.87,-54543.54,116,true
100647,2023-04-11,2023-04-11 04:00:00,AMER,FX,Alpha Fund,2023,Q2,970232.12,-27172.52,1,true
100648,2024-11-05,2024-11-05 15:59:00,EMEA,Commodities,O'Brien Holdings,2024,Q4,543985.72,51037.18,204,false
100649,2025-05-22,2025-05-22 08:33:00,APAC,Equities,O'Brien Holdings,2025,Q2,366638.43,25254.98,194,true
100650,2021-09-22,2021-09-22 10:29:00,AMER,Commodities,O'Brien Holdings,2021,Q3,227710.88,-73843.35,435,true
100651,2022-04-06,2022-04-06 10:32:00,EMEA,Rates,Alpha Fund,2022,Q2,64775.45,-46787.26,69,true
100652,2023-07-08,2023-07-08 19:19:00,APAC,Equities,Alpha Fund,2023,Q3,29959.74,-21786.59,62,true
100653,2024-02-11,2024-02-11 06:00:00,AMER,Equities,"Smith, ""Big"" Fund",2024,Q1,655345.16,-9787.92,178,true
100654,2025-11-25,2025-11-25 21:42:00,EMEA,Commodities,Alpha Fund,2025,Q4,774855.29,41957.33,35,true
100655,2021-04-09,2021-04-09 13:26:00,APAC,Credit,"Smith, ""Big"" Fund",2021,Q2,192911.61,65177.30,162,true
100656,2022-06-14,2022-06-14 06:20:00,AMER,Rates,O'Brien Holdings,2022,Q2,455548.18,-95645.73,399,true
100657,2023-01-15,2023-01-15 00:47:00,EMEA,Commodities,Beta Fund,2023,Q1,340336.82,-66043.81,429,true
100658,2024-05-05,2024-05-05 03:07:00,APAC,Equities,"Smith, ""Big"" Fund",2024,Q2,8156.89,82066.03,183,false
100659,2025-03-09,2025-03-09 08:26:00,AMER,FX,Beta Fund,2025,Q1,32526.01,-86925.39,6,true
100660,2021-09-18,2021-09-18 10:35:00,EMEA,Commodities,Alpha Fund,2021,Q3,764376.59,-62608.12,356,true
100661,2022-01-01,2022-01-01 19:32:00,APAC,Equities,Alpha Fund,2022,Q1,52153.28,45868.51,448,true
100662,2023-11-07,2023-11-07 04:44:00,AMER,FX,Alpha Fund,2023,Q4,77332.08,32854.23,57,true
100663,2024-09-16,2024-09-16 04:58:00,EMEA,Rates,Beta Fund,2024,Q3,96684.89,-53016.26,305,true
100664,2025-07-11,2025-07-11 09:55:00,APAC,Credit,"Smith, ""Big"" Fund",2025,Q3,865641.82,-28394.09,419,true
100665,2021-11-27,2021-11-27 01:05:00,AMER,Commodities,"Smith, ""Big"" Fund",2021,Q4,940123.99,76303.37,67,true
100666,2022-01-17,2022-01-17 18:17:00,EMEA,Commodities,Beta Fund,2022,Q1,712952.84,14357.75,237,true
100667,2023-09-06,2023-09-06 20:47:00,APAC,Commodities,O'Brien Holdings,2023,Q3,537319.33,-32918.40,345,false
100668,2024-02-10,2024-02-10 03:45:00,AMER,Equities,Beta Fund,2024,Q1,389621.06,27718.76,69,true
100669,2025-03-22,2025-03-22 15:25:00,EMEA,Commodities,"Smith, ""Big"" Fund",2025,Q1,807818.90,56421.18,132,false
100670,2021-05-27,2021-05-27 03:44:00,APAC,Equities,Beta Fund,2021,Q2,407033.06,98849.89,185,true
100671,2022-04-22,2022-04-22 01:18:00,AMER,Equities,Alpha Fund,2022,Q2,417482.28,-26585.16,452,true
100672,2023-04-13,2023-04-13 02:40:00,EMEA,FX,Beta Fund,2023,Q2,173313.66,-79138.53,215,true
100673,2024-03-16,2024-03-16 08:41:00,APAC,Equities,Alpha Fund,2024,Q1,10340.66,65229.89,258,true
100674,2025-01-12,2025-01-12 22:54:00,AMER,Commodities,Alpha Fund,2025,Q1,469119.01,26811.68,146,false
100675,2021-03-07,2021-03-07 08:42:00,EMEA,Commodities,Alpha Fund,2021,Q1,23624.11,-43565.68,68,true
100676,2022-04-18,2022-04-18 02:19:00,APAC,Rates,Beta Fund,2022,Q2,291464.54,-22516.92,406,true
100677,2023-02-20,2023-02-20 12:44:00,AMER,Commodities,"Smith, ""Big"" Fund",2023,Q1,539770.06,16757.07,76,false
100678,2024-12-17,2024-12-17 11:09:00,EMEA,Credit,O'Brien Holdings,2024,Q4,98331.27,7666.40,2,true
100679,2025-07-16,2025-07-16 22:02:00,APAC,Rates,O'Brien Holdings,2025,Q3,270143.75,-43343.25,176,true
100680,2021-05-16,2021-05-16 16:31:00,AMER,Commodities,O'Brien Holdings,2021,Q2,576487.31,-15270.09,323,false
100681,2022-07-24,2022-07-24 06:10:00,EMEA,Credit,O'Brien Holdings,2022,Q3,468145.97,-51308.98,57,true
100682,2023-11-18,2023-11-18 22:24:00,APAC,Commodities,Alpha Fund,2023,Q4,105848.44,48211.39,356,true
100683,2024-07-16,2024-07-16 21:25:00,AMER,Credit,"Smith, ""Big"" Fund",2024,Q3,930004.41,44081.83,128,true
100684,2025-04-27,2025-04-27 10:39:00,EMEA,Commodities,Alpha Fund,2025,Q2,393318.38,-84670.62,368,true
100685,2021-04-12,2021-04-12 23:29:00,APAC,Credit,"Smith, ""Big"" Fund",2021,Q2,333698.23,-74029.05,12,true
100686,2022-10-09,2022-10-09 23:59:00,AMER,Commodities,Alpha Fund,2022,Q4,124850.69,82215.68,370,true
100687,2023-12-18,2023-12-18 08:58:00,EMEA,Credit,Alpha Fund,2023,Q4,418724.87,-2291.08,28,true
100688,2024-05-16,2024-05-16 06:45:00,APAC,Rates,Alpha Fund,2024,Q2,248107.23,-21132.47,273,false
100689,2025-06-12,2025-06-12 19:29:00,AMER,Rates,Alpha Fund,2025,Q2,449064.46,-69166.36,199,true
100690,2021-04-14,2021-04-14 18:47:00,EMEA,Rates,Beta Fund,2021,Q2,11376.13,65054.75,136,true
100691,2022-08-13,2022-08-13 18:32:00,APAC,Rates,O'Brien Holdings,2022,Q3,306835.96,-72776.13,142,true
100692,2023-05-27,2023-05-27 00:07:00,AMER,FX,Beta Fund,2023,Q2,167888.73,-30641.91,132,true
100693,2024-08-07,2024-08-07 19:57:00,EMEA,Credit,Beta Fund,2024,Q3,836803.77,-44780.03,438,true
100694,2025-03-03,2025-03-03 05:25:00,APAC,FX,O'Brien Holdings,2025,Q1,990621.52,5712.03,283,true
100695,2021-08-11,2021-08-11 08:52:00,AMER,Credit,Alpha Fund,2021,Q3,679780.44,97543.69,44,true
100696,2022-01-22,2022-01-22 14:36:00,EMEA,Rates,O'Brien Holdings,2022,Q1,958373.31,74519.99,317,true
100697,2023-10-25,2023-10-25 22:05:00,APAC,Equities,O'Brien Holdings,2023,Q4,134621.64,-5664.80,425,true
100698,2024-02-25,2024-02-25 04:57:00,AMER,Equities,"Smith, ""Big"" Fund",2024,Q1,235864.92,-49986.98,40,false
100699,2025-06-26,2025-06-26 19:10:00,EMEA,Commodities,O'Brien Holdings,2025,Q2,279974.27,70547.51,247,true
100700,2021-06-04,2021-06-04 01:45:00,APAC,Commodities,"Smith, ""Big"" Fund",2021,Q2,857458.46,43721.50,112,true
100701,2022-11-18,2022-11-18 02:48:00,AMER,FX,O'Brien Holdings,2022,Q4,463986.90,31091.08,282,true
100702,2023-03-05,2023-03-05 12:35:00,EMEA,Commodities,"Smith, ""Big"" Fund",2023,Q1,306056.37,-28466.03,358,true
100703,2024-01-11,2024-01-11 00:23:00,APAC,FX,"Smith, ""Big"" Fund",2024,Q1,258173.54,77011.17,2,false
100704,2025-11-04,2025-11-04 13:27:00,AMER,Credit,Alpha Fund,2025,Q4,605259.21,29344.76,20,true
100705,2021-05-02,2021-05-02 00:46:00,EMEA,Credit,O'Brien Holdings,2021,Q2,466751.33,69651.30,44,true
100706,2022-08-05,2022-08-05 01:19:00,APAC,FX,"Smith, ""Big"" Fund",2022,Q3,439876.68,23474.74,467,true
100707,2023-03-28,2023-03-28 08:32:00,AMER,Credit,O'Brien Holdings,2023,Q1,298699.13,54900.03,88,true
100708,2024-10-28,2024-10-28 19:57:00,EMEA,Equities,Beta Fund,2024,Q4,828053.69,92629.84,114,true
100709,2025-05-21,2025-05-21 13:54:00,APAC,Rates,Beta Fund,2025,Q2,371182.29,93105.15,474,false
100710,2021-07-26,2021-07-26 02:47:00,AMER,Equities,Alpha Fund,2021,Q3,823445.29,92555.93,55,false
100711,2022-08-06,2022-08-06 11:13:00,EMEA,FX,O'Brien Holdings,2022,Q3,222275.35,82815.00,455,true
100712,2023-03-24,2023-03-24 18:14:00,APAC,Equities,O'Brien Holdings,2023,Q1,232011.28,-38582.84,247,true
100713,2024-06-07,2024-06-07 17:55:00,AMER,Credit,Alpha Fund,2024,Q2,19727.62,-38638.79,33,true
100714,2025-08-02,2025-08-02 03:55:00,EMEA,Credit,Alpha Fund,2025,Q3,808263.81,-31069.33,404,true
100715,2021-06-25,2021-06-25 23:55:00,APAC,Equities,O'Brien Holdings,2021,Q2,618263.31,9463.16,269,true
100716,2022-08-14,2022-08-14 16:24:00,AMER,Rates,Alpha Fund,2022,Q3,466979.72,-68052.86,383,true
100717,2023-02-23,2023-02-23 00:43:00,EMEA,Commodities,O'Brien Holdings,2023,Q1,850615.28,-55460.82,22,false
100718,2024-02-21,2024-02-21 02:31:00,APAC,Credit,O'Brien Holdings,2024,Q1,786083.22,19745.11,424,false
100719,2025-09-05,2025-09-05 21:21:00,AMER,Credit,"Smith, ""Big"" Fund",2025,Q3,321860.88,-91496.27,444,false
100720,2021-02-20,2021-02-20 16:15:00,EMEA,FX,"Smith, ""Big"" Fund",2021,Q1,218071.60,-38211.78,447,false
100721,2022-04-14,2022-04-14 05:51:00,APAC,Equities,Alpha Fund,2022,Q2,994241.76,13647.71,278,true
100722,2023-07-17,2023-07-17 02:39:00,AMER,Equities,O'Brien Holdings,2023,Q3,955035.71,-76598.89,269,true
100723,2024-07-15,2024-07-15 07:57:00,EMEA,Commodities,O'Brien Holdings,2024,Q3,359135.55,-69236.77,22,true
100724,2025-12-06,2025-12-06 22:38:00,APAC,Commodities,"Smith, ""Big"" Fund",2025,Q4,412216.30,-64422.45,96,true
100725,2021-08-02,2021-08-02 09:13:00,AMER,FX,O'Brien Holdings,2021,Q3,948695.15,-86952.30,426,false
100726,2022-07-01,2022-07-01 20:20:00,EMEA,Commodities,Alpha Fund,2022,Q3,54810.59,-32400.49,47,true
100727,2023-12-03,2023-12-03 20:36:00,APAC,Credit,O'Brien Holdings,2023,Q4,735474.20,-24310.02,123,true
100728,2024-06-04,2024-06-04 04:42:00,AMER,Commodities,"Smith, ""Big"" Fund",2024,Q2,415035.20,20125.00,175,false
100729,2025-08-12,2025-08-12 09:53:00,EMEA,Equities,"Smith, ""Big"" Fund",2025,Q3,801228.66,63568.67,452,true
100730,2021-09-21,2021-09-21 01:28:00,APAC,Rates,O'Brien Holdings,2021,Q3,715781.23,38829.99,188,true
100731,2022-10-03,2022-10-03 03:58:00,AMER,FX,O'Brien Holdings,2022,Q4,657199.67,-84038.86,385,true
100732,2023-12-25,2023-12-25 21:33:00,EMEA,Credit,"Smith, ""Big"" Fund",2023,Q4,228567.08,-19024.90,495,true
100733,2024-09-12,2024-09-12 09:23:00,APAC,Credit,O'Brien Holdings,2024,Q3,438539.76,-24186.66,465,true
100734,2025-06-23,2025-06-23 23:22:00,AMER,Credit,Alpha Fund,2025,Q2,866903.92,871.66,191,true
100735,2021-12-14,2021-12-14 18:09:00,EMEA,Commodities,"Smith, ""Big"" Fund",2021,Q4,914400.34,95381.25,4,true
100736,2022-02-03,2022-02-03 10:10:00,APAC,Commodities,O'Brien Holdings,2022,Q1,529464.61,-55750.68,449,true
100737,2023-06-23,2023-06-23 00:05:00,AMER,Commodities,O'Brien Holdings,2023,Q2,142061.36,20534.04,59,false
100738,2024-12-15,2024-12-15 06:14:00,EMEA,Credit,O'Brien Holdings,2024,Q4,254282.10,29460.88,11,true
100739,2025-10-13,2025-10-13 03:43:00,APAC,Rates,Beta Fund,2025,Q4,102858.74,29984.09,295,true
100740,2021-10-04,2021-10-04 18:29:00,AMER,Rates,O'Brien Holdings,2021,Q4,762785.95,62637.71,393,true
100741,2022-05-24,2022-05-24 13:42:00,EMEA,Commodities,Beta Fund,2022,Q2,135929.45,42546.55,394,true
100742,2023-02-28,2023-02-28 22:19:00,APAC,Credit,O'Brien Holdings,2023,Q1,715369.79,-65575.79,360,true
100743,2024-01-27,2024-01-27 14:17:00,AMER,Rates,Beta Fund,2024,Q1,499526.93,-45190.65,131,true
100744,2025-02-27,2025-02-27 21:07:00,EMEA,Credit,O'Brien Holdings,2025,Q1,208794.41,15418.00,362,true
100745,2021-12-10,2021-12-10 07:24:00,APAC,FX,"Smith, ""Big"" Fund",2021,Q4,240808.92,-19285.37,2,true
100746,2022-06-28,2022-06-28 07:57:00,AMER,Rates,Alpha Fund,2022,Q2,106572.46,-52394.17,74,true
100747,2023-02-28,2023-02-28 22:38:00,EMEA,Credit,Beta Fund,2023,Q1,990524.38,24453.09,308,true
100748,2024-07-13,2024-07-13 13:55:00,APAC,Commodities,Alpha Fund,2024,Q3,34061.06,-75045.91,42,true
100749,2025-09-25,2025-09-25 22:32:00,AMER,Rates,O'Brien Holdings,2025,Q3,86566.58,-87405.20,269,false
100750,2021-03-09,2021-03-09 01:57:00,EMEA,Rates,Alpha Fund,2021,Q1,431796.80,343.31,83,true
100751,2022-02-10,2022-02-10 23:37:00,APAC,Equities,O'Brien Holdings,2022,Q1,630854.60,54543.83,445,true
100752,2023-08-01,2023-08-01 17:19:00,AMER,Equities,O'Brien Holdings,2023,Q3,943307.17,10873.03,21,true
100753,2024-06-11,2024-06-11 09:48:00,EMEA,FX,Beta Fund,2024,Q2,453001.79,-33198.99,2,true
100754,2025-12-12,2025-12-12 07:23:00,APAC,Rates,Alpha Fund,2025,Q4,597058.82,-41817.00,243,true
100755,2021-05-28,2021-05-28 00:35:00,AMER,FX,"Smith, ""Big"" Fund",2021,Q2,45722.40,26459.12,313,true
100756,2022-06-19,2022-06-19 22:02:00,EMEA,Rates,Beta Fund,2022,Q2,591446.69,17665.84,17,false
100757,2023-10-14,2023-10-14 00:35:00,APAC,Equities,Alpha Fund,2023,Q4,737331.17,70008.12,251,true
100758,2024-04-09,2024-04-09 22:52:00,AMER,Commodities,"Smith, ""Big"" Fund",2024,Q2,906725.27,-18877.82,76,false
100759,2025-09-08,2025-09-08 11:57:00,EMEA,Credit,Beta Fund,2025,Q3,58143.75,42752.40,104,true
100760,2021-04-25,2021-04-25 23:17:00,APAC,FX,Beta Fund,2021,Q2,605352.30,-80488.33,268,false
100761,2022-12-02,2022-12-02 17:48:00,AMER,Rates,Alpha Fund,2022,Q4,187417.89,-45040.70,456,false
100762,2023-12-27,2023-12-27 19:57:00,EMEA,Equities,Beta Fund,2023,Q4,685583.98,-16624.38,334,true
100763,2024-03-05,2024-03-05 01:47:00,APAC,Commodities,O'Brien Holdings,2024,Q1,191329.66,53518.48,15,false
100764,2025-08-16,2025-08-16 23:02:00,AMER,Equities,Beta Fund,2025,Q3,247578.84,-11442.87,144,true
100765,2021-04-27,2021-04-27 06:55:00,EMEA,Rates,Alpha Fund,2021,Q2,550047.03,-51946.80,264,true
100766,2022-06-23,2022-06-23 03:11:00,APAC,Rates,O'Brien Holdings,2022,Q2,633735.82,-57296.59,175,true
100767,2023-11-22,2023-11-22 05:08:00,AMER,FX,O'Brien Holdings,2023,Q4,309187.59,-1958.50,158,true
100768,2024-02-28,2024-02-28 11:45:00,EMEA,Commodities,Alpha Fund,2024,Q1,508915.80,87622.18,284,true
100769,2025-01-28,2025-01-28 07:41:00,APAC,Commodities,"Smith, ""Big"" Fund",2025,Q1,705608.23,43989.14,64,true
100770,2021-09-26,2021-09-26 00:32:00,AMER,Rates,"Smith, ""Big"" Fund",2021,Q3,778429.43,17819.02,482,true
100771,2022-06-22,2022-06-22 13:45:00,EMEA,Equities,"Smith, ""Big"" Fund",2022,Q2,545183.06,79142.39,257,true
100772,2023-04-07,2023-04-07 21:02:00,APAC,Equities,"Smith, ""Big"" Fund",2023,Q2,542227.00,-75334.10,497,false
100773,2024-10-26,2024-10-26 23:33:00,AMER,Equities,O'Brien Holdings,2024,Q4,871379.85,85804.27,436,true
100774,2025-06-12,2025-06-12 08:24:00,EMEA,Commodities,O'Brien Holdings,2025,Q2,212497.18,-86011.97,145,true
100775,2021-08-02,2021-08-02 12:05:00,APAC,FX,"Smith, ""Big"" Fund",2021,Q3,284228.25,62259.29,215,true
100776,2022-10-03,2022-10-03 21:51:00,AMER,Commodities,Beta Fund,2022,Q4,687503.25,-32245.63,240,true
100777,2023-06-14,2023-06-14 23:44:00,EMEA,Commodities,Alpha Fund,2023,Q2,572191.55,-29628.20,448,true
100778,2024-11-12,2024-11-12 16:53:00,APAC,Rates,"Smith, ""Big"" Fund",2024,Q4,118285.88,-26612.55,465,true
100779,2025-12-13,2025-12-13 03:41:00,AMER,Credit,Alpha Fund,2025,Q4,959139.52,-4361.57,450,true
100780,2021-04-23,2021-04-23 09:49:00,EMEA,Credit,O'Brien Holdings,2021,Q2,714400.29,-58109.38,135,true
100781,2022-11-02,2022-11-02 20:06:00,APAC,Credit,O'Brien Holdings,2022,Q4,43247.11,17081.48,86,false
100782,2023-08-02,2023-08-02 01:32:00,AMER,Credit,"Smith, ""Big"" Fund",2023,Q3,141432.89,76378.23,454,false
100783,2024-05-24,2024-05-24 12:01:00,EMEA,Equities,"Smith, ""Big"" Fund",2024,Q2,246726.26,41980.97,189,true
100784,2025-05-24,2025-05-24 08:42:00,APAC,Rates,O'Brien Holdings,2025,Q2,51149.92,-10857.23,223,false
100785,2021-12-25,2021-12-25 12:39:00,AMER,Credit,Alpha Fund,2021,Q4,934768.32,-7555.70,217,true
100786,2022-12-11,2022-12-11 22:54:00,EMEA,FX,"Smith, ""Big"" Fund",2022,Q4,981032.39,71873.93,54,true
100787,2023-01-23,2023-01-23 10:51:00,APAC,Commodities,"Smith, ""Big"" Fund",2023,Q1,442986.60,8401.12,95,true
100788,2024-07-18,2024-07-18 06:04:00,AMER,Credit,Alpha Fund,2024,Q3,928265.73,9025.59,478,true
100789,2025-05-04,2025-05-04 00:08:00,EMEA,Equities,Alpha Fund,2025,Q2,166629.91,-85825.89,30,true
100790,2021-01-10,2021-01-10 12:06:00,APAC,Credit,Alpha Fund,2021,Q1,235686.73,86866.35,49,true
100791,2022-12-24,2022-12-24 16:05:00,AMER,FX,Beta Fund,2022,Q4,602849.43,-98940.02,256,true
100792,2023-04-13,2023-04-13 08:47:00,EMEA,Equities,Alpha Fund,2023,Q2,740624.85,96821.02,257,true
100793,2024-06-13,2024-06-13 20:58:00,APAC,Rates,Alpha Fund,2024,Q2,982031.74,59121.12,64,true
100794,2025-09-27,2025-09-27 12:37:00,AMER,Credit,Beta Fund,2025,Q3,803230.22,97014.92,124,false
100795,2021-09-06,2021-09-06 04:58:00,EMEA,Commodities,Alpha Fund,2021,Q3,9329.81,-75890.56,324,true
100796,2022-11-18,2022-11-18 04:17:00,APAC,Equities,Alpha Fund,2022,Q4,612373.61,-88081.06,335,false
100797,2023-05-25,2023-05-25 07:42:00,AMER,Credit,"Smith, ""Big"" Fund",2023,Q2,842721.88,18322.52,121,true
100798,2024-08-01,2024-08-01 07:26:00,EMEA,Equities,Alpha Fund,2024,Q3,184842.41,50525.06,186,true
100799,2025-05-22,2025-05-22 09:13:00,APAC,Credit,Beta Fund,2025,Q2,149089.45,-20739.56,176,true
100800,2021-07-06,2021-07-06 20:07:00,AMER,Rates,O'Brien Holdings,2021,Q3,937731.70,-26579.91,20,false
100801,2022-01-23,2022-01-23 09:44:00,EMEA,FX,Beta Fund,2022,Q1,227368.15,-72965.13,379,true
100802,2023-09-07,2023-09-07 08:44:00,APAC,Commodities,O'Brien Holdings,2023,Q3,156294.01,83648.87,479,false
100803,2024-08-19,2024-08-19 14:55:00,AMER,Credit,Alpha Fund,2024,Q3,481268.88,-75981.42,128,true
100804,2025-04-11,2025-04-11 07:54:00,EMEA,Credit,Alpha Fund,2025,Q2,593452.98,33841.69,93,true
100805,2021-08-26,2021-08-26 11:45:00,APAC,Equities,"Smith, ""Big"" Fund",2021,Q3,684296.09,-31178.01,383,true
100806,2022-01-22,2022-01-22 02:42:00,AMER,FX,"Smith, ""Big"" Fund",2022,Q1,790243.51,29045.68,188,true
100807,2023-01-23,2023-01-23 05:18:00,EMEA,Credit,O'Brien Holdings,2023,Q1,626482.71,53246.13,163,true
100808,2024-10-01,2024-10-01 17:47:00,APAC,Rates,O'Brien Holdings,2024,Q4,668397.07,-95395.36,264,true
100809,2025-08-12,2025-08-12 10:54:00,AMER,Equities,"Smith, ""Big"" Fund",2025,Q3,658726.43,-56470.62,450,false
100810,2021-07-10,2021-07-10 03:35:00,EMEA,Rates,"Smith, ""Big"" Fund",2021,Q3,349540.83,33247.04,38,true
100811,2022-12-19,2022-12-19 17:09:00,APAC,Commodities,O'Brien Holdings,2022,Q4,382464.05,13183.53,249,true
100812,2023-10-27,2023-10-27 22:57:00,AMER,Equities,Beta Fund,2023,Q4,531671.83,-81474.33,282,true
100813,2024-01-02,2024-01-02 21:40:00,EMEA,FX,Alpha Fund,2024,Q1,338787.22,-23686.00,453,true
100814,2025-11-21,2025-11-21 22:59:00,APAC,FX,"Smith, ""Big"" Fund",2025,Q4,219823.67,-20043.49,437,false
100815,2021-11-14,2021-11-14 14:23:00,AMER,Credit,Alpha Fund,2021,Q4,175904.01,16094.98,166,true
100816,2022-01-08,2022-01-08 10:37:00,EMEA,Commodities,Alpha Fund,2022,Q1,951900.21,-79350.59,152,true
100817,2023-04-06,2023-04-06 10:41:00,APAC,Commodities,Beta Fund,2023,Q2,261398.69,-38031.08,279,false
100818,2024-03-07,2024-03-07 02:36:00,AMER,Rates,Alpha Fund,2024,Q1,849229.53,34726.98,154,true
100819,2025-08-05,2025-08-05 09:46:00,EMEA,Commodities,Alpha Fund,2025,Q3,37204.46,-31571.70,364,true
100820,2021-08-08,2021-08-08 17:37:00,APAC,FX,Beta Fund,2021,Q3,572423.60,40492.26,231,true
100821,2022-05-04,2022-05-04 21:01:00,AMER,Commodities,O'Brien Holdings,2022,Q2,848222.72,-93273.65,442,true
100822,2023-12-21,2023-12-21 04:48:00,EMEA,FX,Alpha Fund,2023,Q4,943199.59,52040.35,88,false
100823,2024-12-20,2024-12-20 08:19:00,APAC,Equities,"Smith, ""Big"" Fund",2024,Q4,222904.29,80630.55,437,false
100824,2025-11-10,2025-11-10 20:43:00,AMER,Equities,O'Brien Holdings,2025,Q4,908726.22,89752.72,118,false
100825,2021-06-22,2021-06-22 12:36:00,EMEA,Credit,O'Brien Holdings,2021,Q2,397642.80,72952.71,493,true
100826,2022-05-25,2022-05-25 17:31:00,APAC,Rates,O'Brien Holdings,2022,Q2,476064.08,-89088.81,172,false
100827,2023-12-17,2023-12-17 04:59:00,AMER,FX,"Smith, ""Big"" Fund",2023,Q4,46492.48,-86205.13,43,true
100828,2024-09-24,2024-09-24 03:43:00,EMEA,Rates,Beta Fund,2024,Q3,950729.58,47687.95,392,true
100829,2025-04-14,2025-04-14 17:27:00,APAC,FX,"Smith, ""Big"" Fund",2025,Q2,82639.88,48160.37,386,false
100830,2021-07-14,2021-07-14 17:11:00,AMER,Equities,"Smith, ""Big"" Fund",2021,Q3,115831.51,-78159.60,224,true
100831,2022-12-03,2022-12-03 08:41:00,EMEA,Commodities,"Smith, ""Big"" Fund",2022,Q4,659931.39,-11390.47,21,true
100832,2023-04-06,2023-04-06 17:43:00,APAC,Equities,Alpha Fund,2023,Q2,593211.88,46031.29,190,true
100833,2024-09-04,2024-09-04 02:45:00,AMER,Commodities,Alpha Fund,2024,Q3,946872.43,76375.80,355,true
100834,2025-08-26,2025-08-26 12:56:00,EMEA,Commodities,Alpha Fund,2025,Q3,914513.48,-87387.75,469,true
100835,2021-05-15,2021-05-15 06:21:00,APAC,Credit,Alpha Fund,2021,Q2,516409.17,79653.82,284,true
100836,2022-03-03,2022-03-03 17:44:00,AMER,FX,Alpha Fund,2022,Q1,482465.13,-48549.99,293,true
100837,2023-06-14,2023-06-14 08:15:00,EMEA,Rates,"Smith, ""Big"" Fund",2023,Q2,831242.48,79511.20,293,true
100838,2024-08-13,2024-08-13 20:14:00,APAC,Commodities,"Smith, ""Big"" Fund",2024,Q3,999010.52,-68444.17,218,true
100839,2025-06-01,2025-06-01 13:19:00,AMER,Credit,"Smith, ""Big"" Fund",2025,Q2,845013.40,-93451.91,421,true
100840,2021-03-17,2021-03-17 08:50:00,EMEA,Commodities,O'Brien Holdings,2021,Q1,669119.86,11993.50,441,true
100841,2022-07-20,2022-07-20 02:18:00,APAC,Rates,O'Brien Holdings,2022,Q3,146272.21,-16852.32,250,true
100842,2023-11-08,2023-11-08 01:51:00,AMER,Credit,Alpha Fund,2023,Q4,185215.76,44387.12,499,true
100843,2024-07-02,2024-07-02 04:46:00,EMEA,Equities,O'Brien Holdings,2024,Q3,22747.04,19907.70,249,true
100844,2025-12-20,2025-12-20 23:22:00,APAC,Commodities,"Smith, ""Big"" Fund",2025,Q4,250469.79,6533.73,358,true
100845,2021-06-06,2021-06-06 08:39:00,AMER,Commodities,O'Brien Holdings,2021,Q2,693309.26,-99017.56,243,true
100846,2022-03-04,2022-03-04 07:51:00,EMEA,Commodities,"Smith, ""Big"" Fund",2022,Q1,293893.00,-55803.28,132,true
100847,2023-12-21,2023-12-21 13:13:00,APAC,Rates,Alpha Fund,2023,Q4,428524.22,27929.09,418,true
100848,2024-12-28,2024-12-28 19:18:00,AMER,Equities,Alpha Fund,2024,Q4,159900.40,88450.84,141,true
100849,2025-10-16,2025-10-16 18:05:00,EMEA,Credit,"Smith, ""Big"" Fund",2025,Q4,349406.80,-80471.45,247,true
100850,2021-07-18,2021-07-18 04:27:00,APAC,FX,Alpha Fund,2021,Q3,2586.72,77137.26,224,false
100851,2022-06-15,2022-06-15 21:59:00,AMER,Commodities,Beta Fund,2022,Q2,54710.36,22020.72,405,true
100852,2023-08-19,2023-08-19 17:06:00,EMEA,Commodities,"Smith, ""Big"" Fund",2023,Q3,135300.50,9912.08,427,true
100853,2024-12-21,2024-12-21 08:32:00,APAC,Rates,"Smith, ""Big"" Fund",2024,Q4,888948.59,31480.98,110,false
100854,2025-12-01,2025-12-01 02:52:00,AMER,Commodities,O'Brien Holdings,2025,Q4,299368.82,-82314.31,234,true
100855,2021-04-28,2021-04-28 11:25:00,EMEA,Rates,O'Brien Holdings,2021,Q2,40544.05,-6188.04,451,true
100856,2022-05-20,2022-05-20 17:37:00,APAC,Commodities,Alpha Fund,2022,Q2,737131.63,-55013.91,222,true
100857,2023-07-24,2023-07-24 15:36:00,AMER,FX,Alpha Fund,2023,Q3,570556.35,-86511.71,245,true
100858,2024-12-14,2024-12-14 20:48:00,EMEA,Commodities,"Smith, ""Big"" Fund",2024,Q4,652271.66,26267.45,28,false
100859,2025-01-23,2025-01-23 02:25:00,APAC,Equities,O'Brien Holdings,2025,Q1,232837.34,-27900.97,140,true
100860,2021-05-23,2021-05-23 08:30:00,AMER,Equities,Alpha Fund,2021,Q2,577460.40,-73511.03,123,true
100861,2022-04-13,2022-04-13 09:48:00,EMEA,Rates,Beta Fund,2022,Q2,80488.18,80088.20,164,true
100862,2023-04-05,2023-04-05 08:15:00,APAC,Rates,Alpha Fund,2023,Q2,946592.59,-32711.64,447,true
100863,2024-08-15,2024-08-15 08:34:00,AMER,Commodities,O'Brien Holdings,2024,Q3,176154.34,-89571.38,125,true
100864,2025-09-09,2025-09-09 07:07:00,EMEA,Credit,Beta Fund,2025,Q3,700805.67,25423.77,53,true
100865,2021-04-17,2021-04-17 08:56:00,APAC,FX,Beta Fund,2021,Q2,856546.50,91804.58,404,false
100866,2022-07-11,2022-07-11 08:19:00,AMER,Rates,Beta Fund,2022,Q3,270630.18,50784.33,163,true
100867,2023-02-09,2023-02-09 10:03:00,EMEA,FX,"Smith, ""Big"" Fund",2023,Q1,361601.65,28196.74,56,true
100868,2024-01-28,2024-01-28 12:30:00,APAC,Commodities,Beta Fund,2024,Q1,747564.90,-58084.23,230,true
100869,2025-10-26,2025-10-26 21:35:00,AMER,Equities,O'Brien Holdings,2025,Q4,39956.87,-59422.41,162,false
100870,2021-09-13,2021-09-13 10:32:00,EMEA,FX,"Smith, ""Big"" Fund",2021,Q3,740316.98,64970.28,448,true
100871,2022-02-12,2022-02-12 14:04:00,APAC,Credit,O'Brien Holdings,2022,Q1,741260.94,91383.19,381,true
100872,2023-03-02,2023-03-02 17:21:00,AMER,Equities,Beta Fund,2023,Q1,687565.85,-14717.23,129,false
100873,2024-06-06,2024-06-06 07:44:00,EMEA,Commodities,O'Brien Holdings,2024,Q2,268703.46,-82228.96,362,false
100874,2025-09-09,2025-09-09 22:17:00,APAC,FX,Beta Fund,2025,Q3,11666.09,-58364.86,351,true
100875,2021-04-02,2021-04-02 17:15:00,AMER,FX,O'Brien Holdings,2021,Q2,842824.26,48068.45,469,true
100876,2022-02-19,2022-02-19 21:56:00,EMEA,Rates,Alpha Fund,2022,Q1,337981.66,25244.75,226,true
100877,2023-08-08,2023-08-08 08:00:00,APAC,Commodities,"Smith, ""Big"" Fund",2023,Q3,185561.80,625.65,326,true
100878,2024-01-07,2024-01-07 10:18:00,AMER,Commodities,Beta Fund,2024,Q1,399346.10,8750.61,76,true
100879,2025-05-24,2025-05-24 00:04:00,EMEA,Commodities,O'Brien Holdings,2025,Q2,64031.97,-21020.93,471,true
100880,2021-01-20,2021-01-20 21:17:00,APAC,Rates,Alpha Fund,2021,Q1,365367.15,84741.88,93,false
100881,2022-03-16,2022-03-16 17:37:00,AMER,Equities,Alpha Fund,2022,Q1,304456.96,97541.99,337,true
100882,2023-03-23,2023-03-23 23:23:00,EMEA,Credit,O'Brien Holdings,2023,Q1,861243.48,54642.18,257,false
100883,2024-02-19,2024-02-19 10:16:00,APAC,Commodities,O'Brien Holdings,2024,Q1,300712.18,-54053.24,277,false
100884,2025-05-10,2025-05-10 12:44:00,AMER,Rates,O'Brien Holdings,2025,Q2,142504.97,57791.47,315,true
100885,2021-05-05,2021-05-05 16:46:00,EMEA,Rates,O'Brien Holdings,2021,Q2,405164.54,-29755.77,55,false
100886,2022-11-04,2022-11-04 23:26:00,APAC,Commodities,"Smith, ""Big"" Fund",2022,Q4,951099.42,-86641.76,199,true
100887,2023-06-21,2023-06-21 11:50:00,AMER,Rates,"Smith, ""Big"" Fund",2023,Q2,418674.12,63551.02,245,true
100888,2024-05-24,2024-05-24 18:45:00,EMEA,FX,"Smith, ""Big"" Fund",2024,Q2,943746.24,-41461.28,423,false
100889,2025-05-11,2025-05-11 18:55:00,APAC,Rates,Beta Fund,2025,Q2,351391.48,-24903.62,335,false
100890,2021-05-24,2021-05-24 10:29:00,AMER,Equities,Alpha Fund,2021,Q2,110458.08,80797.44,462,true
100891,2022-05-27,2022-05-27 05:08:00,EMEA,Commodities,O'Brien Holdings,2022,Q2,344011.68,3895.04,336,true
100892,2023-07-25,2023-07-25 14:01:00,APAC,Commodities,Alpha Fund,2023,Q3,950775.80,-45217.73,7,true
100893,2024-02-20,2024-02-20 10:00:00,AMER,Commodities,Alpha Fund,2024,Q1,453762.55,13726.37,55,true
100894,2025-12-03,2025-12-03 00:39:00,EMEA,Credit,O'Brien Holdings,2025,Q4,183436.85,-81722.24,28,true
100895,2021-04-09,2021-04-09 18:02:00,APAC,Credit,O'Brien Holdings,2021,Q2,34776.17,-23762.23,294,true
100896,2022-11-24,2022-11-24 02:42:00,AMER,Equities,Alpha Fund,2022,Q4,848398.42,-64514.33,383,true
100897,2023-07-15,2023-07-15 05:37:00,EMEA,Rates,"Smith, ""Big"" Fund",2023,Q3,882591.93,95515.34,216,true
100898,2024-04-25,2024-04-25 08:19:00,APAC,FX,O'Brien Holdings,2024,Q2,872269.18,-73379.59,350,true
100899,2025-02-23,2025-02-23 08:38:00,AMER,Rates,"Smith, ""Big"" Fund",2025,Q1,829994.00,-10584.94,379,true
100900,2021-09-24,2021-09-24 10:02:00,EMEA,FX,Alpha Fund,2021,Q3,376076.26,73248.04,179,true
100901,2022-11-01,2022-11-01 04:52:00,APAC,FX,Beta Fund,2022,Q4,437854.76,-42906.43,283,false
100902,2023-10-23,2023-10-23 11:06:00,AMER,Commodities,O'Brien Holdings,2023,Q4,426906.31,-15852.85,55,true
100903,2024-04-22,2024-04-22 15:53:00,EMEA,Credit,Alpha Fund,2024,Q2,445346.24,-58979.98,186,true
100904,2025-11-11,2025-11-11 09:56:00,APAC,Credit,O'Brien Holdings,2025,Q4,864945.57,1587.29,256,true
100905,2021-08-13,2021-08-13 21:20:00,AMER,Equities,Beta Fund,2021,Q3,758473.11,37836.73,59,true
100906,2022-08-02,2022-08-02 04:06:00,EMEA,Commodities,Beta Fund,2022,Q3,927233.05,69644.91,191,true
100907,2023-06-17,2023-06-17 02:18:00,APAC,FX,Beta Fund,2023,Q2,130467.21,-87444.02,460,true
100908,2024-06-21,2024-06-21 08:08:00,AMER,FX,Alpha Fund,2024,Q2,243590.53,-76337.13,182,false
100909,2025-09-18,2025-09-18 15:15:00,EMEA,Rates,Alpha Fund,2025,Q3,38449.48,-35215.89,195,true
100910,2021-03-04,2021-03-04 21:01:00,APAC,Rates,Beta Fund,2021,Q1,389800.39,18219.98,174,true
100911,2022-11-27,2022-11-27 10:53:00,AMER,Commodities,"Smith, ""Big"" Fund",2022,Q4,736092.15,-26630.88,89,true
100912,2023-08-26,2023-08-26 07:23:00,EMEA,Credit,O'Brien Holdings,2023,Q3,227353.78,-71551.82,474,true
100913,2024-04-27,2024-04-27 12:41:00,APAC,Rates,Beta Fund,2024,Q2,590957.90,55591.34,451,false
100914,2025-10-24,2025-10-24 12:28:00,AMER,Commodities,Alpha Fund,2025,Q4,392094.24,91737.80,1,true
100915,2021-05-14,2021-05-14 19:58:00,EMEA,Rates,Beta Fund,2021,Q2,293623.26,45220.32,148,true
100916,2022-09-17,2022-09-17 06:46:00,APAC,Credit,"Smith, ""Big"" Fund",2022,Q3,870933.79,11688.12,249,true
100917,2023-06-10,2023-06-10 11:53:00,AMER,Equities,O'Brien Holdings,2023,Q2,256381.89,-14803.99,400,true
100918,2024-04-20,2024-04-20 04:35:00,EMEA,Equities,Beta Fund,2024,Q2,423082.33,-40764.98,406,true
100919,2025-04-11,2025-04-11 00:33:00,APAC,Credit,Alpha Fund,2025,Q2,311808.97,8553.76,437,true
100920,2021-07-05,2021-07-05 05:15:00,AMER,Credit,Beta Fund,2021,Q3,537630.37,-91979.07,405,true
100921,2022-08-16,2022-08-16 13:01:00,EMEA,Credit,Beta Fund,2022,Q3,349292.55,95883.95,312,true
100922,2023-10-05,2023-10-05 00:27:00,APAC,Equities,"Smith, ""Big"" Fund",2023,Q4,889433.66,86425.80,300,true
100923,2024-12-25,2024-12-25 16:03:00,AMER,Equities,"Smith, ""Big"" Fund",2024,Q4,284685.74,-30237.72,325,true
100924,2025-08-21,2025-08-21 09:03:00,EMEA,Commodities,O'Brien Holdings,2025,Q3,779786.87,-50356.44,358,true
100925,2021-09-20,2021-09-20 23:04:00,APAC,Equities,O'Brien Holdings,2021,Q3,293087.69,6544.65,124,true
100926,2022-02-11,2022-02-11 14:14:00,AMER,Equities,"Smith, ""Big"" Fund",2022,Q1,134811.86,-8410.16,22,true
100927,2023-05-28,2023-05-28 07:09:00,EMEA,FX,Beta Fund,2023,Q2,766222.86,-96259.01,235,true
100928,2024-04-09,2024-04-09 13:54:00,APAC,Commodities,Beta Fund,2024,Q2,736557.16,35111.66,273,true
100929,2025-02-11,2025-02-11 15:15:00,AMER,Credit,Alpha Fund,2025,Q1,593541.66,5835.72,440,true
100930,2021-02-10,2021-02-10 01:56:00,EMEA,FX,O'Brien Holdings,2021,Q1,687963.67,-21298.67,240,true
100931,2022-08-13,2022-08-13 18:24:00,APAC,Commodities,Beta Fund,2022,Q3,499206.85,-10419.01,64,false
100932,2023-04-04,2023-04-04 09:25:00,AMER,Commodities,Alpha Fund,2023,Q2,253302.59,-42794.24,50,true
100933,2024-05-06,2024-05-06 16:14:00,EMEA,Commodities,O'Brien Holdings,2024,Q2,999041.99,99188.03,189,true
100934,2025-11-18,2025-11-18 18:44:00,APAC,Equities,Beta Fund,2025,Q4,797974.14,-66315.22,262,true
100935,2021-04-15,2021-04-15 19:49:00,AMER,Credit,O'Brien Holdings,2021,Q2,40020.70,-28286.07,30,true
100936,2022-01-28,2022-01-28 09:41:00,EMEA,Credit,"Smith, ""Big"" Fund",2022,Q1,802539.77,56256.07,176,true
100937,2023-12-12,2023-12-12 12:33:00,APAC,FX,Alpha Fund,2023,Q4,967015.56,-4391.57,282,true
100938,2024-12-26,2024-12-26 05:21:00,AMER,Commodities,Beta Fund,2024,Q4,154924.27,66648.81,448,false
100939,2025-09-27,2025-09-27 18:19:00,EMEA,Credit,"Smith, ""Big"" Fund",2025,Q3,54588.94,-40762.60,264,true
100940,2021-11-07,2021-11-07 12:51:00,APAC,Credit,Alpha Fund,2021,Q4,323647.03,55349.85,31,true
100941,2022-03-11,2022-03-11 12:42:00,AMER,FX,"Smith, ""Big"" Fund",2022,Q1,375776.05,-42459.67,357,true
100942,2023-10-23,2023-10-23 21:26:00,EMEA,FX,Alpha Fund,2023,Q4,630030.36,8295.54,495,false
100943,2024-01-01,2024-01-01 03:17:00,APAC,Credit,Alpha Fund,2024,Q1,872863.31,4946.13,217,false
100944,2025-05-01,2025-05-01 09:24:00,AMER,Commodities,"Smith, ""Big"" Fund",2025,Q2,496208.16,-37045.64,414,true
100945,2021-03-13,2021-03-13 14:56:00,EMEA,Equities,O'Brien Holdings,2021,Q1,980193.81,-95871.59,331,true
100946,2022-09-17,2022-09-17 15:40:00,APAC,FX,O'Brien Holdings,2022,Q3,428125.56,37205.40,28,false
100947,2023-10-16,2023-10-16 14:35:00,AMER,Equities,"Smith, ""Big"" Fund",2023,Q4,293687.51,-18461.21,383,true
100948,2024-02-09,2024-02-09 04:17:00,EMEA,Equities,"Smith, ""Big"" Fund",2024,Q1,310958.92,70733.42,171,true
100949,2025-08-24,2025-08-24 17:55:00,APAC,Equities,"Smith, ""Big"" Fund",2025,Q3,546197.57,52166.02,229,true
100950,2021-02-16,2021-02-16 07:09:00,AMER,Equities,Alpha Fund,2021,Q1,706917.88,-64162.69,137,false
100951,2022-03-09,2022-03-09 10:49:00,EMEA,Equities,Beta Fund,2022,Q1,545542.67,68016.11,286,true
100952,2023-09-14,2023-09-14 16:39:00,APAC,Rates,O'Brien Holdings,2023,Q3,255124.31,-97631.61,279,true
100953,2024-02-08,2024-02-08 04:48:00,AMER,Equities,Alpha Fund,2024,Q1,505279.07,96775.12,390,false
100954,2025-05-01,2025-05-01 20:17:00,EMEA,Equities,O'Brien Holdings,2025,Q2,898975.99,97685.66,348,false
100955,2021-04-10,2021-04-10 10:30:00,APAC,FX,O'Brien Holdings,2021,Q2,935243.70,28193.24,343,false
100956,2022-05-13,2022-05-13 22:15:00,AMER,Rates,Beta Fund,2022,Q2,537283.90,-98386.24,173,true
100957,2023-11-28,2023-11-28 12:43:00,EMEA,Rates,"Smith, ""Big"" Fund",2023,Q4,286564.63,61658.12,458,true
100958,2024-03-22,2024-03-22 22:49:00,APAC,Commodities,O'Brien Holdings,2024,Q1,209384.15,-2370.28,123,true
100959,2025-11-20,2025-11-20 16:59:00,AMER,Credit,Beta Fund,2025,Q4,430924.22,44709.35,123,true
100960,2021-07-05,2021-07-05 10:52:00,EMEA,Rates,O'Brien Holdings,2021,Q3,908901.41,7778.31,439,false
100961,2022-10-09,2022-10-09 06:30:00,APAC,Rates,Beta Fund,2022,Q4,339033.06,9921.75,99,true
100962,2023-03-20,2023-03-20 02:03:00,AMER,Rates,"Smith, ""Big"" Fund",2023,Q1,619449.02,47396.48,177,true
100963,2024-01-04,2024-01-04 05:44:00,EMEA,Credit,Alpha Fund,2024,Q1,52742.42,14429.52,23,true
100964,2025-06-15,2025-06-15 13:32:00,APAC,Credit,Alpha Fund,2025,Q2,898015.20,-47189.58,409,true
100965,2021-06-03,2021-06-03 01:46:00,AMER,Commodities,O'Brien Holdings,2021,Q2,163908.98,89821.16,464,true
100966,2022-05-26,2022-05-26 04:43:00,EMEA,Equities,Alpha Fund,2022,Q2,918474.30,-43254.34,448,true
100967,2023-01-04,2023-01-04 23:18:00,APAC,Credit,Alpha Fund,2023,Q1,583543.76,-50301.29,333,true
100968,2024-05-23,2024-05-23 07:53:00,AMER,FX,"Smith, ""Big"" Fund",2024,Q2,872662.40,17399.46,460,true
100969,2025-05-12,2025-05-12 10:09:00,EMEA,Credit,O'Brien Holdings,2025,Q2,178348.29,76995.02,331,true
100970,2021-08-11,2021-08-11 19:48:00,APAC,Credit,"Smith, ""Big"" Fund",2021,Q3,601403.45,-43203.95,419,true
100971,2022-03-23,2022-03-23 23:50:00,AMER,FX,"Smith, ""Big"" Fund",2022,Q1,839480.99,-45980.90,458,true
100972,2023-08-19,2023-08-19 13:55:00,EMEA,Rates,Beta Fund,2023,Q3,470380.64,-85031.80,329,true
100973,2024-03-15,2024-03-15 09:49:00,APAC,Commodities,"Smith, ""Big"" Fund",2024,Q1,971702.05,78194.11,226,true
100974,2025-07-17,2025-07-17 07:03:00,AMER,Rates,O'Brien Holdings,2025,Q3,845013.64,80799.18,125,true
100975,2021-06-09,2021-06-09 08:24:00,EMEA,Rates,Alpha Fund,2021,Q2,537504.85,93941.60,466,true
100976,2022-02-16,2022-02-16 23:37:00,APAC,Equities,Alpha Fund,2022,Q1,320111.87,33370.29,17,false
100977,2023-08-15,2023-08-15 10:33:00,AMER,Commodities,"Smith, ""Big"" Fund",2023,Q3,901574.01,-35128.59,370,true
100978,2024-02-02,2024-02-02 00:26:00,EMEA,Equities,Beta Fund,2024,Q1,6595.26,70086.29,19,true
100979,2025-02-01,2025-02-01 07:19:00,APAC,Commodities,O'Brien Holdings,2025,Q1,924509.60,96895.49,2,true
100980,2021-11-05,2021-11-05 09:50:00,AMER,Equities,Alpha Fund,2021,Q4,874888.63,-90715.23,269,true
100981,2022-05-19,2022-05-19 02:16:00,EMEA,Credit,Alpha Fund,2022,Q2,290952.61,51294.94,127,true
100982,2023-01-25,2023-01-25 11:15:00,APAC,FX,Beta Fund,2023,Q1,689207.99,-77042.34,133,false
100983,2024-09-05,2024-09-05 05:11:00,AMER,Credit,"Smith, ""Big"" Fund",2024,Q3,876499.26,-10916.72,421,false
100984,2025-05-08,2025-05-08 18:05:00,EMEA,Credit,"Smith, ""Big"" Fund",2025,Q2,982206.93,-71303.10,226,true
100985,2021-05-05,2021-05-05 16:11:00,APAC,Credit,Alpha Fund,2021,Q2,442909.01,16147.03,370,true
100986,2022-11-05,2022-11-05 17:29:00,AMER,Credit,Alpha Fund,2022,Q4,479646.93,-77896.74,244,true
100987,2023-08-11,2023-08-11 17:09:00,EMEA,Commodities,O'Brien Holdings,2023,Q3,762820.85,35485.08,166,false
100988,2024-08-20,2024-08-20 18:27:00,APAC,Commodities,Beta Fund,2024,Q3,141040.63,96970.59,308,true
100989,2025-12-26,2025-12-26 17:18:00,AMER,FX,Alpha Fund,2025,Q4,395095.41,23237.78,9,true
100990,2021-05-02,2021-05-02 13:07:00,EMEA,Equities,Alpha Fund,2021,Q2,521111.43,68949.04,82,true
100991,2022-12-27,2022-12-27 22:44:00,APAC,FX,Beta Fund,2022,Q4,97854.52,27018.87,370,true
100992,2023-10-14,2023-10-14 06:23:00,AMER,FX,O'Brien Holdings,2023,Q4,478098.98,-88127.81,130,true
100993,2024-12-07,2024-12-07 13:20:00,EMEA,FX,Alpha Fund,2024,Q4,185631.72,59160.75,17,true
100994,2025-09-09,2025-09-09 16:10:00,APAC,FX,Alpha Fund,2025,Q3,209926.10,-28751.63,318,true
100995,2021-12-24,2021-12-24 17:29:00,AMER,Commodities,Alpha Fund,2021,Q4,276252.74,-5022.07,453,true
100996,2022-11-01,2022-11-01 16:21:00,EMEA,Rates,O'Brien Holdings,2022,Q4,203736.38,-3919.23,347,true
100997,2023-02-26,2023-02-26 00:04:00,APAC,Equities,"Smith, ""Big"" Fund",2023,Q1,394761.33,570.52,119,true
100998,2024-01-03,2024-01-03 02:36:00,AMER,Equities,"Smith, ""Big"" Fund",2024,Q1,90714.37,50866.25,86,true
100999,2025-06-02,2025-06-02 21:07:00,EMEA,FX,"Smith, ""Big"" Fund",2025,Q2,611350.20,1204.68,412,true
101000,2021-12-06,2021-12-06 23:29:00,APAC,FX,O'Brien Holdings,2021,Q4,407376.70,-38171.14,213,true
101001,2022-07-26,2022-07-26 04:19:00,AMER,Commodities,Alpha Fund,2022,Q3,732273.46,24655.33,233,true
101002,2023-08-17,2023-08-17 16:46:00,EMEA,Commodities,"Smith, ""Big"" Fund",2023,Q3,15038.35,33496.72,458,true
101003,2024-03-19,2024-03-19 04:07:00,APAC,FX,"Smith, ""Big"" Fund",2024,Q1,483978.72,39763.50,470,true
101004,2025-07-06,2025-07-06 17:22:00,AMER,Equities,Beta Fund,2025,Q3,748695.02,-27862.54,378,false
101005,2021-06-07,2021-06-07 14:51:00,EMEA,FX,O'Brien Holdings,2021,Q2,942329.59,-43843.46,271,false
101006,2022-03-07,2022-03-07 13:09:00,APAC,Rates,Alpha Fund,2022,Q1,945753.55,-70601.32,125,false
101007,2023-08-14,2023-08-14 04:44:00,AMER,FX,Beta Fund,2023,Q3,8168.16,76071.13,356,true
101008,2024-03-14,2024-03-14 12:07:00,EMEA,Commodities,"Smith, ""Big"" Fund",2024,Q1,822593.43,31800.64,287,false
101009,2025-02-14,2025-02-14 08:52:00,APAC,Credit,Beta Fund,2025,Q1,340884.18,61474.87,462,true
101010,2021-11-22,2021-11-22 20:47:00,AMER,FX,"Smith, ""Big"" Fund",2021,Q4,207651.44,85662.39,473,true
101011,2022-05-15,2022-05-15 07:56:00,EMEA,Equities,O'Brien Holdings,2022,Q2,983843.38,-11911.66,79,true
101012,2023-02-02,2023-02-02 14:36:00,APAC,Rates,Alpha Fund,2023,Q1,176862.09,86228.63,61,true
101013,2024-03-05,2024-03-05 05:57:00,AMER,FX,O'Brien Holdings,2024,Q1,25826.48,-70863.30,126,true
101014,2025-05-12,2025-05-12 00:54:00,EMEA,Commodities,Beta Fund,2025,Q2,413966.96,-98696.38,391,true
101015,2021-11-27,2021-11-27 09:15:00,APAC,Rates,Beta Fund,2021,Q4,502104.10,46697.93,422,true
101016,2022-06-18,2022-06-18 07:13:00,AMER,Equities,Beta Fund,2022,Q2,187594.34,-35807.74,388,true
101017,2023-11-22,2023-11-22 09:42:00,EMEA,Credit,Alpha Fund,2023,Q4,512345.10,-30581.15,315,true
101018,2024-02-14,2024-02-14 11:47:00,APAC,Rates,Alpha Fund,2024,Q1,718219.74,89679.27,491,false
101019,2025-11-20,2025-11-20 17:39:00,AMER,Equities,Alpha Fund,2025,Q4,156417.77,-45286.25,308,true
101020,2021-06-04,2021-06-04 07:52:00,EMEA,Rates,"Smith, ""Big"" Fund",2021,Q2,973561.07,71659.18,100,true
101021,2022-09-27,2022-09-27 19:37:00,APAC,Credit,Alpha Fund,2022,Q3,190993.57,-30543.94,270,true
101022,2023-12-03,2023-12-03 16:39:00,AMER,Rates,O'Brien Holdings,2023,Q4,691834.96,79457.61,273,false
101023,2024-04-25,2024-04-25 21:04:00,EMEA,FX,O'Brien Holdings,2024,Q2,740075.78,-32435.03,38,true
101024,2025-05-16,2025-05-16 05:10:00,APAC,Credit,O'Brien Holdings,2025,Q2,743393.13,97965.12,22,true
101025,2021-10-18,2021-10-18 04:39:00,AMER,Credit,Beta Fund,2021,Q4,701733.86,31856.15,322,false
101026,2022-10-13,2022-10-13 08:50:00,EMEA,Equities,Alpha Fund,2022,Q4,91924.99,4956.34,390,false
101027,2023-02-23,2023-02-23 08:19:00,APAC,FX,Alpha Fund,2023,Q1,490780.32,19750.04,452,false
101028,2024-01-18,2024-01-18 19:10:00,AMER,Rates,"Smith, ""Big"" Fund",2024,Q1,631520.26,-62208.91,11,true
101029,2025-07-05,2025-07-05 06:47:00,EMEA,Equities,Alpha Fund,2025,Q3,169311.93,-36518.17,311,false
101030,2021-12-09,2021-12-09 03:05:00,APAC,Commodities,"Smith, ""Big"" Fund",2021,Q4,253609.01,-74955.72,482,true
101031,2022-09-03,2022-09-03 16:31:00,AMER,FX,Beta Fund,2022,Q3,396623.61,-12700.36,354,true
101032,2023-09-21,2023-09-21 11:17:00,EMEA,Commodities,Beta Fund,2023,Q3,836439.85,-63372.28,38,false
101033,2024-06-07,2024-06-07 22:18:00,APAC,Credit,"Smith, ""Big"" Fund",2024,Q2,163546.87,26035.98,211,true
101034,2025-01-12,2025-01-12 14:28:00,AMER,Equities,Alpha Fund,2025,Q1,515430.67,85557.36,93,true
101035,2021-07-08,2021-07-08 06:33:00,EMEA,Commodities,Alpha Fund,2021,Q3,84010.80,-57777.04,272,true
101036,2022-11-24,2022-11-24 04:59:00,APAC,Commodities,"Smith, ""Big"" Fund",2022,Q4,167767.81,44028.62,91,true
101037,2023-03-24,2023-03-24 08:42:00,AMER,Commodities,Beta Fund,2023,Q1,897452.50,-45528.22,374,true
101038,2024-06-04,2024-06-04 02:24:00,EMEA,Equities,Alpha Fund,2024,Q2,567155.06,59976.83,22,false
101039,2025-07-01,2025-07-01 08:08:00,APAC,Rates,"Smith, ""Big"" Fund",2025,Q3,742060.56,-79789.88,404,false
101040,2021-01-22,2021-01-22 20:54:00,AMER,Rates,Beta Fund,2021,Q1,531296.37,-59886.15,348,true
101041,2022-01-20,2022-01-20 11:59:00,EMEA,Equities,O'Brien Holdings,2022,Q1,701757.46,1105.06,69,true
101042,2023-04-15,2023-04-15 04:07:00,APAC,Credit,O'Brien Holdings,2023,Q2,650548.33,77824.32,90,false
101043,2024-07-25,2024-07-25 14:47:00,AMER,Commodities,Alpha Fund,2024,Q3,898009.81,-13122.48,194,true
101044,2025-04-18,2025-04-18 20:37:00,EMEA,Credit,Alpha Fund,2025,Q2,871693.57,-53128.66,276,true
101045,2021-11-15,2021-11-15 00:57:00,APAC,Rates,O'Brien Holdings,2021,Q4,487787.95,-56261.12,11,true
101046,2022-09-05,2022-09-05 06:47:00,AMER,Credit,Beta Fund,2022,Q3,106603.69,-12410.28,439,true
101047,2023-05-02,2023-05-02 23:27:00,EMEA,FX,Alpha Fund,2023,Q2,240256.45,9240.47,325,true
101048,2024-07-15,2024-07-15 01:08:00,APAC,FX,Beta Fund,2024,Q3,358649.41,62337.62,187,true
101049,2025-09-17,2025-09-17 16:08:00,AMER,Rates,Beta Fund,2025,Q3,601152.87,-46956.43,372,true
101050,2021-09-11,2021-09-11 22:20:00,EMEA,Credit,Beta Fund,2021,Q3,869974.50,53963.06,93,true
101051,2022-06-07,2022-06-07 17:18:00,APAC,Rates,Beta Fund,2022,Q2,935995.71,-7601.99,298,true
101052,2023-04-08,2023-04-08 19:14:00,AMER,Commodities,"Smith, ""Big"" Fund",2023,Q2,81974.96,17632.29,300,true
101053,2024-04-03,2024-04-03 17:40:00,EMEA,Equities,O'Brien Holdings,2024,Q2,389140.50,-98392.38,82,true
101054,2025-11-05,2025-11-05 06:40:00,APAC,Equities,O'Brien Holdings,2025,Q4,225373.32,-78782.90,485,true
101055,2021-07-24,2021-07-24 17:06:00,AMER,Credit,Beta Fund,2021,Q3,649946.24,-38702.96,45,true
101056,2022-12-21,2022-12-21 04:42:00,EMEA,Rates,"Smith, ""Big"" Fund",2022,Q4,462546.85,78238.04,164,true
101057,2023-06-27,2023-06-27 02:07:00,APAC,Credit,O'Brien Holdings,2023,Q2,749555.71,5371.29,268,true
101058,2024-02-17,2024-02-17 05:14:00,AMER,FX,O'Brien Holdings,2024,Q1,485268.36,98395.29,89,false
101059,2025-10-28,2025-10-28 02:17:00,EMEA,Commodities,Beta Fund,2025,Q4,814913.92,45560.61,416,true
101060,2021-03-22,2021-03-22 21:14:00,APAC,Rates,O'Brien Holdings,2021,Q1,641639.15,88730.63,319,true
101061,2022-01-28,2022-01-28 00:03:00,AMER,Rates,O'Brien Holdings,2022,Q1,127973.91,-46805.80,3,true
101062,2023-03-07,2023-03-07 08:59:00,EMEA,FX,Beta Fund,2023,Q1,504593.36,20075.60,436,true
101063,2024-07-25,2024-07-25 17:34:00,APAC,Credit,Alpha Fund,2024,Q3,686429.37,84150.63,344,true
101064,2025-06-01,2025-06-01 04:33:00,AMER,Credit,"Smith, ""Big"" Fund",2025,Q2,538007.40,94977.06,483,true
101065,2021-09-11,2021-09-11 00:51:00,EMEA,Credit,Alpha Fund,2021,Q3,341153.37,1620.30,266,false
101066,2022-04-18,2022-04-18 02:39:00,APAC,Commodities,O'Brien Holdings,2022,Q2,517237.69,25285.66,478,true
101067,2023-04-11,2023-04-11 17:59:00,AMER,Equities,Alpha Fund,2023,Q2,788748.12,-91052.64,14,true
101068,2024-04-24,2024-04-24 07:14:00,EMEA,Equities,O'Brien Holdings,2024,Q2,780832.87,-58497.30,488,true
101069,2025-08-08,2025-08-08 20:38:00,APAC,Credit,"Smith, ""Big"" Fund",2025,Q3,774668.93,16046.40,18,false
101070,2021-09-13,2021-09-13 02:00:00,AMER,Rates,"Smith, ""Big"" Fund",2021,Q3,71778.00,-38499.54,2,false
101071,2022-10-03,2022-10-03 22:45:00,EMEA,Credit,"Smith, ""Big"" Fund",2022,Q4,828756.79,93634.02,258,true
101072,2023-08-05,2023-08-05 04:13:00,APAC,Credit,Beta Fund,2023,Q3,890642.60,-28720.61,246,true
101073,2024-04-06,2024-04-06 17:13:00,AMER,Credit,"Smith, ""Big"" Fund",2024,Q2,947757.23,17367.22,53,false
101074,2025-05-24,2025-05-24 23:09:00,EMEA,Commodities,Alpha Fund,2025,Q2,841537.98,-78741.13,482,true
101075,2021-09-02,2021-09-02 07:15:00,APAC,Commodities,Alpha Fund,2021,Q3,77093.95,82621.46,445,true
101076,2022-05-12,2022-05-12 22:25:00,AMER,Rates,Beta Fund,2022,Q2,286568.01,-81205.85,287,false
101077,2023-12-06,2023-12-06 13:16:00,EMEA,Credit,Beta Fund,2023,Q4,420276.46,64181.13,151,true
101078,2024-11-13,2024-11-13 21:29:00,APAC,FX,Alpha Fund,2024,Q4,86666.81,42552.77,21,true
101079,2025-07-25,2025-07-25 00:52:00,AMER,Equities,Beta Fund,2025,Q3,82840.19,-99922.34,14,true
101080,2021-06-19,2021-06-19 07:44:00,EMEA,Commodities,Alpha Fund,2021,Q2,93838.22,96805.32,133,true
101081,2022-07-24,2022-07-24 02:04:00,APAC,Credit,"Smith, ""Big"" Fund",2022,Q3,231706.31,-12768.85,467,true
101082,2023-04-24,2023-04-24 11:41:00,AMER,Rates,"Smith, ""Big"" Fund",2023,Q2,395130.96,95028.51,33,true
101083,2024-04-27,2024-04-27 22:22:00,EMEA,Rates,"Smith, ""Big"" Fund",2024,Q2,413336.57,11350.65,14,true
101084,2025-11-16,2025-11-16 12:18:00,APAC,FX,Beta Fund,2025,Q4,159292.27,5587.26,109,true
101085,2021-05-15,2021-05-15 03:19:00,AMER,Equities,"Smith, ""Big"" Fund",2021,Q2,978717.20,10548.78,137,true
101086,2022-10-10,2022-10-10 04:25:00,EMEA,Credit,Beta Fund,2022,Q4,968776.85,-81768.52,178,true
101087,2023-01-01,2023-01-01 19:12:00,APAC,Rates,"Smith, ""Big"" Fund",2023,Q1,821888.82,-8611.69,303,true
101088,2024-08-25,2024-08-25 01:51:00,AMER,FX,Alpha Fund,2024,Q3,416535.41,32346.23,468,true
101089,2025-12-07,2025-12-07 01:30:00,EMEA,Credit,Alpha Fund,2025,Q4,918716.27,39329.77,165,true
101090,2021-10-22,2021-10-22 10:30:00,APAC,Rates,O'Brien Holdings,2021,Q4,366234.60,-22832.54,107,true
101091,2022-10-15,2022-10-15 10:25:00,AMER,Credit,"Smith, ""Big"" Fund",2022,Q4,806801.49,-49667.09,21,true
101092,2023-09-05,2023-09-05 15:42:00,EMEA,Rates,O'Brien Holdings,2023,Q3,900141.76,-78652.36,64,true
101093,2024-11-01,2024-11-01 10:33:00,APAC,Equities,O'Brien Holdings,2024,Q4,717943.24,82029.59,94,true
101094,2025-04-20,2025-04-20 03:52:00,AMER,Credit,"Smith, ""Big"" Fund",2025,Q2,268745.65,-85871.32,500,true
101095,2021-10-05,2021-10-05 22:59:00,EMEA,Credit,O'Brien Holdings,2021,Q4,32589.78,72520.19,452,false
101096,2022-04-04,2022-04-04 21:35:00,APAC,Credit,"Smith, ""Big"" Fund",2022,Q2,396800.01,-48657.29,347,true
101097,2023-04-10,2023-04-10 16:45:00,AMER,Rates,Beta Fund,2023,Q2,792742.26,-72662.98,119,false
101098,2024-06-05,2024-06-05 19:21:00,EMEA,Commodities,O'Brien Holdings,2024,Q2,443251.88,96701.62,128,true
101099,2025-07-12,2025-07-12 16:05:00,APAC,Commodities,Alpha Fund,2025,Q3,256132.24,86181.79,209,true
101100,2021-06-02,2021-06-02 13:46:00,AMER,Rates,O'Brien Holdings,2021,Q2,756940.68,-52982.78,124,true
101101,2022-06-05,2022-06-05 18:43:00,EMEA,Rates,Alpha Fund,2022,Q2,672915.67,97737.78,214,true
101102,2023-12-21,2023-12-21 16:34:00,APAC,Rates,O'Brien Holdings,2023,Q4,110176.86,40411.96,415,true
101103,2024-05-15,2024-05-15 21:12:00,AMER,Equities,Alpha Fund,2024,Q2,792247.68,88992.37,266,true
101104,2025-10-06,2025-10-06 02:55:00,EMEA,Credit,O'Brien Holdings,2025,Q4,816418.79,81320.27,199,true
101105,2021-12-02,2021-12-02 08:13:00,APAC,Credit,"Smith, ""Big"" Fund",2021,Q4,516086.30,69222.12,404,true
101106,2022-10-13,2022-10-13 22:58:00,AMER,FX,O'Brien Holdings,2022,Q4,590353.27,-77895.86,47,true
101107,2023-04-08,2023-04-08 07:13:00,EMEA,Rates,Alpha Fund,2023,Q2,670214.24,9183.41,153,true
101108,2024-07-14,2024-07-14 15:54:00,APAC,Credit,O'Brien Holdings,2024,Q3,439324.38,34365.27,109,false
101109,2025-05-14,2025-05-14 07:14:00,AMER,Credit,Beta Fund,2025,Q2,843356.64,-49172.95,18,true
101110,2021-08-08,2021-08-08 23:18:00,EMEA,Rates,"Smith, ""Big"" Fund",2021,Q3,109170.68,93605.15,233,false
101111,2022-05-23,2022-05-23 11:26:00,APAC,Credit,"Smith, ""Big"" Fund",2022,Q2,677129.92,-24279.95,458,false
101112,2023-01-13,2023-01-13 10:47:00,AMER,Rates,Beta Fund,2023,Q1,652896.14,55173.70,112,true
101113,2024-01-10,2024-01-10 12:28:00,EMEA,Credit,O'Brien Holdings,2024,Q1,921064.01,-30150.08,224,true
101114,2025-03-02,2025-03-02 15:18:00,APAC,FX,Beta Fund,2025,Q1,51830.66,-90281.65,307,true
101115,2021-01-21,2021-01-21 21:48:00,AMER,FX,O'Brien Holdings,2021,Q1,461567.00,29800.59,260,true
101116,2022-02-16,2022-02-16 22:21:00,EMEA,Rates,O'Brien Holdings,2022,Q1,883664.07,47912.64,65,true
101117,2023-05-24,2023-05-24 10:08:00,APAC,FX,Alpha Fund,2023,Q2,39932.26,-30613.92,333,true
101118,2024-04-18,2024-04-18 21:50:00,AMER,Commodities,"Smith, ""Big"" Fund",2024,Q2,947567.03,-75133.18,308,false
101119,2025-11-11,2025-11-11 23:36:00,EMEA,Commodities,O'Brien Holdings,2025,Q4,97171.36,-77316.19,341,true
101120,2021-05-23,2021-05-23 16:11:00,APAC,Rates,Beta Fund,2021,Q2,369368.79,-23547.99,350,true
101121,2022-12-23,2022-12-23 10:44:00,AMER,Rates,"Smith, ""Big"" Fund",2022,Q4,515731.56,-67905.71,135,true
101122,2023-09-18,2023-09-18 01:50:00,EMEA,FX,O'Brien Holdings,2023,Q3,255265.71,10199.10,67,true
101123,2024-10-10,2024-10-10 03:57:00,APAC,Equities,Beta Fund,2024,Q4,965033.76,74345.31,489,true
101124,2025-08-19,2025-08-19 20:21:00,AMER,Rates,"Smith, ""Big"" Fund",2025,Q3,634179.81,-11609.96,321,true
101125,2021-04-07,2021-04-07 21:09:00,EMEA,Rates,Beta Fund,2021,Q2,416280.33,53683.11,481,true
101126,2022-05-22,2022-05-22 19:04:00,APAC,FX,"Smith, ""Big"" Fund",2022,Q2,775874.74,7701.99,302,true
101127,2023-03-27,2023-03-27 10:14:00,AMER,FX,O'Brien Holdings,2023,Q1,128483.14,96141.34,135,true
101128,2024-05-23,2024-05-23 18:59:00,EMEA,Equities,Alpha Fund,2024,Q2,452140.43,29704.52,28,true
101129,2025-07-16,2025-07-16 00:09:00,APAC,Commodities,Beta Fund,2025,Q3,34427.54,39615.19,204,true
101130,2021-04-04,2021-04-04 18:28:00,AMER,Credit,"Smith, ""Big"" Fund",2021,Q2,311275.14,-72221.22,233,false
101131,2022-12-19,2022-12-19 16:00:00,EMEA,Credit,O'Brien Holdings,2022,Q4,759384.52,7456.33,82,true
101132,2023-12-12,2023-12-12 09:21:00,APAC,Rates,O'Brien Holdings,2023,Q4,526924.22,-99214.11,188,true
101133,2024-01-01,2024-01-01 13:38:00,AMER,Equities,"Smith, ""Big"" Fund",2024,Q1,649707.48,-93010.99,51,true
101134,2025-10-05,2025-10-05 01:14:00,EMEA,Rates,Beta Fund,2025,Q4,199457.81,-20949.15,370,false
101135,2021-02-04,2021-02-04 19:27:00,APAC,Commodities,O'Brien Holdings,2021,Q1,234801.95,-13604.77,476,true
101136,2022-02-11,2022-02-11 18:16:00,AMER,Credit,"Smith, ""Big"" Fund",2022,Q1,948497.96,26138.49,417,false
101137,2023-07-16,2023-07-16 00:20:00,EMEA,Commodities,O'Brien Holdings,2023,Q3,491879.78,-75392.14,492,true
101138,2024-06-01,2024-06-01 06:06:00,APAC,Commodities,"Smith, ""Big"" Fund",2024,Q2,117033.46,75112.71,200,false
101139,2025-10-22,2025-10-22 07:35:00,AMER,FX,Alpha Fund,2025,Q4,816049.74,16803.29,72,true
101140,2021-08-10,2021-08-10 10:06:00,EMEA,Credit,Alpha Fund,2021,Q3,150712.26,57561.67,253,true
101141,2022-08-05,2022-08-05 13:04:00,APAC,Equities,Alpha Fund,2022,Q3,585204.57,50556.23,172,false
101142,2023-12-13,2023-12-13 05:55:00,AMER,FX,O'Brien Holdings,2023,Q4,912611.42,99143.61,1,true
101143,2024-08-13,2024-08-13 15:15:00,EMEA,Credit,Alpha Fund,2024,Q3,272789.76,76847.14,80,true
101144,2025-01-27,2025-01-27 09:32:00,APAC,Credit,O'Brien Holdings,2025,Q1,786244.65,63835.37,192,true
101145,2021-05-01,2021-05-01 09:02:00,AMER,Commodities,Beta Fund,2021,Q2,196530.29,-56754.55,314,true
101146,2022-08-03,2022-08-03 09:31:00,EMEA,Credit,Alpha Fund,2022,Q3,503283.83,79644.47,340,false
101147,2023-04-17,2023-04-17 09:34:00,APAC,Equities,Alpha Fund,2023,Q2,749129.24,-22331.15,8,true
101148,2024-12-15,2024-12-15 10:38:00,AMER,FX,O'Brien Holdings,2024,Q4,107865.43,32143.32,468,true
101149,2025-04-25,2025-04-25 06:41:00,EMEA,Commodities,O'Brien Holdings,2025,Q2,81771.85,-1037.15,179,true
101150,2021-09-22,2021-09-22 06:03:00,APAC,Credit,"Smith, ""Big"" Fund",2021,Q3,711156.40,78763.87,352,true
101151,2022-03-22,2022-03-22 19:08:00,AMER,Equities,"Smith, ""Big"" Fund",2022,Q1,474322.25,85553.20,377,true
101152,2023-09-27,2023-09-27 15:12:00,EMEA,FX,Beta Fund,2023,Q3,774686.40,89109.03,2,true
101153,2024-02-17,2024-02-17 10:11:00,APAC,Credit,Beta Fund,2024,Q1,276787.55,64143.09,370,true
101154,2025-11-27,2025-11-27 16:09:00,AMER,Rates,O'Brien Holdings,2025,Q4,512755.72,-86522.95,281,true
101155,2021-09-04,2021-09-04 12:40:00,EMEA,Rates,O'Brien Holdings,2021,Q3,113665.88,-38629.89,477,false
101156,2022-06-23,2022-06-23 16:21:00,APAC,Credit,Beta Fund,2022,Q2,131221.77,54036.84,43,true
101157,2023-05-12,2023-05-12 14:47:00,AMER,Credit,"Smith, ""Big"" Fund",2023,Q2,983695.06,-19620.24,24,true
101158,2024-02-11,2024-02-11 02:21:00,EMEA,Credit,Alpha Fund,2024,Q1,149844.02,-65230.26,344,true
101159,2025-01-25,2025-01-25 11:45:00,APAC,Equities,Alpha Fund,2025,Q1,464668.65,-99825.11,282,true
101160,2021-09-13,2021-09-13 02:53:00,AMER,FX,Alpha Fund,2021,Q3,859770.32,-19060.41,124,true
101161,2022-10-05,2022-10-05 06:57:00,EMEA,FX,Alpha Fund,2022,Q4,76298.08,36617.55,279,true
101162,2023-01-08,2023-01-08 17:34:00,APAC,Commodities,Alpha Fund,2023,Q1,453648.15,7485.88,230,true
101163,2024-02-10,2024-02-10 20:36:00,AMER,Equities,Alpha Fund,2024,Q1,285470.41,95663.61,301,true
101164,2025-07-26,2025-07-26 00:34:00,EMEA,Equities,"Smith, ""Big"" Fund",2025,Q3,806397.42,-11817.62,82,true
101165,2021-02-24,2021-02-24 17:52:00,APAC,FX,"Smith, ""Big"" Fund",2021,Q1,76201.52,55297.92,431,false
101166,2022-05-06,2022-05-06 02:41:00,AMER,Equities,"Smith, ""Big"" Fund",2022,Q2,366345.24,46432.65,427,true
101167,2023-10-23,2023-10-23 13:34:00,EMEA,Rates,"Smith, ""Big"" Fund",2023,Q4,932494.27,9252.43,402,true
101168,2024-03-15,2024-03-15 00:09:00,APAC,Commodities,Alpha Fund,2024,Q1,327612.00,67446.54,169,true
101169,2025-09-27,2025-09-27 04:52:00,AMER,Rates,O'Brien Holdings,2025,Q3,877951.43,17794.47,193,true
101170,2021-02-05,2021-02-05 06:21:00,EMEA,Credit,Beta Fund,2021,Q1,624696.48,24254.59,232,true
101171,2022-05-04,2022-05-04 08:55:00,APAC,FX,"Smith, ""Big"" Fund",2022,Q2,305166.06,-52339.41,356,true
101172,2023-11-23,2023-11-23 15:19:00,AMER,Credit,"Smith, ""Big"" Fund",2023,Q4,709298.42,20819.61,39,true
101173,2024-08-28,2024-08-28 19:16:00,EMEA,Equities,Beta Fund,2024,Q3,619904.80,-21429.33,243,true
101174,2025-05-11,2025-05-11 17:26:00,APAC,Credit,O'Brien Holdings,2025,Q2,701569.69,-23526.15,268,true
101175,2021-10-20,2021-10-20 17:53:00,AMER,Equities,Beta Fund,2021,Q4,234683.09,-3261.14,302,true
101176,2022-05-13,2022-05-13 14:34:00,EMEA,Credit,Beta Fund,2022,Q2,889058.10,-40224.83,436,true
101177,2023-12-09,2023-12-09 02:07:00,APAC,Credit,Beta Fund,2023,Q4,347601.38,-76994.49,72,true
101178,2024-09-19,2024-09-19 21:07:00,AMER,Commodities,Beta Fund,2024,Q3,809769.51,-27163.00,441,true
101179,2025-07-17,2025-07-17 02:42:00,EMEA,Commodities,O'Brien Holdings,2025,Q3,698865.44,-48752.23,189,true
101180,2021-09-13,2021-09-13 13:42:00,APAC,FX,O'Brien Holdings,2021,Q3,556543.88,-48316.72,17,true
101181,2022-12-22,2022-12-22 04:45:00,AMER,FX,Beta Fund,2022,Q4,130103.77,-67879.91,354,true
101182,2023-03-11,2023-03-11 19:14:00,EMEA,Credit,Beta Fund,2023,Q1,540879.76,-99974.09,171,false
101183,2024-04-16,2024-04-16 14:22:00,APAC,Equities,O'Brien Holdings,2024,Q2,874562.37,-55606.43,82,false
101184,2025-09-15,2025-09-15 00:05:00,AMER,Equities,O'Brien Holdings,2025,Q3,717951.07,-91208.68,99,true
101185,2021-04-05,2021-04-05 03:34:00,EMEA,FX,Alpha Fund,2021,Q2,332838.82,-77422.70,204,true
101186,2022-06-05,2022-06-05 15:32:00,APAC,Commodities,O'Brien Holdings,2022,Q2,782553.54,61754.09,224,true
101187,2023-04-10,2023-04-10 21:13:00,AMER,Equities,O'Brien Holdings,2023,Q2,158645.22,76243.86,377,true
101188,2024-04-13,2024-04-13 02:56:00,EMEA,Commodities,"Smith, ""Big"" Fund",2024,Q2,284422.70,91674.73,181,true
101189,2025-09-16,2025-09-16 08:30:00,APAC,Equities,O'Brien Holdings,2025,Q3,424724.17,-33334.38,171,true
101190,2021-07-10,2021-07-10 06:51:00,AMER,FX,Alpha Fund,2021,Q3,318263.98,-44520.20,338,true
101191,2022-12-09,2022-12-09 23:06:00,EMEA,Commodities,Beta Fund,2022,Q4,462956.06,-39880.88,308,false
101192,2023-01-06,2023-01-06 13:31:00,APAC,Rates,O'Brien Holdings,2023,Q1,808947.64,-87101.19,158,true
101193,2024-09-15,2024-09-15 22:15:00,AMER,Credit,Alpha Fund,2024,Q3,194993.29,-98283.16,189,true
101194,2025-04-19,2025-04-19 23:18:00,EMEA,Commodities,Beta Fund,2025,Q2,213463.79,-65583.27,17,true
101195,2021-01-27,2021-01-27 07:54:00,APAC,Rates,Alpha Fund,2021,Q1,705964.76,-63354.03,304,true
101196,2022-11-13,2022-11-13 08:20:00,AMER,Credit,"Smith, ""Big"" Fund",2022,Q4,307982.94,79067.16,127,true
101197,2023-05-27,2023-05-27 20:13:00,EMEA,Equities,Beta Fund,2023,Q2,895049.05,31865.58,308,false
101198,2024-03-24,2024-03-24 14:14:00,APAC,FX,Beta Fund,2024,Q1,30254.28,33898.48,241,true
101199,2025-07-08,2025-07-08 17:02:00,AMER,Commodities,Beta Fund,2025,Q3,538951.03,99252.03,178,true
101200,2021-10-22,2021-10-22 16:44:00,EMEA,Equities,O'Brien Holdings,2021,Q4,370146.26,-92578.03,270,true
101201,2022-01-09,2022-01-09 16:21:00,APAC,Rates,O'Brien Holdings,2022,Q1,413374.01,96298.50,404,true
101202,2023-10-17,2023-10-17 15:38:00,AMER,Credit,Alpha Fund,2023,Q4,117519.02,78613.55,120,true
101203,2024-08-12,2024-08-12 08:03:00,EMEA,Credit,Alpha Fund,2024,Q3,941391.27,-62039.67,372,true
101204,2025-12-14,2025-12-14 17:21:00,APAC,FX,Beta Fund,2025,Q4,882447.95,-66965.64,75,true
101205,2021-11-02,2021-11-02 15:22:00,AMER,Equities,Alpha Fund,2021,Q4,356479.03,-98512.86,2,true
101206,2022-06-22,2022-06-22 09:16:00,EMEA,Rates,"Smith, ""Big"" Fund",2022,Q2,80321.39,74427.10,92,true
101207,2023-12-01,2023-12-01 22:35:00,APAC,Rates,"Smith, ""Big"" Fund",2023,Q4,42787.87,53861.84,185,true
101208,2024-07-03,2024-07-03 20:58:00,AMER,Rates,O'Brien Holdings,2024,Q3,601772.65,73719.65,446,true
101209,2025-09-08,2025-09-08 01:32:00,EMEA,Credit,"Smith, ""Big"" Fund",2025,Q3,370879.16,35493.75,275,true
101210,2021-04-12,2021-04-12 00:12:00,APAC,Credit,"Smith, ""Big"" Fund",2021,Q2,375024.63,86627.30,29,false
101211,2022-10-21,2022-10-21 15:28:00,AMER,FX,"Smith, ""Big"" Fund",2022,Q4,562990.49,5397.66,312,true
101212,2023-06-23,2023-06-23 03:13:00,EMEA,Equities,O'Brien Holdings,2023,Q2,133662.94,95518.66,464,true
101213,2024-09-25,2024-09-25 00:13:00,APAC,Commodities,"Smith, ""Big"" Fund",2024,Q3,640443.35,41599.51,382,true
101214,2025-04-11,2025-04-11 04:56:00,AMER,Equities,Alpha Fund,2025,Q2,448439.73,98661.65,411,true
101215,2021-04-09,2021-04-09 01:16:00,EMEA,Rates,"Smith, ""Big"" Fund",2021,Q2,275625.52,-18074.39,45,true
101216,2022-09-15,2022-09-15 10:41:00,APAC,Credit,"Smith, ""Big"" Fund",2022,Q3,545986.34,-73245.59,96,true
101217,2023-02-17,2023-02-17 21:44:00,AMER,Equities,Alpha Fund,2023,Q1,527843.02,30215.62,490,false
101218,2024-10-21,2024-10-21 03:46:00,EMEA,Commodities,O'Brien Holdings,2024,Q4,924798.77,56390.18,325,true
101219,2025-02-22,2025-02-22 08:58:00,APAC,Equities,Alpha Fund,2025,Q1,6390.75,-60527.54,347,true
101220,2021-06-23,2021-06-23 12:02:00,AMER,Credit,"Smith, ""Big"" Fund",2021,Q2,545507.74,27638.27,64,false
101221,2022-02-23,2022-02-23 12:18:00,EMEA,Rates,Alpha Fund,2022,Q1,590107.69,-75252.61,55,true
101222,2023-01-15,2023-01-15 04:45:00,APAC,FX,Alpha Fund,2023,Q1,630665.16,-89196.33,54,true
101223,2024-01-20,2024-01-20 05:33:00,AMER,Commodities,O'Brien Holdings,2024,Q1,439061.10,74336.05,400,true
101224,2025-01-14,2025-01-14 16:48:00,EMEA,Rates,Alpha Fund,2025,Q1,712131.46,4468.88,308,true
101225,2021-02-17,2021-02-17 12:11:00,APAC,Commodities,O'Brien Holdings,2021,Q1,211202.16,32655.31,426,true
101226,2022-12-06,2022-12-06 14:37:00,AMER,FX,O'Brien Holdings,2022,Q4,98736.56,-64217.51,54,true
101227,2023-04-14,2023-04-14 16:31:00,EMEA,Commodities,Alpha Fund,2023,Q2,99488.73,54838.57,52,true
101228,2024-10-10,2024-10-10 17:05:00,APAC,FX,O'Brien Holdings,2024,Q4,704572.82,-94296.00,156,true
101229,2025-05-19,2025-05-19 12:32:00,AMER,Rates,Beta Fund,2025,Q2,861281.23,97637.20,485,true
101230,2021-08-21,2021-08-21 23:46:00,EMEA,Rates,Alpha Fund,2021,Q3,921578.37,67451.44,477,false
101231,2022-12-12,2022-12-12 18:56:00,APAC,FX,Alpha Fund,2022,Q4,909739.51,44447.68,275,true
101232,2023-02-12,2023-02-12 10:20:00,AMER,Rates,Beta Fund,2023,Q1,198245.02,-42666.00,142,true
101233,2024-10-15,2024-10-15 01:04:00,EMEA,Rates,O'Brien Holdings,2024,Q4,781132.01,-96417.84,447,true
101234,2025-03-15,2025-03-15 21:19:00,APAC,Equities,Beta Fund,2025,Q1,794446.90,67310.11,213,true
101235,2021-03-28,2021-03-28 16:19:00,AMER,Credit,Alpha Fund,2021,Q1,185851.90,57380.29,96,true
101236,2022-08-01,2022-08-01 16:00:00,EMEA,Commodities,Beta Fund,2022,Q3,368730.24,87360.50,238,true
101237,2023-07-13,2023-07-13 18:13:00,APAC,Equities,O'Brien Holdings,2023,Q3,101611.22,-89922.17,162,true
101238,2024-06-24,2024-06-24 05:04:00,AMER,Commodities,Alpha Fund,2024,Q2,157839.73,62711.58,119,true
101239,2025-01-01,2025-01-01 07:04:00,EMEA,Equities,"Smith, ""Big"" Fund",2025,Q1,631388.06,98929.55,110,true
101240,2021-10-25,2021-10-25 00:46:00,APAC,FX,"Smith, ""Big"" Fund",2021,Q4,616808.21,25651.97,233,true
101241,2022-12-04,2022-12-04 01:07:00,AMER,Equities,Alpha Fund,2022,Q4,66653.39,30560.85,61,true
101242,2023-05-14,2023-05-14 11:47:00,EMEA,Equities,O'Brien Holdings,2023,Q2,472171.87,3194.72,194,false
101243,2024-12-07,2024-12-07 08:38:00,APAC,Equities,O'Brien Holdings,2024,Q4,950885.30,-66868.89,364,true
101244,2025-04-13,2025-04-13 12:46:00,AMER,Commodities,"Smith, ""Big"" Fund",2025,Q2,177459.27,-11276.96,226,true
101245,2021-12-06,2021-12-06 21:00:00,EMEA,Credit,Alpha Fund,2021,Q4,213353.66,41875.06,497,false
101246,2022-03-18,2022-03-18 22:39:00,APAC,FX,Alpha Fund,2022,Q1,541185.99,-36584.75,360,true
101247,2023-08-22,2023-08-22 16:10:00,AMER,FX,Alpha Fund,2023,Q3,349827.42,-66604.63,190,true
101248,2024-10-20,2024-10-20 02:22:00,EMEA,Credit,O'Brien Holdings,2024,Q4,13005.11,-31687.84,177,true
101249,2025-11-28,2025-11-28 18:53:00,APAC,FX,O'Brien Holdings,2025,Q4,906177.55,-65679.88,213,true
101250,2021-04-04,2021-04-04 11:14:00,AMER,FX,O'Brien Holdings,2021,Q2,321087.23,40524.35,312,true
101251,2022-12-11,2022-12-11 10:55:00,EMEA,Equities,Alpha Fund,2022,Q4,641101.16,69351.21,151,true
101252,2023-09-10,2023-09-10 04:37:00,APAC,Rates,Alpha Fund,2023,Q3,853426.12,18015.08,288,true
101253,2024-10-26,2024-10-26 11:16:00,AMER,FX,Alpha Fund,2024,Q4,81352.94,115.12,375,true
101254,2025-05-28,2025-05-28 14:16:00,EMEA,Commodities,"Smith, ""Big"" Fund",2025,Q2,500385.92,80166.56,117,false
101255,2021-02-16,2021-02-16 02:34:00,APAC,FX,Alpha Fund,2021,Q1,658311.22,-94300.61,492,true
101256,2022-06-02,2022-06-02 22:13:00,AMER,FX,"Smith, ""Big"" Fund",2022,Q2,10086.50,-61809.70,305,true
101257,2023-12-14,2023-12-14 08:25:00,EMEA,FX,Beta Fund,2023,Q4,366530.63,-8719.97,187,true
101258,2024-12-20,2024-12-20 11:50:00,APAC,FX,Beta Fund,2024,Q4,687833.37,-45511.65,333,false
101259,2025-08-16,2025-08-16 23:21:00,AMER,Equities,"Smith, ""Big"" Fund",2025,Q3,254226.16,16026.48,168,true
101260,2021-09-26,2021-09-26 10:07:00,EMEA,Rates,"Smith, ""Big"" Fund",2021,Q3,195087.33,-56252.94,56,true
101261,2022-02-04,2022-02-04 19:43:00,APAC,Equities,"Smith, ""Big"" Fund",2022,Q1,863420.89,22427.18,465,true
101262,2023-10-05,2023-10-05 23:51:00,AMER,Rates,O'Brien Holdings,2023,Q4,374447.26,23405.70,339,true
101263,2024-09-09,2024-09-09 07:17:00,EMEA,Credit,O'Brien Holdings,2024,Q3,364396.57,98928.42,401,true
101264,2025-11-11,2025-11-11 01:27:00,APAC,FX,Alpha Fund,2025,Q4,7937.60,-37338.10,500,true
101265,2021-06-15,2021-06-15 01:41:00,AMER,Commodities,O'Brien Holdings,2021,Q2,446437.57,27095.46,358,true
101266,2022-10-02,2022-10-02 15:23:00,EMEA,FX,O'Brien Holdings,2022,Q4,279269.21,-60103.24,283,false
101267,2023-05-08,2023-05-08 20:41:00,APAC,Rates,Alpha Fund,2023,Q2,597195.17,-58517.06,72,true
101268,2024-11-13,2024-11-13 21:43:00,AMER,FX,"Smith, ""Big"" Fund",2024,Q4,372733.80,90906.03,106,true
101269,2025-07-13,2025-07-13 01:25:00,EMEA,Credit,O'Brien Holdings,2025,Q3,78185.77,22696.79,298,true
101270,2021-06-08,2021-06-08 19:45:00,APAC,Credit,Beta Fund,2021,Q2,258505.57,-646.78,404,true
101271,2022-05-08,2022-05-08 18:13:00,AMER,Credit,Alpha Fund,2022,Q2,921713.02,59842.71,401,true
101272,2023-07-23,2023-07-23 17:21:00,EMEA,Credit,"Smith, ""Big"" Fund",2023,Q3,256408.40,-38078.20,196,true
101273,2024-08-25,2024-08-25 15:05:00,APAC,Equities,Beta Fund,2024,Q3,265047.74,25549.27,173,false
101274,2025-01-20,2025-01-20 05:43:00,AMER,Equities,"Smith, ""Big"" Fund",2025,Q1,61568.83,-92754.67,7,true
101275,2021-05-01,2021-05-01 02:32:00,EMEA,Equities,O'Brien Holdings,2021,Q2,870718.99,23603.78,292,false
101276,2022-10-15,2022-10-15 10:10:00,APAC,Equities,Beta Fund,2022,Q4,576976.76,93349.88,106,true
101277,2023-10-11,2023-10-11 05:49:00,AMER,Rates,O'Brien Holdings,2023,Q4,93938.33,40133.08,276,true
101278,2024-08-25,2024-08-25 04:25:00,EMEA,Equities,"Smith, ""Big"" Fund",2024,Q3,971537.08,-5699.20,87,true
101279,2025-10-28,2025-10-28 00:42:00,APAC,Equities,Beta Fund,2025,Q4,924205.58,24057.18,34,true
101280,2021-10-08,2021-10-08 17:21:00,AMER,FX,O'Brien Holdings,2021,Q4,861734.06,98707.22,243,true
101281,2022-11-25,2022-11-25 10:00:00,EMEA,FX,"Smith, ""Big"" Fund",2022,Q4,982575.09,40845.31,219,true
101282,2023-01-12,2023-01-12 19:39:00,APAC,Credit,Alpha Fund,2023,Q1,462552.73,-67150.64,206,true
101283,2024-09-11,2024-09-11 12:21:00,AMER,Equities,Alpha Fund,2024,Q3,172222.93,60865.92,11,true
101284,2025-01-15,2025-01-15 18:47:00,EMEA,FX,O'Brien Holdings,2025,Q1,955470.24,-51709.30,138,false
101285,2021-10-03,2021-10-03 22:27:00,APAC,Commodities,Beta Fund,2021,Q4,508334.83,-21886.08,379,false
101286,2022-07-27,2022-07-27 19:25:00,AMER,Equities,"Smith, ""Big"" Fund",2022,Q3,597596.43,37550.83,46,true
101287,2023-05-28,2023-05-28 14:52:00,EMEA,FX,Beta Fund,2023,Q2,590552.02,-22269.32,361,true
101288,2024-09-05,2024-09-05 02:13:00,APAC,Rates,Alpha Fund,2024,Q3,911812.06,99884.98,367,true
101289,2025-12-18,2025-12-18 00:12:00,AMER,Commodities,O'Brien Holdings,2025,Q4,433074.23,77472.49,88,true
101290,2021-06-26,2021-06-26 16:02:00,EMEA,FX,Alpha Fund,2021,Q2,903096.07,-53003.98,491,true
101291,2022-08-28,2022-08-28 15:23:00,APAC,Credit,"Smith, ""Big"" Fund",2022,Q3,553464.19,49582.76,44,true
101292,2023-08-06,2023-08-06 14:21:00,AMER,Credit,"Smith, ""Big"" Fund",2023,Q3,423888.32,64811.64,299,false
101293,2024-03-15,2024-03-15 08:07:00,EMEA,Commodities,O'Brien Holdings,2024,Q1,747997.31,-52240.42,206,true
101294,2025-05-21,2025-05-21 03:27:00,APAC,Commodities,Alpha Fund,2025,Q2,895219.50,85161.55,450,false
101295,2021-08-13,2021-08-13 20:44:00,AMER,Equities,"Smith, ""Big"" Fund",2021,Q3,13464.08,-82285.39,467,true
101296,2022-05-01,2022-05-01 13:49:00,EMEA,Rates,O'Brien Holdings,2022,Q2,930830.88,-92449.14,469,false
101297,2023-06-25,2023-06-25 21:40:00,APAC,Credit,Alpha Fund,2023,Q2,213699.13,59033.52,265,false
101298,2024-07-24,2024-07-24 00:05:00,AMER,Commodities,Beta Fund,2024,Q3,815060.01,-57806.56,241,true
101299,2025-06-03,2025-06-03 18:38:00,EMEA,Commodities,"Smith, ""Big"" Fund",2025,Q2,69730.16,-52788.09,477,false
101300,2021-07-22,2021-07-22 05:41:00,APAC,Rates,Alpha Fund,2021,Q3,541787.59,-55087.24,84,true
101301,2022-09-07,2022-09-07 02:11:00,AMER,Commodities,Alpha Fund,2022,Q3,115262.40,45793.71,303,true
101302,2023-10-08,2023-10-08 17:22:00,EMEA,FX,"Smith, ""Big"" Fund",2023,Q4,550974.21,-21955.66,307,false
101303,2024-11-05,2024-11-05 22:05:00,APAC,Equities,Beta Fund,2024,Q4,401193.48,-23549.19,37,true
101304,2025-08-28,2025-08-28 03:49:00,AMER,Equities,Alpha Fund,2025,Q3,525302.03,50720.46,416,false
101305,2021-01-19,2021-01-19 17:45:00,EMEA,FX,O'Brien Holdings,2021,Q1,420504.65,54615.44,31,true
101306,2022-04-19,2022-04-19 12:27:00,APAC,Commodities,"Smith, ""Big"" Fund",2022,Q2,596406.54,77497.44,19,false
101307,2023-10-14,2023-10-14 17:53:00,AMER,Rates,Alpha Fund,2023,Q4,929304.52,-89167.91,256,true
101308,2024-09-03,2024-09-03 05:44:00,EMEA,Commodities,"Smith, ""Big"" Fund",2024,Q3,289804.83,-45373.17,465,true
101309,2025-05-08,2025-05-08 13:33:00,APAC,FX,Alpha Fund,2025,Q2,215076.35,72258.36,13,true
101310,2021-10-08,2021-10-08 16:04:00,AMER,Commodities,Beta Fund,2021,Q4,578681.23,80027.91,45,true
101311,2022-12-05,2022-12-05 07:12:00,EMEA,FX,Alpha Fund,2022,Q4,843656.95,97838.87,33,true
101312,2023-07-13,2023-07-13 00:42:00,APAC,Rates,Beta Fund,2023,Q3,799588.36,36000.25,159,true
101313,2024-07-22,2024-07-22 08:09:00,AMER,Credit,Alpha Fund,2024,Q3,533524.91,94123.06,16,true
101314,2025-02-12,2025-02-12 20:23:00,EMEA,Rates,Alpha Fund,2025,Q1,135625.75,-35713.25,338,true
101315,2021-06-14,2021-06-14 07:05:00,APAC,Equities,O'Brien Holdings,2021,Q2,485085.84,-72194.43,225,true
101316,2022-12-08,2022-12-08 08:49:00,AMER,Commodities,O'Brien Holdings,2022,Q4,531182.34,91899.27,454,true
101317,2023-06-27,2023-06-27 18:10:00,EMEA,Credit,Beta Fund,2023,Q2,800464.82,-64134.26,256,true
101318,2024-12-08,2024-12-08 14:39:00,APAC,Commodities,Beta Fund,2024,Q4,88097.49,24808.99,423,true
101319,2025-08-06,2025-08-06 12:07:00,AMER,Rates,O'Brien Holdings,2025,Q3,381476.52,81971.73,171,true
101320,2021-10-17,2021-10-17 17:57:00,EMEA,Credit,"Smith, ""Big"" Fund",2021,Q4,650335.77,19861.68,248,true
101321,2022-02-15,2022-02-15 01:41:00,APAC,Commodities,Beta Fund,2022,Q1,847222.51,1982.34,114,true
101322,2023-12-14,2023-12-14 00:04:00,AMER,FX,O'Brien Holdings,2023,Q4,620067.80,-97053.19,474,true
101323,2024-05-27,2024-05-27 08:23:00,EMEA,Rates,Beta Fund,2024,Q2,942073.28,-46652.46,500,true
101324,2025-02-10,2025-02-10 02:58:00,APAC,Rates,Beta Fund,2025,Q1,71074.93,-91761.68,30,true
101325,2021-09-20,2021-09-20 14:21:00,AMER,Credit,"Smith, ""Big"" Fund",2021,Q3,918524.01,68498.14,434,true
101326,2022-06-08,2022-06-08 11:27:00,EMEA,Rates,"Smith, ""Big"" Fund",2022,Q2,539239.45,-71892.13,239,true
101327,2023-05-09,2023-05-09 15:36:00,APAC,Commodities,Beta Fund,2023,Q2,597111.92,48805.20,151,true
101328,2024-06-27,2024-06-27 15:57:00,AMER,FX,O'Brien Holdings,2024,Q2,607189.31,-70308.20,203,true
101329,2025-01-12,2025-01-12 19:45:00,EMEA,Equities,"Smith, ""Big"" Fund",2025,Q1,473047.27,-96945.95,136,true
101330,2021-08-07,2021-08-07 20:50:00,APAC,Rates,Beta Fund,2021,Q3,26609.61,18987.44,9,true
101331,2022-04-08,2022-04-08 08:15:00,AMER,Commodities,Alpha Fund,2022,Q2,878918.10,91815.40,276,true
101332,2023-06-08,2023-06-08 10:44:00,EMEA,FX,Alpha Fund,2023,Q2,541815.29,-43172.44,167,true
101333,2024-09-09,2024-09-09 20:56:00,APAC,Equities,Alpha Fund,2024,Q3,24525.45,-37062.73,93,false
101334,2025-05-04,2025-05-04 01:42:00,AMER,Credit,Beta Fund,2025,Q2,820128.09,26782.53,360,true
101335,2021-03-23,2021-03-23 06:22:00,EMEA,Credit,Alpha Fund,2021,Q1,42967.96,-6561.13,99,true
101336,2022-02-27,2022-02-27 14:30:00,APAC,Credit,Alpha Fund,2022,Q1,712006.63,19898.44,75,true
101337,2023-03-15,2023-03-15 10:46:00,AMER,Equities,Beta Fund,2023,Q1,389677.61,-65557.30,147,true
101338,2024-02-11,2024-02-11 03:54:00,EMEA,FX,Beta Fund,2024,Q1,264913.60,-73370.80,38,true
101339,2025-12-03,2025-12-03 22:04:00,APAC,Credit,Beta Fund,2025,Q4,312784.58,-10125.80,400,true
101340,2021-05-27,2021-05-27 13:30:00,AMER,Commodities,Alpha Fund,2021,Q2,149687.77,25399.47,294,false
101341,2022-03-04,2022-03-04 04:30:00,EMEA,Credit,Beta Fund,2022,Q1,299881.60,-24231.38,37,true
101342,2023-12-09,2023-12-09 19:14:00,APAC,FX,"Smith, ""Big"" Fund",2023,Q4,301971.13,-59795.98,498,false
101343,2024-07-18,2024-07-18 05:00:00,AMER,Credit,O'Brien Holdings,2024,Q3,301262.09,47908.52,189,false
101344,2025-05-21,2025-05-21 19:41:00,EMEA,FX,"Smith, ""Big"" Fund",2025,Q2,60050.29,-12585.44,371,true
101345,2021-10-27,2021-10-27 22:05:00,APAC,Commodities,Alpha Fund,2021,Q4,221021.18,28309.62,274,true
101346,2022-07-11,2022-07-11 15:53:00,AMER,Rates,O'Brien Holdings,2022,Q3,198045.45,58641.73,195,true
101347,2023-03-22,2023-03-22 04:26:00,EMEA,Equities,Beta Fund,2023,Q1,804448.61,-42335.78,426,true
101348,2024-02-03,2024-02-03 13:02:00,APAC,Credit,Alpha Fund,2024,Q1,42709.46,-72513.58,232,true
101349,2025-02-10,2025-02-10 01:00:00,AMER,Rates,Alpha Fund,2025,Q1,537612.63,-69923.27,41,false
101350,2021-03-06,2021-03-06 10:45:00,EMEA,Rates,O'Brien Holdings,2021,Q1,393320.32,-3044.30,272,false
101351,2022-07-27,2022-07-27 22:55:00,APAC,Rates,"Smith, ""Big"" Fund",2022,Q3,7527.50,-15270.20,68,false
101352,2023-12-03,2023-12-03 23:54:00,AMER,Credit,Alpha Fund,2023,Q4,261249.41,84017.85,337,true
101353,2024-02-15,2024-02-15 23:11:00,EMEA,Rates,Alpha Fund,2024,Q1,522850.95,-5282.35,170,true
101354,2025-12-07,2025-12-07 21:29:00,APAC,Rates,O'Brien Holdings,2025,Q4,418434.02,84167.92,190,true
101355,2021-05-03,2021-05-03 02:09:00,AMER,FX,"Smith, ""Big"" Fund",2021,Q2,436977.05,15153.56,16,true
101356,2022-07-15,2022-07-15 11:40:00,EMEA,Rates,O'Brien Holdings,2022,Q3,613518.08,70850.45,28,true
101357,2023-05-23,2023-05-23 03:13:00,APAC,Rates,Alpha Fund,2023,Q2,127207.31,-64169.89,105,false
101358,2024-11-07,2024-11-07 18:55:00,AMER,Credit,Alpha Fund,2024,Q4,239510.15,24736.30,80,true
101359,2025-05-01,2025-05-01 12:17:00,EMEA,FX,"Smith, ""Big"" Fund",2025,Q2,73442.87,-75685.36,112,false
101360,2021-02-24,2021-02-24 15:55:00,APAC,FX,"Smith, ""Big"" Fund",2021,Q1,126229.17,78937.96,283,true
101361,2022-04-09,2022-04-09 10:55:00,AMER,FX,"Smith, ""Big"" Fund",2022,Q2,781553.73,69561.02,21,false
101362,2023-08-06,2023-08-06 01:57:00,EMEA,Rates,"Smith, ""Big"" Fund",2023,Q3,100989.31,-61113.75,138,true
101363,2024-09-26,2024-09-26 01:05:00,APAC,Commodities,"Smith, ""Big"" Fund",2024,Q3,189031.34,97288.62,496,true
101364,2025-04-16,2025-04-16 03:22:00,AMER,Rates,Beta Fund,2025,Q2,73622.25,-25613.68,265,true
101365,2021-07-21,2021-07-21 08:20:00,EMEA,Credit,O'Brien Holdings,2021,Q3,644719.90,20892.22,70,false
101366,2022-09-10,2022-09-10 21:22:00,APAC,FX,"Smith, ""Big"" Fund",2022,Q3,990136.82,-13175.53,206,true
101367,2023-03-12,2023-03-12 06:18:00,AMER,Credit,Alpha Fund,2023,Q1,602438.21,4666.07,465,true
101368,2024-09-06,2024-09-06 18:27:00,EMEA,FX,"Smith, ""Big"" Fund",2024,Q3,327468.95,18534.02,379,false
101369,2025-07-27,2025-07-27 13:02:00,APAC,Rates,O'Brien Holdings,2025,Q3,790326.42,97598.51,157,true
101370,2021-03-25,2021-03-25 00:37:00,AMER,Rates,"Smith, ""Big"" Fund",2021,Q1,26768.83,-90674.36,257,false
101371,2022-07-23,2022-07-23 16:50:00,EMEA,Commodities,Beta Fund,2022,Q3,1219.14,13438.35,101,true
101372,2023-09-09,2023-09-09 19:14:00,APAC,FX,"Smith, ""Big"" Fund",2023,Q3,13067.36,-40391.02,315,true
101373,2024-06-19,2024-06-19 04:11:00,AMER,Credit,O'Brien Holdings,2024,Q2,390175.25,-80026.74,82,true
101374,2025-07-02,2025-07-02 21:56:00,EMEA,Rates,Alpha Fund,2025,Q3,214510.87,-25381.49,84,false
101375,2021-01-27,2021-01-27 07:18:00,APAC,Credit,Beta Fund,2021,Q1,426534.63,1760.57,315,true
101376,2022-01-17,2022-01-17 04:25:00,AMER,Equities,"Smith, ""Big"" Fund",2022,Q1,912605.63,-79246.43,240,true
101377,2023-03-08,2023-03-08 06:57:00,EMEA,Credit,Beta Fund,2023,Q1,797739.70,-69331.01,176,true
101378,2024-12-22,2024-12-22 10:56:00,APAC,Commodities,Beta Fund,2024,Q4,499069.25,84191.83,34,false
101379,2025-10-07,2025-10-07 08:14:00,AMER,Equities,Beta Fund,2025,Q4,941780.06,-84673.20,445,true
101380,2021-01-24,2021-01-24 20:25:00,EMEA,Credit,O'Brien Holdings,2021,Q1,148017.68,44232.34,140,true
101381,2022-06-18,2022-06-18 16:37:00,APAC,Equities,O'Brien Holdings,2022,Q2,337324.75,88311.69,173,true
101382,2023-11-06,2023-11-06 06:15:00,AMER,FX,Beta Fund,2023,Q4,205002.27,-76895.22,498,true
101383,2024-06-06,2024-06-06 12:56:00,EMEA,Commodities,"Smith, ""Big"" Fund",2024,Q2,189207.08,-15392.23,187,true
101384,2025-02-06,2025-02-06 00:56:00,APAC,Equities,O'Brien Holdings,2025,Q1,63350.66,-62247.64,486,true
101385,2021-08-14,2021-08-14 02:31:00,AMER,Rates,Beta Fund,2021,Q3,451698.19,-96857.94,421,true
101386,2022-11-01,2022-11-01 13:44:00,EMEA,Credit,"Smith, ""Big"" Fund",2022,Q4,219708.76,-11817.68,25,true
101387,2023-07-03,2023-07-03 02:50:00,APAC,Rates,Alpha Fund,2023,Q3,680003.41,-77159.10,71,false
101388,2024-07-14,2024-07-14 12:13:00,AMER,FX,Alpha Fund,2024,Q3,93860.39,25991.80,198,true
101389,2025-07-17,2025-07-17 02:43:00,EMEA,FX,Beta Fund,2025,Q3,901178.74,-29081.91,117,true
101390,2021-10-21,2021-10-21 19:00:00,APAC,Rates,Alpha Fund,2021,Q4,108907.17,72009.72,238,true
101391,2022-04-22,2022-04-22 23:44:00,AMER,Rates,Alpha Fund,2022,Q2,182841.92,-12639.54,85,true
101392,2023-12-15,2023-12-15 12:10:00,EMEA,Commodities,Beta Fund,2023,Q4,698245.55,30180.66,185,true
101393,2024-09-11,2024-09-11 01:56:00,APAC,Commodities,Alpha Fund,2024,Q3,481491.76,19165.08,352,true
101394,2025-06-17,2025-06-17 13:51:00,AMER,Credit,Alpha Fund,2025,Q2,316675.85,35858.81,434,true
101395,2021-05-02,2021-05-02 20:37:00,EMEA,Rates,Alpha Fund,2021,Q2,131582.81,32851.72,498,true
101396,2022-01-26,2022-01-26 20:01:00,APAC,Credit,Beta Fund,2022,Q1,277343.76,-70036.40,63,true
101397,2023-07-16,2023-07-16 04:03:00,AMER,Rates,Beta Fund,2023,Q3,632595.48,67624.77,117,true
101398,2024-06-04,2024-06-04 10:55:00,EMEA,Rates,Alpha Fund,2024,Q2,364889.46,-73569.44,129,true
101399,2025-04-11,2025-04-11 16:21:00,APAC,FX,Alpha Fund,2025,Q2,816671.03,54966.28,387,true
101400,2021-07-28,2021-07-28 14:42:00,AMER,Credit,"Smith, ""Big"" Fund",2021,Q3,76795.54,70452.97,443,true
101401,2022-12-17,2022-12-17 05:52:00,EMEA,Equities,Beta Fund,2022,Q4,279456.94,-58639.76,21,true
101402,2023-02-23,2023-02-23 17:13:00,APAC,Equities,Beta Fund,2023,Q1,620348.40,16294.78,91,false
101403,2024-04-21,2024-04-21 09:14:00,AMER,Commodities,"Smith, ""Big"" Fund",2024,Q2,871828.15,-75889.09,139,true
101404,2025-12-22,2025-12-22 07:36:00,EMEA,Rates,Beta Fund,2025,Q4,626583.82,-51232.59,220,true
101405,2021-04-10,2021-04-10 14:16:00,APAC,Equities,Alpha Fund,2021,Q2,250125.18,55137.91,423,true
101406,2022-03-21,2022-03-21 09:34:00,AMER,Rates,Beta Fund,2022,Q1,688112.98,-45359.39,391,true
101407,2023-01-13,2023-01-13 17:44:00,EMEA,Rates,"Smith, ""Big"" Fund",2023,Q1,110199.35,-52694.93,415,true
101408,2024-06-16,2024-06-16 15:03:00,APAC,Rates,Beta Fund,2024,Q2,475633.01,54212.93,289,false
101409,2025-04-13,2025-04-13 08:34:00,AMER,Credit,"Smith, ""Big"" Fund",2025,Q2,733295.61,60339.60,142,false
101410,2021-08-28,2021-08-28 05:53:00,EMEA,FX,Beta Fund,2021,Q3,610968.13,63868.94,229,true
101411,2022-08-11,2022-08-11 00:52:00,APAC,Equities,Beta Fund,2022,Q3,219140.15,55437.58,222,true
101412,2023-02-21,2023-02-21 07:00:00,AMER,Rates,Alpha Fund,2023,Q1,332539.77,40683.07,180,true
101413,2024-10-17,2024-10-17 01:16:00,EMEA,Rates,"Smith, ""Big"" Fund",2024,Q4,591119.59,-40275.19,427,true
101414,2025-02-14,2025-02-14 08:20:00,APAC,Commodities,Alpha Fund,2025,Q1,332971.71,-40271.44,254,true
101415,2021-01-15,2021-01-15 10:23:00,AMER,Equities,"Smith, ""Big"" Fund",2021,Q1,877934.77,-52637.59,73,true
101416,2022-07-17,2022-07-17 18:36:00,EMEA,Rates,Alpha Fund,2022,Q3,295910.77,42317.80,303,true
101417,2023-10-25,2023-10-25 22:37:00,APAC,Equities,"Smith, ""Big"" Fund",2023,Q4,227033.41,50413.51,209,true
101418,2024-04-23,2024-04-23 00:39:00,AMER,FX,Beta Fund,2024,Q2,541750.27,-56358.21,45,false
101419,2025-01-17,2025-01-17 17:44:00,EMEA,Equities,Beta Fund,2025,Q1,963663.12,60635.72,83,true
101420,2021-10-27,2021-10-27 00:22:00,APAC,Rates,Alpha Fund,2021,Q4,475363.00,-42122.76,24,true
101421,2022-02-01,2022-02-01 11:58:00,AMER,Equities,"Smith, ""Big"" Fund",2022,Q1,992698.66,-92328.15,158,true
101422,2023-09-05,2023-09-05 06:07:00,EMEA,Credit,Beta Fund,2023,Q3,332121.52,-40207.60,441,true
101423,2024-07-22,2024-07-22 21:34:00,APAC,Equities,Beta Fund,2024,Q3,889731.18,97884.75,204,false
101424,2025-09-12,2025-09-12 22:16:00,AMER,Equities,O'Brien Holdings,2025,Q3,613708.74,19001.50,147,true
101425,2021-07-17,2021-07-17 21:07:00,EMEA,Equities,Alpha Fund,2021,Q3,606422.42,-5981.46,245,true
101426,2022-06-20,2022-06-20 18:39:00,APAC,Equities,Beta Fund,2022,Q2,201332.98,-27521.28,491,true
101427,2023-02-03,2023-02-03 12:58:00,AMER,FX,Beta Fund,2023,Q1,546594.67,-40151.40,198,true
101428,2024-09-21,2024-09-21 13:58:00,EMEA,FX,"Smith, ""Big"" Fund",2024,Q3,810302.55,-60392.27,74,true
101429,2025-02-06,2025-02-06 17:59:00,APAC,Credit,O'Brien Holdings,2025,Q1,385157.04,-88849.20,401,false
101430,2021-04-17,2021-04-17 01:20:00,AMER,Commodities,Alpha Fund,2021,Q2,71357.63,-27124.29,255,true
101431,2022-04-18,2022-04-18 01:53:00,EMEA,Commodities,Beta Fund,2022,Q2,48447.77,93231.16,355,true
101432,2023-05-05,2023-05-05 09:24:00,APAC,Equities,"Smith, ""Big"" Fund",2023,Q2,662037.93,-91890.69,483,true
101433,2024-05-06,2024-05-06 14:49:00,AMER,Commodities,"Smith, ""Big"" Fund",2024,Q2,230893.75,37587.76,58,true
101434,2025-06-16,2025-06-16 12:17:00,EMEA,FX,"Smith, ""Big"" Fund",2025,Q2,662443.63,-53938.38,266,true
101435,2021-03-16,2021-03-16 17:22:00,APAC,Credit,Beta Fund,2021,Q1,837787.93,41799.70,45,true
101436,2022-11-03,2022-11-03 15:19:00,AMER,Equities,Alpha Fund,2022,Q4,661095.33,17912.54,29,false
101437,2023-01-02,2023-01-02 11:41:00,EMEA,Equities,Beta Fund,2023,Q1,163722.49,-552.81,353,true
101438,2024-12-19,2024-12-19 01:02:00,APAC,FX,"Smith, ""Big"" Fund",2024,Q4,790994.88,59839.81,114,true
101439,2025-06-09,2025-06-09 14:36:00,AMER,Credit,"Smith, ""Big"" Fund",2025,Q2,711187.57,45852.71,220,true
101440,2021-02-24,2021-02-24 08:24:00,EMEA,Equities,"Smith, ""Big"" Fund",2021,Q1,880636.03,10151.45,493,true
101441,2022-09-18,2022-09-18 18:26:00,APAC,Commodities,O'Brien Holdings,2022,Q3,518338.76,31723.62,328,true
101442,2023-02-15,2023-02-15 06:30:00,AMER,Rates,O'Brien Holdings,2023,Q1,979108.93,-12886.70,64,true
101443,2024-06-18,2024-06-18 17:35:00,EMEA,Commodities,Beta Fund,2024,Q2,829725.49,12248.54,253,false
101444,2025-01-11,2025-01-11 17:56:00,APAC,Equities,Alpha Fund,2025,Q1,559877.75,73071.72,173,true
101445,2021-12-08,2021-12-08 05:55:00,AMER,Rates,Beta Fund,2021,Q4,512768.25,95115.31,173,true
101446,2022-03-17,2022-03-17 19:47:00,EMEA,FX,Beta Fund,2022,Q1,988586.98,90865.81,236,true
101447,2023-09-01,2023-09-01 23:04:00,APAC,Credit,Beta Fund,2023,Q3,298685.04,-59228.20,118,true
101448,2024-12-14,2024-12-14 16:29:00,AMER,FX,O'Brien Holdings,2024,Q4,790980.05,59076.11,354,true
101449,2025-05-02,2025-05-02 09:32:00,EMEA,Equities,"Smith, ""Big"" Fund",2025,Q2,237076.12,-65848.76,288,true
101450,2021-11-02,2021-11-02 08:15:00,APAC,Commodities,"Smith, ""Big"" Fund",2021,Q4,77247.61,87977.95,414,true
101451,2022-11-01,2022-11-01 16:44:00,AMER,Credit,Alpha Fund,2022,Q4,713471.59,8029.13,4,true
101452,2023-08-07,2023-08-07 15:42:00,EMEA,Rates,"Smith, ""Big"" Fund",2023,Q3,250615.21,-5240.90,411,true
101453,2024-06-17,2024-06-17 22:55:00,APAC,Rates,O'Brien Holdings,2024,Q2,889130.29,-53961.00,471,false
101454,2025-06-22,2025-06-22 06:14:00,AMER,Credit,O'Brien Holdings,2025,Q2,748505.41,-59268.45,392,true
101455,2021-08-25,2021-08-25 23:37:00,EMEA,Rates,Alpha Fund,2021,Q3,988464.12,-1591.72,95,true
101456,2022-07-11,2022-07-11 10:18:00,APAC,Rates,Alpha Fund,2022,Q3,127217.27,-88031.37,345,true
101457,2023-08-27,2023-08-27 01:54:00,AMER,FX,Alpha Fund,2023,Q3,75060.52,-46346.67,48,true
101458,2024-05-02,2024-05-02 14:39:00,EMEA,Rates,"Smith, ""Big"" Fund",2024,Q2,647059.36,27225.23,287,true
101459,2025-09-26,2025-09-26 05:38:00,APAC,Credit,Beta Fund,2025,Q3,128191.33,-58361.68,481,true
101460,2021-08-16,2021-08-16 08:43:00,AMER,Equities,Beta Fund,2021,Q3,417206.95,9557.76,203,true
101461,2022-08-22,2022-08-22 02:51:00,EMEA,Rates,Alpha Fund,2022,Q3,76168.86,-72105.35,194,true
101462,2023-08-13,2023-08-13 07:54:00,APAC,FX,"Smith, ""Big"" Fund",2023,Q3,687875.71,40201.77,341,true
101463,2024-05-24,2024-05-24 13:32:00,AMER,Equities,O'Brien Holdings,2024,Q2,681986.98,66672.86,455,true
101464,2025-03-14,2025-03-14 09:56:00,EMEA,Equities,Beta Fund,2025,Q1,201496.61,-19829.80,381,true
101465,2021-06-10,2021-06-10 17:55:00,APAC,FX,O'Brien Holdings,2021,Q2,318559.33,35582.39,185,true
101466,2022-07-24,2022-07-24 18:58:00,AMER,Rates,Beta Fund,2022,Q3,307625.78,87244.76,166,false
101467,2023-11-12,2023-11-12 03:46:00,EMEA,Equities,Alpha Fund,2023,Q4,710499.31,-40909.64,240,true
101468,2024-10-06,2024-10-06 14:12:00,APAC,Equities,O'Brien Holdings,2024,Q4,206960.40,-43394.95,270,true
101469,2025-01-05,2025-01-05 20:04:00,AMER,Credit,"Smith, ""Big"" Fund",2025,Q1,816060.43,37955.80,312,true
101470,2021-05-06,2021-05-06 10:09:00,EMEA,Credit,"Smith, ""Big"" Fund",2021,Q2,160058.69,-49892.90,410,true
101471,2022-06-07,2022-06-07 11:46:00,APAC,Rates,O'Brien Holdings,2022,Q2,103527.07,11016.84,178,true
101472,2023-05-09,2023-05-09 17:55:00,AMER,FX,"Smith, ""Big"" Fund",2023,Q2,851818.08,7470.08,247,false
101473,2024-02-19,2024-02-19 08:01:00,EMEA,Equities,"Smith, ""Big"" Fund",2024,Q1,75934.13,-27790.98,446,true
101474,2025-04-28,2025-04-28 00:41:00,APAC,Equities,O'Brien Holdings,2025,Q2,679156.36,-67097.59,251,false
101475,2021-05-16,2021-05-16 07:39:00,AMER,Equities,Alpha Fund,2021,Q2,823922.54,47829.68,432,true
101476,2022-03-11,2022-03-11 06:16:00,EMEA,Rates,Alpha Fund,2022,Q1,537502.01,1577.11,265,true
101477,2023-10-07,2023-10-07 10:07:00,APAC,Credit,Alpha Fund,2023,Q4,908892.08,-41274.56,244,true
101478,2024-03-07,2024-03-07 03:40:00,AMER,Equities,Beta Fund,2024,Q1,975203.56,30658.91,61,true
101479,2025-02-26,2025-02-26 22:54:00,EMEA,FX,O'Brien Holdings,2025,Q1,292833.44,-17522.97,133,true
101480,2021-11-16,2021-11-16 08:07:00,APAC,Credit,Beta Fund,2021,Q4,786793.74,-65924.77,349,true
101481,2022-09-12,2022-09-12 14:53:00,AMER,FX,"Smith, ""Big"" Fund",2022,Q3,874782.98,96112.26,10,true
101482,2023-05-18,2023-05-18 17:48:00,EMEA,FX,Alpha Fund,2023,Q2,224264.89,36920.20,199,true
101483,2024-10-09,2024-10-09 06:59:00,APAC,Commodities,"Smith, ""Big"" Fund",2024,Q4,592540.48,-44314.10,465,true
101484,2025-02-07,2025-02-07 07:15:00,AMER,FX,Beta Fund,2025,Q1,480249.45,60493.87,90,false
101485,2021-10-11,2021-10-11 14:58:00,EMEA,Credit,Alpha Fund,2021,Q4,132900.41,-67773.67,213,true
101486,2022-06-19,2022-06-19 23:49:00,APAC,Equities,O'Brien Holdings,2022,Q2,245032.48,59000.19,201,false
101487,2023-09-13,2023-09-13 08:53:00,AMER,Rates,Alpha Fund,2023,Q3,114003.13,41329.99,150,true
101488,2024-01-21,2024-01-21 02:08:00,EMEA,FX,"Smith, ""Big"" Fund",2024,Q1,78479.77,-89494.04,142,false
101489,2025-05-03,2025-05-03 18:23:00,APAC,Equities,O'Brien Holdings,2025,Q2,35891.23,50738.50,60,true
101490,2021-07-14,2021-07-14 16:10:00,AMER,Equities,Beta Fund,2021,Q3,134901.86,24193.21,494,false
101491,2022-07-08,2022-07-08 14:05:00,EMEA,Equities,O'Brien Holdings,2022,Q3,186233.07,-71906.75,11,true
101492,2023-11-23,2023-11-23 01:46:00,APAC,Rates,"Smith, ""Big"" Fund",2023,Q4,455605.20,-23967.78,239,false
101493,2024-02-20,2024-02-20 22:08:00,AMER,Rates,Alpha Fund,2024,Q1,433188.67,-64564.71,110,true
101494,2025-03-16,2025-03-16 01:21:00,EMEA,FX,O'Brien Holdings,2025,Q1,985910.38,74431.10,103,false
101495,2021-09-18,2021-09-18 18:50:00,APAC,Equities,Alpha Fund,2021,Q3,996918.11,42179.12,433,false
101496,2022-10-12,2022-10-12 04:30:00,AMER,Commodities,Alpha Fund,2022,Q4,196826.75,18852.99,205,true
101497,2023-09-10,2023-09-10 19:47:00,EMEA,Commodities,Alpha Fund,2023,Q3,868461.03,-53899.93,308,true
101498,2024-12-21,2024-12-21 00:17:00,APAC,Rates,Beta Fund,2024,Q4,2973.19,89836.37,292,true
101499,2025-07-26,2025-07-26 17:58:00,AMER,Equities,Alpha Fund,2025,Q3,556006.47,-76358.36,270,false
101500,2021-07-09,2021-07-09 04:43:00,EMEA,Equities,"Smith, ""Big"" Fund",2021,Q3,507615.50,53195.70,253,true
101501,2022-06-23,2022-06-23 14:28:00,APAC,FX,Beta Fund,2022,Q2,872094.66,32118.89,84,true
101502,2023-03-11,2023-03-11 17:01:00,AMER,Credit,Beta Fund,2023,Q1,145712.13,-68852.65,19,true
101503,2024-02-23,2024-02-23 10:26:00,EMEA,Commodities,O'Brien Holdings,2024,Q1,105756.92,93299.53,446,true
101504,2025-03-17,2025-03-17 17:42:00,APAC,Credit,"Smith, ""Big"" Fund",2025,Q1,839297.29,-99009.88,165,false
101505,2021-08-10,2021-08-10 00:37:00,AMER,FX,Beta Fund,2021,Q3,630986.23,22922.02,165,true
101506,2022-02-01,2022-02-01 00:52:00,EMEA,Commodities,O'Brien Holdings,2022,Q1,480389.26,46581.49,435,true
101507,2023-04-14,2023-04-14 15:37:00,APAC,Equities,Beta Fund,2023,Q2,695306.02,-38015.68,385,false
101508,2024-04-14,2024-04-14 13:59:00,AMER,Commodities,Alpha Fund,2024,Q2,5558.05,-68251.96,386,true
101509,2025-02-27,2025-02-27 16:59:00,EMEA,Rates,Beta Fund,2025,Q1,828127.29,-94097.58,468,true
101510,2021-12-26,2021-12-26 17:25:00,APAC,Commodities,O'Brien Holdings,2021,Q4,400578.51,50502.35,54,true
101511,2022-01-03,2022-01-03 11:09:00,AMER,FX,O'Brien Holdings,2022,Q1,876979.66,-76978.10,52,true
101512,2023-02-17,2023-02-17 01:46:00,EMEA,Credit,Alpha Fund,2023,Q1,626316.29,66433.93,174,true
101513,2024-11-16,2024-11-16 09:30:00,APAC,FX,"Smith, ""Big"" Fund",2024,Q4,894016.64,-89355.63,177,true
101514,2025-06-08,2025-06-08 05:19:00,AMER,Credit,Beta Fund,2025,Q2,673824.24,36735.60,385,true
101515,2021-05-11,2021-05-11 02:53:00,EMEA,Credit,Beta Fund,2021,Q2,25421.53,-73076.93,150,true
101516,2022-11-11,2022-11-11 09:00:00,APAC,Credit,O'Brien Holdings,2022,Q4,388383.79,-18961.37,225,true
101517,2023-05-12,2023-05-12 03:49:00,AMER,Credit,O'Brien Holdings,2023,Q2,401556.89,-16797.93,100,true
101518,2024-08-23,2024-08-23 22:15:00,EMEA,Equities,O'Brien Holdings,2024,Q3,956492.43,33724.94,433,true
101519,2025-07-18,2025-07-18 22:07:00,APAC,FX,"Smith, ""Big"" Fund",2025,Q3,39521.31,-64104.67,377,true
101520,2021-08-23,2021-08-23 00:14:00,AMER,Credit,Beta Fund,2021,Q3,315997.31,15833.25,208,true
101521,2022-02-12,2022-02-12 15:10:00,EMEA,FX,Beta Fund,2022,Q1,216176.61,-5408.10,470,true
101522,2023-06-10,2023-06-10 10:59:00,APAC,FX,"Smith, ""Big"" Fund",2023,Q2,539519.39,-42604.51,16,false
101523,2024-10-11,2024-10-11 18:07:00,AMER,Commodities,"Smith, ""Big"" Fund",2024,Q4,562120.07,-50767.75,369,true
101524,2025-09-08,2025-09-08 04:01:00,EMEA,Equities,O'Brien Holdings,2025,Q3,303406.01,11207.91,291,false
101525,2021-06-06,2021-06-06 14:47:00,APAC,Commodities,Beta Fund,2021,Q2,427460.26,66464.04,94,true
101526,2022-07-11,2022-07-11 15:30:00,AMER,Rates,"Smith, ""Big"" Fund",2022,Q3,978385.25,71993.75,280,true
101527,2023-06-25,2023-06-25 14:48:00,EMEA,Rates,Beta Fund,2023,Q2,148776.81,99302.17,201,false
101528,2024-01-28,2024-01-28 20:34:00,APAC,Equities,Beta Fund,2024,Q1,566754.77,95740.95,278,true
101529,2025-10-21,2025-10-21 15:04:00,AMER,Commodities,"Smith, ""Big"" Fund",2025,Q4,39506.34,-74624.84,329,true
101530,2021-12-27,2021-12-27 13:27:00,EMEA,Credit,O'Brien Holdings,2021,Q4,726956.85,-81306.22,25,false
101531,2022-03-10,2022-03-10 10:58:00,APAC,Commodities,Alpha Fund,2022,Q1,348023.72,-2758.89,92,false
101532,2023-08-17,2023-08-17 01:19:00,AMER,Equities,Beta Fund,2023,Q3,994308.79,-40538.04,170,true
101533,2024-02-16,2024-02-16 02:53:00,EMEA,Rates,Beta Fund,2024,Q1,51830.90,28919.06,129,true
101534,2025-12-09,2025-12-09 02:30:00,APAC,FX,Alpha Fund,2025,Q4,969673.48,-64304.01,51,true
101535,2021-04-05,2021-04-05 23:55:00,AMER,Rates,O'Brien Holdings,2021,Q2,608402.13,-44712.38,29,true
101536,2022-08-25,2022-08-25 02:11:00,EMEA,Credit,Alpha Fund,2022,Q3,628231.82,-14550.48,194,true
101537,2023-04-02,2023-04-02 02:51:00,APAC,Rates,Alpha Fund,2023,Q2,869311.27,53033.41,2,true
101538,2024-01-06,2024-01-06 08:15:00,AMER,Credit,O'Brien Holdings,2024,Q1,440860.67,-63600.65,442,true
101539,2025-07-20,2025-07-20 22:37:00,EMEA,Rates,O'Brien Holdings,2025,Q3,603005.17,-21082.51,92,false
101540,2021-08-26,2021-08-26 06:10:00,APAC,FX,"Smith, ""Big"" Fund",2021,Q3,893669.00,74040.31,125,true
101541,2022-05-13,2022-05-13 19:02:00,AMER,FX,Alpha Fund,2022,Q2,122919.71,-56761.25,270,true
101542,2023-06-05,2023-06-05 06:01:00,EMEA,Rates,O'Brien Holdings,2023,Q2,103789.64,51430.71,187,false
101543,2024-10-09,2024-10-09 06:57:00,APAC,Equities,Alpha Fund,2024,Q4,647748.68,25331.65,336,true
101544,2025-10-24,2025-10-24 13:19:00,AMER,Rates,O'Brien Holdings,2025,Q4,375176.92,18646.35,293,false
101545,2021-03-05,2021-03-05 08:24:00,EMEA,Credit,"Smith, ""Big"" Fund",2021,Q1,410474.95,16839.45,380,true
101546,2022-03-02,2022-03-02 11:06:00,APAC,Commodities,O'Brien Holdings,2022,Q1,18816.30,22171.10,38,true
101547,2023-06-24,2023-06-24 10:18:00,AMER,FX,"Smith, ""Big"" Fund",2023,Q2,194930.32,4848.23,445,true
101548,2024-03-10,2024-03-10 08:46:00,EMEA,Rates,O'Brien Holdings,2024,Q1,607629.10,-68887.25,109,true
101549,2025-06-20,2025-06-20 08:54:00,APAC,Equities,"Smith, ""Big"" Fund",2025,Q2,607034.60,-43565.76,22,false
101550,2021-08-17,2021-08-17 07:06:00,AMER,FX,Beta Fund,2021,Q3,474942.34,69599.55,97,true
101551,2022-07-06,2022-07-06 09:23:00,EMEA,Commodities,Alpha Fund,2022,Q3,351915.01,-54243.14,361,true
101552,2023-03-26,2023-03-26 02:29:00,APAC,Credit,O'Brien Holdings,2023,Q1,288035.13,-17991.39,399,true
101553,2024-01-04,2024-01-04 11:29:00,AMER,Equities,Beta Fund,2024,Q1,604087.86,15782.16,314,true
101554,2025-04-03,2025-04-03 04:42:00,EMEA,Rates,O'Brien Holdings,2025,Q2,654921.79,-82952.30,429,true
101555,2021-03-28,2021-03-28 13:56:00,APAC,Credit,"Smith, ""Big"" Fund",2021,Q1,625411.68,-40981.80,72,false
101556,2022-01-11,2022-01-11 08:11:00,AMER,FX,Alpha Fund,2022,Q1,740974.83,72331.29,432,true
101557,2023-07-07,2023-07-07 02:05:00,EMEA,Credit,O'Brien Holdings,2023,Q3,34759.02,-69522.50,161,true
101558,2024-07-19,2024-07-19 12:41:00,APAC,Equities,O'Brien Holdings,2024,Q3,42477.42,-16641.78,320,true
101559,2025-05-27,2025-05-27 03:55:00,AMER,Equities,O'Brien Holdings,2025,Q2,738475.20,-87666.82,443,true
101560,2021-08-09,2021-08-09 13:02:00,EMEA,Commodities,"Smith, ""Big"" Fund",2021,Q3,394236.90,-26701.65,301,true
101561,2022-03-09,2022-03-09 04:57:00,APAC,FX,O'Brien Holdings,2022,Q1,233338.13,19761.15,281,true
101562,2023-05-17,2023-05-17 02:49:00,AMER,Equities,O'Brien Holdings,2023,Q2,227076.64,-24965.20,152,true
101563,2024-01-20,2024-01-20 16:53:00,EMEA,Commodities,O'Brien Holdings,2024,Q1,771566.67,-89336.39,82,true
101564,2025-04-21,2025-04-21 13:21:00,APAC,Rates,O'Brien Holdings,2025,Q2,543461.81,-93130.67,82,true
101565,2021-10-15,2021-10-15 05:03:00,AMER,Credit,Beta Fund,2021,Q4,810395.61,51307.88,63,true
101566,2022-01-12,2022-01-12 15:40:00,EMEA,Rates,Alpha Fund,2022,Q1,34679.85,-80446.76,192,true
101567,2023-08-01,2023-08-01 01:37:00,APAC,FX,O'Brien Holdings,2023,Q3,646435.55,21888.98,379,false
101568,2024-10-25,2024-10-25 14:42:00,AMER,FX,Alpha Fund,2024,Q4,394003.79,19771.42,290,false
101569,2025-11-06,2025-11-06 06:02:00,EMEA,Equities,Beta Fund,2025,Q4,86015.52,4709.94,267,true
101570,2021-08-18,2021-08-18 19:11:00,APAC,FX,O'Brien Holdings,2021,Q3,978113.27,82713.67,60,true
101571,2022-04-04,2022-04-04 03:29:00,AMER,Credit,"Smith, ""Big"" Fund",2022,Q2,204249.92,39132.40,233,false
101572,2023-06-27,2023-06-27 08:35:00,EMEA,FX,"Smith, ""Big"" Fund",2023,Q2,891874.01,55300.87,230,true
101573,2024-02-18,2024-02-18 06:49:00,APAC,Equities,"Smith, ""Big"" Fund",2024,Q1,468558.81,55303.53,212,true
101574,2025-07-05,2025-07-05 15:13:00,AMER,Commodities,"Smith, ""Big"" Fund",2025,Q3,306024.56,42518.02,241,false
101575,2021-07-01,2021-07-01 11:44:00,EMEA,Rates,O'Brien Holdings,2021,Q3,714272.32,-95926.99,412,true
101576,2022-08-23,2022-08-23 22:55:00,APAC,Commodities,"Smith, ""Big"" Fund",2022,Q3,866317.22,99923.98,131,false
101577,2023-11-12,2023-11-12 01:07:00,AMER,FX,Beta Fund,2023,Q4,27336.04,13486.80,348,true
101578,2024-01-02,2024-01-02 23:59:00,EMEA,Rates,"Smith, ""Big"" Fund",2024,Q1,746272.06,-62269.41,95,true
101579,2025-01-10,2025-01-10 20:40:00,APAC,FX,"Smith, ""Big"" Fund",2025,Q1,430792.46,96066.36,196,true
101580,2021-12-04,2021-12-04 19:00:00,AMER,Equities,"Smith, ""Big"" Fund",2021,Q4,29115.22,21782.34,494,true
101581,2022-08-10,2022-08-10 15:42:00,EMEA,FX,Alpha Fund,2022,Q3,645395.70,-44995.15,282,true
101582,2023-03-03,2023-03-03 08:38:00,APAC,Rates,"Smith, ""Big"" Fund",2023,Q1,405840.33,-70436.84,317,true
101583,2024-06-12,2024-06-12 11:27:00,AMER,Commodities,Alpha Fund,2024,Q2,12684.37,-23512.96,432,true
101584,2025-11-06,2025-11-06 10:12:00,EMEA,Commodities,O'Brien Holdings,2025,Q4,341185.99,98642.71,462,true
101585,2021-05-20,2021-05-20 00:52:00,APAC,Credit,O'Brien Holdings,2021,Q2,337796.08,65570.53,202,true
101586,2022-01-16,2022-01-16 02:20:00,AMER,FX,Beta Fund,2022,Q1,617895.11,-50222.75,442,true
101587,2023-08-25,2023-08-25 02:44:00,EMEA,Commodities,Beta Fund,2023,Q3,780100.74,-62539.19,305,false
101588,2024-06-04,2024-06-04 10:42:00,APAC,Commodities,O'Brien Holdings,2024,Q2,766634.59,6253.01,25,false
101589,2025-11-27,2025-11-27 08:31:00,AMER,Rates,Alpha Fund,2025,Q4,654984.18,15887.67,211,false
101590,2021-10-07,2021-10-07 16:02:00,EMEA,Rates,Beta Fund,2021,Q4,735569.95,-88241.47,488,true
101591,2022-12-15,2022-12-15 05:11:00,APAC,Commodities,O'Brien Holdings,2022,Q4,5150.37,-56695.91,1,true
101592,2023-09-01,2023-09-01 11:34:00,AMER,FX,Beta Fund,2023,Q3,777818.28,56556.35,191,true
101593,2024-01-24,2024-01-24 16:19:00,EMEA,Rates,Beta Fund,2024,Q1,991407.59,-64440.42,257,true
101594,2025-11-18,2025-11-18 21:03:00,APAC,Commodities,Beta Fund,2025,Q4,328823.20,28510.55,125,true
101595,2021-03-12,2021-03-12 09:07:00,AMER,Equities,Beta Fund,2021,Q1,124901.02,87155.55,23,true
101596,2022-08-04,2022-08-04 06:18:00,EMEA,Equities,Beta Fund,2022,Q3,340360.96,59792.29,417,true
101597,2023-10-05,2023-10-05 10:03:00,APAC,FX,O'Brien Holdings,2023,Q4,658547.35,-86055.32,445,true
101598,2024-10-12,2024-10-12 19:06:00,AMER,Credit,Alpha Fund,2024,Q4,548617.51,-94139.03,5,true
101599,2025-04-18,2025-04-18 08:14:00,EMEA,Credit,"Smith, ""Big"" Fund",2025,Q2,126492.12,-99562.47,495,true
101600,2021-11-16,2021-11-16 22:19:00,APAC,Credit,O'Brien Holdings,2021,Q4,419802.51,90958.20,209,true
101601,2022-07-23,2022-07-23 08:55:00,AMER,FX,"Smith, ""Big"" Fund",2022,Q3,721838.61,35198.56,246,true
101602,2023-11-02,2023-11-02 11:06:00,EMEA,Credit,O'Brien Holdings,2023,Q4,521732.26,32221.64,262,true
101603,2024-05-17,2024-05-17 21:03:00,APAC,FX,O'Brien Holdings,2024,Q2,657184.14,62435.84,206,true
101604,2025-06-04,2025-06-04 16:56:00,AMER,Commodities,"Smith, ""Big"" Fund",2025,Q2,425193.40,20101.32,222,true
101605,2021-12-02,2021-12-02 13:37:00,EMEA,Commodities,Alpha Fund,2021,Q4,969252.36,64304.65,95,true
101606,2022-09-04,2022-09-04 21:34:00,APAC,Equities,"Smith, ""Big"" Fund",2022,Q3,294137.60,94211.29,422,true
101607,2023-05-09,2023-05-09 17:41:00,AMER,Commodities,"Smith, ""Big"" Fund",2023,Q2,616884.65,16451.77,460,false
101608,2024-03-06,2024-03-06 06:26:00,EMEA,Equities,O'Brien Holdings,2024,Q1,961987.18,62792.75,377,true
101609,2025-10-12,2025-10-12 11:29:00,APAC,Commodities,Beta Fund,2025,Q4,724247.10,55723.87,99,true
101610,2021-03-11,2021-03-11 05:38:00,AMER,Rates,Beta Fund,2021,Q1,182038.88,-5539.18,302,true
101611,2022-03-04,2022-03-04 00:35:00,EMEA,Equities,"Smith, ""Big"" Fund",2022,Q1,180868.30,-68186.21,207,true
101612,2023-03-11,2023-03-11 14:35:00,APAC,Rates,Beta Fund,2023,Q1,192916.32,-55348.69,266,true
101613,2024-12-23,2024-12-23 23:14:00,AMER,Credit,"Smith, ""Big"" Fund",2024,Q4,696819.85,95313.70,92,true
101614,2025-09-28,2025-09-28 03:53:00,EMEA,Rates,"Smith, ""Big"" Fund",2025,Q3,528430.09,-31023.89,51,true
101615,2021-07-11,2021-07-11 17:55:00,APAC,FX,"Smith, ""Big"" Fund",2021,Q3,54079.96,95963.33,364,false
101616,2022-05-11,2022-05-11 14:52:00,AMER,Commodities,"Smith, ""Big"" Fund",2022,Q2,465249.39,42251.18,379,true
101617,2023-11-02,2023-11-02 22:27:00,EMEA,Rates,O'Brien Holdings,2023,Q4,871706.93,95436.48,259,true
101618,2024-05-12,2024-05-12 05:22:00,APAC,Rates,Beta Fund,2024,Q2,385816.14,72488.35,235,true
101619,2025-10-22,2025-10-22 16:15:00,AMER,Equities,Alpha Fund,2025,Q4,117099.58,-2233.18,472,true
101620,2021-03-06,2021-03-06 16:32:00,EMEA,Commodities,"Smith, ""Big"" Fund",2021,Q1,54043.57,-80209.92,266,true
101621,2022-05-13,2022-05-13 10:21:00,APAC,Credit,O'Brien Holdings,2022,Q2,962003.40,-5767.66,48,false
101622,2023-06-09,2023-06-09 02:28:00,AMER,Rates,"Smith, ""Big"" Fund",2023,Q2,796775.30,33123.50,500,false
101623,2024-06-14,2024-06-14 17:21:00,EMEA,Credit,Alpha Fund,2024,Q2,993393.45,83475.85,38,true
101624,2025-04-02,2025-04-02 00:18:00,APAC,Rates,"Smith, ""Big"" Fund",2025,Q2,773324.38,25874.97,52,true
101625,2021-11-24,2021-11-24 04:21:00,AMER,FX,Beta Fund,2021,Q4,462922.31,-87752.54,183,true
101626,2022-09-20,2022-09-20 21:11:00,EMEA,Equities,"Smith, ""Big"" Fund",2022,Q3,343301.74,-24561.50,475,true
101627,2023-02-24,2023-02-24 19:42:00,APAC,Equities,Alpha Fund,2023,Q1,57679.67,51855.81,323,false
101628,2024-10-07,2024-10-07 06:51:00,AMER,Equities,O'Brien Holdings,2024,Q4,607752.26,88464.01,306,true
101629,2025-04-05,2025-04-05 06:23:00,EMEA,FX,O'Brien Holdings,2025,Q2,833916.65,-19006.17,221,false
101630,2021-08-28,2021-08-28 10:16:00,APAC,Equities,O'Brien Holdings,2021,Q3,454811.81,-84764.09,280,true
101631,2022-05-26,2022-05-26 13:19:00,AMER,FX,Alpha Fund,2022,Q2,296319.90,53356.39,43,true
101632,2023-02-13,2023-02-13 07:12:00,EMEA,Equities,Alpha Fund,2023,Q1,46477.11,32734.65,29,true
101633,2024-01-27,2024-01-27 20:56:00,APAC,Commodities,"Smith, ""Big"" Fund",2024,Q1,605088.32,-88555.60,44,true
101634,2025-06-07,2025-06-07 21:03:00,AMER,Commodities,O'Brien Holdings,2025,Q2,217768.67,33318.94,65,true
101635,2021-10-12,2021-10-12 00:41:00,EMEA,Rates,"Smith, ""Big"" Fund",2021,Q4,536601.00,44118.40,144,true
101636,2022-03-14,2022-03-14 05:37:00,APAC,FX,Beta Fund,2022,Q1,261150.80,-64297.35,31,true
101637,2023-02-12,2023-02-12 16:35:00,AMER,Commodities,"Smith, ""Big"" Fund",2023,Q1,482620.62,81573.35,234,false
101638,2024-07-21,2024-07-21 07:06:00,EMEA,FX,Beta Fund,2024,Q3,10462.41,-84179.82,67,true
101639,2025-08-17,2025-08-17 07:58:00,APAC,Commodities,O'Brien Holdings,2025,Q3,89648.19,27573.81,364,true
101640,2021-12-02,2021-12-02 12:25:00,AMER,Credit,Beta Fund,2021,Q4,724988.77,40217.17,441,true
101641,2022-02-17,2022-02-17 11:05:00,EMEA,Rates,Beta Fund,2022,Q1,57563.74,46827.75,263,true
101642,2023-03-12,2023-03-12 13:18:00,APAC,Commodities,Alpha Fund,2023,Q1,952159.71,-9068.96,442,true
101643,2024-08-21,2024-08-21 18:31:00,AMER,Equities,"Smith, ""Big"" Fund",2024,Q3,573483.30,-88142.02,127,false
101644,2025-12-19,2025-12-19 04:41:00,EMEA,FX,Alpha Fund,2025,Q4,30428.33,13094.17,338,true
101645,2021-10-10,2021-10-10 06:43:00,APAC,FX,"Smith, ""Big"" Fund",2021,Q4,302814.18,37068.57,52,true
101646,2022-06-20,2022-06-20 06:41:00,AMER,FX,Alpha Fund,2022,Q2,821816.30,9229.35,107,true
101647,2023-10-02,2023-10-02 23:00:00,EMEA,Credit,Beta Fund,2023,Q4,26852.98,-26953.99,332,true
101648,2024-04-21,2024-04-21 06:57:00,APAC,Commodities,Alpha Fund,2024,Q2,196750.76,60851.02,271,true
101649,2025-12-18,2025-12-18 23:01:00,AMER,Rates,"Smith, ""Big"" Fund",2025,Q4,578512.17,19173.86,299,true
101650,2021-03-27,2021-03-27 22:28:00,EMEA,Commodities,"Smith, ""Big"" Fund",2021,Q1,932842.85,-98403.50,493,true
101651,2022-04-24,2022-04-24 17:50:00,APAC,Equities,Alpha Fund,2022,Q2,909620.81,-64636.38,63,true
101652,2023-07-24,2023-07-24 11:09:00,AMER,FX,O'Brien Holdings,2023,Q3,453924.26,49144.91,89,true
101653,2024-01-24,2024-01-24 15:34:00,EMEA,Rates,"Smith, ""Big"" Fund",2024,Q1,204075.62,11920.99,266,true
101654,2025-01-16,2025-01-16 03:59:00,APAC,Rates,Alpha Fund,2025,Q1,142213.35,-36642.12,459,true
101655,2021-06-14,2021-06-14 12:52:00,AMER,Rates,O'Brien Holdings,2021,Q2,310605.63,10260.72,146,true
101656,2022-11-11,2022-11-11 04:19:00,EMEA,Credit,Alpha Fund,2022,Q4,959146.36,64490.59,212,true
101657,2023-05-10,2023-05-10 08:27:00,APAC,FX,Beta Fund,2023,Q2,171496.06,-45659.80,185,true
101658,2024-05-01,2024-05-01 16:26:00,AMER,Credit,"Smith, ""Big"" Fund",2024,Q2,43623.81,-63221.89,121,true
101659,2025-07-07,2025-07-07 15:55:00,EMEA,Credit,"Smith, ""Big"" Fund",2025,Q3,120383.69,49555.38,324,true
101660,2021-02-08,2021-02-08 05:30:00,APAC,Credit,"Smith, ""Big"" Fund",2021,Q1,367213.76,8019.51,159,false
101661,2022-11-06,2022-11-06 21:16:00,AMER,Commodities,Alpha Fund,2022,Q4,137740.85,28662.21,288,true
101662,2023-01-27,2023-01-27 05:30:00,EMEA,Credit,Beta Fund,2023,Q1,139107.42,73453.89,22,false
101663,2024-10-17,2024-10-17 16:23:00,APAC,Rates,O'Brien Holdings,2024,Q4,649738.26,-92308.20,159,true
101664,2025-12-24,2025-12-24 01:30:00,AMER,FX,Beta Fund,2025,Q4,333526.85,93514.47,89,false
101665,2021-08-20,2021-08-20 05:12:00,EMEA,Commodities,"Smith, ""Big"" Fund",2021,Q3,574463.11,-60532.99,124,true
101666,2022-12-03,2022-12-03 18:03:00,APAC,Commodities,"Smith, ""Big"" Fund",2022,Q4,224940.05,83947.16,365,false
101667,2023-10-28,2023-10-28 17:03:00,AMER,Rates,O'Brien Holdings,2023,Q4,838133.68,81663.98,434,true
101668,2024-07-17,2024-07-17 13:56:00,EMEA,Commodities,O'Brien Holdings,2024,Q3,434426.06,-32781.76,25,true
101669,2025-06-26,2025-06-26 11:19:00,APAC,FX,Alpha Fund,2025,Q2,198336.13,-72677.44,172,true
101670,2021-07-07,2021-07-07 10:15:00,AMER,Rates,"Smith, ""Big"" Fund",2021,Q3,275214.68,-60543.31,112,true
101671,2022-05-04,2022-05-04 20:52:00,EMEA,Commodities,Alpha Fund,2022,Q2,569152.61,-92563.49,230,true
101672,2023-09-02,2023-09-02 09:09:00,APAC,Rates,"Smith, ""Big"" Fund",2023,Q3,988358.69,-20296.17,417,true
101673,2024-05-05,2024-05-05 18:23:00,AMER,Equities,O'Brien Holdings,2024,Q2,910887.21,14791.26,17,false
101674,2025-01-01,2025-01-01 18:41:00,EMEA,Commodities,Beta Fund,2025,Q1,36676.78,-12619.52,236,true
101675,2021-09-15,2021-09-15 23:52:00,APAC,Rates,Alpha Fund,2021,Q3,973889.00,-89108.08,113,true
101676,2022-06-05,2022-06-05 05:30:00,AMER,Equities,Beta Fund,2022,Q2,516773.23,97099.28,475,false
101677,2023-03-14,2023-03-14 15:39:00,EMEA,Rates,Alpha Fund,2023,Q1,750216.36,-19773.10,360,true
101678,2024-09-25,2024-09-25 13:47:00,APAC,Rates,Beta Fund,2024,Q3,984763.60,-59631.63,47,true
101679,2025-02-20,2025-02-20 13:44:00,AMER,FX,Beta Fund,2025,Q1,900052.12,-5178.84,19,true
101680,2021-10-08,2021-10-08 14:13:00,EMEA,Credit,"Smith, ""Big"" Fund",2021,Q4,453009.80,-79202.12,240,true
101681,2022-03-26,2022-03-26 18:36:00,APAC,Equities,Beta Fund,2022,Q1,990734.36,92110.02,422,true
101682,2023-02-25,2023-02-25 17:23:00,AMER,Commodities,"Smith, ""Big"" Fund",2023,Q1,236695.42,-33824.11,141,true
101683,2024-09-28,2024-09-28 13:11:00,EMEA,Commodities,Alpha Fund,2024,Q3,375691.58,-72892.70,51,false
101684,2025-06-19,2025-06-19 21:51:00,APAC,Credit,Alpha Fund,2025,Q2,281153.25,31992.89,408,true
101685,2021-04-27,2021-04-27 18:49:00,AMER,Rates,"Smith, ""Big"" Fund",2021,Q2,191142.95,5017.78,326,true
101686,2022-06-23,2022-06-23 00:16:00,EMEA,Commodities,"Smith, ""Big"" Fund",2022,Q2,84267.91,-21573.78,340,true
101687,2023-01-24,2023-01-24 20:34:00,APAC,FX,Alpha Fund,2023,Q1,824732.10,76769.47,144,true
101688,2024-07-15,2024-07-15 09:11:00,AMER,Commodities,O'Brien Holdings,2024,Q3,134383.16,-13251.71,404,true
101689,2025-08-18,2025-08-18 17:33:00,EMEA,Equities,"Smith, ""Big"" Fund",2025,Q3,451610.97,-90069.15,167,true
101690,2021-01-26,2021-01-26 14:19:00,APAC,Rates,Alpha Fund,2021,Q1,648009.65,37394.45,383,true
101691,2022-09-09,2022-09-09 12:10:00,AMER,Equities,"Smith, ""Big"" Fund",2022,Q3,882707.37,64550.64,153,true
101692,2023-04-08,2023-04-08 13:17:00,EMEA,Commodities,"Smith, ""Big"" Fund",2023,Q2,672481.23,25677.23,438,true
101693,2024-02-08,2024-02-08 15:26:00,APAC,Rates,Alpha Fund,2024,Q1,101956.59,-45047.99,42,false
101694,2025-10-08,2025-10-08 06:03:00,AMER,Equities,O'Brien Holdings,2025,Q4,163565.19,-40065.38,174,false
101695,2021-08-14,2021-08-14 06:11:00,EMEA,Equities,O'Brien Holdings,2021,Q3,502597.69,46463.71,169,false
101696,2022-02-02,2022-02-02 10:04:00,APAC,Credit,"Smith, ""Big"" Fund",2022,Q1,147203.33,15587.27,235,true
101697,2023-01-25,2023-01-25 19:23:00,AMER,Equities,Alpha Fund,2023,Q1,736494.65,-36134.87,194,true
101698,2024-06-28,2024-06-28 06:53:00,EMEA,Credit,Alpha Fund,2024,Q2,178262.08,38198.72,43,false
101699,2025-06-06,2025-06-06 09:33:00,APAC,Equities,Alpha Fund,2025,Q2,625593.66,87077.12,120,true
101700,2021-06-16,2021-06-16 13:52:00,AMER,Commodities,Alpha Fund,2021,Q2,723163.11,57266.31,454,true
101701,2022-08-04,2022-08-04 06:04:00,EMEA,FX,Beta Fund,2022,Q3,93956.82,-97317.97,129,true
101702,2023-08-23,2023-08-23 18:14:00,APAC,Equities,Alpha Fund,2023,Q3,448619.85,97847.67,447,false
101703,2024-07-15,2024-07-15 01:13:00,AMER,Rates,Beta Fund,2024,Q3,49126.55,88224.25,231,false
101704,2025-08-13,2025-08-13 19:02:00,EMEA,Credit,"Smith, ""Big"" Fund",2025,Q3,229831.89,93295.16,441,true
101705,2021-07-01,2021-07-01 08:00:00,APAC,FX,Alpha Fund,2021,Q3,757921.81,32437.62,80,true
101706,2022-06-11,2022-06-11 14:30:00,AMER,Rates,"Smith, ""Big"" Fund",2022,Q2,508698.88,-8535.39,435,true
101707,2023-10-28,2023-10-28 17:09:00,EMEA,Credit,"Smith, ""Big"" Fund",2023,Q4,25980.61,15.15,312,true
101708,2024-02-06,2024-02-06 18:03:00,APAC,FX,Beta Fund,2024,Q1,598580.59,67501.70,128,false
101709,2025-05-25,2025-05-25 20:30:00,AMER,Credit,"Smith, ""Big"" Fund",2025,Q2,500641.28,-12671.34,81,true
101710,2021-01-22,2021-01-22 17:09:00,EMEA,Rates,Beta Fund,2021,Q1,955626.56,-25823.32,39,false
101711,2022-06-22,2022-06-22 07:21:00,APAC,Rates,"Smith, ""Big"" Fund",2022,Q2,710697.62,-76028.60,406,true
101712,2023-10-07,2023-10-07 08:41:00,AMER,Equities,Beta Fund,2023,Q4,293883.19,-6989.18,308,false
101713,2024-06-10,2024-06-10 11:34:00,EMEA,FX,Beta Fund,2024,Q2,859980.75,98557.72,371,true
101714,2025-05-20,2025-05-20 05:20:00,APAC,FX,Alpha Fund,2025,Q2,387269.36,-60900.68,340,false
101715,2021-08-03,2021-08-03 19:12:00,AMER,Equities,O'Brien Holdings,2021,Q3,679593.37,-44340.21,328,false
101716,2022-12-16,2022-12-16 05:38:00,EMEA,FX,Beta Fund,2022,Q4,775616.71,-53504.79,393,true
101717,2023-01-25,2023-01-25 10:04:00,APAC,Credit,Alpha Fund,2023,Q1,337834.07,-11278.31,443,false
101718,2024-11-03,2024-11-03 14:17:00,AMER,FX,"Smith, ""Big"" Fund",2024,Q4,695158.40,-18883.11,488,true
101719,2025-05-23,2025-05-23 03:55:00,EMEA,Equities,O'Brien Holdings,2025,Q2,26801.19,52377.46,374,true
101720,2021-07-23,2021-07-23 09:22:00,APAC,Equities,"Smith, ""Big"" Fund",2021,Q3,868862.54,85383.70,426,true
101721,2022-07-18,2022-07-18 07:03:00,AMER,FX,Alpha Fund,2022,Q3,660795.83,-3064.86,104,false
101722,2023-06-08,2023-06-08 22:40:00,EMEA,Rates,Beta Fund,2023,Q2,287711.13,5069.61,346,false
101723,2024-07-19,2024-07-19 15:48:00,APAC,FX,Beta Fund,2024,Q3,3759.59,67669.36,376,true
101724,2025-03-03,2025-03-03 06:00:00,AMER,Rates,Beta Fund,2025,Q1,958215.91,-62559.39,366,false
101725,2021-11-14,2021-11-14 02:13:00,EMEA,FX,Beta Fund,2021,Q4,517983.87,-74887.06,454,true
101726,2022-01-13,2022-01-13 21:50:00,APAC,Credit,Beta Fund,2022,Q1,402878.12,12828.76,365,true
101727,2023-01-03,2023-01-03 15:02:00,AMER,FX,"Smith, ""Big"" Fund",2023,Q1,604609.29,13417.53,357,false
101728,2024-05-07,2024-05-07 00:45:00,EMEA,Equities,"Smith, ""Big"" Fund",2024,Q2,673722.23,11593.66,446,true
101729,2025-04-20,2025-04-20 10:29:00,APAC,FX,"Smith, ""Big"" Fund",2025,Q2,363440.45,25673.06,154,true
101730,2021-06-04,2021-06-04 11:06:00,AMER,Equities,"Smith, ""Big"" Fund",2021,Q2,513306.46,-27103.23,179,true
101731,2022-08-02,2022-08-02 18:49:00,EMEA,Credit,O'Brien Holdings,2022,Q3,745344.28,-58676.78,196,false
101732,2023-01-22,2023-01-22 21:52:00,APAC,Commodities,Beta Fund,2023,Q1,627574.20,47989.91,417,true
101733,2024-03-04,2024-03-04 05:36:00,AMER,Credit,"Smith, ""Big"" Fund",2024,Q1,575279.13,44278.61,174,false
101734,2025-04-13,2025-04-13 09:02:00,EMEA,Commodities,Alpha Fund,2025,Q2,464607.93,-2445.02,440,false
101735,2021-09-13,2021-09-13 07:34:00,APAC,Credit,"Smith, ""Big"" Fund",2021,Q3,808251.18,79460.58,263,false
101736,2022-08-24,2022-08-24 08:33:00,AMER,Commodities,Beta Fund,2022,Q3,519308.09,95838.82,161,false
101737,2023-05-09,2023-05-09 12:38:00,EMEA,Commodities,O'Brien Holdings,2023,Q2,308009.06,37641.54,460,true
101738,2024-10-25,2024-10-25 10:21:00,APAC,FX,Alpha Fund,2024,Q4,133609.27,66390.42,39,true
101739,2025-07-15,2025-07-15 21:24:00,AMER,Equities,O'Brien Holdings,2025,Q3,228137.40,-62688.33,281,true
101740,2021-04-10,2021-04-10 01:19:00,EMEA,Commodities,O'Brien Holdings,2021,Q2,315133.16,63043.10,355,true
101741,2022-05-09,2022-05-09 23:14:00,APAC,Rates,"Smith, ""Big"" Fund",2022,Q2,495251.21,-14453.98,73,true
101742,2023-05-05,2023-05-05 19:27:00,AMER,Equities,Alpha Fund,2023,Q2,601935.37,-18457.29,224,true
101743,2024-09-23,2024-09-23 22:51:00,EMEA,FX,Alpha Fund,2024,Q3,636533.78,47773.01,489,true
101744,2025-07-03,2025-07-03 13:50:00,APAC,FX,"Smith, ""Big"" Fund",2025,Q3,159702.51,-94264.17,449,true
101745,2021-05-14,2021-05-14 04:56:00,AMER,Equities,Beta Fund,2021,Q2,782340.86,64697.59,170,false
101746,2022-04-28,2022-04-28 05:00:00,EMEA,Rates,Alpha Fund,2022,Q2,367633.30,-68929.26,455,true
101747,2023-10-15,2023-10-15 19:58:00,APAC,Credit,O'Brien Holdings,2023,Q4,328714.84,-84736.19,270,true
101748,2024-12-10,2024-12-10 04:51:00,AMER,Rates,Beta Fund,2024,Q4,102765.79,-54174.56,232,true
101749,2025-01-24,2025-01-24 07:09:00,EMEA,FX,Alpha Fund,2025,Q1,802098.81,89009.82,181,true
101750,2021-08-24,2021-08-24 09:18:00,APAC,Rates,"Smith, ""Big"" Fund",2021,Q3,45712.01,92486.66,386,true
101751,2022-01-23,2022-01-23 06:07:00,AMER,Rates,Alpha Fund,2022,Q1,437262.59,-32891.58,383,false
101752,2023-09-18,2023-09-18 05:55:00,EMEA,Rates,O'Brien Holdings,2023,Q3,18406.01,-94368.92,469,true
101753,2024-11-24,2024-11-24 20:22:00,APAC,Credit,O'Brien Holdings,2024,Q4,57170.53,-62421.31,497,true
101754,2025-02-13,2025-02-13 07:02:00,AMER,Credit,Alpha Fund,2025,Q1,770379.03,-10653.91,491,true
101755,2021-08-21,2021-08-21 19:17:00,EMEA,Equities,O'Brien Holdings,2021,Q3,696100.35,-47825.95,461,true
101756,2022-12-11,2022-12-11 20:39:00,APAC,Commodities,O'Brien Holdings,2022,Q4,736602.62,24921.20,324,true
101757,2023-10-28,2023-10-28 00:28:00,AMER,Rates,Alpha Fund,2023,Q4,640650.49,7133.63,231,true
101758,2024-08-10,2024-08-10 21:54:00,EMEA,FX,"Smith, ""Big"" Fund",2024,Q3,952658.29,72199.61,67,true
101759,2025-11-05,2025-11-05 13:41:00,APAC,Equities,"Smith, ""Big"" Fund",2025,Q4,694195.85,-93325.76,410,false
101760,2021-01-08,2021-01-08 14:59:00,AMER,Credit,"Smith, ""Big"" Fund",2021,Q1,606078.22,69668.75,351,false
101761,2022-05-28,2022-05-28 10:01:00,EMEA,Rates,"Smith, ""Big"" Fund",2022,Q2,60582.93,-92245.54,475,true
101762,2023-11-01,2023-11-01 10:37:00,APAC,Rates,Beta Fund,2023,Q4,745590.93,66183.96,435,true
101763,2024-11-06,2024-11-06 11:43:00,AMER,Credit,"Smith, ""Big"" Fund",2024,Q4,130350.76,-94520.77,225,false
101764,2025-04-16,2025-04-16 06:00:00,EMEA,Equities,"Smith, ""Big"" Fund",2025,Q2,664.90,10633.49,338,false
101765,2021-01-26,2021-01-26 02:09:00,APAC,Commodities,"Smith, ""Big"" Fund",2021,Q1,43292.25,-73211.84,437,true
101766,2022-05-10,2022-05-10 16:49:00,AMER,Credit,O'Brien Holdings,2022,Q2,26918.67,-25955.03,131,true
101767,2023-07-08,2023-07-08 06:38:00,EMEA,Commodities,"Smith, ""Big"" Fund",2023,Q3,689551.40,-43683.88,37,false
101768,2024-02-16,2024-02-16 08:43:00,APAC,Credit,Alpha Fund,2024,Q1,683443.27,-47149.87,160,false
101769,2025-01-01,2025-01-01 01:08:00,AMER,Credit,Beta Fund,2025,Q1,319553.83,-19757.96,139,true
101770,2021-02-25,2021-02-25 06:22:00,EMEA,Rates,O'Brien Holdings,2021,Q1,491149.76,48113.93,238,true
101771,2022-09-28,2022-09-28 06:46:00,APAC,Credit,"Smith, ""Big"" Fund",2022,Q3,236559.05,-86627.09,463,false
101772,2023-06-15,2023-06-15 01:48:00,AMER,Commodities,Alpha Fund,2023,Q2,242009.59,-65332.28,298,true
101773,2024-10-24,2024-10-24 05:19:00,EMEA,Equities,Beta Fund,2024,Q4,592210.90,64061.96,246,true
101774,2025-08-19,2025-08-19 16:20:00,APAC,Rates,O'Brien Holdings,2025,Q3,861364.49,5640.11,180,true
101775,2021-10-13,2021-10-13 14:02:00,AMER,Rates,Beta Fund,2021,Q4,87973.39,14683.95,200,true
101776,2022-02-16,2022-02-16 10:04:00,EMEA,Commodities,Beta Fund,2022,Q1,559233.86,72849.60,15,true
101777,2023-06-22,2023-06-22 09:34:00,APAC,FX,O'Brien Holdings,2023,Q2,57231.71,73761.71,215,false
101778,2024-07-24,2024-07-24 00:20:00,AMER,Equities,"Smith, ""Big"" Fund",2024,Q3,870568.28,22037.12,62,false
101779,2025-06-09,2025-06-09 05:55:00,EMEA,Rates,Alpha Fund,2025,Q2,941551.61,40361.70,41,true
101780,2021-11-16,2021-11-16 11:36:00,APAC,FX,O'Brien Holdings,2021,Q4,968220.65,-99579.88,463,false
101781,2022-05-11,2022-05-11 17:41:00,AMER,Commodities,O'Brien Holdings,2022,Q2,763566.42,5234.27,442,true
101782,2023-05-19,2023-05-19 17:49:00,EMEA,Equities,Beta Fund,2023,Q2,332320.76,-16895.92,241,true
101783,2024-08-03,2024-08-03 13:04:00,APAC,Commodities,"Smith, ""Big"" Fund",2024,Q3,696633.33,62574.50,375,true
101784,2025-08-05,2025-08-05 21:52:00,AMER,Credit,"Smith, ""Big"" Fund",2025,Q3,341639.35,73608.21,233,false
101785,2021-06-27,2021-06-27 09:00:00,EMEA,Equities,Alpha Fund,2021,Q2,99750.25,-31621.58,451,true
101786,2022-10-07,2022-10-07 05:10:00,APAC,Rates,"Smith, ""Big"" Fund",2022,Q4,77739.50,-31329.76,417,false
101787,2023-03-24,2023-03-24 16:48:00,AMER,FX,"Smith, ""Big"" Fund",2023,Q1,614614.35,-93151.22,18,true
101788,2024-08-13,2024-08-13 01:53:00,EMEA,Equities,Alpha Fund,2024,Q3,490890.69,-32596.26,54,true
101789,2025-11-08,2025-11-08 02:07:00,APAC,Rates,"Smith, ""Big"" Fund",2025,Q4,238746.94,30223.01,239,true
101790,2021-12-22,2021-12-22 02:21:00,AMER,Commodities,Beta Fund,2021,Q4,136776.33,-60339.95,390,true
101791,2022-11-24,2022-11-24 04:15:00,EMEA,Credit,O'Brien Holdings,2022,Q4,739111.17,27792.69,369,false
101792,2023-08-14,2023-08-14 12:38:00,APAC,Equities,"Smith, ""Big"" Fund",2023,Q3,515154.21,-63269.06,153,true
101793,2024-01-11,2024-01-11 13:57:00,AMER,FX,Alpha Fund,2024,Q1,420907.87,34311.05,40,true
101794,2025-01-18,2025-01-18 23:42:00,EMEA,FX,Beta Fund,2025,Q1,619453.13,13958.84,383,true
101795,2021-04-17,2021-04-17 07:52:00,APAC,Equities,"Smith, ""Big"" Fund",2021,Q2,684819.36,-28599.54,69,false
101796,2022-09-20,2022-09-20 02:24:00,AMER,Equities,"Smith, ""Big"" Fund",2022,Q3,947990.09,-59613.75,215,true
101797,2023-09-19,2023-09-19 20:55:00,EMEA,Credit,O'Brien Holdings,2023,Q3,951689.33,-86144.05,380,true
101798,2024-05-15,2024-05-15 20:35:00,APAC,FX,Beta Fund,2024,Q2,720517.96,71444.03,214,true
101799,2025-11-05,2025-11-05 10:50:00,AMER,Equities,Alpha Fund,2025,Q4,662207.70,34543.46,470,true
101800,2021-11-21,2021-11-21 18:07:00,EMEA,Equities,"Smith, ""Big"" Fund",2021,Q4,588006.37,-46915.35,332,true
101801,2022-02-04,2022-02-04 14:11:00,APAC,FX,Beta Fund,2022,Q1,991334.95,1050.80,484,true
101802,2023-11-22,2023-11-22 03:57:00,AMER,Credit,Alpha Fund,2023,Q4,95764.88,-75726.94,481,true
101803,2024-11-12,2024-11-12 22:38:00,EMEA,FX,O'Brien Holdings,2024,Q4,384539.96,-22234.03,410,true
101804,2025-08-22,2025-08-22 22:22:00,APAC,Credit,O'Brien Holdings,2025,Q3,446435.27,52573.89,452,true
101805,2021-11-11,2021-11-11 21:45:00,AMER,Rates,Beta Fund,2021,Q4,90280.46,-9894.83,178,true
101806,2022-05-16,2022-05-16 07:33:00,EMEA,Credit,O'Brien Holdings,2022,Q2,380181.34,9635.84,351,true
101807,2023-07-19,2023-07-19 02:04:00,APAC,Equities,"Smith, ""Big"" Fund",2023,Q3,163388.97,-31873.85,325,true
101808,2024-10-23,2024-10-23 20:27:00,AMER,Credit,Beta Fund,2024,Q4,55778.88,-58474.83,9,true
101809,2025-07-16,2025-07-16 19:40:00,EMEA,Rates,"Smith, ""Big"" Fund",2025,Q3,57543.12,-48490.63,34,false
101810,2021-03-05,2021-03-05 19:43:00,APAC,Commodities,Alpha Fund,2021,Q1,612982.40,51866.34,68,true
101811,2022-06-27,2022-06-27 16:45:00,AMER,Commodities,Alpha Fund,2022,Q2,135715.47,-11893.66,407,true
101812,2023-08-17,2023-08-17 14:36:00,EMEA,Rates,Beta Fund,2023,Q3,268063.32,-79785.60,49,true
101813,2024-02-10,2024-02-10 14:37:00,APAC,Rates,O'Brien Holdings,2024,Q1,800469.48,-89122.71,112,true
101814,2025-07-09,2025-07-09 00:23:00,AMER,FX,"Smith, ""Big"" Fund",2025,Q3,476299.16,20879.38,494,true
101815,2021-04-11,2021-04-11 04:30:00,EMEA,Rates,O'Brien Holdings,2021,Q2,332672.36,-84459.69,188,true
101816,2022-11-24,2022-11-24 14:22:00,APAC,FX,"Smith, ""Big"" Fund",2022,Q4,864973.56,53004.88,106,true
101817,2023-01-27,2023-01-27 07:06:00,AMER,Commodities,O'Brien Holdings,2023,Q1,462470.75,-22678.54,127,true
101818,2024-05-14,2024-05-14 11:40:00,EMEA,FX,Alpha Fund,2024,Q2,676085.56,37442.40,308,true
101819,2025-12-15,2025-12-15 17:56:00,APAC,Commodities,"Smith, ""Big"" Fund",2025,Q4,399789.29,-85196.40,129,false
101820,2021-11-14,2021-11-14 03:04:00,AMER,Equities,O'Brien Holdings,2021,Q4,69631.63,63830.37,234,true
101821,2022-08-08,2022-08-08 22:08:00,EMEA,Credit,O'Brien Holdings,2022,Q3,915025.24,-4587.20,61,false
101822,2023-01-13,2023-01-13 05:26:00,APAC,Commodities,O'Brien Holdings,2023,Q1,528764.25,45481.59,322,true
101823,2024-11-03,2024-11-03 17:11:00,AMER,Commodities,"Smith, ""Big"" Fund",2024,Q4,673055.54,-3764.15,58,true
101824,2025-09-01,2025-09-01 11:40:00,EMEA,Commodities,Alpha Fund,2025,Q3,381751.94,16151.36,275,true
101825,2021-10-11,2021-10-11 01:55:00,APAC,Credit,"Smith, ""Big"" Fund",2021,Q4,4737.25,-78497.00,66,true
101826,2022-09-20,2022-09-20 00:19:00,AMER,FX,Beta Fund,2022,Q3,620254.79,29416.80,167,true
101827,2023-07-12,2023-07-12 14:46:00,EMEA,Rates,Alpha Fund,2023,Q3,216677.72,58035.18,258,true
101828,2024-08-05,2024-08-05 06:19:00,APAC,FX,O'Brien Holdings,2024,Q3,131182.44,-7668.51,390,true
101829,2025-06-15,2025-06-15 09:30:00,AMER,FX,O'Brien Holdings,2025,Q2,237314.25,38565.91,355,true
101830,2021-09-07,2021-09-07 06:13:00,EMEA,Commodities,O'Brien Holdings,2021,Q3,244701.12,-76699.80,95,false
101831,2022-03-26,2022-03-26 22:57:00,APAC,Credit,Beta Fund,2022,Q1,260794.16,98289.38,88,true
101832,2023-12-09,2023-12-09 19:49:00,AMER,Equities,"Smith, ""Big"" Fund",2023,Q4,965499.66,20793.91,110,true
101833,2024-06-02,2024-06-02 16:20:00,EMEA,Commodities,O'Brien Holdings,2024,Q2,706419.27,-65891.25,468,true
101834,2025-01-26,2025-01-26 18:55:00,APAC,Credit,Alpha Fund,2025,Q1,80625.00,36640.76,301,true
101835,2021-05-20,2021-05-20 20:56:00,AMER,Rates,Alpha Fund,2021,Q2,747457.20,-74124.00,348,true
101836,2022-08-08,2022-08-08 20:01:00,EMEA,Rates,Alpha Fund,2022,Q3,673014.28,74166.78,438,false
101837,2023-03-14,2023-03-14 13:46:00,APAC,Credit,"Smith, ""Big"" Fund",2023,Q1,620049.48,-93624.21,175,false
101838,2024-04-27,2024-04-27 04:08:00,AMER,Equities,Beta Fund,2024,Q2,32977.41,-25667.76,440,true
101839,2025-01-28,2025-01-28 17:38:00,EMEA,Equities,"Smith, ""Big"" Fund",2025,Q1,842916.42,-37779.99,297,true
101840,2021-05-12,2021-05-12 19:31:00,APAC,FX,"Smith, ""Big"" Fund",2021,Q2,518035.49,-20865.96,149,true
101841,2022-06-26,2022-06-26 05:35:00,AMER,Equities,Alpha Fund,2022,Q2,447918.16,-34818.93,422,true
101842,2023-04-09,2023-04-09 11:50:00,EMEA,Credit,"Smith, ""Big"" Fund",2023,Q2,106874.84,32979.49,286,false
101843,2024-10-15,2024-10-15 12:44:00,APAC,FX,Alpha Fund,2024,Q4,739063.83,-37701.76,199,false
101844,2025-02-23,2025-02-23 01:36:00,AMER,Commodities,Beta Fund,2025,Q1,292803.97,-62004.98,343,true
101845,2021-11-24,2021-11-24 01:34:00,EMEA,Equities,"Smith, ""Big"" Fund",2021,Q4,462993.66,83868.98,445,true
101846,2022-05-02,2022-05-02 23:09:00,APAC,Equities,Beta Fund,2022,Q2,16291.26,-76396.47,66,true
101847,2023-02-17,2023-02-17 01:39:00,AMER,Rates,Alpha Fund,2023,Q1,825053.61,90281.30,244,false
101848,2024-07-08,2024-07-08 16:27:00,EMEA,Equities,Alpha Fund,2024,Q3,261275.46,-52123.76,398,true
101849,2025-11-05,2025-11-05 05:10:00,APAC,Equities,Alpha Fund,2025,Q4,227282.92,-36315.34,463,true
101850,2021-04-19,2021-04-19 07:20:00,AMER,Credit,O'Brien Holdings,2021,Q2,909330.11,61542.98,305,true
101851,2022-08-18,2022-08-18 03:14:00,EMEA,Commodities,Beta Fund,2022,Q3,46306.40,71526.32,76,true
101852,2023-07-28,2023-07-28 22:20:00,APAC,FX,Beta Fund,2023,Q3,38531.33,-55277.44,174,true
101853,2024-10-05,2024-10-05 13:29:00,AMER,FX,"Smith, ""Big"" Fund",2024,Q4,930329.89,-48458.43,255,true
101854,2025-10-11,2025-10-11 00:24:00,EMEA,Rates,"Smith, ""Big"" Fund",2025,Q4,259111.25,-81159.64,79,false
101855,2021-02-19,2021-02-19 16:20:00,APAC,Credit,O'Brien Holdings,2021,Q1,88661.29,79853.59,447,true
101856,2022-07-10,2022-07-10 09:27:00,AMER,Credit,"Smith, ""Big"" Fund",2022,Q3,997114.01,17551.96,320,true
101857,2023-12-21,2023-12-21 12:41:00,EMEA,Equities,O'Brien Holdings,2023,Q4,940116.12,19098.46,450,false
101858,2024-12-08,2024-12-08 06:42:00,APAC,Commodities,O'Brien Holdings,2024,Q4,859995.48,87153.76,497,true
101859,2025-01-13,2025-01-13 19:16:00,AMER,Commodities,O'Brien Holdings,2025,Q1,823977.54,-44084.21,18,true
101860,2021-08-21,2021-08-21 00:14:00,EMEA,Equities,Alpha Fund,2021,Q3,794320.66,47405.00,448,true
101861,2022-05-24,2022-05-24 17:56:00,APAC,FX,Alpha Fund,2022,Q2,579642.86,27629.14,334,true
101862,2023-07-15,2023-07-15 07:10:00,AMER,Equities,O'Brien Holdings,2023,Q3,618882.81,-84695.20,135,true
101863,2024-04-23,2024-04-23 15:07:00,EMEA,FX,Alpha Fund,2024,Q2,553088.17,-68627.16,284,true
101864,2025-12-04,2025-12-04 06:34:00,APAC,Rates,"Smith, ""Big"" Fund",2025,Q4,715780.99,92528.25,498,false
101865,2021-09-26,2021-09-26 10:00:00,AMER,Credit,Beta Fund,2021,Q3,437469.88,-62977.06,205,true
101866,2022-05-19,2022-05-19 14:55:00,EMEA,Rates,O'Brien Holdings,2022,Q2,893593.41,34431.19,13,false
101867,2023-12-16,2023-12-16 20:30:00,APAC,Credit,Alpha Fund,2023,Q4,880639.93,70385.22,161,true
101868,2024-09-17,2024-09-17 02:38:00,AMER,FX,O'Brien Holdings,2024,Q3,974266.18,-68737.58,115,true
101869,2025-08-20,2025-08-20 08:40:00,EMEA,Rates,"Smith, ""Big"" Fund",2025,Q3,987218.92,82327.72,496,true
101870,2021-06-11,2021-06-11 13:57:00,APAC,Commodities,O'Brien Holdings,2021,Q2,339273.91,-47808.78,4,true
101871,2022-05-23,2022-05-23 00:47:00,AMER,Rates,Beta Fund,2022,Q2,983695.96,84105.65,304,true
101872,2023-11-11,2023-11-11 03:32:00,EMEA,Credit,"Smith, ""Big"" Fund",2023,Q4,284916.60,-57512.23,228,false
101873,2024-04-09,2024-04-09 11:06:00,APAC,Commodities,O'Brien Holdings,2024,Q2,842248.80,-49723.30,454,true
101874,2025-02-07,2025-02-07 08:49:00,AMER,Rates,"Smith, ""Big"" Fund",2025,Q1,365190.80,86186.59,484,true
101875,2021-04-14,2021-04-14 13:51:00,EMEA,Commodities,O'Brien Holdings,2021,Q2,375188.29,68630.35,267,true
101876,2022-06-01,2022-06-01 07:30:00,APAC,FX,Alpha Fund,2022,Q2,846364.50,-32094.79,87,false
101877,2023-03-23,2023-03-23 14:31:00,AMER,FX,Beta Fund,2023,Q1,292707.88,-72427.23,122,true
101878,2024-04-16,2024-04-16 02:37:00,EMEA,Rates,"Smith, ""Big"" Fund",2024,Q2,628223.64,-37844.29,15,true
101879,2025-10-05,2025-10-05 18:03:00,APAC,Credit,"Smith, ""Big"" Fund",2025,Q4,405120.53,21359.72,496,true
101880,2021-03-17,2021-03-17 16:09:00,AMER,FX,O'Brien Holdings,2021,Q1,117682.99,75551.39,439,true
101881,2022-06-24,2022-06-24 08:31:00,EMEA,Rates,"Smith, ""Big"" Fund",2022,Q2,760329.60,-20025.70,347,true
101882,2023-10-27,2023-10-27 17:11:00,APAC,Rates,"Smith, ""Big"" Fund",2023,Q4,379919.46,78221.27,464,true
101883,2024-01-20,2024-01-20 15:59:00,AMER,Commodities,O'Brien Holdings,2024,Q1,614170.06,-56266.29,21,true
101884,2025-02-26,2025-02-26 11:31:00,EMEA,Credit,"Smith, ""Big"" Fund",2025,Q1,631783.98,57756.48,369,true
101885,2021-04-01,2021-04-01 23:24:00,APAC,FX,O'Brien Holdings,2021,Q2,733990.92,64077.16,366,true
101886,2022-08-05,2022-08-05 05:18:00,AMER,Credit,Alpha Fund,2022,Q3,150101.13,11002.18,33,true
101887,2023-04-04,2023-04-04 17:32:00,EMEA,Rates,O'Brien Holdings,2023,Q2,530725.45,-48858.65,220,true
101888,2024-09-21,2024-09-21 06:29:00,APAC,Credit,Beta Fund,2024,Q3,150296.85,19289.03,260,true
101889,2025-08-24,2025-08-24 11:44:00,AMER,Rates,Beta Fund,2025,Q3,598388.27,94243.65,342,false
101890,2021-09-15,2021-09-15 14:48:00,EMEA,Commodities,Alpha Fund,2021,Q3,762310.51,62687.90,385,false
101891,2022-06-18,2022-06-18 00:15:00,APAC,Equities,Alpha Fund,2022,Q2,654658.81,56034.02,424,true
101892,2023-05-20,2023-05-20 09:22:00,AMER,Commodities,Alpha Fund,2023,Q2,583688.85,77265.71,10,false
101893,2024-11-02,2024-11-02 04:57:00,EMEA,Credit,Beta Fund,2024,Q4,413760.17,-48350.26,358,true
101894,2025-11-23,2025-11-23 22:46:00,APAC,FX,Beta Fund,2025,Q4,146958.19,64708.49,381,true
101895,2021-09-28,2021-09-28 13:56:00,AMER,Credit,Beta Fund,2021,Q3,260290.88,-80289.98,229,true
101896,2022-02-16,2022-02-16 02:23:00,EMEA,Credit,O'Brien Holdings,2022,Q1,842098.36,57674.99,111,true
101897,2023-07-24,2023-07-24 07:07:00,APAC,Commodities,"Smith, ""Big"" Fund",2023,Q3,275706.24,-18371.47,416,true
101898,2024-05-20,2024-05-20 16:59:00,AMER,Credit,Beta Fund,2024,Q2,216378.60,-95483.23,368,true
101899,2025-05-26,2025-05-26 21:26:00,EMEA,FX,Alpha Fund,2025,Q2,257290.13,-51939.81,345,true
101900,2021-09-11,2021-09-11 05:42:00,APAC,Credit,O'Brien Holdings,2021,Q3,854243.36,-16422.19,422,true
101901,2022-08-03,2022-08-03 18:11:00,AMER,Rates,"Smith, ""Big"" Fund",2022,Q3,50289.17,-86011.59,469,true
101902,2023-04-12,2023-04-12 19:29:00,EMEA,Equities,O'Brien Holdings,2023,Q2,260978.35,-45629.52,32,true
101903,2024-06-10,2024-06-10 13:46:00,APAC,Credit,Beta Fund,2024,Q2,306738.40,-2516.81,26,true
101904,2025-04-19,2025-04-19 10:57:00,AMER,Equities,Alpha Fund,2025,Q2,251874.49,24955.97,432,true
101905,2021-11-07,2021-11-07 02:43:00,EMEA,Credit,Alpha Fund,2021,Q4,713373.30,67374.01,148,true
101906,2022-07-01,2022-07-01 00:40:00,APAC,Rates,Alpha Fund,2022,Q3,474463.54,49511.63,500,true
101907,2023-05-06,2023-05-06 16:03:00,AMER,Rates,Alpha Fund,2023,Q2,182543.22,-50819.83,467,true
101908,2024-08-12,2024-08-12 11:15:00,EMEA,Equities,"Smith, ""Big"" Fund",2024,Q3,89972.57,85854.07,23,true
101909,2025-07-20,2025-07-20 23:14:00,APAC,FX,"Smith, ""Big"" Fund",2025,Q3,716017.64,-79102.42,350,true
101910,2021-03-12,2021-03-12 09:46:00,AMER,Credit,O'Brien Holdings,2021,Q1,6737.46,19006.29,452,true
101911,2022-07-22,2022-07-22 09:00:00,EMEA,Equities,O'Brien Holdings,2022,Q3,892944.82,89800.36,106,false
101912,2023-07-10,2023-07-10 06:59:00,APAC,Credit,O'Brien Holdings,2023,Q3,241804.93,61190.95,286,true
101913,2024-08-16,2024-08-16 01:36:00,AMER,Credit,O'Brien Holdings,2024,Q3,968649.28,66712.15,306,true
101914,2025-02-09,2025-02-09 06:32:00,EMEA,Commodities,Alpha Fund,2025,Q1,706010.11,-81662.24,370,true
101915,2021-12-02,2021-12-02 01:11:00,APAC,FX,Beta Fund,2021,Q4,184651.37,79502.44,225,true
101916,2022-09-16,2022-09-16 07:39:00,AMER,Rates,"Smith, ""Big"" Fund",2022,Q3,13720.56,-8429.03,400,true
101917,2023-07-25,2023-07-25 03:28:00,EMEA,Commodities,Alpha Fund,2023,Q3,941843.17,57886.93,3,true
101918,2024-07-03,2024-07-03 00:46:00,APAC,Credit,"Smith, ""Big"" Fund",2024,Q3,305729.52,48800.51,49,true
101919,2025-10-14,2025-10-14 20:18:00,AMER,Credit,Beta Fund,2025,Q4,957503.31,77692.92,264,true
101920,2021-07-02,2021-07-02 06:59:00,EMEA,Credit,Alpha Fund,2021,Q3,142355.06,12740.06,208,false
101921,2022-02-05,2022-02-05 21:57:00,APAC,Equities,Alpha Fund,2022,Q1,420873.56,-66236.60,204,true
101922,2023-05-04,2023-05-04 11:36:00,AMER,Equities,"Smith, ""Big"" Fund",2023,Q2,48281.23,-2364.77,47,true
101923,2024-08-20,2024-08-20 05:28:00,EMEA,Rates,"Smith, ""Big"" Fund",2024,Q3,347219.77,9625.76,313,true
101924,2025-10-01,2025-10-01 18:09:00,APAC,Credit,"Smith, ""Big"" Fund",2025,Q4,792844.66,83418.43,110,true
101925,2021-12-19,2021-12-19 12:10:00,AMER,Commodities,Beta Fund,2021,Q4,244801.97,2308.44,350,true
101926,2022-02-01,2022-02-01 03:54:00,EMEA,Credit,"Smith, ""Big"" Fund",2022,Q1,340600.32,16107.42,79,true
101927,2023-02-22,2023-02-22 09:13:00,APAC,Commodities,"Smith, ""Big"" Fund",2023,Q1,994823.69,-20996.17,51,true
101928,2024-09-28,2024-09-28 03:33:00,AMER,Rates,Beta Fund,2024,Q3,424640.79,23028.23,56,true
101929,2025-06-03,2025-06-03 22:33:00,EMEA,Commodities,"Smith, ""Big"" Fund",2025,Q2,408686.55,89774.28,247,true
101930,2021-07-02,2021-07-02 07:03:00,APAC,FX,O'Brien Holdings,2021,Q3,507550.18,92808.66,272,true
101931,2022-02-27,2022-02-27 02:00:00,AMER,FX,O'Brien Holdings,2022,Q1,485745.07,37809.63,391,false
101932,2023-02-19,2023-02-19 05:50:00,EMEA,Rates,O'Brien Holdings,2023,Q1,13024.93,-40183.89,62,true
101933,2024-06-24,2024-06-24 14:37:00,APAC,Rates,Beta Fund,2024,Q2,335091.68,30395.44,475,true
101934,2025-05-25,2025-05-25 18:50:00,AMER,Credit,O'Brien Holdings,2025,Q2,246479.60,-65481.80,82,true
101935,2021-11-26,2021-11-26 08:01:00,EMEA,Commodities,O'Brien Holdings,2021,Q4,675160.19,-14925.23,454,false
101936,2022-10-25,2022-10-25 22:46:00,APAC,Equities,"Smith, ""Big"" Fund",2022,Q4,22797.85,53492.77,422,false
101937,2023-10-23,2023-10-23 05:43:00,AMER,Credit,Beta Fund,2023,Q4,133339.21,43549.15,374,true
101938,2024-02-13,2024-02-13 03:33:00,EMEA,FX,"Smith, ""Big"" Fund",2024,Q1,833388.05,-82717.92,353,true
101939,2025-09-28,2025-09-28 14:32:00,APAC,FX,O'Brien Holdings,2025,Q3,139629.56,68460.50,258,true
101940,2021-04-19,2021-04-19 17:38:00,AMER,Rates,"Smith, ""Big"" Fund",2021,Q2,968288.17,14365.43,379,false
101941,2022-03-11,2022-03-11 22:40:00,EMEA,Equities,Alpha Fund,2022,Q1,411470.99,9024.86,392,true
101942,2023-06-24,2023-06-24 17:46:00,APAC,Commodities,O'Brien Holdings,2023,Q2,656260.58,39663.88,192,true
101943,2024-06-04,2024-06-04 02:36:00,AMER,Commodities,Alpha Fund,2024,Q2,72949.79,-36665.35,203,true
101944,2025-05-26,2025-05-26 08:37:00,EMEA,Credit,Alpha Fund,2025,Q2,221251.12,53589.01,134,true
101945,2021-07-21,2021-07-21 21:57:00,APAC,Commodities,Beta Fund,2021,Q3,521342.32,-4187.68,182,true
101946,2022-10-26,2022-10-26 17:01:00,AMER,Credit,O'Brien Holdings,2022,Q4,86381.89,49220.95,347,false
101947,2023-12-25,2023-12-25 09:34:00,EMEA,FX,Beta Fund,2023,Q4,152159.09,-55299.43,315,true
101948,2024-11-04,2024-11-04 22:37:00,APAC,FX,Alpha Fund,2024,Q4,886941.15,94203.65,490,true
101949,2025-03-25,2025-03-25 21:32:00,AMER,Commodities,"Smith, ""Big"" Fund",2025,Q1,757306.10,38570.95,336,true
101950,2021-12-05,2021-12-05 13:40:00,EMEA,Rates,O'Brien Holdings,2021,Q4,568821.85,-46357.40,313,true
101951,2022-08-01,2022-08-01 04:47:00,APAC,Credit,O'Brien Holdings,2022,Q3,599921.08,56234.74,356,false
101952,2023-09-20,2023-09-20 19:51:00,AMER,Credit,O'Brien Holdings,2023,Q3,294929.76,-71341.29,272,true
101953,2024-04-05,2024-04-05 18:39:00,EMEA,Credit,"Smith, ""Big"" Fund",2024,Q2,362490.96,-13644.56,97,true
101954,2025-11-22,2025-11-22 08:51:00,APAC,Credit,O'Brien Holdings,2025,Q4,115248.39,-89904.23,465,true
101955,2021-07-25,2021-07-25 15:10:00,AMER,Commodities,Beta Fund,2021,Q3,414410.15,4914.58,4,true
101956,2022-08-21,2022-08-21 18:26:00,EMEA,Equities,Beta Fund,2022,Q3,217981.57,-91373.49,186,false
101957,2023-03-16,2023-03-16 16:55:00,APAC,Equities,Alpha Fund,2023,Q1,444165.67,6715.98,271,true
101958,2024-03-28,2024-03-28 12:32:00,AMER,Rates,"Smith, ""Big"" Fund",2024,Q1,996595.33,-13810.30,364,true
101959,2025-09-15,2025-09-15 14:07:00,EMEA,Credit,O'Brien Holdings,2025,Q3,274047.04,-76899.27,497,true
101960,2021-03-23,2021-03-23 07:45:00,APAC,Credit,Beta Fund,2021,Q1,272595.55,10510.14,211,true
101961,2022-09-23,2022-09-23 12:29:00,AMER,Equities,Alpha Fund,2022,Q3,533959.81,-15902.03,455,true
101962,2023-04-24,2023-04-24 21:10:00,EMEA,Rates,Beta Fund,2023,Q2,686240.37,79200.80,36,false
101963,2024-03-18,2024-03-18 22:53:00,APAC,Equities,Alpha Fund,2024,Q1,692590.31,38371.87,294,false
101964,2025-02-08,2025-02-08 18:40:00,AMER,FX,Beta Fund,2025,Q1,702320.61,35550.26,271,true
101965,2021-07-24,2021-07-24 12:01:00,EMEA,Commodities,Alpha Fund,2021,Q3,798915.14,17868.55,174,false
101966,2022-03-25,2022-03-25 02:54:00,APAC,Rates,"Smith, ""Big"" Fund",2022,Q1,863075.17,54055.95,324,true
101967,2023-07-20,2023-07-20 12:13:00,AMER,Commodities,"Smith, ""Big"" Fund",2023,Q3,378614.55,-74422.10,470,true
101968,2024-11-28,2024-11-28 01:20:00,EMEA,Commodities,"Smith, ""Big"" Fund",2024,Q4,15969.07,90143.97,115,true
101969,2025-07-19,2025-07-19 17:53:00,APAC,Commodities,Beta Fund,2025,Q3,383304.03,74111.19,41,true
101970,2021-11-24,2021-11-24 11:02:00,AMER,Commodities,"Smith, ""Big"" Fund",2021,Q4,51401.59,-46888.70,95,true
101971,2022-07-22,2022-07-22 13:15:00,EMEA,Credit,"Smith, ""Big"" Fund",2022,Q3,38272.54,48030.51,83,true
101972,2023-03-18,2023-03-18 22:33:00,APAC,Credit,Alpha Fund,2023,Q1,150702.31,28021.34,441,true
101973,2024-12-15,2024-12-15 03:50:00,AMER,FX,"Smith, ""Big"" Fund",2024,Q4,756744.54,-7745.01,238,true
101974,2025-12-14,2025-12-14 01:35:00,EMEA,Equities,Alpha Fund,2025,Q4,538496.67,30741.63,206,false
101975,2021-12-07,2021-12-07 23:09:00,APAC,Equities,Alpha Fund,2021,Q4,932163.24,-62671.10,351,true
101976,2022-04-27,2022-04-27 14:37:00,AMER,Commodities,O'Brien Holdings,2022,Q2,332896.69,-30962.54,337,true
101977,2023-03-06,2023-03-06 06:09:00,EMEA,Credit,O'Brien Holdings,2023,Q1,456572.26,93042.96,19,true
101978,2024-06-08,2024-06-08 09:27:00,APAC,Commodities,"Smith, ""Big"" Fund",2024,Q2,164864.52,-12406.45,316,false
101979,2025-03-21,2025-03-21 05:02:00,AMER,Commodities,O'Brien Holdings,2025,Q1,492939.17,88686.93,340,true
101980,2021-05-03,2021-05-03 00:38:00,EMEA,FX,Beta Fund,2021,Q2,848415.24,-46385.10,352,true
101981,2022-07-11,2022-07-11 15:27:00,APAC,Credit,Alpha Fund,2022,Q3,303080.31,-78863.82,411,true
101982,2023-07-25,2023-07-25 20:18:00,AMER,Rates,Alpha Fund,2023,Q3,700362.20,37696.53,199,true
101983,2024-04-04,2024-04-04 02:13:00,EMEA,FX,O'Brien Holdings,2024,Q2,948469.25,-78158.57,326,true
101984,2025-11-07,2025-11-07 09:32:00,APAC,Credit,O'Brien Holdings,2025,Q4,341310.87,-76932.09,80,false
101985,2021-09-14,2021-09-14 19:51:00,AMER,Commodities,O'Brien Holdings,2021,Q3,841281.39,45172.48,47,true
101986,2022-04-12,2022-04-12 21:00:00,EMEA,FX,"Smith, ""Big"" Fund",2022,Q2,586992.76,-59219.44,267,false
101987,2023-04-10,2023-04-10 16:15:00,APAC,Commodities,"Smith, ""Big"" Fund",2023,Q2,695235.20,29334.00,262,false
101988,2024-06-26,2024-06-26 18:34:00,AMER,FX,Alpha Fund,2024,Q2,689964.69,-97063.49,204,true
101989,2025-01-14,2025-01-14 23:02:00,EMEA,Credit,Alpha Fund,2025,Q1,957623.52,25632.84,18,true
101990,2021-06-06,2021-06-06 17:25:00,APAC,Commodities,O'Brien Holdings,2021,Q2,689655.93,-10345.97,230,false
101991,2022-03-21,2022-03-21 14:19:00,AMER,Equities,Alpha Fund,2022,Q1,717251.68,-77740.61,340,true
101992,2023-10-26,2023-10-26 10:11:00,EMEA,Rates,"Smith, ""Big"" Fund",2023,Q4,112347.72,65470.34,177,true
101993,2024-09-28,2024-09-28 05:10:00,APAC,Equities,Alpha Fund,2024,Q3,753662.22,-24891.15,389,true
101994,2025-05-11,2025-05-11 15:23:00,AMER,Equities,"Smith, ""Big"" Fund",2025,Q2,688765.14,72669.76,305,true
101995,2021-07-19,2021-07-19 07:23:00,EMEA,Credit,Beta Fund,2021,Q3,778727.89,-37177.74,237,true
101996,2022-12-28,2022-12-28 21:42:00,APAC,Rates,Beta Fund,2022,Q4,375773.96,-86331.73,41,true
101997,2023-12-12,2023-12-12 14:54:00,AMER,Equities,Alpha Fund,2023,Q4,875821.37,-39145.02,261,true
101998,2024-05-11,2024-05-11 05:44:00,EMEA,Rates,Alpha Fund,2024,Q2,631469.54,-41182.46,167,true
101999,2025-09-08,2025-09-08 03:39:00,APAC,FX,Alpha Fund,2025,Q3,232872.24,14151.87,87,false
102000,2021-07-13,2021-07-13 22:32:00,AMER,Credit,Beta Fund,2021,Q3,62597.99,10477.89,315,true
102001,2022-06-14,2022-06-14 17:59:00,EMEA,Equities,Alpha Fund,2022,Q2,12577.50,26923.61,385,true
102002,2023-02-19,2023-02-19 05:41:00,APAC,Equities,"Smith, ""Big"" Fund",2023,Q1,990245.90,10876.10,181,true
102003,2024-11-01,2024-11-01 01:17:00,AMER,Rates,O'Brien Holdings,2024,Q4,770498.14,49826.49,95,true
102004,2025-02-24,2025-02-24 10:53:00,EMEA,Credit,O'Brien Holdings,2025,Q1,342550.04,11826.01,465,true
102005,2021-09-20,2021-09-20 14:00:00,APAC,Commodities,Beta Fund,2021,Q3,401351.91,-17503.98,275,true
102006,2022-09-24,2022-09-24 17:51:00,AMER,Rates,"Smith, ""Big"" Fund",2022,Q3,852921.88,-11740.15,464,false
102007,2023-10-08,2023-10-08 20:22:00,EMEA,Credit,Beta Fund,2023,Q4,167736.86,-91710.54,378,true
102008,2024-08-13,2024-08-13 06:57:00,APAC,Rates,"Smith, ""Big"" Fund",2024,Q3,280687.69,17724.74,259,true
102009,2025-05-04,2025-05-04 06:34:00,AMER,Equities,Alpha Fund,2025,Q2,440023.01,-58490.66,256,true
102010,2021-12-17,2021-12-17 09:22:00,EMEA,Commodities,Beta Fund,2021,Q4,291977.48,90778.87,419,true
102011,2022-06-15,2022-06-15 10:17:00,APAC,Credit,Alpha Fund,2022,Q2,978328.46,-52971.07,106,false
102012,2023-09-03,2023-09-03 18:18:00,AMER,Credit,O'Brien Holdings,2023,Q3,550981.09,40967.92,260,true
102013,2024-11-04,2024-11-04 20:24:00,EMEA,Equities,Alpha Fund,2024,Q4,267335.83,-54619.26,419,false
102014,2025-02-11,2025-02-11 10:20:00,APAC,Credit,Alpha Fund,2025,Q1,851145.81,-54105.27,474,true
102015,2021-03-15,2021-03-15 20:53:00,AMER,FX,"Smith, ""Big"" Fund",2021,Q1,473756.17,2059.33,274,true
102016,2022-02-05,2022-02-05 20:55:00,EMEA,Rates,O'Brien Holdings,2022,Q1,265922.78,-53833.41,156,true
102017,2023-04-26,2023-04-26 10:53:00,APAC,Credit,O'Brien Holdings,2023,Q2,910157.17,49104.04,214,true
102018,2024-04-20,2024-04-20 01:13:00,AMER,FX,O'Brien Holdings,2024,Q2,822677.03,-29952.86,103,true
102019,2025-06-10,2025-06-10 17:52:00,EMEA,FX,Beta Fund,2025,Q2,254244.07,79225.73,237,true
102020,2021-09-05,2021-09-05 13:35:00,APAC,Credit,Beta Fund,2021,Q3,721763.75,-68310.40,85,true
102021,2022-11-24,2022-11-24 03:30:00,AMER,Commodities,Alpha Fund,2022,Q4,340763.55,-90345.64,294,true
102022,2023-03-10,2023-03-10 03:11:00,EMEA,FX,O'Brien Holdings,2023,Q1,224701.26,41166.48,144,true
102023,2024-01-11,2024-01-11 09:40:00,APAC,Rates,Alpha Fund,2024,Q1,738391.62,24324.95,2,true
102024,2025-12-10,2025-12-10 10:01:00,AMER,Credit,"Smith, ""Big"" Fund",2025,Q4,52284.34,86280.59,142,true
102025,2021-09-14,2021-09-14 03:14:00,EMEA,Credit,O'Brien Holdings,2021,Q3,890545.40,-84873.23,408,true
102026,2022-03-13,2022-03-13 20:07:00,APAC,Equities,Alpha Fund,2022,Q1,945383.50,58355.49,212,false
102027,2023-12-20,2023-12-20 21:26:00,AMER,Commodities,Beta Fund,2023,Q4,509243.30,-15757.28,39,false
102028,2024-07-07,2024-07-07 02:01:00,EMEA,Equities,Alpha Fund,2024,Q3,45411.95,-17911.51,361,true
102029,2025-02-18,2025-02-18 12:58:00,APAC,Equities,"Smith, ""Big"" Fund",2025,Q1,25490.02,66559.84,185,false
102030,2021-01-19,2021-01-19 05:06:00,AMER,Rates,Beta Fund,2021,Q1,427945.12,24130.77,267,true
102031,2022-01-07,2022-01-07 03:39:00,EMEA,FX,Alpha Fund,2022,Q1,636489.21,-92802.16,318,true
102032,2023-09-26,2023-09-26 15:27:00,APAC,FX,O'Brien Holdings,2023,Q3,901241.12,77930.67,340,true
102033,2024-05-21,2024-05-21 20:40:00,AMER,Equities,"Smith, ""Big"" Fund",2024,Q2,688089.39,-30090.64,122,true
102034,2025-11-03,2025-11-03 01:43:00,EMEA,FX,O'Brien Holdings,2025,Q4,565439.66,-27527.14,354,true
102035,2021-01-18,2021-01-18 17:24:00,APAC,Rates,Alpha Fund,2021,Q1,513930.95,-61171.64,228,true
102036,2022-05-18,2022-05-18 15:06:00,AMER,Rates,Alpha Fund,2022,Q2,372380.71,-72904.31,462,true
102037,2023-09-19,2023-09-19 20:59:00,EMEA,Credit,Alpha Fund,2023,Q3,469125.13,-50516.65,296,true
102038,2024-01-03,2024-01-03 07:41:00,APAC,Credit,Alpha Fund,2024,Q1,136770.36,-81867.36,13,false
102039,2025-04-10,2025-04-10 07:57:00,AMER,Equities,Beta Fund,2025,Q2,830655.05,27185.93,491,false
102040,2021-05-07,2021-05-07 17:23:00,EMEA,Commodities,Alpha Fund,2021,Q2,856149.90,81496.81,106,true
102041,2022-01-09,2022-01-09 04:49:00,APAC,FX,O'Brien Holdings,2022,Q1,454570.59,85998.58,299,true
102042,2023-02-02,2023-02-02 19:37:00,AMER,FX,Beta Fund,2023,Q1,339490.53,-5205.47,161,false
102043,2024-08-22,2024-08-22 20:06:00,EMEA,Commodities,O'Brien Holdings,2024,Q3,775273.10,-46436.56,11,true
102044,2025-04-25,2025-04-25 02:02:00,APAC,Credit,O'Brien Holdings,2025,Q2,570375.06,-24986.82,396,true
102045,2021-08-17,2021-08-17 20:46:00,AMER,Rates,O'Brien Holdings,2021,Q3,850912.56,-41041.81,193,true
102046,2022-05-12,2022-05-12 13:18:00,EMEA,FX,Alpha Fund,2022,Q2,982492.11,21268.18,380,true
102047,2023-01-23,2023-01-23 04:03:00,APAC,FX,"Smith, ""Big"" Fund",2023,Q1,834338.79,-92082.04,208,true
102048,2024-01-11,2024-01-11 03:40:00,AMER,Equities,O'Brien Holdings,2024,Q1,980775.26,-14905.94,359,true
102049,2025-10-10,2025-10-10 05:06:00,EMEA,Commodities,O'Brien Holdings,2025,Q4,8781.05,-14285.19,132,true
102050,2021-12-16,2021-12-16 17:31:00,APAC,Commodities,Beta Fund,2021,Q4,709158.40,-29458.45,446,true
102051,2022-04-28,2022-04-28 03:19:00,AMER,Rates,Beta Fund,2022,Q2,285948.06,9054.76,12,true
102052,2023-01-19,2023-01-19 22:26:00,EMEA,FX,Alpha Fund,2023,Q1,637354.18,50871.52,145,true
102053,2024-04-03,2024-04-03 23:39:00,APAC,Credit,O'Brien Holdings,2024,Q2,705265.87,-57553.57,110,true
102054,2025-02-16,2025-02-16 23:04:00,AMER,Credit,Beta Fund,2025,Q1,129320.71,-21229.72,367,true
102055,2021-12-17,2021-12-17 22:56:00,EMEA,FX,Beta Fund,2021,Q4,397311.05,-91949.66,158,true
102056,2022-05-10,2022-05-10 12:50:00,APAC,Commodities,Beta Fund,2022,Q2,712105.50,65585.26,467,true
102057,2023-01-06,2023-01-06 10:22:00,AMER,Credit,Alpha Fund,2023,Q1,192837.07,-71770.78,364,false
102058,2024-02-02,2024-02-02 03:42:00,EMEA,Credit,Alpha Fund,2024,Q1,144484.59,89975.33,216,true
102059,2025-04-01,2025-04-01 20:40:00,APAC,Credit,O'Brien Holdings,2025,Q2,739716.94,-34287.88,452,true
102060,2021-07-07,2021-07-07 05:08:00,AMER,Rates,Beta Fund,2021,Q3,644047.10,-34257.70,13,true
102061,2022-05-11,2022-05-11 18:32:00,EMEA,Equities,O'Brien Holdings,2022,Q2,335262.63,47589.01,50,true
102062,2023-07-06,2023-07-06 11:43:00,APAC,FX,Beta Fund,2023,Q3,744233.62,22268.11,145,false
102063,2024-01-11,2024-01-11 04:23:00,AMER,Rates,"Smith, ""Big"" Fund",2024,Q1,348301.40,23733.26,79,true
102064,2025-01-28,2025-01-28 20:11:00,EMEA,FX,Beta Fund,2025,Q1,201949.23,6003.02,193,true
102065,2021-02-27,2021-02-27 23:31:00,APAC,Credit,"Smith, ""Big"" Fund",2021,Q1,921355.76,-88963.47,54,true
102066,2022-05-16,2022-05-16 06:26:00,AMER,Equities,"Smith, ""Big"" Fund",2022,Q2,956855.72,-96001.65,325,false
102067,2023-06-14,2023-06-14 20:54:00,EMEA,Commodities,"Smith, ""Big"" Fund",2023,Q2,68411.98,-7128.53,374,false
102068,2024-03-14,2024-03-14 21:17:00,APAC,Commodities,Alpha Fund,2024,Q1,407379.17,-56264.18,161,true
102069,2025-05-28,2025-05-28 01:28:00,AMER,Commodities,Beta Fund,2025,Q2,9444.47,76437.69,352,true
102070,2021-02-26,2021-02-26 21:54:00,EMEA,Commodities,"Smith, ""Big"" Fund",2021,Q1,414318.85,85862.79,26,true
102071,2022-08-03,2022-08-03 21:36:00,APAC,Commodities,O'Brien Holdings,2022,Q3,45967.04,49565.02,14,true
102072,2023-11-13,2023-11-13 17:40:00,AMER,Credit,Beta Fund,2023,Q4,698838.88,-46602.36,24,true
102073,2024-01-14,2024-01-14 22:49:00,EMEA,Credit,Beta Fund,2024,Q1,794980.61,37099.79,310,true
102074,2025-09-18,2025-09-18 10:21:00,APAC,Credit,Beta Fund,2025,Q3,936544.31,78.72,467,true
102075,2021-07-12,2021-07-12 00:49:00,AMER,Rates,O'Brien Holdings,2021,Q3,473296.39,1349.47,225,true
102076,2022-05-12,2022-05-12 12:43:00,EMEA,Equities,O'Brien Holdings,2022,Q2,564099.61,27.19,461,true
102077,2023-11-22,2023-11-22 03:36:00,APAC,Equities,O'Brien Holdings,2023,Q4,784378.58,34948.80,251,true
102078,2024-12-24,2024-12-24 19:15:00,AMER,FX,O'Brien Holdings,2024,Q4,734364.78,92043.57,463,true
102079,2025-11-09,2025-11-09 22:33:00,EMEA,Credit,Alpha Fund,2025,Q4,155248.97,86408.01,328,true
102080,2021-06-07,2021-06-07 01:56:00,APAC,Equities,Alpha Fund,2021,Q2,375270.12,-89825.58,165,true
102081,2022-08-25,2022-08-25 03:10:00,AMER,FX,O'Brien Holdings,2022,Q3,603504.60,78242.33,357,true
102082,2023-02-08,2023-02-08 21:32:00,EMEA,Credit,Alpha Fund,2023,Q1,173422.72,83299.98,304,true
102083,2024-09-23,2024-09-23 17:10:00,APAC,Equities,"Smith, ""Big"" Fund",2024,Q3,360174.83,63639.07,371,true
102084,2025-04-04,2025-04-04 19:33:00,AMER,Credit,Beta Fund,2025,Q2,218726.88,78966.58,167,true
102085,2021-04-11,2021-04-11 10:39:00,EMEA,FX,Beta Fund,2021,Q2,559590.86,-7475.98,354,false
102086,2022-11-28,2022-11-28 04:41:00,APAC,Rates,"Smith, ""Big"" Fund",2022,Q4,89079.06,-79935.09,20,true
102087,2023-04-16,2023-04-16 09:47:00,AMER,Commodities,"Smith, ""Big"" Fund",2023,Q2,200508.71,-14724.29,270,true
102088,2024-10-02,2024-10-02 20:48:00,EMEA,Commodities,Beta Fund,2024,Q4,555448.97,64703.43,42,true
102089,2025-10-09,2025-10-09 22:14:00,APAC,Equities,Alpha Fund,2025,Q4,280102.72,-84453.14,386,true
102090,2021-12-02,2021-12-02 16:56:00,AMER,Commodities,O'Brien Holdings,2021,Q4,866705.51,21914.52,159,true
102091,2022-09-06,2022-09-06 08:36:00,EMEA,Rates,Beta Fund,2022,Q3,593917.43,14775.69,487,false
102092,2023-12-27,2023-12-27 23:40:00,APAC,FX,Alpha Fund,2023,Q4,355194.19,6720.84,294,false
102093,2024-03-25,2024-03-25 00:15:00,AMER,Credit,Alpha Fund,2024,Q1,922006.41,-97577.85,471,true
102094,2025-04-24,2025-04-24 22:48:00,EMEA,Commodities,O'Brien Holdings,2025,Q2,905210.54,78503.18,414,true
102095,2021-04-18,2021-04-18 03:16:00,APAC,Credit,"Smith, ""Big"" Fund",2021,Q2,4444.99,15283.20,72,true
102096,2022-10-12,2022-10-12 11:05:00,AMER,Commodities,O'Brien Holdings,2022,Q4,473432.82,63342.46,54,true
102097,2023-08-06,2023-08-06 07:18:00,EMEA,Rates,Beta Fund,2023,Q3,39990.97,16498.24,85,true
102098,2024-04-21,2024-04-21 22:59:00,APAC,Commodities,"Smith, ""Big"" Fund",2024,Q2,390902.17,96623.09,380,true
102099,2025-06-22,2025-06-22 16:59:00,AMER,Credit,"Smith, ""Big"" Fund",2025,Q2,116429.00,47979.27,238,true
102100,2021-12-22,2021-12-22 20:56:00,EMEA,Commodities,O'Brien Holdings,2021,Q4,845781.90,-67580.32,448,true
102101,2022-08-18,2022-08-18 17:26:00,APAC,Equities,"Smith, ""Big"" Fund",2022,Q3,323438.49,12445.20,432,true
102102,2023-10-05,2023-10-05 21:18:00,AMER,Credit,O'Brien Holdings,2023,Q4,137281.88,-52866.06,344,true
102103,2024-06-08,2024-06-08 21:46:00,EMEA,Equities,Alpha Fund,2024,Q2,677154.44,99142.36,415,true
102104,2025-12-28,2025-12-28 05:55:00,APAC,Equities,Beta Fund,2025,Q4,431593.96,-35626.52,69,true
102105,2021-04-21,2021-04-21 08:57:00,AMER,Credit,O'Brien Holdings,2021,Q2,247816.43,54668.96,233,true
102106,2022-10-27,2022-10-27 01:27:00,EMEA,Commodities,O'Brien Holdings,2022,Q4,957986.15,-66147.04,261,true
102107,2023-04-27,2023-04-27 03:36:00,APAC,Commodities,O'Brien Holdings,2023,Q2,175855.36,56616.66,48,true
102108,2024-03-08,2024-03-08 21:24:00,AMER,Commodities,Alpha Fund,2024,Q1,950556.48,-17857.73,228,true
102109,2025-05-14,2025-05-14 15:12:00,EMEA,FX,Beta Fund,2025,Q2,116334.67,35187.94,315,true
102110,2021-03-01,2021-03-01 11:25:00,APAC,Credit,Beta Fund,2021,Q1,54012.65,34049.16,95,true
102111,2022-01-28,2022-01-28 15:53:00,AMER,Equities,Beta Fund,2022,Q1,212888.46,-7337.30,221,true
102112,2023-07-20,2023-07-20 16:18:00,EMEA,Credit,O'Brien Holdings,2023,Q3,221779.47,83272.35,446,true
102113,2024-08-19,2024-08-19 00:12:00,APAC,Rates,Alpha Fund,2024,Q3,352449.25,54824.97,216,true
102114,2025-02-14,2025-02-14 22:53:00,AMER,Commodities,Beta Fund,2025,Q1,838827.60,26941.41,429,true
102115,2021-02-16,2021-02-16 17:32:00,EMEA,Commodities,Alpha Fund,2021,Q1,517926.36,20851.26,427,false
102116,2022-08-04,2022-08-04 09:14:00,APAC,Credit,Beta Fund,2022,Q3,641100.67,-71136.37,268,false
102117,2023-09-05,2023-09-05 23:37:00,AMER,Credit,O'Brien Holdings,2023,Q3,989346.73,8189.48,327,true
102118,2024-01-18,2024-01-18 07:31:00,EMEA,Rates,"Smith, ""Big"" Fund",2024,Q1,325421.27,74137.67,355,true
102119,2025-06-28,2025-06-28 14:08:00,APAC,Equities,Alpha Fund,2025,Q2,187523.26,-4198.80,197,false
102120,2021-03-08,2021-03-08 04:21:00,AMER,Commodities,Beta Fund,2021,Q1,794562.60,-86130.62,195,false
102121,2022-10-05,2022-10-05 22:35:00,EMEA,Credit,"Smith, ""Big"" Fund",2022,Q4,434575.47,67609.44,283,false
102122,2023-02-22,2023-02-22 16:38:00,APAC,Rates,"Smith, ""Big"" Fund",2023,Q1,160007.63,-90987.42,437,true
102123,2024-06-28,2024-06-28 10:18:00,AMER,Commodities,Alpha Fund,2024,Q2,170358.19,-83162.94,62,true
102124,2025-03-15,2025-03-15 12:12:00,EMEA,Equities,O'Brien Holdings,2025,Q1,868436.98,92577.74,133,true
102125,2021-01-12,2021-01-12 06:13:00,APAC,Credit,O'Brien Holdings,2021,Q1,977715.53,67286.08,280,true
102126,2022-10-09,2022-10-09 19:42:00,AMER,FX,"Smith, ""Big"" Fund",2022,Q4,803551.43,-29106.60,164,true
102127,2023-11-19,2023-11-19 19:35:00,EMEA,Equities,Beta Fund,2023,Q4,119946.29,27413.46,483,true
102128,2024-03-18,2024-03-18 19:05:00,APAC,Credit,Alpha Fund,2024,Q1,675080.93,-29592.26,337,true
102129,2025-06-04,2025-06-04 11:20:00,AMER,FX,Alpha Fund,2025,Q2,823875.99,58014.88,36,true
102130,2021-05-06,2021-05-06 11:24:00,EMEA,Commodities,Beta Fund,2021,Q2,280822.53,93528.04,270,true
102131,2022-01-02,2022-01-02 15:27:00,APAC,Commodities,O'Brien Holdings,2022,Q1,26489.82,45372.72,61,true
102132,2023-05-11,2023-05-11 10:46:00,AMER,Rates,Alpha Fund,2023,Q2,363894.50,-92803.50,347,false
102133,2024-08-04,2024-08-04 00:58:00,EMEA,Rates,Beta Fund,2024,Q3,79510.08,-23269.14,432,true
102134,2025-07-19,2025-07-19 13:21:00,APAC,Rates,"Smith, ""Big"" Fund",2025,Q3,663502.22,-25550.69,175,false
102135,2021-02-28,2021-02-28 06:09:00,AMER,Equities,Beta Fund,2021,Q1,116730.68,36398.98,40,true
102136,2022-01-13,2022-01-13 02:40:00,EMEA,FX,Beta Fund,2022,Q1,691781.51,-74910.02,5,true
102137,2023-03-03,2023-03-03 02:47:00,APAC,Commodities,Alpha Fund,2023,Q1,845433.81,97707.78,116,true
102138,2024-10-28,2024-10-28 20:18:00,AMER,Credit,Beta Fund,2024,Q4,986477.44,-85108.67,150,true
102139,2025-09-18,2025-09-18 13:04:00,EMEA,Credit,"Smith, ""Big"" Fund",2025,Q3,664389.14,55782.99,286,true
102140,2021-03-01,2021-03-01 22:06:00,APAC,Equities,Alpha Fund,2021,Q1,423456.21,907.95,277,true
102141,2022-11-11,2022-11-11 06:46:00,AMER,FX,"Smith, ""Big"" Fund",2022,Q4,205211.92,-37577.58,256,true
102142,2023-04-12,2023-04-12 18:38:00,EMEA,Credit,O'Brien Holdings,2023,Q2,959826.35,15093.29,119,false
102143,2024-03-13,2024-03-13 00:58:00,APAC,FX,Beta Fund,2024,Q1,252450.59,91649.73,112,true
102144,2025-07-27,2025-07-27 00:56:00,AMER,Equities,O'Brien Holdings,2025,Q3,957042.45,93115.10,212,true
102145,2021-01-21,2021-01-21 11:28:00,EMEA,Equities,"Smith, ""Big"" Fund",2021,Q1,952083.46,74395.69,179,true
102146,2022-03-28,2022-03-28 00:01:00,APAC,Credit,O'Brien Holdings,2022,Q1,337348.63,-77976.17,129,true
102147,2023-12-08,2023-12-08 09:00:00,AMER,Commodities,Beta Fund,2023,Q4,369046.20,32461.24,305,true
102148,2024-06-21,2024-06-21 09:05:00,EMEA,Commodities,"Smith, ""Big"" Fund",2024,Q2,910132.62,-38726.80,353,true
102149,2025-08-01,2025-08-01 19:12:00,APAC,Credit,O'Brien Holdings,2025,Q3,740216.18,54755.54,352,true
102150,2021-05-02,2021-05-02 03:06:00,AMER,Equities,"Smith, ""Big"" Fund",2021,Q2,180161.90,-42471.78,420,true
102151,2022-09-16,2022-09-16 08:16:00,EMEA,Credit,"Smith, ""Big"" Fund",2022,Q3,126254.81,20735.96,410,true
102152,2023-08-12,2023-08-12 18:48:00,APAC,Rates,O'Brien Holdings,2023,Q3,981408.66,-85764.40,425,true
102153,2024-01-24,2024-01-24 04:35:00,AMER,Equities,Beta Fund,2024,Q1,202600.52,48311.01,242,true
102154,2025-03-17,2025-03-17 04:08:00,EMEA,Commodities,O'Brien Holdings,2025,Q1,556159.24,-45915.00,101,true
102155,2021-10-25,2021-10-25 09:33:00,APAC,Equities,Alpha Fund,2021,Q4,461109.40,-59135.85,476,true
102156,2022-09-23,2022-09-23 06:17:00,AMER,Rates,Alpha Fund,2022,Q3,525312.49,-41396.19,175,true
102157,2023-09-26,2023-09-26 07:04:00,EMEA,Credit,O'Brien Holdings,2023,Q3,884780.42,83924.20,115,true
102158,2024-04-25,2024-04-25 16:56:00,APAC,Commodities,Alpha Fund,2024,Q2,177342.99,-47409.98,435,true
102159,2025-05-03,2025-05-03 00:51:00,AMER,Equities,Beta Fund,2025,Q2,932386.91,54234.20,427,false
102160,2021-12-25,2021-12-25 15:35:00,EMEA,Rates,Alpha Fund,2021,Q4,635558.79,81687.81,216,true
102161,2022-07-01,2022-07-01 17:40:00,APAC,Commodities,O'Brien Holdings,2022,Q3,609487.84,48680.84,484,false
102162,2023-11-03,2023-11-03 17:15:00,AMER,Rates,Beta Fund,2023,Q4,166170.89,4831.91,314,false
102163,2024-06-25,2024-06-25 23:03:00,EMEA,Credit,Alpha Fund,2024,Q2,303006.28,59478.14,456,true
102164,2025-02-04,2025-02-04 20:49:00,APAC,Rates,O'Brien Holdings,2025,Q1,636114.25,-38691.08,379,true
102165,2021-08-05,2021-08-05 19:20:00,AMER,Commodities,Alpha Fund,2021,Q3,439665.67,-23024.90,146,false
102166,2022-08-10,2022-08-10 02:33:00,EMEA,Equities,O'Brien Holdings,2022,Q3,265036.65,75362.98,393,true
102167,2023-12-27,2023-12-27 02:13:00,APAC,Equities,Alpha Fund,2023,Q4,953920.25,58957.04,70,true
102168,2024-10-08,2024-10-08 05:25:00,AMER,Commodities,Alpha Fund,2024,Q4,3923.80,-86443.69,217,true
102169,2025-02-03,2025-02-03 07:01:00,EMEA,Equities,Alpha Fund,2025,Q1,129994.45,-82103.03,326,true
102170,2021-10-16,2021-10-16 17:53:00,APAC,Commodities,O'Brien Holdings,2021,Q4,134466.62,83254.95,414,true
102171,2022-10-11,2022-10-11 10:20:00,AMER,Credit,Alpha Fund,2022,Q4,559724.23,-42232.92,287,false
102172,2023-11-08,2023-11-08 06:34:00,EMEA,FX,Alpha Fund,2023,Q4,17587.51,-84556.71,203,false
102173,2024-03-21,2024-03-21 19:26:00,APAC,Equities,Beta Fund,2024,Q1,325100.38,68968.62,53,true
102174,2025-02-13,2025-02-13 03:08:00,AMER,FX,Beta Fund,2025,Q1,289070.55,60721.06,448,true
102175,2021-01-02,2021-01-02 17:43:00,EMEA,Credit,"Smith, ""Big"" Fund",2021,Q1,211559.79,17745.95,8,true
102176,2022-02-19,2022-02-19 02:33:00,APAC,FX,Beta Fund,2022,Q1,42776.02,-19644.75,202,true
102177,2023-08-06,2023-08-06 18:42:00,AMER,FX,Alpha Fund,2023,Q3,572828.97,-51705.21,191,true
102178,2024-12-14,2024-12-14 22:09:00,EMEA,Rates,"Smith, ""Big"" Fund",2024,Q4,319725.07,-66471.80,48,true
102179,2025-07-27,2025-07-27 00:22:00,APAC,Commodities,O'Brien Holdings,2025,Q3,516332.99,65107.24,172,true
102180,2021-06-23,2021-06-23 19:25:00,AMER,Credit,"Smith, ""Big"" Fund",2021,Q2,954187.80,-27922.41,173,false
102181,2022-06-03,2022-06-03 03:49:00,EMEA,Commodities,Alpha Fund,2022,Q2,816892.38,-81155.14,107,false
102182,2023-07-12,2023-07-12 00:15:00,APAC,FX,"Smith, ""Big"" Fund",2023,Q3,313878.85,-38239.27,240,true
102183,2024-06-20,2024-06-20 10:12:00,AMER,Credit,Alpha Fund,2024,Q2,108646.78,63480.59,165,true
102184,2025-06-22,2025-06-22 19:34:00,EMEA,Equities,"Smith, ""Big"" Fund",2025,Q2,317327.73,-54255.98,190,true
102185,2021-01-14,2021-01-14 02:00:00,APAC,FX,"Smith, ""Big"" Fund",2021,Q1,490765.89,30577.17,385,false
102186,2022-11-04,2022-11-04 12:59:00,AMER,Credit,O'Brien Holdings,2022,Q4,853954.24,-5718.90,376,true
102187,2023-04-16,2023-04-16 05:33:00,EMEA,Equities,Alpha Fund,2023,Q2,527012.75,-18791.11,218,true
102188,2024-06-07,2024-06-07 16:17:00,APAC,FX,O'Brien Holdings,2024,Q2,134085.69,84531.57,493,true
102189,2025-03-23,2025-03-23 15:15:00,AMER,Credit,Alpha Fund,2025,Q1,636061.46,-53019.52,342,true
102190,2021-12-01,2021-12-01 02:18:00,EMEA,Commodities,"Smith, ""Big"" Fund",2021,Q4,695134.44,-97065.16,228,true
102191,2022-04-16,2022-04-16 01:11:00,APAC,FX,"Smith, ""Big"" Fund",2022,Q2,22516.77,-19402.08,414,true
102192,2023-01-20,2023-01-20 04:10:00,AMER,FX,Beta Fund,2023,Q1,966602.22,36945.23,36,true
102193,2024-02-03,2024-02-03 08:46:00,EMEA,Rates,Alpha Fund,2024,Q1,305852.32,18494.57,340,false
102194,2025-11-16,2025-11-16 02:40:00,APAC,Credit,Alpha Fund,2025,Q4,834705.99,86052.61,117,true
102195,2021-11-28,2021-11-28 06:32:00,AMER,Equities,"Smith, ""Big"" Fund",2021,Q4,893145.64,26572.19,433,true
102196,2022-01-05,2022-01-05 07:03:00,EMEA,Equities,Beta Fund,2022,Q1,917822.09,-68162.30,14,true
102197,2023-04-14,2023-04-14 23:57:00,APAC,Rates,"Smith, ""Big"" Fund",2023,Q2,522555.88,93054.22,289,true
102198,2024-09-11,2024-09-11 19:14:00,AMER,FX,"Smith, ""Big"" Fund",2024,Q3,694310.66,-59900.96,443,true
102199,2025-02-12,2025-02-12 18:12:00,EMEA,Credit,O'Brien Holdings,2025,Q1,508272.82,50082.82,80,false
102200,2021-09-06,2021-09-06 12:04:00,APAC,Equities,"Smith, ""Big"" Fund",2021,Q3,618674.54,-41510.80,180,true
102201,2022-10-27,2022-10-27 11:36:00,AMER,Commodities,"Smith, ""Big"" Fund",2022,Q4,70212.37,32586.45,464,false
102202,2023-04-18,2023-04-18 20:42:00,EMEA,Rates,"Smith, ""Big"" Fund",2023,Q2,760943.17,-23193.06,374,true
102203,2024-08-21,2024-08-21 23:40:00,APAC,Equities,Beta Fund,2024,Q3,117890.79,-19745.50,52,true
102204,2025-12-28,2025-12-28 16:41:00,AMER,Equities,Alpha Fund,2025,Q4,261822.32,44767.24,339,true
102205,2021-06-03,2021-06-03 12:01:00,EMEA,Rates,"Smith, ""Big"" Fund",2021,Q2,67594.50,-12828.30,499,true
102206,2022-03-05,2022-03-05 09:45:00,APAC,Credit,"Smith, ""Big"" Fund",2022,Q1,41122.80,-44985.01,288,true
102207,2023-06-01,2023-06-01 08:54:00,AMER,Commodities,"Smith, ""Big"" Fund",2023,Q2,733093.12,53980.99,175,true
102208,2024-06-21,2024-06-21 14:20:00,EMEA,FX,Beta Fund,2024,Q2,413898.73,-86647.69,209,true
102209,2025-10-16,2025-10-16 17:20:00,APAC,Commodities,"Smith, ""Big"" Fund",2025,Q4,311595.44,36122.89,93,false
102210,2021-08-23,2021-08-23 17:01:00,AMER,Equities,"Smith, ""Big"" Fund",2021,Q3,872023.98,-27278.05,5,true
102211,2022-04-07,2022-04-07 19:07:00,EMEA,FX,Beta Fund,2022,Q2,289344.70,65894.53,444,true
102212,2023-04-25,2023-04-25 16:34:00,APAC,Credit,O'Brien Holdings,2023,Q2,246561.14,-3923.84,372,true
102213,2024-12-18,2024-12-18 22:33:00,AMER,FX,Alpha Fund,2024,Q4,547206.26,99774.11,277,true
102214,2025-11-02,2025-11-02 09:02:00,EMEA,Commodities,Beta Fund,2025,Q4,302299.77,40121.87,236,true
102215,2021-11-22,2021-11-22 01:31:00,APAC,Rates,O'Brien Holdings,2021,Q4,105432.20,34000.77,287,true
102216,2022-10-23,2022-10-23 04:31:00,AMER,Commodities,O'Brien Holdings,2022,Q4,568458.53,79319.86,51,true
102217,2023-05-08,2023-05-08 12:35:00,EMEA,Rates,Alpha Fund,2023,Q2,420316.95,-88330.53,40,true
102218,2024-11-14,2024-11-14 08:59:00,APAC,Rates,Alpha Fund,2024,Q4,651076.17,-93686.29,90,true
102219,2025-10-25,2025-10-25 10:49:00,AMER,Commodities,Beta Fund,2025,Q4,400910.79,-85936.06,494,true
102220,2021-04-20,2021-04-20 08:42:00,EMEA,FX,O'Brien Holdings,2021,Q2,792470.75,-5360.94,334,false
102221,2022-08-12,2022-08-12 11:07:00,APAC,Equities,Alpha Fund,2022,Q3,649331.07,67212.36,86,true
102222,2023-05-03,2023-05-03 02:18:00,AMER,Commodities,O'Brien Holdings,2023,Q2,691604.79,93844.44,35,true
102223,2024-05-07,2024-05-07 23:02:00,EMEA,FX,Alpha Fund,2024,Q2,99358.73,58677.53,142,true
102224,2025-09-04,2025-09-04 21:00:00,APAC,Equities,"Smith, ""Big"" Fund",2025,Q3,4379.84,91986.63,485,true
102225,2021-03-02,2021-03-02 23:13:00,AMER,Commodities,O'Brien Holdings,2021,Q1,454259.47,21325.66,332,false
102226,2022-02-04,2022-02-04 21:36:00,EMEA,Credit,"Smith, ""Big"" Fund",2022,Q1,337184.99,-95797.65,205,true
102227,2023-12-05,2023-12-05 00:00:00,APAC,Rates,"Smith, ""Big"" Fund",2023,Q4,620321.36,90200.61,148,true
102228,2024-05-11,2024-05-11 00:19:00,AMER,Rates,Beta Fund,2024,Q2,325455.36,-78832.99,202,true
102229,2025-06-11,2025-06-11 07:21:00,EMEA,Rates,Alpha Fund,2025,Q2,750218.49,-69630.85,170,true
102230,2021-07-11,2021-07-11 11:45:00,APAC,FX,Alpha Fund,2021,Q3,224476.23,91812.23,324,true
102231,2022-02-21,2022-02-21 09:49:00,AMER,Rates,Beta Fund,2022,Q1,84240.36,-63260.90,424,true
102232,2023-01-08,2023-01-08 11:04:00,EMEA,Credit,Alpha Fund,2023,Q1,914232.63,-90509.94,373,true
102233,2024-11-02,2024-11-02 15:13:00,APAC,Credit,Alpha Fund,2024,Q4,321310.69,15945.41,66,true
102234,2025-12-06,2025-12-06 15:16:00,AMER,Credit,"Smith, ""Big"" Fund",2025,Q4,355278.40,-16896.76,23,true
102235,2021-02-01,2021-02-01 18:18:00,EMEA,Commodities,Beta Fund,2021,Q1,914714.75,-38483.31,139,true
102236,2022-12-27,2022-12-27 18:05:00,APAC,Rates,Beta Fund,2022,Q4,469423.38,-36790.74,493,true
102237,2023-05-28,2023-05-28 09:10:00,AMER,Rates,Beta Fund,2023,Q2,611072.29,-22607.74,48,true
102238,2024-08-16,2024-08-16 18:52:00,EMEA,Credit,"Smith, ""Big"" Fund",2024,Q3,787207.43,-6775.99,355,true
102239,2025-11-15,2025-11-15 12:29:00,APAC,Rates,Alpha Fund,2025,Q4,798164.87,43476.78,266,true
102240,2021-07-17,2021-07-17 02:32:00,AMER,Rates,"Smith, ""Big"" Fund",2021,Q3,828109.14,12985.63,185,true
102241,2022-02-22,2022-02-22 20:17:00,EMEA,Equities,O'Brien Holdings,2022,Q1,590010.90,-79774.75,193,true
102242,2023-07-23,2023-07-23 12:02:00,APAC,Credit,Beta Fund,2023,Q3,132879.43,71396.53,228,true
102243,2024-05-18,2024-05-18 19:36:00,AMER,Rates,O'Brien Holdings,2024,Q2,353961.88,-59137.60,256,true
102244,2025-11-28,2025-11-28 13:42:00,EMEA,FX,O'Brien Holdings,2025,Q4,375045.86,40332.66,110,true
102245,2021-05-06,2021-05-06 04:11:00,APAC,Commodities,Alpha Fund,2021,Q2,255095.52,-4494.76,486,false
102246,2022-06-15,2022-06-15 07:10:00,AMER,Credit,Beta Fund,2022,Q2,910462.39,57358.43,70,false
102247,2023-07-27,2023-07-27 01:59:00,EMEA,Equities,O'Brien Holdings,2023,Q3,167840.38,72151.97,2,true
102248,2024-08-04,2024-08-04 10:50:00,APAC,FX,O'Brien Holdings,2024,Q3,286927.21,88755.39,28,true
102249,2025-09-19,2025-09-19 06:15:00,AMER,Commodities,"Smith, ""Big"" Fund",2025,Q3,437380.21,-90490.46,261,true
102250,2021-10-24,2021-10-24 07:08:00,EMEA,Commodities,Beta Fund,2021,Q4,679046.30,32077.49,438,true
102251,2022-08-27,2022-08-27 05:28:00,APAC,FX,O'Brien Holdings,2022,Q3,849285.24,68376.68,261,true
102252,2023-04-27,2023-04-27 07:56:00,AMER,Credit,Alpha Fund,2023,Q2,718901.70,-95876.45,187,true
102253,2024-10-24,2024-10-24 23:31:00,EMEA,Commodities,"Smith, ""Big"" Fund",2024,Q4,476633.06,-32556.00,197,true
102254,2025-07-08,2025-07-08 15:12:00,APAC,Equities,O'Brien Holdings,2025,Q3,741027.76,47710.13,74,true
102255,2021-04-09,2021-04-09 07:21:00,AMER,Rates,Alpha Fund,2021,Q2,526980.37,65846.17,314,true
102256,2022-08-08,2022-08-08 12:57:00,EMEA,Credit,"Smith, ""Big"" Fund",2022,Q3,404975.12,45407.24,248,true
102257,2023-04-09,2023-04-09 21:17:00,APAC,Rates,Beta Fund,2023,Q2,37853.15,-1505.60,290,true
102258,2024-05-24,2024-05-24 21:28:00,AMER,Rates,Alpha Fund,2024,Q2,251629.04,-98182.70,178,true
102259,2025-07-18,2025-07-18 23:49:00,EMEA,Rates,Beta Fund,2025,Q3,102443.09,51617.12,214,true
102260,2021-08-21,2021-08-21 12:44:00,APAC,Rates,Alpha Fund,2021,Q3,832797.95,66966.64,285,true
102261,2022-10-27,2022-10-27 06:07:00,AMER,Rates,O'Brien Holdings,2022,Q4,220771.25,-94814.45,38,true
102262,2023-02-24,2023-02-24 09:02:00,EMEA,Rates,Alpha Fund,2023,Q1,170902.52,30082.37,472,true
102263,2024-08-06,2024-08-06 18:47:00,APAC,Commodities,O'Brien Holdings,2024,Q3,642557.31,-65992.57,298,true
102264,2025-12-18,2025-12-18 08:41:00,AMER,Equities,Alpha Fund,2025,Q4,666110.61,5536.82,316,true
102265,2021-02-04,2021-02-04 01:08:00,EMEA,Credit,Alpha Fund,2021,Q1,742841.28,-45706.05,477,false
102266,2022-02-28,2022-02-28 05:18:00,APAC,Commodities,Alpha Fund,2022,Q1,527261.45,-58638.58,325,false
102267,2023-06-25,2023-06-25 11:40:00,AMER,Commodities,Beta Fund,2023,Q2,222999.51,53436.20,91,true
102268,2024-11-02,2024-11-02 15:46:00,EMEA,Credit,Alpha Fund,2024,Q4,117034.54,68924.42,243,false
102269,2025-09-01,2025-09-01 21:22:00,APAC,Rates,Alpha Fund,2025,Q3,617420.37,48889.58,237,true
102270,2021-12-26,2021-12-26 16:50:00,AMER,Rates,"Smith, ""Big"" Fund",2021,Q4,265058.12,57607.55,304,false
102271,2022-05-12,2022-05-12 09:18:00,EMEA,FX,"Smith, ""Big"" Fund",2022,Q2,578811.52,93993.88,306,true
102272,2023-11-25,2023-11-25 05:02:00,APAC,Commodities,Alpha Fund,2023,Q4,397389.95,-3941.11,43,true
102273,2024-03-19,2024-03-19 07:46:00,AMER,FX,O'Brien Holdings,2024,Q1,118798.98,-97100.93,107,true
102274,2025-12-20,2025-12-20 20:21:00,EMEA,Credit,Beta Fund,2025,Q4,546798.19,25615.42,383,true
102275,2021-01-20,2021-01-20 11:12:00,APAC,FX,Beta Fund,2021,Q1,755984.75,57145.51,49,true
102276,2022-06-28,2022-06-28 07:51:00,AMER,Commodities,Alpha Fund,2022,Q2,595440.26,-21705.97,80,true
102277,2023-02-13,2023-02-13 15:14:00,EMEA,Rates,"Smith, ""Big"" Fund",2023,Q1,327700.89,26474.75,461,true
102278,2024-07-13,2024-07-13 19:07:00,APAC,Credit,O'Brien Holdings,2024,Q3,541788.36,-54465.63,472,false
102279,2025-02-19,2025-02-19 09:55:00,AMER,Commodities,Beta Fund,2025,Q1,498747.50,4057.09,303,true
102280,2021-10-05,2021-10-05 05:02:00,EMEA,Credit,Alpha Fund,2021,Q4,847490.65,-35621.03,457,true
102281,2022-11-23,2022-11-23 12:19:00,APAC,Commodities,O'Brien Holdings,2022,Q4,257903.07,85027.15,367,true
102282,2023-06-13,2023-06-13 12:27:00,AMER,Commodities,O'Brien Holdings,2023,Q2,47217.87,29822.48,438,true
102283,2024-03-20,2024-03-20 13:13:00,EMEA,Commodities,O'Brien Holdings,2024,Q1,390617.90,-87071.56,427,true
102284,2025-05-27,2025-05-27 13:55:00,APAC,Credit,Beta Fund,2025,Q2,936211.38,-25389.61,416,true
102285,2021-02-27,2021-02-27 09:02:00,AMER,FX,Beta Fund,2021,Q1,669158.37,73052.87,340,false
102286,2022-01-01,2022-01-01 16:41:00,EMEA,Equities,O'Brien Holdings,2022,Q1,191525.31,92941.06,369,true
102287,2023-10-01,2023-10-01 14:29:00,APAC,Rates,O'Brien Holdings,2023,Q4,426320.74,27879.83,149,true
102288,2024-05-10,2024-05-10 19:22:00,AMER,FX,Alpha Fund,2024,Q2,345514.34,-63394.84,411,true
102289,2025-07-05,2025-07-05 20:20:00,EMEA,Equities,Alpha Fund,2025,Q3,697294.53,-46993.64,465,false
102290,2021-05-13,2021-05-13 00:00:00,APAC,Commodities,O'Brien Holdings,2021,Q2,773485.60,40390.36,354,true
102291,2022-08-13,2022-08-13 15:10:00,AMER,Rates,Alpha Fund,2022,Q3,417335.76,36751.00,271,false
102292,2023-02-01,2023-02-01 08:06:00,EMEA,Equities,Alpha Fund,2023,Q1,273046.21,-91489.92,99,true
102293,2024-10-27,2024-10-27 19:03:00,APAC,Equities,"Smith, ""Big"" Fund",2024,Q4,210651.70,-22790.31,23,true
102294,2025-01-26,2025-01-26 19:09:00,AMER,FX,"Smith, ""Big"" Fund",2025,Q1,750624.14,77339.65,9,true
102295,2021-03-08,2021-03-08 16:10:00,EMEA,Commodities,Beta Fund,2021,Q1,18653.45,-29756.05,327,true
102296,2022-06-14,2022-06-14 17:32:00,APAC,FX,Beta Fund,2022,Q2,390779.08,92322.83,9,true
102297,2023-11-02,2023-11-02 04:19:00,AMER,FX,Beta Fund,2023,Q4,775688.55,-77481.24,192,true
102298,2024-07-27,2024-07-27 17:35:00,EMEA,Credit,"Smith, ""Big"" Fund",2024,Q3,669771.92,1109.43,471,true
102299,2025-11-01,2025-11-01 06:45:00,APAC,Equities,Alpha Fund,2025,Q4,442995.32,74716.31,85,true
102300,2021-07-20,2021-07-20 21:16:00,AMER,Equities,"Smith, ""Big"" Fund",2021,Q3,586276.29,-42316.20,53,true
102301,2022-04-02,2022-04-02 03:25:00,EMEA,FX,O'Brien Holdings,2022,Q2,895801.71,76268.95,53,false
102302,2023-12-21,2023-12-21 20:00:00,APAC,Commodities,Beta Fund,2023,Q4,739969.34,-37808.46,481,false
102303,2024-07-06,2024-07-06 13:58:00,AMER,Credit,"Smith, ""Big"" Fund",2024,Q3,607220.74,-73039.92,164,true
102304,2025-11-02,2025-11-02 07:49:00,EMEA,FX,O'Brien Holdings,2025,Q4,865529.82,72062.95,357,true
102305,2021-08-12,2021-08-12 18:30:00,APAC,FX,Beta Fund,2021,Q3,507961.61,15760.53,223,true
102306,2022-01-13,2022-01-13 14:48:00,AMER,Credit,O'Brien Holdings,2022,Q1,907678.11,85668.64,464,true
102307,2023-09-17,2023-09-17 04:53:00,EMEA,Commodities,O'Brien Holdings,2023,Q3,746042.75,39122.36,450,true
102308,2024-01-10,2024-01-10 22:48:00,APAC,Rates,Beta Fund,2024,Q1,186204.97,68036.81,74,true
102309,2025-02-09,2025-02-09 22:52:00,AMER,Credit,Beta Fund,2025,Q1,577994.87,-17711.16,44,false
102310,2021-02-21,2021-02-21 21:30:00,EMEA,FX,Beta Fund,2021,Q1,840289.17,98001.15,464,true
102311,2022-09-04,2022-09-04 04:36:00,APAC,Commodities,Beta Fund,2022,Q3,778418.26,4316.18,335,true
102312,2023-09-06,2023-09-06 03:44:00,AMER,Equities,"Smith, ""Big"" Fund",2023,Q3,337712.53,86214.18,169,true
102313,2024-06-22,2024-06-22 12:20:00,EMEA,Commodities,O'Brien Holdings,2024,Q2,951277.29,9405.13,427,true
102314,2025-08-28,2025-08-28 12:37:00,APAC,Credit,Alpha Fund,2025,Q3,497835.13,-72679.83,216,false
102315,2021-05-22,2021-05-22 20:41:00,AMER,Commodities,O'Brien Holdings,2021,Q2,916501.76,-62043.32,475,false
102316,2022-12-24,2022-12-24 01:21:00,EMEA,Equities,O'Brien Holdings,2022,Q4,465030.59,20440.69,327,true
102317,2023-02-09,2023-02-09 12:44:00,APAC,Credit,"Smith, ""Big"" Fund",2023,Q1,410244.08,22875.34,499,false
102318,2024-04-12,2024-04-12 04:42:00,AMER,Commodities,"Smith, ""Big"" Fund",2024,Q2,72342.97,-68902.20,460,true
102319,2025-02-20,2025-02-20 11:58:00,EMEA,Equities,"Smith, ""Big"" Fund",2025,Q1,821887.00,-26530.25,136,false
102320,2021-07-01,2021-07-01 04:52:00,APAC,Credit,Alpha Fund,2021,Q3,452759.43,15222.12,186,true
102321,2022-06-14,2022-06-14 11:59:00,AMER,Equities,Alpha Fund,2022,Q2,651678.83,-65481.59,217,true
102322,2023-04-18,2023-04-18 19:10:00,EMEA,FX,O'Brien Holdings,2023,Q2,136236.80,-2909.15,144,true
102323,2024-02-08,2024-02-08 06:02:00,APAC,Rates,Beta Fund,2024,Q1,478297.28,54176.30,188,true
102324,2025-08-06,2025-08-06 17:55:00,AMER,Credit,O'Brien Holdings,2025,Q3,319995.90,36674.63,17,false
102325,2021-09-20,2021-09-20 00:20:00,EMEA,Commodities,O'Brien Holdings,2021,Q3,51116.42,43630.95,39,true
102326,2022-04-09,2022-04-09 11:56:00,APAC,Equities,Alpha Fund,2022,Q2,332088.58,-2531.62,20,true
102327,2023-10-14,2023-10-14 01:12:00,AMER,Commodities,O'Brien Holdings,2023,Q4,689064.11,-4880.63,458,true
102328,2024-06-09,2024-06-09 19:12:00,EMEA,Commodities,"Smith, ""Big"" Fund",2024,Q2,405687.85,-40319.15,246,true
102329,2025-04-20,2025-04-20 23:48:00,APAC,Rates,Beta Fund,2025,Q2,546512.44,-83959.08,460,true
102330,2021-12-23,2021-12-23 01:24:00,AMER,Credit,Beta Fund,2021,Q4,653147.94,-20770.97,322,false
102331,2022-10-11,2022-10-11 02:17:00,EMEA,Commodities,"Smith, ""Big"" Fund",2022,Q4,682823.04,-78531.66,338,false
102332,2023-11-22,2023-11-22 04:20:00,APAC,FX,Alpha Fund,2023,Q4,279417.03,-47234.23,14,false
102333,2024-12-01,2024-12-01 05:38:00,AMER,Commodities,Alpha Fund,2024,Q4,539078.78,37623.87,25,true
102334,2025-01-06,2025-01-06 10:16:00,EMEA,FX,O'Brien Holdings,2025,Q1,849423.38,-3797.97,1,false
102335,2021-10-25,2021-10-25 03:09:00,APAC,FX,Beta Fund,2021,Q4,75216.06,-25144.05,107,false
102336,2022-07-05,2022-07-05 07:44:00,AMER,Equities,O'Brien Holdings,2022,Q3,41527.72,60255.40,400,false
102337,2023-01-12,2023-01-12 03:06:00,EMEA,Commodities,Alpha Fund,2023,Q1,214811.88,84739.47,186,true
102338,2024-02-22,2024-02-22 17:41:00,APAC,FX,Beta Fund,2024,Q1,783122.06,55637.94,255,true
102339,2025-07-06,2025-07-06 17:17:00,AMER,Rates,O'Brien Holdings,2025,Q3,144256.19,-1378.89,7,false
102340,2021-12-07,2021-12-07 03:51:00,EMEA,Rates,Alpha Fund,2021,Q4,128811.27,-12956.11,331,false
102341,2022-02-01,2022-02-01 04:05:00,APAC,Equities,O'Brien Holdings,2022,Q1,721807.49,-53458.99,448,true
102342,2023-07-10,2023-07-10 05:00:00,AMER,Rates,O'Brien Holdings,2023,Q3,886052.13,-58339.79,44,true
102343,2024-07-14,2024-07-14 07:06:00,EMEA,Commodities,"Smith, ""Big"" Fund",2024,Q3,739792.12,97438.64,229,true
102344,2025-03-16,2025-03-16 15:13:00,APAC,Equities,"Smith, ""Big"" Fund",2025,Q1,153935.76,60367.14,449,true
102345,2021-01-04,2021-01-04 14:54:00,AMER,Equities,"Smith, ""Big"" Fund",2021,Q1,637816.02,-63710.70,221,true
102346,2022-09-03,2022-09-03 11:07:00,EMEA,Credit,Alpha Fund,2022,Q3,689847.68,53945.87,275,true
102347,2023-08-24,2023-08-24 17:30:00,APAC,Equities,O'Brien Holdings,2023,Q3,368049.04,58870.96,57,true
102348,2024-01-06,2024-01-06 15:54:00,AMER,Equities,"Smith, ""Big"" Fund",2024,Q1,859877.55,88781.77,429,true
102349,2025-03-20,2025-03-20 19:05:00,EMEA,Rates,Alpha Fund,2025,Q1,708967.77,50921.69,120,true
102350,2021-12-18,2021-12-18 10:38:00,APAC,Equities,Beta Fund,2021,Q4,415903.63,17063.65,384,true
102351,2022-10-09,2022-10-09 17:34:00,AMER,Credit,Alpha Fund,2022,Q4,20990.87,14804.24,88,true
102352,2023-11-26,2023-11-26 04:04:00,EMEA,Rates,O'Brien Holdings,2023,Q4,264035.68,-55548.93,248,false
102353,2024-03-13,2024-03-13 05:04:00,APAC,Rates,Alpha Fund,2024,Q1,738049.32,-29036.78,270,true
102354,2025-07-20,2025-07-20 22:35:00,AMER,FX,O'Brien Holdings,2025,Q3,705390.45,-79287.91,352,false
102355,2021-09-08,2021-09-08 22:24:00,EMEA,Credit,"Smith, ""Big"" Fund",2021,Q3,518780.44,17315.46,4,true
102356,2022-01-28,2022-01-28 07:15:00,APAC,Equities,O'Brien Holdings,2022,Q1,782305.63,85119.86,238,true
102357,2023-08-17,2023-08-17 22:22:00,AMER,FX,O'Brien Holdings,2023,Q3,93927.23,13302.46,16,true
102358,2024-09-28,2024-09-28 19:54:00,EMEA,Commodities,Beta Fund,2024,Q3,28345.60,20949.81,124,true
102359,2025-04-10,2025-04-10 15:44:00,APAC,Commodities,"Smith, ""Big"" Fund",2025,Q2,938618.80,-48590.61,166,true
102360,2021-05-12,2021-05-12 17:00:00,AMER,Equities,O'Brien Holdings,2021,Q2,732176.26,91873.02,120,false
102361,2022-04-10,2022-04-10 03:48:00,EMEA,FX,Alpha Fund,2022,Q2,393850.76,-56152.69,370,true
102362,2023-12-17,2023-12-17 14:38:00,APAC,Credit,O'Brien Holdings,2023,Q4,673782.97,79412.94,372,true
102363,2024-09-19,2024-09-19 19:16:00,AMER,Equities,O'Brien Holdings,2024,Q3,56990.99,22746.82,203,false
102364,2025-07-05,2025-07-05 11:37:00,EMEA,Commodities,"Smith, ""Big"" Fund",2025,Q3,809364.31,47860.23,134,false
102365,2021-11-02,2021-11-02 13:09:00,APAC,Rates,Beta Fund,2021,Q4,849217.38,-79364.72,3,true
102366,2022-08-15,2022-08-15 14:21:00,AMER,Rates,Beta Fund,2022,Q3,698581.81,630.38,29,true
102367,2023-04-05,2023-04-05 10:51:00,EMEA,Commodities,"Smith, ""Big"" Fund",2023,Q2,574967.03,-67327.02,253,true
102368,2024-04-04,2024-04-04 21:47:00,APAC,Credit,O'Brien Holdings,2024,Q2,29829.49,-20703.90,475,true
102369,2025-11-14,2025-11-14 17:26:00,AMER,Commodities,Beta Fund,2025,Q4,188335.51,27311.42,484,false
102370,2021-11-13,2021-11-13 17:15:00,EMEA,Commodities,O'Brien Holdings,2021,Q4,246455.28,-18491.32,20,true
102371,2022-10-05,2022-10-05 11:21:00,APAC,FX,Beta Fund,2022,Q4,378484.66,61478.94,110,true
102372,2023-08-12,2023-08-12 09:15:00,AMER,Rates,Beta Fund,2023,Q3,498993.64,5191.18,315,true
102373,2024-06-10,2024-06-10 05:56:00,EMEA,Rates,O'Brien Holdings,2024,Q2,306336.16,-38592.23,40,true
102374,2025-12-08,2025-12-08 18:28:00,APAC,Rates,Beta Fund,2025,Q4,144047.15,61400.07,28,true
102375,2021-09-07,2021-09-07 11:05:00,AMER,Rates,O'Brien Holdings,2021,Q3,899203.01,-92571.62,480,true
102376,2022-08-22,2022-08-22 01:14:00,EMEA,Credit,"Smith, ""Big"" Fund",2022,Q3,818785.78,-98525.54,205,false
102377,2023-12-24,2023-12-24 20:21:00,APAC,FX,O'Brien Holdings,2023,Q4,244412.85,-56189.31,13,true
102378,2024-01-15,2024-01-15 22:08:00,AMER,Commodities,O'Brien Holdings,2024,Q1,784632.63,-22646.86,105,true
102379,2025-11-28,2025-11-28 10:55:00,EMEA,FX,Beta Fund,2025,Q4,387386.70,-48780.63,332,true
102380,2021-04-11,2021-04-11 02:53:00,APAC,Credit,O'Brien Holdings,2021,Q2,222205.88,55698.98,108,true
102381,2022-05-02,2022-05-02 21:44:00,AMER,Equities,Beta Fund,2022,Q2,456510.72,-19870.16,83,true
102382,2023-12-26,2023-12-26 16:37:00,EMEA,FX,Alpha Fund,2023,Q4,668473.15,88508.27,99,true
102383,2024-03-08,2024-03-08 09:11:00,APAC,Commodities,"Smith, ""Big"" Fund",2024,Q1,859151.28,-65212.76,218,true
102384,2025-04-07,2025-04-07 23:00:00,AMER,FX,Alpha Fund,2025,Q2,955571.25,-47376.66,312,true
102385,2021-12-14,2021-12-14 17:32:00,EMEA,Credit,O'Brien Holdings,2021,Q4,450050.58,67439.13,434,true
102386,2022-03-14,2022-03-14 15:51:00,APAC,FX,"Smith, ""Big"" Fund",2022,Q1,995867.96,-30280.21,25,true
102387,2023-04-18,2023-04-18 11:39:00,AMER,Rates,"Smith, ""Big"" Fund",2023,Q2,971197.85,-37024.42,464,true
102388,2024-11-18,2024-11-18 06:30:00,EMEA,Rates,"Smith, ""Big"" Fund",2024,Q4,797032.41,19025.05,278,true
102389,2025-07-17,2025-07-17 21:58:00,APAC,Commodities,O'Brien Holdings,2025,Q3,598633.05,-22978.57,294,false
102390,2021-09-20,2021-09-20 09:47:00,AMER,Credit,"Smith, ""Big"" Fund",2021,Q3,648351.62,51489.62,264,false
102391,2022-05-06,2022-05-06 22:43:00,EMEA,Equities,Beta Fund,2022,Q2,404860.33,-96913.47,155,false
102392,2023-03-04,2023-03-04 15:06:00,APAC,FX,"Smith, ""Big"" Fund",2023,Q1,424118.21,-59859.39,316,true
102393,2024-08-21,2024-08-21 09:14:00,AMER,Equities,"Smith, ""Big"" Fund",2024,Q3,866950.69,39052.51,145,true
102394,2025-01-24,2025-01-24 18:02:00,EMEA,Commodities,"Smith, ""Big"" Fund",2025,Q1,496043.11,-10968.07,29,false
102395,2021-04-21,2021-04-21 23:12:00,APAC,FX,Beta Fund,2021,Q2,801657.96,91414.61,189,true
102396,2022-12-26,2022-12-26 21:00:00,AMER,Credit,O'Brien Holdings,2022,Q4,939588.78,-18451.37,383,true
102397,2023-08-07,2023-08-07 22:43:00,EMEA,Credit,O'Brien Holdings,2023,Q3,487636.60,-25093.04,298,true
102398,2024-08-12,2024-08-12 22:49:00,APAC,FX,Alpha Fund,2024,Q3,503718.39,33476.18,410,false
102399,2025-11-22,2025-11-22 14:36:00,AMER,Credit,Beta Fund,2025,Q4,919483.26,29018.77,349,false
102400,2021-03-28,2021-03-28 17:55:00,EMEA,Rates,Alpha Fund,2021,Q1,883192.37,95251.73,406,true
102401,2022-03-06,2022-03-06 06:05:00,APAC,Commodities,"Smith, ""Big"" Fund",2022,Q1,753852.59,-19338.63,230,true
102402,2023-09-22,2023-09-22 08:06:00,AMER,Rates,Beta Fund,2023,Q3,141699.32,84544.90,476,true
102403,2024-04-20,2024-04-20 11:39:00,EMEA,Credit,Alpha Fund,2024,Q2,144884.74,37920.37,24,true
102404,2025-09-08,2025-09-08 06:05:00,APAC,FX,"Smith, ""Big"" Fund",2025,Q3,973147.49,25174.40,84,true
102405,2021-09-18,2021-09-18 22:10:00,AMER,Credit,Beta Fund,2021,Q3,322988.52,-76313.95,207,false
102406,2022-04-07,2022-04-07 10:27:00,EMEA,FX,Beta Fund,2022,Q2,517063.08,55471.90,181,true
102407,2023-06-14,2023-06-14 03:29:00,APAC,Credit,Beta Fund,2023,Q2,418079.41,-5262.58,210,false
102408,2024-09-02,2024-09-02 17:54:00,AMER,Equities,Alpha Fund,2024,Q3,310214.98,-35970.06,460,true
102409,2025-09-03,2025-09-03 23:18:00,EMEA,FX,Beta Fund,2025,Q3,898912.31,28983.27,461,true
102410,2021-09-15,2021-09-15 02:21:00,APAC,Commodities,O'Brien Holdings,2021,Q3,590674.35,32395.15,6,true
102411,2022-12-25,2022-12-25 12:01:00,AMER,Credit,"Smith, ""Big"" Fund",2022,Q4,591746.23,-7457.58,17,true
102412,2023-07-11,2023-07-11 19:17:00,EMEA,FX,O'Brien Holdings,2023,Q3,24940.66,-53841.55,147,false
102413,2024-05-15,2024-05-15 17:43:00,APAC,Commodities,O'Brien Holdings,2024,Q2,634380.63,47407.49,290,true
102414,2025-02-02,2025-02-02 03:21:00,AMER,FX,Alpha Fund,2025,Q1,538222.92,-84483.35,3,true
102415,2021-07-18,2021-07-18 12:28:00,EMEA,Credit,O'Brien Holdings,2021,Q3,997492.04,34995.38,69,true
102416,2022-10-08,2022-10-08 14:25:00,APAC,Rates,Alpha Fund,2022,Q4,979929.28,53361.82,162,true
102417,2023-07-02,2023-07-02 23:25:00,AMER,Rates,Beta Fund,2023,Q3,351938.58,38158.48,183,false
102418,2024-02-15,2024-02-15 13:08:00,EMEA,Commodities,"Smith, ""Big"" Fund",2024,Q1,964623.15,86609.85,203,true
102419,2025-04-28,2025-04-28 10:07:00,APAC,Equities,"Smith, ""Big"" Fund",2025,Q2,516927.86,-33996.31,405,false
102420,2021-04-27,2021-04-27 06:23:00,AMER,Rates,Alpha Fund,2021,Q2,221275.94,10707.49,485,true
102421,2022-03-15,2022-03-15 11:04:00,EMEA,Credit,"Smith, ""Big"" Fund",2022,Q1,612099.04,97757.14,272,true
102422,2023-09-23,2023-09-23 06:37:00,APAC,Equities,O'Brien Holdings,2023,Q3,918554.12,53783.56,110,true
102423,2024-02-08,2024-02-08 18:53:00,AMER,FX,Alpha Fund,2024,Q1,746491.79,-35737.31,495,true
102424,2025-10-21,2025-10-21 09:11:00,EMEA,Equities,O'Brien Holdings,2025,Q4,806214.96,59684.68,259,true
102425,2021-02-04,2021-02-04 22:42:00,APAC,Credit,Beta Fund,2021,Q1,906089.44,-24827.85,413,true
102426,2022-05-04,2022-05-04 04:00:00,AMER,Credit,O'Brien Holdings,2022,Q2,256854.53,2659.30,317,true
102427,2023-07-22,2023-07-22 22:53:00,EMEA,Rates,Beta Fund,2023,Q3,279585.56,6292.74,186,true
102428,2024-07-08,2024-07-08 07:59:00,APAC,Equities,"Smith, ""Big"" Fund",2024,Q3,506413.35,5525.38,292,true
102429,2025-02-13,2025-02-13 10:49:00,AMER,Equities,"Smith, ""Big"" Fund",2025,Q1,475874.15,82821.88,30,true
102430,2021-10-05,2021-10-05 23:07:00,EMEA,Commodities,O'Brien Holdings,2021,Q4,910616.84,-57428.74,369,false
102431,2022-07-11,2022-07-11 18:30:00,APAC,Commodities,Alpha Fund,2022,Q3,647016.19,-36469.89,46,false
102432,2023-03-08,2023-03-08 23:42:00,AMER,FX,Alpha Fund,2023,Q1,203637.22,91886.29,427,true
102433,2024-11-28,2024-11-28 19:04:00,EMEA,Credit,Beta Fund,2024,Q4,599660.68,-27727.91,4,true
102434,2025-12-06,2025-12-06 10:06:00,APAC,Rates,Alpha Fund,2025,Q4,551731.22,81508.93,121,true
102435,2021-02-11,2021-02-11 04:40:00,AMER,Commodities,Alpha Fund,2021,Q1,109789.78,-62401.90,164,false
102436,2022-03-10,2022-03-10 13:54:00,EMEA,Credit,"Smith, ""Big"" Fund",2022,Q1,292839.36,55775.67,441,true
102437,2023-12-19,2023-12-19 16:43:00,APAC,FX,Alpha Fund,2023,Q4,602981.16,-2907.46,353,true
102438,2024-12-28,2024-12-28 06:28:00,AMER,Rates,"Smith, ""Big"" Fund",2024,Q4,50456.08,-43412.91,167,true
102439,2025-04-21,2025-04-21 19:12:00,EMEA,Credit,O'Brien Holdings,2025,Q2,967219.63,-77738.59,58,true
102440,2021-09-21,2021-09-21 03:08:00,APAC,Commodities,"Smith, ""Big"" Fund",2021,Q3,922876.44,-46662.80,490,true
102441,2022-06-06,2022-06-06 03:22:00,AMER,Equities,"Smith, ""Big"" Fund",2022,Q2,862830.61,-9947.70,113,true
102442,2023-01-22,2023-01-22 19:08:00,EMEA,Credit,"Smith, ""Big"" Fund",2023,Q1,154222.27,-9340.61,498,true
102443,2024-02-23,2024-02-23 17:00:00,APAC,Commodities,O'Brien Holdings,2024,Q1,102176.97,67864.47,495,true
102444,2025-03-10,2025-03-10 10:42:00,AMER,FX,O'Brien Holdings,2025,Q1,178714.87,-33370.46,347,true
102445,2021-05-08,2021-05-08 12:52:00,EMEA,Equities,Alpha Fund,2021,Q2,228984.30,-45480.72,484,true
102446,2022-08-24,2022-08-24 00:40:00,APAC,Rates,Alpha Fund,2022,Q3,295071.62,-85432.78,236,true
102447,2023-05-11,2023-05-11 02:07:00,AMER,Commodities,"Smith, ""Big"" Fund",2023,Q2,321961.30,-8548.15,499,true
102448,2024-05-04,2024-05-04 02:28:00,EMEA,Rates,Beta Fund,2024,Q2,762019.21,-85674.12,420,true
102449,2025-10-15,2025-10-15 19:27:00,APAC,Commodities,"Smith, ""Big"" Fund",2025,Q4,424873.22,76506.73,171,true
102450,2021-05-17,2021-05-17 09:31:00,AMER,Rates,O'Brien Holdings,2021,Q2,765188.15,40652.33,106,true
102451,2022-01-09,2022-01-09 01:20:00,EMEA,Equities,Alpha Fund,2022,Q1,286973.07,-61296.54,322,true
102452,2023-12-14,2023-12-14 03:26:00,APAC,Commodities,O'Brien Holdings,2023,Q4,542670.77,-85253.55,73,true
102453,2024-11-12,2024-11-12 16:00:00,AMER,Credit,Alpha Fund,2024,Q4,304865.17,-22960.00,156,true
102454,2025-09-08,2025-09-08 00:53:00,EMEA,Commodities,Beta Fund,2025,Q3,930114.32,-31297.35,487,true
102455,2021-03-06,2021-03-06 20:34:00,APAC,Equities,Beta Fund,2021,Q1,164341.43,97634.84,430,true
102456,2022-05-11,2022-05-11 12:44:00,AMER,Commodities,Beta Fund,2022,Q2,369340.63,-68417.48,158,true
102457,2023-12-20,2023-12-20 07:56:00,EMEA,FX,Alpha Fund,2023,Q4,989707.26,52443.67,229,true
102458,2024-04-12,2024-04-12 07:40:00,APAC,Credit,O'Brien Holdings,2024,Q2,44223.86,-39056.13,245,true
102459,2025-03-17,2025-03-17 12:49:00,AMER,Rates,"Smith, ""Big"" Fund",2025,Q1,447464.69,57218.31,97,true
102460,2021-02-25,2021-02-25 06:25:00,EMEA,Equities,"Smith, ""Big"" Fund",2021,Q1,431466.41,67063.34,330,false
102461,2022-03-02,2022-03-02 19:01:00,APAC,Commodities,Beta Fund,2022,Q1,355420.41,28802.46,133,true
102462,2023-02-20,2023-02-20 02:17:00,AMER,Rates,Alpha Fund,2023,Q1,440111.47,52845.53,405,false
102463,2024-04-24,2024-04-24 00:36:00,EMEA,Credit,"Smith, ""Big"" Fund",2024,Q2,437008.27,67676.48,445,true
102464,2025-03-14,2025-03-14 20:47:00,APAC,Commodities,"Smith, ""Big"" Fund",2025,Q1,768420.91,1911.16,206,true
102465,2021-10-17,2021-10-17 12:45:00,AMER,Commodities,Beta Fund,2021,Q4,845960.03,81811.26,94,false
102466,2022-09-07,2022-09-07 14:21:00,EMEA,Equities,Alpha Fund,2022,Q3,799947.85,-98350.43,248,true
102467,2023-10-14,2023-10-14 09:59:00,APAC,FX,"Smith, ""Big"" Fund",2023,Q4,41289.26,81509.29,223,true
102468,2024-03-19,2024-03-19 04:08:00,AMER,FX,O'Brien Holdings,2024,Q1,154209.63,-86923.10,468,true
102469,2025-07-11,2025-07-11 02:00:00,EMEA,Credit,O'Brien Holdings,2025,Q3,600348.65,-96586.28,346,true
102470,2021-07-17,2021-07-17 10:25:00,APAC,Credit,Alpha Fund,2021,Q3,392224.31,29888.97,424,true
102471,2022-10-04,2022-10-04 18:05:00,AMER,Equities,"Smith, ""Big"" Fund",2022,Q4,674697.72,-27595.92,406,false
102472,2023-06-23,2023-06-23 15:40:00,EMEA,Credit,O'Brien Holdings,2023,Q2,917028.99,-95664.32,419,true
102473,2024-07-03,2024-07-03 18:15:00,APAC,Rates,O'Brien Holdings,2024,Q3,5784.84,-59684.08,5,true
102474,2025-12-09,2025-12-09 22:54:00,AMER,FX,Beta Fund,2025,Q4,294396.37,73250.83,439,true
102475,2021-05-08,2021-05-08 02:05:00,EMEA,Equities,Beta Fund,2021,Q2,581775.43,30632.26,178,true
102476,2022-02-28,2022-02-28 12:41:00,APAC,Rates,"Smith, ""Big"" Fund",2022,Q1,915945.10,76054.06,128,false
102477,2023-06-23,2023-06-23 17:09:00,AMER,FX,"Smith, ""Big"" Fund",2023,Q2,542042.08,71551.25,282,true
102478,2024-02-03,2024-02-03 09:16:00,EMEA,Commodities,Beta Fund,2024,Q1,6551.34,89361.69,446,true
102479,2025-01-07,2025-01-07 20:08:00,APAC,Credit,O'Brien Holdings,2025,Q1,825452.92,-28929.06,163,true
102480,2021-04-01,2021-04-01 00:23:00,AMER,Commodities,"Smith, ""Big"" Fund",2021,Q2,79373.34,-98833.44,396,false
102481,2022-12-20,2022-12-20 09:17:00,EMEA,Rates,Alpha Fund,2022,Q4,909304.37,-71112.90,68,true
102482,2023-04-15,2023-04-15 18:06:00,APAC,FX,Beta Fund,2023,Q2,233910.10,75569.11,150,true
102483,2024-07-01,2024-07-01 03:35:00,AMER,Credit,"Smith, ""Big"" Fund",2024,Q3,609611.52,16481.93,161,true
102484,2025-10-06,2025-10-06 16:05:00,EMEA,Rates,"Smith, ""Big"" Fund",2025,Q4,292364.26,30473.36,179,true
102485,2021-04-10,2021-04-10 15:51:00,APAC,Credit,Beta Fund,2021,Q2,608315.06,-27782.87,27,true
102486,2022-01-11,2022-01-11 13:57:00,AMER,Commodities,Beta Fund,2022,Q1,141073.42,13199.81,114,true
102487,2023-05-14,2023-05-14 05:49:00,EMEA,Equities,"Smith, ""Big"" Fund",2023,Q2,330109.09,-44309.27,381,true
102488,2024-08-17,2024-08-17 19:47:00,APAC,Commodities,O'Brien Holdings,2024,Q3,368070.87,-84660.09,480,true
102489,2025-08-23,2025-08-23 05:35:00,AMER,Credit,Beta Fund,2025,Q3,368124.33,-74488.74,144,true
102490,2021-11-02,2021-11-02 00:11:00,EMEA,Rates,O'Brien Holdings,2021,Q4,842690.99,-38298.14,478,true
102491,2022-11-01,2022-11-01 02:45:00,APAC,Commodities,O'Brien Holdings,2022,Q4,918623.15,-74567.87,476,true
102492,2023-12-13,2023-12-13 09:24:00,AMER,Equities,"Smith, ""Big"" Fund",2023,Q4,752753.93,-52033.44,181,true
102493,2024-10-25,2024-10-25 18:11:00,EMEA,FX,"Smith, ""Big"" Fund",2024,Q4,326749.69,-47556.17,164,true
102494,2025-04-19,2025-04-19 15:41:00,APAC,FX,O'Brien Holdings,2025,Q2,867033.00,-21204.44,51,true
102495,2021-09-24,2021-09-24 18:36:00,AMER,Equities,"Smith, ""Big"" Fund",2021,Q3,853508.69,18089.54,326,true
102496,2022-01-01,2022-01-01 12:00:00,EMEA,Credit,"Smith, ""Big"" Fund",2022,Q1,691939.11,11541.81,25,true
102497,2023-02-23,2023-02-23 15:54:00,APAC,FX,Beta Fund,2023,Q1,835261.80,-46563.42,100,true
102498,2024-12-14,2024-12-14 13:07:00,AMER,FX,Beta Fund,2024,Q4,28117.25,27434.47,133,true
102499,2025-12-18,2025-12-18 07:41:00,EMEA,Credit,Beta Fund,2025,Q4,88348.72,-21526.20,249,true
102500,2021-07-01,2021-07-01 21:22:00,APAC,Equities,"Smith, ""Big"" Fund",2021,Q3,955197.05,42803.96,268,true
102501,2022-07-02,2022-07-02 08:49:00,AMER,Credit,O'Brien Holdings,2022,Q3,925200.90,40084.47,273,true
102502,2023-06-22,2023-06-22 22:38:00,EMEA,Credit,O'Brien Holdings,2023,Q2,585812.54,6602.22,259,true
102503,2024-03-21,2024-03-21 06:47:00,APAC,FX,O'Brien Holdings,2024,Q1,759111.43,5299.00,443,true
102504,2025-08-27,2025-08-27 20:35:00,AMER,Credit,Beta Fund,2025,Q3,452196.57,44664.19,471,true
102505,2021-01-02,2021-01-02 23:03:00,EMEA,FX,Beta Fund,2021,Q1,845549.18,34051.38,378,true
102506,2022-06-14,2022-06-14 18:55:00,APAC,Equities,O'Brien Holdings,2022,Q2,442417.12,94049.33,114,false
102507,2023-02-05,2023-02-05 13:29:00,AMER,FX,Alpha Fund,2023,Q1,364519.52,-15303.35,277,true
102508,2024-03-19,2024-03-19 14:54:00,EMEA,Commodities,Beta Fund,2024,Q1,609953.23,-43866.06,69,true
102509,2025-06-21,2025-06-21 15:34:00,APAC,Credit,Beta Fund,2025,Q2,997565.82,-64132.06,288,true
102510,2021-09-03,2021-09-03 03:01:00,AMER,Rates,O'Brien Holdings,2021,Q3,861255.32,33179.47,166,true
102511,2022-12-27,2022-12-27 10:10:00,EMEA,Rates,Beta Fund,2022,Q4,953088.68,37669.23,418,true
102512,2023-08-06,2023-08-06 05:07:00,APAC,Credit,Alpha Fund,2023,Q3,170133.35,74978.28,99,false
102513,2024-04-14,2024-04-14 15:10:00,AMER,FX,"Smith, ""Big"" Fund",2024,Q2,153456.69,-39692.33,6,true
102514,2025-02-03,2025-02-03 04:16:00,EMEA,Commodities,"Smith, ""Big"" Fund",2025,Q1,968428.80,-23745.65,138,true
102515,2021-07-09,2021-07-09 23:02:00,APAC,Credit,"Smith, ""Big"" Fund",2021,Q3,303295.48,-30703.62,125,true
102516,2022-04-18,2022-04-18 16:33:00,AMER,Credit,O'Brien Holdings,2022,Q2,657620.70,61238.44,105,true
102517,2023-04-07,2023-04-07 03:13:00,EMEA,FX,O'Brien Holdings,2023,Q2,943057.33,-54612.09,245,true
102518,2024-03-17,2024-03-17 13:28:00,APAC,FX,Alpha Fund,2024,Q1,117788.93,-93113.65,358,false
102519,2025-04-16,2025-04-16 03:20:00,AMER,Equities,"Smith, ""Big"" Fund",2025,Q2,203814.15,-42911.96,432,true
102520,2021-07-14,2021-07-14 00:33:00,EMEA,Equities,"Smith, ""Big"" Fund",2021,Q3,885998.87,-20085.93,306,true
102521,2022-01-25,2022-01-25 15:55:00,APAC,FX,"Smith, ""Big"" Fund",2022,Q1,286821.97,-52122.92,31,true
102522,2023-07-20,2023-07-20 11:38:00,AMER,Equities,Alpha Fund,2023,Q3,424911.93,34460.12,25,true
102523,2024-12-05,2024-12-05 04:41:00,EMEA,FX,O'Brien Holdings,2024,Q4,833897.94,31091.16,97,true
102524,2025-09-25,2025-09-25 00:16:00,APAC,Commodities,Alpha Fund,2025,Q3,495937.10,34353.54,265,true
102525,2021-04-23,2021-04-23 02:23:00,AMER,Rates,Alpha Fund,2021,Q2,963461.79,26920.22,178,true
102526,2022-06-16,2022-06-16 03:42:00,EMEA,Credit,Beta Fund,2022,Q2,172142.65,-82680.47,75,false
102527,2023-11-19,2023-11-19 07:56:00,APAC,Commodities,Beta Fund,2023,Q4,766067.62,75400.72,284,true
102528,2024-01-26,2024-01-26 14:24:00,AMER,Credit,Beta Fund,2024,Q1,63840.53,1480.87,466,false
102529,2025-04-13,2025-04-13 08:25:00,EMEA,Credit,O'Brien Holdings,2025,Q2,66528.94,-85709.48,365,true
102530,2021-09-21,2021-09-21 10:26:00,APAC,Equities,"Smith, ""Big"" Fund",2021,Q3,572142.63,-42834.34,239,true
102531,2022-10-17,2022-10-17 00:21:00,AMER,Credit,"Smith, ""Big"" Fund",2022,Q4,439016.72,83922.14,66,true
102532,2023-02-07,2023-02-07 19:39:00,EMEA,Equities,Beta Fund,2023,Q1,427231.11,64566.94,195,true
102533,2024-06-11,2024-06-11 12:09:00,APAC,FX,Beta Fund,2024,Q2,182536.65,43060.00,321,true
102534,2025-11-17,2025-11-17 06:49:00,AMER,FX,Beta Fund,2025,Q4,766459.33,-5521.99,196,true
102535,2021-09-23,2021-09-23 12:31:00,EMEA,Credit,O'Brien Holdings,2021,Q3,81873.32,-48182.86,139,true
102536,2022-02-20,2022-02-20 17:21:00,APAC,Credit,"Smith, ""Big"" Fund",2022,Q1,744553.29,-73741.31,414,true
102537,2023-07-10,2023-07-10 04:56:00,AMER,FX,Alpha Fund,2023,Q3,703564.09,20326.86,363,true
102538,2024-10-25,2024-10-25 04:27:00,EMEA,Equities,"Smith, ""Big"" Fund",2024,Q4,868192.55,12845.69,231,true
102539,2025-08-18,2025-08-18 03:08:00,APAC,Commodities,Alpha Fund,2025,Q3,426018.49,-93388.32,441,true
102540,2021-08-20,2021-08-20 03:37:00,AMER,Equities,Alpha Fund,2021,Q3,669180.24,-67461.45,43,true
102541,2022-11-19,2022-11-19 14:07:00,EMEA,Credit,Beta Fund,2022,Q4,904128.11,-9742.49,63,true
102542,2023-02-10,2023-02-10 23:32:00,APAC,Commodities,O'Brien Holdings,2023,Q1,512789.54,73203.65,85,true
102543,2024-09-03,2024-09-03 19:44:00,AMER,Commodities,Beta Fund,2024,Q3,150815.48,-87777.79,432,true
102544,2025-11-23,2025-11-23 21:14:00,EMEA,Credit,Alpha Fund,2025,Q4,217085.25,-10973.66,141,true
102545,2021-08-25,2021-08-25 06:01:00,APAC,Commodities,Alpha Fund,2021,Q3,539575.74,19817.65,56,true
102546,2022-12-22,2022-12-22 22:24:00,AMER,Credit,O'Brien Holdings,2022,Q4,692045.22,-7129.37,479,true
102547,2023-01-17,2023-01-17 06:51:00,EMEA,Equities,O'Brien Holdings,2023,Q1,586128.00,69238.35,480,true
102548,2024-02-19,2024-02-19 11:45:00,APAC,Credit,Alpha Fund,2024,Q1,43523.32,-25085.46,461,true
102549,2025-09-28,2025-09-28 19:05:00,AMER,Commodities,O'Brien Holdings,2025,Q3,982463.24,33829.80,3,true
102550,2021-01-23,2021-01-23 13:57:00,EMEA,FX,Beta Fund,2021,Q1,256735.82,-22817.57,382,false
102551,2022-01-22,2022-01-22 19:14:00,APAC,Commodities,Beta Fund,2022,Q1,6479.66,-38867.28,136,true
102552,2023-05-18,2023-05-18 20:00:00,AMER,Credit,Alpha Fund,2023,Q2,303343.93,-46472.31,89,true
102553,2024-03-28,2024-03-28 16:09:00,EMEA,Commodities,Beta Fund,2024,Q1,92732.53,-40583.46,481,false
102554,2025-09-22,2025-09-22 03:46:00,APAC,Commodities,"Smith, ""Big"" Fund",2025,Q3,639727.61,-28266.25,70,true
102555,2021-02-01,2021-02-01 04:33:00,AMER,Commodities,Beta Fund,2021,Q1,795523.36,81329.21,463,true
102556,2022-07-12,2022-07-12 10:25:00,EMEA,FX,"Smith, ""Big"" Fund",2022,Q3,213277.12,61421.82,370,true
102557,2023-09-23,2023-09-23 11:36:00,APAC,FX,"Smith, ""Big"" Fund",2023,Q3,420570.80,-80598.34,382,true
102558,2024-05-07,2024-05-07 00:36:00,AMER,Commodities,O'Brien Holdings,2024,Q2,39579.39,-43602.19,247,true
102559,2025-03-28,2025-03-28 01:29:00,EMEA,Credit,Alpha Fund,2025,Q1,660311.07,-21147.81,287,false
102560,2021-10-11,2021-10-11 08:59:00,APAC,Credit,Beta Fund,2021,Q4,230362.83,-20630.57,457,true
102561,2022-04-23,2022-04-23 21:36:00,AMER,Rates,O'Brien Holdings,2022,Q2,244099.84,-49798.56,205,false
102562,2023-07-05,2023-07-05 19:59:00,EMEA,FX,Beta Fund,2023,Q3,990537.90,-22766.95,85,false
102563,2024-10-17,2024-10-17 23:12:00,APAC,Credit,"Smith, ""Big"" Fund",2024,Q4,614442.26,-14136.69,235,true
102564,2025-11-21,2025-11-21 16:34:00,AMER,FX,Beta Fund,2025,Q4,760436.90,40203.58,238,true
102565,2021-06-27,2021-06-27 08:29:00,EMEA,Equities,O'Brien Holdings,2021,Q2,913338.96,-59567.29,329,true
102566,2022-12-25,2022-12-25 00:43:00,APAC,FX,Alpha Fund,2022,Q4,533383.89,-40768.90,326,true
102567,2023-10-23,2023-10-23 12:13:00,AMER,FX,Beta Fund,2023,Q4,937455.68,-90930.15,362,true
102568,2024-09-24,2024-09-24 03:13:00,EMEA,Commodities,Alpha Fund,2024,Q3,91161.13,50586.59,62,true
102569,2025-03-04,2025-03-04 09:34:00,APAC,Credit,Beta Fund,2025,Q1,479700.12,-17092.45,493,true
102570,2021-03-08,2021-03-08 14:58:00,AMER,FX,O'Brien Holdings,2021,Q1,586374.64,-55915.76,369,true
102571,2022-08-24,2022-08-24 09:05:00,EMEA,Credit,O'Brien Holdings,2022,Q3,372243.41,-60131.53,70,true
102572,2023-07-16,2023-07-16 12:58:00,APAC,Equities,Alpha Fund,2023,Q3,247363.02,34060.57,480,true
102573,2024-09-25,2024-09-25 20:06:00,AMER,Credit,Alpha Fund,2024,Q3,976616.42,60549.45,117,true
102574,2025-11-04,2025-11-04 22:09:00,EMEA,Equities,"Smith, ""Big"" Fund",2025,Q4,574839.84,60170.68,9,true
102575,2021-05-27,2021-05-27 21:42:00,APAC,FX,"Smith, ""Big"" Fund",2021,Q2,566356.19,42332.87,5,true
102576,2022-01-09,2022-01-09 11:45:00,AMER,Equities,Alpha Fund,2022,Q1,362122.86,-30783.57,465,true
102577,2023-11-26,2023-11-26 15:55:00,EMEA,Credit,"Smith, ""Big"" Fund",2023,Q4,817037.59,-50149.99,285,true
102578,2024-11-06,2024-11-06 11:05:00,APAC,Equities,"Smith, ""Big"" Fund",2024,Q4,156927.08,94083.49,14,false
102579,2025-08-04,2025-08-04 18:44:00,AMER,Rates,O'Brien Holdings,2025,Q3,850580.68,-87035.44,171,true
102580,2021-03-09,2021-03-09 22:35:00,EMEA,Equities,O'Brien Holdings,2021,Q1,747699.46,28793.09,406,true
102581,2022-09-28,2022-09-28 09:03:00,APAC,FX,O'Brien Holdings,2022,Q3,174769.63,-49241.84,347,false
102582,2023-03-03,2023-03-03 07:29:00,AMER,Commodities,Beta Fund,2023,Q1,858635.85,-73994.26,256,true
102583,2024-02-01,2024-02-01 10:41:00,EMEA,Credit,"Smith, ""Big"" Fund",2024,Q1,330308.62,-10404.26,247,true
102584,2025-09-17,2025-09-17 23:21:00,APAC,Rates,"Smith, ""Big"" Fund",2025,Q3,408434.77,-57951.71,45,true
102585,2021-12-04,2021-12-04 00:49:00,AMER,Commodities,Beta Fund,2021,Q4,717758.94,-55784.69,387,true
102586,2022-05-18,2022-05-18 19:40:00,EMEA,Equities,Alpha Fund,2022,Q2,159630.20,77.86,25,true
102587,2023-03-21,2023-03-21 21:32:00,APAC,Commodities,"Smith, ""Big"" Fund",2023,Q1,416650.10,-26531.40,307,true
102588,2024-08-09,2024-08-09 17:04:00,AMER,Rates,Alpha Fund,2024,Q3,60330.82,95652.09,478,true
102589,2025-09-25,2025-09-25 09:28:00,EMEA,FX,Beta Fund,2025,Q3,638718.95,-2762.36,311,true
102590,2021-11-14,2021-11-14 18:40:00,APAC,Rates,O'Brien Holdings,2021,Q4,564804.11,8882.69,303,true
102591,2022-12-08,2022-12-08 08:43:00,AMER,Commodities,Beta Fund,2022,Q4,407374.53,-27118.07,282,true
102592,2023-12-27,2023-12-27 11:32:00,EMEA,Credit,"Smith, ""Big"" Fund",2023,Q4,627061.03,-90767.29,89,true
102593,2024-08-12,2024-08-12 18:20:00,APAC,FX,"Smith, ""Big"" Fund",2024,Q3,841261.74,-6937.74,395,true
102594,2025-07-16,2025-07-16 03:00:00,AMER,Equities,Beta Fund,2025,Q3,546755.16,-35513.54,261,true
102595,2021-05-04,2021-05-04 09:22:00,EMEA,Rates,"Smith, ""Big"" Fund",2021,Q2,797070.85,29808.18,180,true
102596,2022-11-09,2022-11-09 05:24:00,APAC,Rates,"Smith, ""Big"" Fund",2022,Q4,97807.63,-58438.70,252,true
102597,2023-03-15,2023-03-15 19:03:00,AMER,FX,Beta Fund,2023,Q1,775507.95,83196.80,154,false
102598,2024-02-01,2024-02-01 22:05:00,EMEA,Commodities,Beta Fund,2024,Q1,6119.47,38063.85,144,true
102599,2025-10-23,2025-10-23 15:07:00,APAC,Rates,Alpha Fund,2025,Q4,277028.47,59717.47,498,true
102600,2021-02-20,2021-02-20 11:44:00,AMER,Equities,"Smith, ""Big"" Fund",2021,Q1,718526.44,-56162.77,245,false
102601,2022-02-16,2022-02-16 01:30:00,EMEA,Credit,"Smith, ""Big"" Fund",2022,Q1,57594.78,31227.66,304,false
102602,2023-12-15,2023-12-15 10:15:00,APAC,Equities,Alpha Fund,2023,Q4,775513.52,-35136.71,424,false
102603,2024-02-26,2024-02-26 19:02:00,AMER,Credit,Alpha Fund,2024,Q1,495563.85,21824.30,75,true
102604,2025-06-28,2025-06-28 23:57:00,EMEA,Credit,"Smith, ""Big"" Fund",2025,Q2,430554.17,-89628.37,176,true
102605,2021-09-21,2021-09-21 13:16:00,APAC,Commodities,Alpha Fund,2021,Q3,968689.33,24121.34,443,true
102606,2022-03-27,2022-03-27 20:41:00,AMER,Commodities,"Smith, ""Big"" Fund",2022,Q1,389804.89,-2017.13,218,true
102607,2023-08-01,2023-08-01 01:14:00,EMEA,Equities,"Smith, ""Big"" Fund",2023,Q3,920150.70,-32329.35,102,false
102608,2024-08-25,2024-08-25 07:23:00,APAC,Credit,O'Brien Holdings,2024,Q3,358241.88,79124.52,82,true
102609,2025-02-15,2025-02-15 13:27:00,AMER,Credit,Alpha Fund,2025,Q1,440988.73,44209.10,108,true
102610,2021-09-28,2021-09-28 17:51:00,EMEA,Credit,"Smith, ""Big"" Fund",2021,Q3,999748.12,-38473.31,113,true
102611,2022-07-02,2022-07-02 01:52:00,APAC,Rates,O'Brien Holdings,2022,Q3,27590.17,-88572.93,421,true
102612,2023-03-28,2023-03-28 23:52:00,AMER,Rates,O'Brien Holdings,2023,Q1,800172.51,-2708.22,59,true
102613,2024-03-09,2024-03-09 11:22:00,EMEA,Equities,O'Brien Holdings,2024,Q1,879266.54,-79623.99,233,true
102614,2025-05-28,2025-05-28 15:12:00,APAC,Rates,Alpha Fund,2025,Q2,420483.53,-78533.92,198,true
102615,2021-05-10,2021-05-10 20:48:00,AMER,Equities,O'Brien Holdings,2021,Q2,465720.50,-35818.16,8,true
102616,2022-03-14,2022-03-14 20:55:00,EMEA,Commodities,Beta Fund,2022,Q1,421951.47,46921.46,235,true
102617,2023-06-17,2023-06-17 09:47:00,APAC,Credit,O'Brien Holdings,2023,Q2,602651.16,-2545.64,404,false
102618,2024-04-08,2024-04-08 04:27:00,AMER,Rates,Beta Fund,2024,Q2,499793.39,38656.79,225,true
102619,2025-06-04,2025-06-04 01:44:00,EMEA,Commodities,Beta Fund,2025,Q2,993613.36,-74760.99,130,true
102620,2021-05-21,2021-05-21 10:48:00,APAC,Credit,"Smith, ""Big"" Fund",2021,Q2,497537.44,50295.00,201,true
102621,2022-03-14,2022-03-14 09:39:00,AMER,Equities,Beta Fund,2022,Q1,639681.59,-14602.76,452,true
102622,2023-08-27,2023-08-27 10:08:00,EMEA,Credit,"Smith, ""Big"" Fund",2023,Q3,505922.10,-99047.28,478,true
102623,2024-10-12,2024-10-12 14:48:00,APAC,FX,O'Brien Holdings,2024,Q4,212392.69,36544.86,125,false
102624,2025-08-19,2025-08-19 07:21:00,AMER,FX,Alpha Fund,2025,Q3,509691.02,79875.52,319,true
102625,2021-12-05,2021-12-05 23:46:00,EMEA,Commodities,Beta Fund,2021,Q4,268442.27,-49583.73,41,true
102626,2022-09-04,2022-09-04 20:03:00,APAC,Commodities,Alpha Fund,2022,Q3,822406.00,59241.45,257,true
102627,2023-04-01,2023-04-01 17:54:00,AMER,Equities,Alpha Fund,2023,Q2,287947.00,93817.19,265,true
102628,2024-06-21,2024-06-21 07:22:00,EMEA,Commodities,O'Brien Holdings,2024,Q2,713039.97,-51834.60,81,true
102629,2025-07-21,2025-07-21 15:33:00,APAC,Equities,"Smith, ""Big"" Fund",2025,Q3,667070.24,13001.16,23,true
102630,2021-02-12,2021-02-12 03:48:00,AMER,Commodities,Beta Fund,2021,Q1,542484.22,51743.63,471,true
102631,2022-06-19,2022-06-19 11:47:00,EMEA,Credit,"Smith, ""Big"" Fund",2022,Q2,442991.28,-14370.23,399,false
102632,2023-09-18,2023-09-18 01:58:00,APAC,Credit,Alpha Fund,2023,Q3,402083.41,-77622.75,110,true
102633,2024-06-10,2024-06-10 13:00:00,AMER,FX,Beta Fund,2024,Q2,962307.45,33322.60,304,true
102634,2025-05-10,2025-05-10 22:18:00,EMEA,Equities,Beta Fund,2025,Q2,719170.27,-97283.16,416,true
102635,2021-09-24,2021-09-24 14:06:00,APAC,FX,"Smith, ""Big"" Fund",2021,Q3,472323.70,-24423.23,152,true
102636,2022-09-07,2022-09-07 13:45:00,AMER,Rates,Beta Fund,2022,Q3,263611.64,-17433.86,140,true
102637,2023-04-02,2023-04-02 09:03:00,EMEA,Credit,Beta Fund,2023,Q2,582996.91,94765.21,418,true
102638,2024-09-25,2024-09-25 03:59:00,APAC,FX,O'Brien Holdings,2024,Q3,933597.32,49861.08,408,false
102639,2025-06-21,2025-06-21 18:36:00,AMER,Equities,Beta Fund,2025,Q2,471235.10,-11738.90,336,true
102640,2021-08-10,2021-08-10 05:10:00,EMEA,Commodities,O'Brien Holdings,2021,Q3,428079.52,8096.30,58,true
102641,2022-10-26,2022-10-26 07:34:00,APAC,Credit,Alpha Fund,2022,Q4,516003.71,81004.61,388,true
102642,2023-02-27,2023-02-27 10:21:00,AMER,Commodities,Alpha Fund,2023,Q1,57884.40,-40217.97,168,false
102643,2024-04-11,2024-04-11 05:50:00,EMEA,FX,"Smith, ""Big"" Fund",2024,Q2,351974.96,-68712.63,467,false
102644,2025-03-19,2025-03-19 15:48:00,APAC,Equities,Beta Fund,2025,Q1,392120.69,-84486.96,345,false
102645,2021-06-13,2021-06-13 01:43:00,AMER,Commodities,Beta Fund,2021,Q2,917487.64,-41865.84,283,true
102646,2022-04-22,2022-04-22 19:48:00,EMEA,FX,O'Brien Holdings,2022,Q2,990402.65,-18178.59,491,true
102647,2023-05-04,2023-05-04 19:42:00,APAC,Rates,Alpha Fund,2023,Q2,274567.57,-59477.50,424,true
102648,2024-11-01,2024-11-01 01:19:00,AMER,Commodities,O'Brien Holdings,2024,Q4,568847.91,-53324.41,447,true
102649,2025-10-28,2025-10-28 18:11:00,EMEA,Equities,"Smith, ""Big"" Fund",2025,Q4,709680.08,-87502.60,226,true
102650,2021-02-23,2021-02-23 01:24:00,APAC,Rates,Alpha Fund,2021,Q1,122654.30,-57275.54,266,true
102651,2022-04-07,2022-04-07 08:54:00,AMER,FX,Beta Fund,2022,Q2,898351.51,17567.67,468,true
102652,2023-03-14,2023-03-14 18:33:00,EMEA,FX,Beta Fund,2023,Q1,24778.42,-87925.83,81,true
102653,2024-10-18,2024-10-18 09:26:00,APAC,Equities,Beta Fund,2024,Q4,959026.80,-14261.42,146,true
102654,2025-11-15,2025-11-15 22:03:00,AMER,Rates,Beta Fund,2025,Q4,336349.42,-31143.69,16,true
102655,2021-11-18,2021-11-18 00:12:00,EMEA,FX,"Smith, ""Big"" Fund",2021,Q4,60078.88,17574.34,480,false
102656,2022-01-11,2022-01-11 18:31:00,APAC,Commodities,O'Brien Holdings,2022,Q1,823441.00,59057.62,432,true
102657,2023-11-06,2023-11-06 09:35:00,AMER,FX,Alpha Fund,2023,Q4,828754.30,24003.23,135,true
102658,2024-04-20,2024-04-20 03:29:00,EMEA,Rates,Alpha Fund,2024,Q2,484653.13,81005.52,247,false
102659,2025-09-27,2025-09-27 18:02:00,APAC,Rates,O'Brien Holdings,2025,Q3,391754.07,-69960.24,160,true
102660,2021-11-24,2021-11-24 13:54:00,AMER,Equities,Alpha Fund,2021,Q4,343689.22,-95872.32,393,true
102661,2022-10-28,2022-10-28 07:08:00,EMEA,Equities,Alpha Fund,2022,Q4,802582.19,31401.35,16,true
102662,2023-08-09,2023-08-09 21:42:00,APAC,Equities,"Smith, ""Big"" Fund",2023,Q3,37330.18,-32424.28,383,true
102663,2024-05-05,2024-05-05 23:35:00,AMER,Equities,O'Brien Holdings,2024,Q2,892761.74,34492.51,264,true
102664,2025-06-04,2025-06-04 13:23:00,EMEA,FX,Beta Fund,2025,Q2,19857.85,70359.68,374,true
102665,2021-04-13,2021-04-13 17:13:00,APAC,FX,O'Brien Holdings,2021,Q2,324598.32,-18710.06,24,true
102666,2022-12-13,2022-12-13 13:35:00,AMER,FX,"Smith, ""Big"" Fund",2022,Q4,188973.37,4300.90,179,true
102667,2023-06-24,2023-06-24 19:12:00,EMEA,Credit,"Smith, ""Big"" Fund",2023,Q2,207510.22,23139.75,315,true
102668,2024-02-18,2024-02-18 13:40:00,APAC,Rates,O'Brien Holdings,2024,Q1,684134.00,16114.11,29,true
102669,2025-02-15,2025-02-15 15:58:00,AMER,Rates,Alpha Fund,2025,Q1,906308.69,-11823.87,70,false
102670,2021-10-19,2021-10-19 21:58:00,EMEA,Credit,Beta Fund,2021,Q4,370727.48,-34597.59,270,true
102671,2022-05-13,2022-05-13 12:24:00,APAC,Commodities,Alpha Fund,2022,Q2,752462.08,35366.66,214,true
102672,2023-12-23,2023-12-23 03:15:00,AMER,Commodities,"Smith, ""Big"" Fund",2023,Q4,301065.24,12917.11,437,true
102673,2024-11-15,2024-11-15 14:24:00,EMEA,Credit,O'Brien Holdings,2024,Q4,263959.56,-47724.20,385,true
102674,2025-09-01,2025-09-01 17:21:00,APAC,Equities,O'Brien Holdings,2025,Q3,268896.65,91562.89,244,true
102675,2021-11-01,2021-11-01 07:34:00,AMER,Equities,Alpha Fund,2021,Q4,601798.04,6327.03,496,true
102676,2022-05-19,2022-05-19 10:12:00,EMEA,Credit,Alpha Fund,2022,Q2,203929.92,86631.45,3,true
102677,2023-07-22,2023-07-22 11:43:00,APAC,Credit,Alpha Fund,2023,Q3,879480.38,-61767.27,385,true
102678,2024-04-14,2024-04-14 15:45:00,AMER,FX,"Smith, ""Big"" Fund",2024,Q2,431427.64,17190.53,252,false
102679,2025-12-24,2025-12-24 04:53:00,EMEA,Credit,Alpha Fund,2025,Q4,699029.42,65751.32,350,true
102680,2021-07-17,2021-07-17 10:42:00,APAC,FX,O'Brien Holdings,2021,Q3,637544.53,46984.47,122,true
102681,2022-02-09,2022-02-09 03:22:00,AMER,FX,"Smith, ""Big"" Fund",2022,Q1,304031.88,54471.80,316,false
102682,2023-07-09,2023-07-09 11:06:00,EMEA,Commodities,"Smith, ""Big"" Fund",2023,Q3,984407.82,-11562.85,186,true
102683,2024-03-21,2024-03-21 20:20:00,APAC,Rates,"Smith, ""Big"" Fund",2024,Q1,910646.85,-47866.72,39,true
102684,2025-11-23,2025-11-23 06:28:00,AMER,Commodities,"Smith, ""Big"" Fund",2025,Q4,166575.05,502.65,158,false
102685,2021-04-20,2021-04-20 01:05:00,EMEA,Credit,O'Brien Holdings,2021,Q2,599219.82,-10387.77,320,false
102686,2022-04-22,2022-04-22 09:45:00,APAC,FX,Beta Fund,2022,Q2,971604.29,-24820.53,192,true
102687,2023-10-19,2023-10-19 01:55:00,AMER,Commodities,O'Brien Holdings,2023,Q4,358588.03,-62024.04,14,false
102688,2024-07-17,2024-07-17 09:36:00,EMEA,Credit,Beta Fund,2024,Q3,955015.18,38434.37,143,true
102689,2025-04-07,2025-04-07 15:24:00,APAC,Commodities,O'Brien Holdings,2025,Q2,884261.58,-34172.77,195,false
102690,2021-02-08,2021-02-08 17:21:00,AMER,Rates,Beta Fund,2021,Q1,222828.53,73785.91,4,false
102691,2022-03-23,2022-03-23 02:21:00,EMEA,FX,Beta Fund,2022,Q1,141236.89,-13302.02,147,true
102692,2023-05-07,2023-05-07 03:01:00,APAC,Credit,O'Brien Holdings,2023,Q2,814953.24,69007.43,295,true
102693,2024-06-02,2024-06-02 19:36:00,AMER,Equities,Beta Fund,2024,Q2,84569.28,-25294.25,352,true
102694,2025-11-25,2025-11-25 06:10:00,EMEA,Credit,Beta Fund,2025,Q4,429784.17,-89931.02,323,true
102695,2021-10-26,2021-10-26 10:17:00,APAC,Credit,O'Brien Holdings,2021,Q4,778534.53,79990.51,43,true
102696,2022-02-06,2022-02-06 01:36:00,AMER,FX,Alpha Fund,2022,Q1,997112.34,68950.90,329,true
102697,2023-11-28,2023-11-28 19:31:00,EMEA,FX,Alpha Fund,2023,Q4,984208.88,54289.24,495,false
102698,2024-03-17,2024-03-17 22:28:00,APAC,Commodities,O'Brien Holdings,2024,Q1,334636.80,-89991.39,317,true
102699,2025-02-17,2025-02-17 08:57:00,AMER,Equities,"Smith, ""Big"" Fund",2025,Q1,17262.85,3087.73,20,true
102700,2021-02-08,2021-02-08 03:55:00,EMEA,Rates,O'Brien Holdings,2021,Q1,416531.89,-69.18,119,true
102701,2022-02-08,2022-02-08 01:51:00,APAC,Equities,Beta Fund,2022,Q1,902227.62,-67639.37,193,true
102702,2023-12-16,2023-12-16 01:10:00,AMER,Credit,Beta Fund,2023,Q4,289889.97,-4816.39,176,true
102703,2024-02-18,2024-02-18 23:32:00,EMEA,Equities,Alpha Fund,2024,Q1,587555.56,85164.45,233,true
102704,2025-08-21,2025-08-21 13:44:00,APAC,Rates,Alpha Fund,2025,Q3,399481.60,-9342.64,322,true
102705,2021-02-17,2021-02-17 06:53:00,AMER,Commodities,Beta Fund,2021,Q1,572363.08,-2010.34,436,true
102706,2022-05-22,2022-05-22 10:08:00,EMEA,Equities,Alpha Fund,2022,Q2,436236.65,-32052.89,135,true
102707,2023-01-09,2023-01-09 16:32:00,APAC,Equities,Beta Fund,2023,Q1,905596.74,-9273.19,95,true
102708,2024-10-15,2024-10-15 00:24:00,AMER,Commodities,O'Brien Holdings,2024,Q4,465401.86,-71488.42,89,true
102709,2025-06-02,2025-06-02 18:10:00,EMEA,Credit,"Smith, ""Big"" Fund",2025,Q2,906425.63,48202.43,152,true
102710,2021-04-05,2021-04-05 15:39:00,APAC,Commodities,Alpha Fund,2021,Q2,215480.51,-52927.91,297,true
102711,2022-09-19,2022-09-19 12:54:00,AMER,Rates,Alpha Fund,2022,Q3,742475.32,36932.28,19,true
102712,2023-06-19,2023-06-19 08:37:00,EMEA,Rates,Alpha Fund,2023,Q2,361043.31,35941.25,69,true
102713,2024-07-15,2024-07-15 21:00:00,APAC,Equities,"Smith, ""Big"" Fund",2024,Q3,854663.74,-59037.98,327,false
102714,2025-09-22,2025-09-22 06:19:00,AMER,Equities,Beta Fund,2025,Q3,111912.87,-67321.50,5,true
102715,2021-03-24,2021-03-24 11:49:00,EMEA,Rates,"Smith, ""Big"" Fund",2021,Q1,342085.15,11385.49,219,true
102716,2022-07-27,2022-07-27 14:11:00,APAC,Rates,Alpha Fund,2022,Q3,70105.27,17365.09,360,true
102717,2023-06-13,2023-06-13 09:46:00,AMER,FX,Beta Fund,2023,Q2,1618.18,-54562.51,274,true
102718,2024-04-17,2024-04-17 18:48:00,EMEA,Credit,Alpha Fund,2024,Q2,652301.05,96086.80,76,true
102719,2025-06-12,2025-06-12 06:33:00,APAC,Credit,O'Brien Holdings,2025,Q2,75507.72,-44745.23,406,true
102720,2021-10-10,2021-10-10 10:55:00,AMER,Credit,Alpha Fund,2021,Q4,191021.26,12443.62,320,true
102721,2022-04-08,2022-04-08 03:09:00,EMEA,Credit,Beta Fund,2022,Q2,820397.89,-37627.46,68,false
102722,2023-04-22,2023-04-22 19:47:00,APAC,Commodities,Beta Fund,2023,Q2,609734.06,87326.15,95,true
102723,2024-11-10,2024-11-10 20:33:00,AMER,Commodities,O'Brien Holdings,2024,Q4,154496.59,33337.26,283,true
102724,2025-12-02,2025-12-02 02:52:00,EMEA,Credit,Beta Fund,2025,Q4,218057.95,42939.09,345,false
102725,2021-12-14,2021-12-14 11:38:00,APAC,FX,Beta Fund,2021,Q4,89577.00,96695.02,388,false
102726,2022-10-18,2022-10-18 13:36:00,AMER,Credit,Alpha Fund,2022,Q4,72982.47,20884.99,115,true
102727,2023-08-09,2023-08-09 02:17:00,EMEA,Credit,O'Brien Holdings,2023,Q3,413759.62,-36272.59,488,true
102728,2024-11-09,2024-11-09 14:01:00,APAC,Credit,"Smith, ""Big"" Fund",2024,Q4,18405.60,80671.67,350,true
102729,2025-06-03,2025-06-03 12:46:00,AMER,FX,Alpha Fund,2025,Q2,817242.02,-7053.56,277,true
102730,2021-08-26,2021-08-26 09:07:00,EMEA,Equities,"Smith, ""Big"" Fund",2021,Q3,454050.68,3292.13,54,false
102731,2022-08-06,2022-08-06 20:32:00,APAC,Equities,"Smith, ""Big"" Fund",2022,Q3,639665.82,-23762.35,35,true
102732,2023-04-09,2023-04-09 18:05:00,AMER,Equities,Alpha Fund,2023,Q2,94116.28,65440.90,154,true
102733,2024-12-11,2024-12-11 13:02:00,EMEA,Rates,Beta Fund,2024,Q4,552345.53,-65738.45,8,true
102734,2025-05-25,2025-05-25 09:51:00,APAC,Commodities,"Smith, ""Big"" Fund",2025,Q2,930005.55,85140.07,184,true
102735,2021-09-22,2021-09-22 09:15:00,AMER,Rates,Beta Fund,2021,Q3,11521.24,36645.14,296,true
102736,2022-03-16,2022-03-16 16:12:00,EMEA,Commodities,Beta Fund,2022,Q1,493102.23,-23359.11,280,true
102737,2023-11-16,2023-11-16 00:57:00,APAC,Commodities,"Smith, ""Big"" Fund",2023,Q4,104477.01,98328.17,34,false
102738,2024-01-28,2024-01-28 18:16:00,AMER,FX,O'Brien Holdings,2024,Q1,322154.46,-20218.76,360,true
102739,2025-05-01,2025-05-01 21:34:00,EMEA,Equities,O'Brien Holdings,2025,Q2,112723.93,44653.39,417,true
102740,2021-09-01,2021-09-01 23:32:00,APAC,Commodities,"Smith, ""Big"" Fund",2021,Q3,201147.60,99983.88,91,false
102741,2022-07-27,2022-07-27 04:31:00,AMER,Rates,"Smith, ""Big"" Fund",2022,Q3,514366.99,82752.45,206,true
102742,2023-03-07,2023-03-07 06:26:00,EMEA,Equities,O'Brien Holdings,2023,Q1,403708.77,44834.38,411,true
102743,2024-07-27,2024-07-27 15:45:00,APAC,Credit,Alpha Fund,2024,Q3,193691.40,-97141.30,384,true
102744,2025-07-22,2025-07-22 13:27:00,AMER,FX,O'Brien Holdings,2025,Q3,988852.30,-2230.53,92,false
102745,2021-07-15,2021-07-15 10:51:00,EMEA,Credit,"Smith, ""Big"" Fund",2021,Q3,955517.14,3085.87,362,true
102746,2022-03-03,2022-03-03 02:44:00,APAC,Commodities,"Smith, ""Big"" Fund",2022,Q1,120017.57,95382.33,189,true
102747,2023-07-19,2023-07-19 01:14:00,AMER,Commodities,Beta Fund,2023,Q3,777772.66,-76693.90,377,false
102748,2024-08-15,2024-08-15 06:15:00,EMEA,Rates,Alpha Fund,2024,Q3,684098.48,-75688.27,100,true
102749,2025-07-19,2025-07-19 07:01:00,APAC,Commodities,O'Brien Holdings,2025,Q3,815682.50,-45338.57,221,true
102750,2021-09-14,2021-09-14 20:51:00,AMER,FX,Alpha Fund,2021,Q3,830731.45,52655.39,326,false
102751,2022-05-22,2022-05-22 22:29:00,EMEA,FX,Beta Fund,2022,Q2,624159.53,-24672.86,70,false
102752,2023-08-25,2023-08-25 11:20:00,APAC,Commodities,O'Brien Holdings,2023,Q3,748780.18,-3187.38,416,true
102753,2024-06-09,2024-06-09 22:46:00,AMER,Commodities,"Smith, ""Big"" Fund",2024,Q2,175083.90,50482.21,170,true
102754,2025-06-07,2025-06-07 12:24:00,EMEA,Credit,"Smith, ""Big"" Fund",2025,Q2,962449.54,-96984.01,419,true
102755,2021-03-25,2021-03-25 16:32:00,APAC,Commodities,"Smith, ""Big"" Fund",2021,Q1,138079.38,-2173.86,318,false
102756,2022-08-16,2022-08-16 12:22:00,AMER,Equities,"Smith, ""Big"" Fund",2022,Q3,553504.91,-99937.09,335,true
102757,2023-05-17,2023-05-17 11:34:00,EMEA,Rates,Alpha Fund,2023,Q2,517285.68,-47297.77,66,false
102758,2024-11-20,2024-11-20 18:15:00,APAC,Commodities,O'Brien Holdings,2024,Q4,872532.48,-28979.79,246,true
102759,2025-02-04,2025-02-04 16:20:00,AMER,Equities,Alpha Fund,2025,Q1,894381.93,-13098.21,153,true
102760,2021-05-18,2021-05-18 21:54:00,EMEA,FX,O'Brien Holdings,2021,Q2,3870.34,41243.49,412,true
102761,2022-08-08,2022-08-08 17:29:00,APAC,Commodities,Beta Fund,2022,Q3,861766.69,71467.15,423,true
102762,2023-11-07,2023-11-07 19:32:00,AMER,Equities,O'Brien Holdings,2023,Q4,891305.16,31911.21,387,true
102763,2024-12-16,2024-12-16 14:21:00,EMEA,FX,O'Brien Holdings,2024,Q4,759483.16,-37052.45,102,true
102764,2025-09-19,2025-09-19 15:10:00,APAC,FX,O'Brien Holdings,2025,Q3,624502.14,-9961.71,283,true
102765,2021-03-01,2021-03-01 00:34:00,AMER,Commodities,Beta Fund,2021,Q1,949676.15,-20077.12,437,true
102766,2022-06-20,2022-06-20 02:00:00,EMEA,Commodities,Alpha Fund,2022,Q2,600353.56,-87591.69,381,true
102767,2023-11-22,2023-11-22 18:47:00,APAC,FX,"Smith, ""Big"" Fund",2023,Q4,959441.03,36623.41,384,false
102768,2024-12-24,2024-12-24 05:15:00,AMER,Rates,"Smith, ""Big"" Fund",2024,Q4,109485.19,-25397.80,228,true
102769,2025-06-08,2025-06-08 17:20:00,EMEA,Rates,"Smith, ""Big"" Fund",2025,Q2,985033.64,71021.91,219,true
102770,2021-01-25,2021-01-25 14:26:00,APAC,Rates,Beta Fund,2021,Q1,464187.99,-21197.11,334,true
102771,2022-05-26,2022-05-26 00:39:00,AMER,Commodities,"Smith, ""Big"" Fund",2022,Q2,749557.24,42844.11,388,false
102772,2023-08-28,2023-08-28 23:37:00,EMEA,Equities,Beta Fund,2023,Q3,861031.67,92632.34,228,true
102773,2024-10-10,2024-10-10 00:59:00,APAC,Commodities,"Smith, ""Big"" Fund",2024,Q4,370861.31,-45058.48,122,true
102774,2025-09-21,2025-09-21 04:27:00,AMER,Rates,"Smith, ""Big"" Fund",2025,Q3,23913.76,-27760.85,120,true
102775,2021-03-05,2021-03-05 03:56:00,EMEA,Equities,Alpha Fund,2021,Q1,392678.99,49155.64,87,false
102776,2022-02-11,2022-02-11 17:43:00,APAC,Equities,O'Brien Holdings,2022,Q1,196137.30,-54668.00,122,true
102777,2023-10-25,2023-10-25 16:11:00,AMER,Credit,Beta Fund,2023,Q4,691179.75,26657.60,368,false
102778,2024-03-21,2024-03-21 04:12:00,EMEA,Equities,Beta Fund,2024,Q1,512424.07,55778.42,382,false
102779,2025-03-17,2025-03-17 10:55:00,APAC,Credit,Beta Fund,2025,Q1,29507.23,80357.84,313,true
102780,2021-10-22,2021-10-22 14:02:00,AMER,Commodities,"Smith, ""Big"" Fund",2021,Q4,167320.50,-824.91,64,true
102781,2022-12-13,2022-12-13 23:44:00,EMEA,FX,O'Brien Holdings,2022,Q4,768249.60,35442.65,26,true
102782,2023-01-26,2023-01-26 00:05:00,APAC,Credit,O'Brien Holdings,2023,Q1,465432.64,64499.66,28,false
102783,2024-08-10,2024-08-10 22:32:00,AMER,Commodities,"Smith, ""Big"" Fund",2024,Q3,14192.39,-2285.79,320,true
102784,2025-05-16,2025-05-16 15:03:00,EMEA,Equities,Beta Fund,2025,Q2,17191.62,32178.11,481,true
102785,2021-04-13,2021-04-13 19:17:00,APAC,FX,Beta Fund,2021,Q2,473885.22,52301.81,236,true
102786,2022-03-07,2022-03-07 06:56:00,AMER,Equities,Beta Fund,2022,Q1,527984.45,21562.32,36,true
102787,2023-03-27,2023-03-27 02:24:00,EMEA,Commodities,Alpha Fund,2023,Q1,443596.90,-48736.62,499,true
102788,2024-02-13,2024-02-13 05:16:00,APAC,Commodities,O'Brien Holdings,2024,Q1,79592.44,-59524.85,474,false
102789,2025-11-03,2025-11-03 00:46:00,AMER,Equities,Beta Fund,2025,Q4,878491.55,-24194.95,484,true
102790,2021-07-25,2021-07-25 19:16:00,EMEA,Credit,Beta Fund,2021,Q3,507243.33,97645.30,89,true
102791,2022-01-15,2022-01-15 16:13:00,APAC,Commodities,O'Brien Holdings,2022,Q1,30167.50,-50537.29,317,true
102792,2023-10-13,2023-10-13 23:44:00,AMER,Equities,Beta Fund,2023,Q4,940780.69,73382.92,211,true
102793,2024-08-28,2024-08-28 19:57:00,EMEA,Rates,"Smith, ""Big"" Fund",2024,Q3,767100.46,-59590.18,6,true
102794,2025-11-12,2025-11-12 13:55:00,APAC,Credit,Alpha Fund,2025,Q4,493289.31,99096.41,141,true
102795,2021-10-23,2021-10-23 21:44:00,AMER,Credit,"Smith, ""Big"" Fund",2021,Q4,283526.39,28282.95,343,true
102796,2022-07-17,2022-07-17 15:32:00,EMEA,Rates,Beta Fund,2022,Q3,935500.58,16836.57,152,false
102797,2023-11-09,2023-11-09 18:42:00,APAC,Credit,Alpha Fund,2023,Q4,403759.62,26198.44,270,true
102798,2024-12-12,2024-12-12 08:42:00,AMER,Equities,Alpha Fund,2024,Q4,743749.57,-56716.98,260,false
102799,2025-05-09,2025-05-09 19:57:00,EMEA,Equities,Beta Fund,2025,Q2,959135.74,39411.45,455,true
102800,2021-12-12,2021-12-12 20:57:00,APAC,Equities,"Smith, ""Big"" Fund",2021,Q4,317775.08,50961.80,129,true
102801,2022-07-07,2022-07-07 10:53:00,AMER,Commodities,Beta Fund,2022,Q3,199209.26,-96594.40,452,false
102802,2023-08-20,2023-08-20 14:07:00,EMEA,Rates,Beta Fund,2023,Q3,256154.81,-54400.66,101,false
102803,2024-12-26,2024-12-26 05:48:00,APAC,Credit,"Smith, ""Big"" Fund",2024,Q4,104221.91,2290.42,31,true
102804,2025-05-10,2025-05-10 16:32:00,AMER,Rates,O'Brien Holdings,2025,Q2,73140.68,30551.89,93,true
102805,2021-04-01,2021-04-01 07:30:00,EMEA,Equities,Beta Fund,2021,Q2,244746.42,-25379.52,1,true
102806,2022-07-19,2022-07-19 17:56:00,APAC,Credit,O'Brien Holdings,2022,Q3,730665.94,-90900.12,8,true
102807,2023-12-06,2023-12-06 23:59:00,AMER,Rates,O'Brien Holdings,2023,Q4,753985.73,-26155.09,299,true
102808,2024-11-13,2024-11-13 12:28:00,EMEA,Credit,Alpha Fund,2024,Q4,441982.59,-4888.69,449,true
102809,2025-05-24,2025-05-24 18:50:00,APAC,Rates,Alpha Fund,2025,Q2,699552.91,-14441.15,194,true
102810,2021-02-02,2021-02-02 09:04:00,AMER,Credit,"Smith, ""Big"" Fund",2021,Q1,767473.00,17666.10,283,true
102811,2022-07-19,2022-07-19 04:06:00,EMEA,Equities,"Smith, ""Big"" Fund",2022,Q3,896897.62,-21409.79,91,true
102812,2023-12-01,2023-12-01 12:30:00,APAC,Equities,O'Brien Holdings,2023,Q4,400891.36,-32485.52,154,true
102813,2024-01-18,2024-01-18 22:28:00,AMER,Equities,Alpha Fund,2024,Q1,69695.57,-1032.53,138,false
102814,2025-11-06,2025-11-06 23:43:00,EMEA,FX,Beta Fund,2025,Q4,203228.50,-55357.38,435,false
102815,2021-11-02,2021-11-02 00:03:00,APAC,Rates,Alpha Fund,2021,Q4,504345.13,-51428.37,115,true
102816,2022-09-28,2022-09-28 23:02:00,AMER,Commodities,"Smith, ""Big"" Fund",2022,Q3,212041.61,-38865.97,479,true
102817,2023-10-11,2023-10-11 06:03:00,EMEA,Equities,Alpha Fund,2023,Q4,959887.32,72720.69,82,true
102818,2024-03-05,2024-03-05 07:12:00,APAC,Commodities,Beta Fund,2024,Q1,391363.05,44524.60,483,true
102819,2025-02-13,2025-02-13 17:41:00,AMER,Equities,Beta Fund,2025,Q1,470347.50,49957.31,19,true
102820,2021-04-15,2021-04-15 10:35:00,EMEA,Credit,"Smith, ""Big"" Fund",2021,Q2,713643.76,-89932.70,102,true
102821,2022-09-20,2022-09-20 12:04:00,APAC,Equities,Alpha Fund,2022,Q3,978178.76,30863.29,478,true
102822,2023-07-25,2023-07-25 11:04:00,AMER,FX,Beta Fund,2023,Q3,64331.80,34313.08,265,true
102823,2024-11-02,2024-11-02 15:19:00,EMEA,Equities,Alpha Fund,2024,Q4,256313.71,4763.03,489,false
102824,2025-04-13,2025-04-13 15:05:00,APAC,Commodities,Alpha Fund,2025,Q2,731864.69,-57005.11,353,true
102825,2021-12-20,2021-12-20 16:17:00,AMER,Equities,Alpha Fund,2021,Q4,446810.23,20124.37,295,true
102826,2022-05-26,2022-05-26 07:05:00,EMEA,Rates,O'Brien Holdings,2022,Q2,92037.18,59048.25,493,true
102827,2023-01-02,2023-01-02 23:22:00,APAC,Commodities,O'Brien Holdings,2023,Q1,344305.69,9897.64,452,true
102828,2024-11-20,2024-11-20 12:27:00,AMER,Credit,Alpha Fund,2024,Q4,92993.95,97706.61,328,true
102829,2025-11-24,2025-11-24 22:08:00,EMEA,Rates,Alpha Fund,2025,Q4,691702.26,-7894.61,395,true
102830,2021-09-14,2021-09-14 12:24:00,APAC,Rates,"Smith, ""Big"" Fund",2021,Q3,304568.84,98480.82,135,true
102831,2022-08-12,2022-08-12 21:42:00,AMER,FX,O'Brien Holdings,2022,Q3,641875.03,-25966.86,21,true
102832,2023-04-15,2023-04-15 11:15:00,EMEA,Credit,"Smith, ""Big"" Fund",2023,Q2,488266.37,62103.23,94,true
102833,2024-07-12,2024-07-12 08:40:00,APAC,Equities,Beta Fund,2024,Q3,193154.73,78593.19,264,false
102834,2025-08-28,2025-08-28 16:21:00,AMER,Commodities,O'Brien Holdings,2025,Q3,3.05,53821.89,28,true
102835,2021-08-09,2021-08-09 16:14:00,EMEA,Rates,Alpha Fund,2021,Q3,309996.27,4681.29,482,true
102836,2022-04-20,2022-04-20 01:54:00,APAC,Credit,O'Brien Holdings,2022,Q2,396706.48,-34292.08,334,true
102837,2023-08-07,2023-08-07 06:51:00,AMER,Equities,O'Brien Holdings,2023,Q3,174026.03,-70734.04,386,false
102838,2024-05-25,2024-05-25 01:49:00,EMEA,Rates,"Smith, ""Big"" Fund",2024,Q2,659496.04,-81209.28,72,true
102839,2025-03-08,2025-03-08 03:00:00,APAC,Credit,Beta Fund,2025,Q1,89155.56,-49108.17,377,true
102840,2021-11-27,2021-11-27 21:06:00,AMER,Equities,"Smith, ""Big"" Fund",2021,Q4,572071.21,-79146.59,112,true
102841,2022-09-23,2022-09-23 22:54:00,EMEA,Credit,Beta Fund,2022,Q3,560047.55,30127.44,30,true
102842,2023-12-18,2023-12-18 18:09:00,APAC,Commodities,Alpha Fund,2023,Q4,438591.76,-78464.72,26,true
102843,2024-06-19,2024-06-19 16:02:00,AMER,Credit,"Smith, ""Big"" Fund",2024,Q2,388681.30,-32293.99,236,true
102844,2025-01-13,2025-01-13 17:53:00,EMEA,Commodities,"Smith, ""Big"" Fund",2025,Q1,82432.50,71606.20,298,true
102845,2021-08-19,2021-08-19 06:58:00,APAC,Commodities,Alpha Fund,2021,Q3,587712.00,-2139.47,286,true
102846,2022-02-10,2022-02-10 01:18:00,AMER,Credit,Beta Fund,2022,Q1,588085.03,-27887.19,315,true
102847,2023-07-11,2023-07-11 21:00:00,EMEA,Commodities,Beta Fund,2023,Q3,252288.81,81849.85,412,true
102848,2024-06-10,2024-06-10 03:11:00,APAC,Rates,O'Brien Holdings,2024,Q2,290298.68,-21601.18,83,true
102849,2025-11-03,2025-11-03 20:41:00,AMER,FX,Beta Fund,2025,Q4,25944.85,-92689.81,250,true
102850,2021-10-02,2021-10-02 14:56:00,EMEA,FX,Beta Fund,2021,Q4,264459.88,-73058.48,238,true
102851,2022-12-09,2022-12-09 08:03:00,APAC,FX,O'Brien Holdings,2022,Q4,343123.39,-60337.08,246,true
102852,2023-07-18,2023-07-18 22:00:00,AMER,FX,"Smith, ""Big"" Fund",2023,Q3,23578.49,55755.22,396,true
102853,2024-12-18,2024-12-18 03:08:00,EMEA,FX,"Smith, ""Big"" Fund",2024,Q4,512333.75,-35229.70,250,true
102854,2025-10-27,2025-10-27 18:52:00,APAC,Commodities,"Smith, ""Big"" Fund",2025,Q4,643633.63,16845.49,468,true
102855,2021-07-26,2021-07-26 02:52:00,AMER,Commodities,Alpha Fund,2021,Q3,952619.24,-82054.59,385,true
102856,2022-09-10,2022-09-10 10:31:00,EMEA,Commodities,O'Brien Holdings,2022,Q3,924847.25,72975.14,237,true
102857,2023-03-11,2023-03-11 22:10:00,APAC,Rates,"Smith, ""Big"" Fund",2023,Q1,581217.71,18193.24,477,true
102858,2024-10-24,2024-10-24 19:23:00,AMER,Rates,Alpha Fund,2024,Q4,586679.63,48939.37,396,true
102859,2025-12-15,2025-12-15 06:09:00,EMEA,Rates,Alpha Fund,2025,Q4,660201.93,-53588.74,385,true
102860,2021-02-20,2021-02-20 05:45:00,APAC,FX,Beta Fund,2021,Q1,447921.64,40496.37,251,true
102861,2022-03-12,2022-03-12 07:25:00,AMER,FX,Beta Fund,2022,Q1,506711.83,20547.15,74,true
102862,2023-07-09,2023-07-09 19:39:00,EMEA,Rates,Alpha Fund,2023,Q3,487779.29,-28703.48,431,true
102863,2024-10-02,2024-10-02 01:22:00,APAC,Credit,"Smith, ""Big"" Fund",2024,Q4,280827.26,-65888.54,354,true
102864,2025-03-28,2025-03-28 09:00:00,AMER,Equities,Beta Fund,2025,Q1,215414.18,-9438.60,236,true
102865,2021-03-08,2021-03-08 19:33:00,EMEA,Commodities,"Smith, ""Big"" Fund",2021,Q1,171749.95,-13330.95,134,true
102866,2022-09-13,2022-09-13 05:41:00,APAC,Rates,"Smith, ""Big"" Fund",2022,Q3,514427.02,88362.99,480,true
102867,2023-05-09,2023-05-09 04:29:00,AMER,Commodities,Beta Fund,2023,Q2,71282.84,77718.82,115,false
102868,2024-09-05,2024-09-05 18:06:00,EMEA,Equities,Beta Fund,2024,Q3,576264.87,70181.67,482,true
102869,2025-05-20,2025-05-20 16:51:00,APAC,FX,"Smith, ""Big"" Fund",2025,Q2,737253.13,35958.87,147,true
102870,2021-06-16,2021-06-16 00:17:00,AMER,Commodities,O'Brien Holdings,2021,Q2,658536.30,-23973.18,469,false
102871,2022-07-24,2022-07-24 10:54:00,EMEA,Equities,Alpha Fund,2022,Q3,192062.99,-77385.61,455,false
102872,2023-07-20,2023-07-20 17:08:00,APAC,Equities,Alpha Fund,2023,Q3,612939.89,-49243.49,229,true
102873,2024-12-06,2024-12-06 22:28:00,AMER,Rates,Alpha Fund,2024,Q4,719498.00,-30643.62,297,true
102874,2025-11-14,2025-11-14 04:45:00,EMEA,FX,Alpha Fund,2025,Q4,186199.90,-35438.48,132,true
102875,2021-01-17,2021-01-17 21:03:00,APAC,Equities,Beta Fund,2021,Q1,976167.59,56643.25,10,true
102876,2022-02-14,2022-02-14 01:22:00,AMER,Rates,Beta Fund,2022,Q1,737878.11,-33394.14,32,true
102877,2023-07-22,2023-07-22 20:55:00,EMEA,Commodities,"Smith, ""Big"" Fund",2023,Q3,68557.96,93155.47,410,false
102878,2024-12-06,2024-12-06 04:00:00,APAC,Equities,O'Brien Holdings,2024,Q4,896876.61,2228.72,204,true
102879,2025-12-03,2025-12-03 18:28:00,AMER,Rates,O'Brien Holdings,2025,Q4,781861.82,-63786.42,319,true
102880,2021-09-10,2021-09-10 20:14:00,EMEA,FX,O'Brien Holdings,2021,Q3,640462.63,13653.90,467,true
102881,2022-02-15,2022-02-15 06:16:00,APAC,FX,Alpha Fund,2022,Q1,856078.70,55125.13,442,true
102882,2023-05-12,2023-05-12 17:09:00,AMER,Credit,"Smith, ""Big"" Fund",2023,Q2,514487.12,30697.44,327,true
102883,2024-05-22,2024-05-22 07:53:00,EMEA,Commodities,O'Brien Holdings,2024,Q2,903214.92,40690.55,371,true
102884,2025-05-02,2025-05-02 12:02:00,APAC,Equities,O'Brien Holdings,2025,Q2,164250.30,-9395.49,130,true
102885,2021-04-22,2021-04-22 05:36:00,AMER,Equities,Alpha Fund,2021,Q2,635072.97,-13416.97,403,true
102886,2022-04-08,2022-04-08 00:48:00,EMEA,Equities,Alpha Fund,2022,Q2,532480.68,-21265.30,408,false
102887,2023-04-22,2023-04-22 21:06:00,APAC,Commodities,"Smith, ""Big"" Fund",2023,Q2,379317.05,20367.88,1,true
102888,2024-07-08,2024-07-08 16:49:00,AMER,Rates,Alpha Fund,2024,Q3,242559.18,91683.73,87,true
102889,2025-02-24,2025-02-24 19:34:00,EMEA,FX,Alpha Fund,2025,Q1,587861.06,15947.85,249,true
102890,2021-10-07,2021-10-07 15:11:00,APAC,Commodities,Alpha Fund,2021,Q4,985336.56,-14839.43,202,true
102891,2022-12-09,2022-12-09 23:18:00,AMER,Equities,Beta Fund,2022,Q4,834959.85,-40466.91,260,true
102892,2023-04-18,2023-04-18 05:01:00,EMEA,Commodities,"Smith, ""Big"" Fund",2023,Q2,536155.48,-35287.23,407,true
102893,2024-08-07,2024-08-07 14:08:00,APAC,Commodities,"Smith, ""Big"" Fund",2024,Q3,921737.80,32521.42,195,true
102894,2025-08-07,2025-08-07 05:30:00,AMER,Commodities,O'Brien Holdings,2025,Q3,73068.67,62852.32,229,false
102895,2021-09-11,2021-09-11 06:13:00,EMEA,Rates,O'Brien Holdings,2021,Q3,567385.95,-34195.89,314,false
102896,2022-05-15,2022-05-15 14:23:00,APAC,Rates,Alpha Fund,2022,Q2,66476.56,95612.41,121,true
102897,2023-05-17,2023-05-17 21:52:00,AMER,Credit,Beta Fund,2023,Q2,841985.37,7948.72,341,true
102898,2024-08-12,2024-08-12 05:19:00,EMEA,Credit,"Smith, ""Big"" Fund",2024,Q3,83926.75,24931.34,30,true
102899,2025-07-15,2025-07-15 21:28:00,APAC,Rates,O'Brien Holdings,2025,Q3,569024.34,29239.67,292,false
102900,2021-10-20,2021-10-20 12:26:00,AMER,Commodities,Beta Fund,2021,Q4,246384.86,46132.69,376,true
102901,2022-02-01,2022-02-01 21:07:00,EMEA,Commodities,Alpha Fund,2022,Q1,667447.76,-29364.42,272,true
102902,2023-11-10,2023-11-10 16:52:00,APAC,Commodities,O'Brien Holdings,2023,Q4,154143.25,15994.80,255,true
102903,2024-01-19,2024-01-19 04:44:00,AMER,Equities,Beta Fund,2024,Q1,12385.61,66506.36,102,false
102904,2025-07-05,2025-07-05 06:19:00,EMEA,Commodities,"Smith, ""Big"" Fund",2025,Q3,655369.83,-79610.16,72,true
102905,2021-11-19,2021-11-19 20:49:00,APAC,FX,"Smith, ""Big"" Fund",2021,Q4,567386.91,83895.32,109,true
102906,2022-01-26,2022-01-26 11:25:00,AMER,Equities,O'Brien Holdings,2022,Q1,505289.06,-96144.53,36,true
102907,2023-10-03,2023-10-03 06:59:00,EMEA,Commodities,Beta Fund,2023,Q4,282749.83,93073.41,282,true
102908,2024-02-14,2024-02-14 19:36:00,APAC,Commodities,Alpha Fund,2024,Q1,56422.78,41872.56,275,true
102909,2025-08-02,2025-08-02 19:17:00,AMER,FX,O'Brien Holdings,2025,Q3,786138.08,27127.05,99,true
102910,2021-04-15,2021-04-15 00:48:00,EMEA,FX,"Smith, ""Big"" Fund",2021,Q2,850684.88,7997.77,158,true
102911,2022-03-19,2022-03-19 13:36:00,APAC,Credit,"Smith, ""Big"" Fund",2022,Q1,338577.52,9077.28,46,true
102912,2023-11-02,2023-11-02 21:27:00,AMER,FX,"Smith, ""Big"" Fund",2023,Q4,912435.71,93571.72,224,false
102913,2024-01-06,2024-01-06 23:55:00,EMEA,FX,O'Brien Holdings,2024,Q1,14998.50,19204.83,183,true
102914,2025-06-12,2025-06-12 03:12:00,APAC,Equities,Beta Fund,2025,Q2,205601.36,79099.53,420,true
102915,2021-04-28,2021-04-28 01:41:00,AMER,Equities,"Smith, ""Big"" Fund",2021,Q2,658382.92,-59203.91,163,true
102916,2022-07-01,2022-07-01 19:34:00,EMEA,FX,Alpha Fund,2022,Q3,35674.88,-92418.85,159,true
102917,2023-10-11,2023-10-11 19:48:00,APAC,Commodities,Alpha Fund,2023,Q4,353308.52,21596.23,196,false
102918,2024-10-14,2024-10-14 10:33:00,AMER,Credit,"Smith, ""Big"" Fund",2024,Q4,712242.69,93235.06,55,true
102919,2025-12-02,2025-12-02 04:14:00,EMEA,Credit,"Smith, ""Big"" Fund",2025,Q4,149900.13,-85085.80,263,true
102920,2021-01-25,2021-01-25 18:31:00,APAC,Commodities,Beta Fund,2021,Q1,800188.29,-13255.04,463,true
102921,2022-11-22,2022-11-22 05:10:00,AMER,Equities,"Smith, ""Big"" Fund",2022,Q4,608546.54,-94850.38,398,false
102922,2023-02-07,2023-02-07 15:15:00,EMEA,Equities,O'Brien Holdings,2023,Q1,326886.78,-66358.22,367,true
102923,2024-09-05,2024-09-05 00:17:00,APAC,Rates,O'Brien Holdings,2024,Q3,499899.69,36395.07,488,true
102924,2025-10-12,2025-10-12 12:17:00,AMER,FX,Beta Fund,2025,Q4,456845.62,-23082.79,42,true
102925,2021-01-21,2021-01-21 14:39:00,EMEA,Rates,Beta Fund,2021,Q1,763487.67,55726.45,367,true
102926,2022-01-05,2022-01-05 13:42:00,APAC,Rates,Beta Fund,2022,Q1,503028.92,-5775.72,449,true
102927,2023-08-25,2023-08-25 21:21:00,AMER,FX,"Smith, ""Big"" Fund",2023,Q3,551305.83,-28199.91,453,true
102928,2024-07-04,2024-07-04 21:48:00,EMEA,Commodities,"Smith, ""Big"" Fund",2024,Q3,590226.83,-21218.76,483,true
102929,2025-04-18,2025-04-18 11:09:00,APAC,Rates,"Smith, ""Big"" Fund",2025,Q2,820748.94,-13871.74,51,false
102930,2021-09-01,2021-09-01 01:22:00,AMER,Equities,O'Brien Holdings,2021,Q3,832964.62,2790.86,402,true
102931,2022-08-01,2022-08-01 06:24:00,EMEA,FX,"Smith, ""Big"" Fund",2022,Q3,693003.27,43574.75,460,true
102932,2023-12-27,2023-12-27 01:14:00,APAC,Credit,Beta Fund,2023,Q4,723044.89,-68888.09,463,true
102933,2024-11-10,2024-11-10 05:05:00,AMER,Rates,Alpha Fund,2024,Q4,159168.43,-52997.86,311,true
102934,2025-03-27,2025-03-27 03:05:00,EMEA,Commodities,"Smith, ""Big"" Fund",2025,Q1,558319.71,-16207.06,23,true
102935,2021-01-27,2021-01-27 07:42:00,APAC,Commodities,"Smith, ""Big"" Fund",2021,Q1,452910.00,-34236.97,169,true
102936,2022-11-05,2022-11-05 09:39:00,AMER,FX,Alpha Fund,2022,Q4,601246.78,9094.52,118,false
102937,2023-01-01,2023-01-01 10:31:00,EMEA,Credit,Beta Fund,2023,Q1,466797.68,84620.54,170,true
102938,2024-04-12,2024-04-12 02:54:00,APAC,Commodities,Beta Fund,2024,Q2,980773.48,56706.48,252,true
102939,2025-12-24,2025-12-24 22:03:00,AMER,Commodities,Beta Fund,2025,Q4,824605.61,23473.14,20,true
102940,2021-12-13,2021-12-13 19:58:00,EMEA,Rates,Beta Fund,2021,Q4,79585.97,4546.05,196,true
102941,2022-07-26,2022-07-26 22:03:00,APAC,Rates,O'Brien Holdings,2022,Q3,481165.00,-14068.30,204,true
102942,2023-12-20,2023-12-20 10:41:00,AMER,Rates,Alpha Fund,2023,Q4,322882.00,-41770.93,174,false
102943,2024-01-20,2024-01-20 07:47:00,EMEA,Equities,O'Brien Holdings,2024,Q1,249541.77,68057.62,341,true
102944,2025-07-01,2025-07-01 04:24:00,APAC,Commodities,"Smith, ""Big"" Fund",2025,Q3,265593.84,4341.49,155,true
102945,2021-06-22,2021-06-22 20:23:00,AMER,Rates,"Smith, ""Big"" Fund",2021,Q2,30923.31,33992.85,210,true
102946,2022-05-20,2022-05-20 13:57:00,EMEA,FX,"Smith, ""Big"" Fund",2022,Q2,944809.15,39480.88,196,true
102947,2023-05-16,2023-05-16 18:09:00,APAC,Credit,Beta Fund,2023,Q2,870033.20,26197.81,124,true
102948,2024-10-06,2024-10-06 07:55:00,AMER,Rates,O'Brien Holdings,2024,Q4,956143.33,-90627.09,125,true
102949,2025-12-07,2025-12-07 10:55:00,EMEA,Credit,O'Brien Holdings,2025,Q4,77205.79,94173.32,204,true
102950,2021-09-16,2021-09-16 01:50:00,APAC,Equities,"Smith, ""Big"" Fund",2021,Q3,877005.88,44634.57,467,false
102951,2022-09-09,2022-09-09 02:22:00,AMER,Equities,O'Brien Holdings,2022,Q3,8519.13,11393.49,145,true
102952,2023-10-22,2023-10-22 11:42:00,EMEA,Commodities,Beta Fund,2023,Q4,346925.43,-16437.15,327,true
102953,2024-08-18,2024-08-18 12:20:00,APAC,Commodities,O'Brien Holdings,2024,Q3,463091.31,31797.12,356,true
102954,2025-05-01,2025-05-01 17:00:00,AMER,FX,"Smith, ""Big"" Fund",2025,Q2,628255.60,-69695.28,187,false
102955,2021-01-23,2021-01-23 14:41:00,EMEA,Rates,"Smith, ""Big"" Fund",2021,Q1,288729.83,-80401.63,163,true
102956,2022-09-16,2022-09-16 21:23:00,APAC,Credit,Alpha Fund,2022,Q3,283352.70,55808.03,268,true
102957,2023-11-18,2023-11-18 10:00:00,AMER,Rates,O'Brien Holdings,2023,Q4,352669.07,28699.89,171,true
102958,2024-01-09,2024-01-09 02:42:00,EMEA,Credit,Beta Fund,2024,Q1,226826.91,30056.11,83,true
102959,2025-10-15,2025-10-15 05:42:00,APAC,Rates,"Smith, ""Big"" Fund",2025,Q4,310383.10,41978.22,384,true
102960,2021-06-13,2021-06-13 10:10:00,AMER,Credit,O'Brien Holdings,2021,Q2,291228.76,72618.71,371,true
102961,2022-02-06,2022-02-06 19:06:00,EMEA,Commodities,O'Brien Holdings,2022,Q1,205451.10,28093.01,407,true
102962,2023-07-08,2023-07-08 02:00:00,APAC,Commodities,O'Brien Holdings,2023,Q3,335876.34,5988.31,482,true
102963,2024-07-22,2024-07-22 22:32:00,AMER,Equities,Alpha Fund,2024,Q3,435676.27,13311.96,51,true
102964,2025-02-01,2025-02-01 03:28:00,EMEA,FX,Alpha Fund,2025,Q1,15118.78,5599.11,59,true
102965,2021-01-10,2021-01-10 20:16:00,APAC,Commodities,O'Brien Holdings,2021,Q1,407763.20,-10687.03,305,true
102966,2022-01-08,2022-01-08 15:10:00,AMER,Rates,Beta Fund,2022,Q1,656344.58,76339.98,45,false
102967,2023-02-03,2023-02-03 00:17:00,EMEA,Credit,Alpha Fund,2023,Q1,681823.12,10824.43,462,true
102968,2024-09-23,2024-09-23 23:20:00,APAC,Credit,Alpha Fund,2024,Q3,860757.05,26894.04,410,true
102969,2025-08-09,2025-08-09 01:06:00,AMER,FX,Beta Fund,2025,Q3,533568.22,89418.50,73,true
102970,2021-08-26,2021-08-26 07:07:00,EMEA,Credit,Alpha Fund,2021,Q3,442163.16,-1626.33,210,true
102971,2022-01-10,2022-01-10 05:00:00,APAC,Credit,O'Brien Holdings,2022,Q1,116118.53,-97254.94,1,true
102972,2023-03-07,2023-03-07 10:53:00,AMER,Commodities,"Smith, ""Big"" Fund",2023,Q1,389456.26,31428.51,228,false
102973,2024-01-23,2024-01-23 22:41:00,EMEA,Credit,Alpha Fund,2024,Q1,227271.26,25772.39,4,true
102974,2025-02-17,2025-02-17 08:26:00,APAC,Equities,O'Brien Holdings,2025,Q1,11722.90,-7542.46,489,true
102975,2021-02-03,2021-02-03 13:47:00,AMER,Equities,O'Brien Holdings,2021,Q1,32963.39,65320.93,303,true
102976,2022-02-03,2022-02-03 05:39:00,EMEA,Commodities,O'Brien Holdings,2022,Q1,267394.12,39398.36,110,true
102977,2023-05-11,2023-05-11 20:01:00,APAC,Equities,O'Brien Holdings,2023,Q2,423218.84,23875.43,83,true
102978,2024-04-09,2024-04-09 13:19:00,AMER,Equities,Alpha Fund,2024,Q2,457704.91,16168.46,319,true
102979,2025-01-16,2025-01-16 13:38:00,EMEA,FX,O'Brien Holdings,2025,Q1,887348.74,-11465.34,434,true
102980,2021-03-09,2021-03-09 22:40:00,APAC,Equities,"Smith, ""Big"" Fund",2021,Q1,795651.67,68003.27,300,false
102981,2022-08-19,2022-08-19 08:29:00,AMER,FX,O'Brien Holdings,2022,Q3,242780.11,-35439.24,72,false
102982,2023-11-28,2023-11-28 05:39:00,EMEA,Credit,Beta Fund,2023,Q4,517630.81,83409.35,285,true
102983,2024-09-01,2024-09-01 07:45:00,APAC,Rates,"Smith, ""Big"" Fund",2024,Q3,514245.08,24674.92,66,true
102984,2025-03-06,2025-03-06 09:56:00,AMER,Equities,O'Brien Holdings,2025,Q1,132328.31,94977.02,323,true
102985,2021-04-17,2021-04-17 11:13:00,EMEA,FX,O'Brien Holdings,2021,Q2,332886.95,-81117.51,264,true
102986,2022-06-26,2022-06-26 02:58:00,APAC,Commodities,O'Brien Holdings,2022,Q2,499629.19,62034.85,319,true
102987,2023-12-03,2023-12-03 00:36:00,AMER,Rates,O'Brien Holdings,2023,Q4,122121.09,9411.81,388,true
102988,2024-03-14,2024-03-14 15:41:00,EMEA,Equities,"Smith, ""Big"" Fund",2024,Q1,84379.46,-30691.84,193,true
102989,2025-08-10,2025-08-10 02:45:00,APAC,FX,Beta Fund,2025,Q3,658503.29,-59708.91,314,false
102990,2021-08-18,2021-08-18 10:32:00,AMER,Equities,Beta Fund,2021,Q3,625808.99,14334.52,500,true
102991,2022-11-19,2022-11-19 12:09:00,EMEA,Commodities,O'Brien Holdings,2022,Q4,262375.30,81720.59,324,true
102992,2023-12-28,2023-12-28 16:41:00,APAC,Commodities,Beta Fund,2023,Q4,81865.06,66418.54,440,true
102993,2024-10-08,2024-10-08 16:08:00,AMER,Credit,O'Brien Holdings,2024,Q4,835837.68,85174.10,33,true
102994,2025-04-14,2025-04-14 10:01:00,EMEA,Commodities,Alpha Fund,2025,Q2,246506.63,2139.76,207,true
102995,2021-04-22,2021-04-22 16:33:00,APAC,Rates,Beta Fund,2021,Q2,814840.33,-45595.62,324,true
102996,2022-03-07,2022-03-07 00:11:00,AMER,Commodities,Beta Fund,2022,Q1,188777.63,-46894.76,22,true
102997,2023-03-12,2023-03-12 06:00:00,EMEA,FX,Alpha Fund,2023,Q1,643166.31,18747.97,463,true
102998,2024-10-28,2024-10-28 22:31:00,APAC,Equities,O'Brien Holdings,2024,Q4,917806.52,-33747.99,350,false
102999,2025-07-03,2025-07-03 11:02:00,AMER,Equities,O'Brien Holdings,2025,Q3,227885.35,-67591.57,250,true
103000,2021-02-23,2021-02-23 19:04:00,EMEA,Equities,O'Brien Holdings,2021,Q1,542954.47,-50988.86,156,true
103001,2022-08-18,2022-08-18 01:24:00,APAC,Equities,"Smith, ""Big"" Fund",2022,Q3,313256.49,54042.00,441,true
103002,2023-12-07,2023-12-07 04:07:00,AMER,Rates,"Smith, ""Big"" Fund",2023,Q4,645719.35,12120.93,493,true
103003,2024-04-15,2024-04-15 22:59:00,EMEA,Credit,Alpha Fund,2024,Q2,788176.65,35656.54,364,false
103004,2025-09-01,2025-09-01 15:46:00,APAC,FX,O'Brien Holdings,2025,Q3,375959.87,-86537.16,16,true
103005,2021-06-21,2021-06-21 23:49:00,AMER,Credit,O'Brien Holdings,2021,Q2,730303.51,-38844.56,460,false
103006,2022-05-28,2022-05-28 20:03:00,EMEA,Rates,Alpha Fund,2022,Q2,129378.36,81031.10,303,true
103007,2023-10-11,2023-10-11 14:22:00,APAC,Credit,"Smith, ""Big"" Fund",2023,Q4,750235.99,92303.58,381,true
103008,2024-02-08,2024-02-08 22:36:00,AMER,Credit,"Smith, ""Big"" Fund",2024,Q1,501900.73,61225.83,500,false
103009,2025-09-19,2025-09-19 05:09:00,EMEA,Credit,Alpha Fund,2025,Q3,27704.12,28267.08,385,true
103010,2021-08-17,2021-08-17 22:22:00,APAC,Equities,Beta Fund,2021,Q3,881712.93,-4985.65,498,false
103011,2022-09-28,2022-09-28 11:46:00,AMER,FX,O'Brien Holdings,2022,Q3,124112.83,-89578.74,297,true
103012,2023-01-24,2023-01-24 16:40:00,EMEA,Equities,Beta Fund,2023,Q1,886299.97,-2040.51,22,true
103013,2024-09-11,2024-09-11 12:31:00,APAC,Credit,O'Brien Holdings,2024,Q3,463874.33,83739.32,270,true
103014,2025-05-10,2025-05-10 06:26:00,AMER,Commodities,O'Brien Holdings,2025,Q2,898329.94,-67665.63,83,true
103015,2021-11-20,2021-11-20 15:23:00,EMEA,Equities,Beta Fund,2021,Q4,435514.55,63479.20,198,true
103016,2022-02-07,2022-02-07 02:12:00,APAC,Commodities,O'Brien Holdings,2022,Q1,847805.01,-79355.56,310,true
103017,2023-08-01,2023-08-01 12:16:00,AMER,Commodities,Beta Fund,2023,Q3,200387.22,79463.88,100,false
103018,2024-08-13,2024-08-13 17:05:00,EMEA,Credit,O'Brien Holdings,2024,Q3,593472.38,77236.85,283,true
103019,2025-11-16,2025-11-16 05:12:00,APAC,Rates,O'Brien Holdings,2025,Q4,78477.35,-49834.81,99,true
103020,2021-04-10,2021-04-10 08:22:00,AMER,Commodities,"Smith, ""Big"" Fund",2021,Q2,569114.89,-87176.77,263,true
103021,2022-05-04,2022-05-04 11:17:00,EMEA,Commodities,Beta Fund,2022,Q2,828061.27,84881.94,86,true
103022,2023-02-26,2023-02-26 13:23:00,APAC,Rates,O'Brien Holdings,2023,Q1,86406.08,-90819.90,324,true
103023,2024-11-19,2024-11-19 18:21:00,AMER,Commodities,"Smith, ""Big"" Fund",2024,Q4,204148.93,-57892.51,331,true
103024,2025-04-12,2025-04-12 10:27:00,EMEA,Rates,Beta Fund,2025,Q2,162348.66,-69763.55,101,true
103025,2021-12-25,2021-12-25 00:04:00,APAC,Credit,O'Brien Holdings,2021,Q4,812559.52,11245.89,290,true
103026,2022-04-22,2022-04-22 08:03:00,AMER,Credit,"Smith, ""Big"" Fund",2022,Q2,12574.24,23054.95,466,true
103027,2023-02-27,2023-02-27 08:17:00,EMEA,Commodities,Beta Fund,2023,Q1,125192.26,-63540.59,316,true
103028,2024-08-18,2024-08-18 12:40:00,APAC,Equities,Beta Fund,2024,Q3,880673.94,-66573.25,303,false
103029,2025-06-15,2025-06-15 17:15:00,AMER,Rates,Alpha Fund,2025,Q2,850503.33,9615.86,394,true
103030,2021-04-17,2021-04-17 01:06:00,EMEA,Rates,Alpha Fund,2021,Q2,266728.13,35205.88,221,false
103031,2022-02-02,2022-02-02 14:44:00,APAC,Rates,Beta Fund,2022,Q1,13875.25,22140.74,235,true
103032,2023-09-20,2023-09-20 19:05:00,AMER,Rates,Alpha Fund,2023,Q3,568146.86,57826.46,44,true
103033,2024-01-22,2024-01-22 10:38:00,EMEA,FX,O'Brien Holdings,2024,Q1,651327.60,-81712.15,465,true
103034,2025-10-21,2025-10-21 15:56:00,APAC,Commodities,Beta Fund,2025,Q4,481354.61,-69204.27,90,true
103035,2021-12-14,2021-12-14 21:53:00,AMER,Equities,Alpha Fund,2021,Q4,499751.44,83054.80,182,true
103036,2022-02-06,2022-02-06 02:45:00,EMEA,Credit,"Smith, ""Big"" Fund",2022,Q1,277083.50,51669.84,140,true
103037,2023-10-23,2023-10-23 14:57:00,APAC,Equities,O'Brien Holdings,2023,Q4,653556.90,-45890.73,375,true
103038,2024-12-03,2024-12-03 05:28:00,AMER,Commodities,Beta Fund,2024,Q4,205186.27,-91019.79,468,true
103039,2025-05-11,2025-05-11 10:35:00,EMEA,FX,Alpha Fund,2025,Q2,257081.67,-74283.56,410,false
103040,2021-01-17,2021-01-17 08:39:00,APAC,Credit,"Smith, ""Big"" Fund",2021,Q1,553993.43,-32234.47,14,true
103041,2022-10-10,2022-10-10 06:11:00,AMER,Credit,Beta Fund,2022,Q4,573446.38,-44267.73,296,true
103042,2023-10-10,2023-10-10 02:33:00,EMEA,Rates,Beta Fund,2023,Q4,13.83,26878.63,257,true
103043,2024-10-03,2024-10-03 22:44:00,APAC,Credit,Beta Fund,2024,Q4,493256.93,-72220.91,166,true
103044,2025-05-08,2025-05-08 19:34:00,AMER,Credit,Alpha Fund,2025,Q2,865153.07,97142.37,378,true
103045,2021-05-07,2021-05-07 12:04:00,EMEA,Rates,"Smith, ""Big"" Fund",2021,Q2,107528.95,-14154.93,322,true
103046,2022-05-17,2022-05-17 07:30:00,APAC,Commodities,Alpha Fund,2022,Q2,560542.86,3095.76,369,true
103047,2023-10-03,2023-10-03 07:00:00,AMER,Credit,"Smith, ""Big"" Fund",2023,Q4,436030.91,-55113.91,211,true
103048,2024-02-16,2024-02-16 05:29:00,EMEA,Rates,O'Brien Holdings,2024,Q1,271481.34,50688.17,447,true
103049,2025-05-23,2025-05-23 12:54:00,APAC,Equities,O'Brien Holdings,2025,Q2,494912.00,25437.60,16,true
103050,2021-08-28,2021-08-28 21:33:00,AMER,Equities,Beta Fund,2021,Q3,953243.00,33278.05,394,true
103051,2022-12-14,2022-12-14 12:57:00,EMEA,FX,Beta Fund,2022,Q4,158559.92,61041.40,270,true
103052,2023-08-01,2023-08-01 23:36:00,APAC,Equities,Beta Fund,2023,Q3,878834.21,-38195.46,120,true
103053,2024-06-27,2024-06-27 04:14:00,AMER,FX,"Smith, ""Big"" Fund",2024,Q2,125783.77,39460.39,43,false
103054,2025-07-19,2025-07-19 21:55:00,EMEA,Rates,"Smith, ""Big"" Fund",2025,Q3,46437.73,25458.78,293,true
103055,2021-11-13,2021-11-13 12:49:00,APAC,Commodities,Beta Fund,2021,Q4,186094.75,64369.77,21,true
103056,2022-10-24,2022-10-24 23:43:00,AMER,Commodities,O'Brien Holdings,2022,Q4,823215.80,-28306.61,308,true
103057,2023-12-14,2023-12-14 00:28:00,EMEA,Credit,Beta Fund,2023,Q4,678582.74,84680.85,377,true
103058,2024-04-08,2024-04-08 02:12:00,APAC,Credit,O'Brien Holdings,2024,Q2,257963.29,-31032.94,110,true
103059,2025-10-06,2025-10-06 17:32:00,AMER,Commodities,Alpha Fund,2025,Q4,225632.50,31164.95,125,true
103060,2021-09-13,2021-09-13 18:17:00,EMEA,Rates,O'Brien Holdings,2021,Q3,882173.55,-82857.81,263,true
103061,2022-06-04,2022-06-04 09:13:00,APAC,Rates,Beta Fund,2022,Q2,598964.76,25615.24,351,false
103062,2023-04-08,2023-04-08 08:08:00,AMER,Equities,Alpha Fund,2023,Q2,663937.99,-69874.36,120,true
103063,2024-04-03,2024-04-03 10:51:00,EMEA,Rates,Beta Fund,2024,Q2,930415.60,66748.58,460,true
103064,2025-04-22,2025-04-22 18:58:00,APAC,Commodities,O'Brien Holdings,2025,Q2,236911.32,-24253.69,360,true
103065,2021-05-02,2021-05-02 09:43:00,AMER,Equities,O'Brien Holdings,2021,Q2,540113.96,-30798.19,158,false
103066,2022-04-11,2022-04-11 21:54:00,EMEA,FX,"Smith, ""Big"" Fund",2022,Q2,701786.98,19061.45,263,false
103067,2023-05-27,2023-05-27 16:27:00,APAC,FX,O'Brien Holdings,2023,Q2,629258.03,49642.64,296,true
103068,2024-10-13,2024-10-13 02:34:00,AMER,Credit,Alpha Fund,2024,Q4,417835.68,-41137.78,280,true
103069,2025-03-03,2025-03-03 02:20:00,EMEA,Credit,Beta Fund,2025,Q1,694973.96,81835.25,454,true
103070,2021-08-13,2021-08-13 05:02:00,APAC,Credit,"Smith, ""Big"" Fund",2021,Q3,732847.57,43847.54,59,true
103071,2022-12-20,2022-12-20 20:32:00,AMER,FX,Alpha Fund,2022,Q4,680880.96,7079.88,185,true
103072,2023-08-12,2023-08-12 10:55:00,EMEA,Equities,O'Brien Holdings,2023,Q3,108270.18,22275.28,396,true
103073,2024-07-21,2024-07-21 23:38:00,APAC,Equities,Alpha Fund,2024,Q3,463116.02,-51146.43,54,false
103074,2025-11-09,2025-11-09 04:36:00,AMER,Rates,Beta Fund,2025,Q4,280292.59,-16188.06,299,true
103075,2021-07-17,2021-07-17 03:52:00,EMEA,Rates,Alpha Fund,2021,Q3,991291.79,-41032.25,11,false
103076,2022-12-13,2022-12-13 00:09:00,APAC,Commodities,Beta Fund,2022,Q4,678472.69,70730.88,234,true
103077,2023-07-05,2023-07-05 02:34:00,AMER,Credit,Alpha Fund,2023,Q3,997585.28,-2069.82,457,true
103078,2024-04-12,2024-04-12 06:20:00,EMEA,Credit,Alpha Fund,2024,Q2,699836.77,95962.45,115,true
103079,2025-08-19,2025-08-19 12:24:00,APAC,Equities,O'Brien Holdings,2025,Q3,75981.14,17149.64,204,true
103080,2021-10-06,2021-10-06 06:22:00,AMER,FX,O'Brien Holdings,2021,Q4,638577.08,-73608.92,302,true
103081,2022-04-20,2022-04-20 01:53:00,EMEA,Equities,O'Brien Holdings,2022,Q2,722531.14,-38418.50,2,true
103082,2023-03-25,2023-03-25 01:39:00,APAC,Credit,Beta Fund,2023,Q1,735254.57,23395.46,75,true
103083,2024-09-12,2024-09-12 00:29:00,AMER,Commodities,Alpha Fund,2024,Q3,176482.32,-45226.01,25,false
103084,2025-05-21,2025-05-21 21:44:00,EMEA,Credit,"Smith, ""Big"" Fund",2025,Q2,742752.82,-55072.00,88,true
103085,2021-07-01,2021-07-01 06:43:00,APAC,Rates,Alpha Fund,2021,Q3,293657.19,99995.34,368,true
103086,2022-08-07,2022-08-07 15:38:00,AMER,FX,O'Brien Holdings,2022,Q3,159969.54,75595.67,32,false
103087,2023-10-06,2023-10-06 13:26:00,EMEA,Commodities,Beta Fund,2023,Q4,493041.19,-38558.34,366,true
103088,2024-04-16,2024-04-16 18:02:00,APAC,Rates,Beta Fund,2024,Q2,735477.91,-29830.62,41,true
103089,2025-09-04,2025-09-04 04:53:00,AMER,Equities,"Smith, ""Big"" Fund",2025,Q3,894349.44,31448.66,332,true
103090,2021-11-28,2021-11-28 15:54:00,EMEA,Rates,Beta Fund,2021,Q4,501040.54,7381.19,264,true
103091,2022-11-28,2022-11-28 18:19:00,APAC,Rates,O'Brien Holdings,2022,Q4,220656.25,21492.21,83,false
103092,2023-06-14,2023-06-14 17:34:00,AMER,FX,"Smith, ""Big"" Fund",2023,Q2,229408.57,-63039.83,277,true
103093,2024-07-09,2024-07-09 02:13:00,EMEA,FX,Alpha Fund,2024,Q3,212595.01,36211.32,425,true
103094,2025-08-06,2025-08-06 03:56:00,APAC,Rates,Beta Fund,2025,Q3,712846.08,-48538.90,41,true
103095,2021-10-22,2021-10-22 04:51:00,AMER,Commodities,"Smith, ""Big"" Fund",2021,Q4,507565.77,79944.73,495,true
103096,2022-10-11,2022-10-11 16:08:00,EMEA,Commodities,Alpha Fund,2022,Q4,938863.35,79059.17,250,true
103097,2023-01-14,2023-01-14 23:10:00,APAC,Equities,Alpha Fund,2023,Q1,811026.44,-42197.24,162,true
103098,2024-03-01,2024-03-01 07:25:00,AMER,Credit,O'Brien Holdings,2024,Q1,251282.59,-32974.81,202,true
103099,2025-12-07,2025-12-07 22:51:00,EMEA,Rates,Beta Fund,2025,Q4,35689.14,-54500.69,462,true
103100,2021-01-11,2021-01-11 05:25:00,APAC,Equities,"Smith, ""Big"" Fund",2021,Q1,352531.23,-57073.98,352,true
103101,2022-10-04,2022-10-04 22:19:00,AMER,Credit,O'Brien Holdings,2022,Q4,167148.28,-3172.03,419,true
103102,2023-03-27,2023-03-27 18:41:00,EMEA,Equities,O'Brien Holdings,2023,Q1,219971.57,17586.24,444,true
103103,2024-09-07,2024-09-07 22:45:00,APAC,Rates,O'Brien Holdings,2024,Q3,56939.83,-67542.45,482,true
103104,2025-02-03,2025-02-03 02:29:00,AMER,Commodities,Alpha Fund,2025,Q1,154306.68,-32322.98,229,true
103105,2021-12-06,2021-12-06 10:54:00,EMEA,Credit,Alpha Fund,2021,Q4,762858.03,6137.20,88,true
103106,2022-04-27,2022-04-27 01:07:00,APAC,Equities,O'Brien Holdings,2022,Q2,900265.49,81473.10,8,true
103107,2023-09-26,2023-09-26 01:03:00,AMER,Equities,"Smith, ""Big"" Fund",2023,Q3,405731.71,80218.60,339,true
103108,2024-03-02,2024-03-02 03:52:00,EMEA,Commodities,Beta Fund,2024,Q1,134279.98,91486.89,146,true
103109,2025-11-02,2025-11-02 22:45:00,APAC,Rates,O'Brien Holdings,2025,Q4,408467.50,57754.37,238,true
103110,2021-06-11,2021-06-11 21:38:00,AMER,FX,"Smith, ""Big"" Fund",2021,Q2,927339.66,-63934.79,382,false
103111,2022-07-21,2022-07-21 06:26:00,EMEA,Credit,"Smith, ""Big"" Fund",2022,Q3,721513.21,-59850.15,57,true
103112,2023-08-14,2023-08-14 14:14:00,APAC,Credit,Alpha Fund,2023,Q3,205081.39,56036.47,334,true
103113,2024-12-21,2024-12-21 21:32:00,AMER,Rates,"Smith, ""Big"" Fund",2024,Q4,291767.67,31684.07,251,true
103114,2025-05-16,2025-05-16 14:38:00,EMEA,FX,Beta Fund,2025,Q2,694633.80,65050.96,212,true
103115,2021-02-22,2021-02-22 10:28:00,APAC,Credit,O'Brien Holdings,2021,Q1,419707.06,96196.87,205,true
103116,2022-05-13,2022-05-13 15:56:00,AMER,Commodities,Beta Fund,2022,Q2,609469.94,99914.49,314,true
103117,2023-08-05,2023-08-05 11:28:00,EMEA,Commodities,O'Brien Holdings,2023,Q3,629407.33,83752.05,261,true
103118,2024-01-25,2024-01-25 13:00:00,APAC,Rates,Alpha Fund,2024,Q1,166145.46,77302.62,488,false
103119,2025-09-23,2025-09-23 03:14:00,AMER,Rates,Beta Fund,2025,Q3,839257.96,26350.41,128,true
103120,2021-12-28,2021-12-28 23:23:00,EMEA,FX,O'Brien Holdings,2021,Q4,88861.77,-1179.37,487,true
103121,2022-06-01,2022-06-01 06:36:00,APAC,FX,Beta Fund,2022,Q2,189215.72,-3134.09,390,true
103122,2023-03-02,2023-03-02 16:51:00,AMER,Rates,"Smith, ""Big"" Fund",2023,Q1,413909.91,-68638.18,396,false
103123,2024-05-25,2024-05-25 03:51:00,EMEA,Credit,Alpha Fund,2024,Q2,634902.26,-45271.22,450,true
103124,2025-03-28,2025-03-28 02:57:00,APAC,FX,"Smith, ""Big"" Fund",2025,Q1,803132.11,90821.43,473,true
103125,2021-10-14,2021-10-14 10:28:00,AMER,Rates,Beta Fund,2021,Q4,647070.14,-62574.21,179,false
103126,2022-02-16,2022-02-16 03:53:00,EMEA,Equities,Alpha Fund,2022,Q1,888927.43,-65805.35,318,true
103127,2023-01-01,2023-01-01 09:06:00,APAC,FX,O'Brien Holdings,2023,Q1,964213.80,-19991.56,63,true
103128,2024-10-08,2024-10-08 01:57:00,AMER,FX,"Smith, ""Big"" Fund",2024,Q4,26182.60,-66226.98,417,false
103129,2025-01-21,2025-01-21 06:28:00,EMEA,FX,Beta Fund,2025,Q1,437191.70,-8643.48,489,true
103130,2021-10-06,2021-10-06 10:47:00,APAC,Equities,Alpha Fund,2021,Q4,577338.01,-48461.12,201,true
103131,2022-03-28,2022-03-28 07:43:00,AMER,Equities,Alpha Fund,2022,Q1,309395.58,82720.20,320,true
103132,2023-11-24,2023-11-24 20:52:00,EMEA,FX,Beta Fund,2023,Q4,850527.66,35916.04,250,true
103133,2024-04-15,2024-04-15 20:58:00,APAC,Rates,Beta Fund,2024,Q2,732087.34,21007.22,190,true
103134,2025-12-20,2025-12-20 05:55:00,AMER,Credit,Alpha Fund,2025,Q4,332040.88,-10616.81,430,true
103135,2021-12-13,2021-12-13 17:14:00,EMEA,Equities,O'Brien Holdings,2021,Q4,7854.34,20633.96,5,false
103136,2022-05-23,2022-05-23 19:16:00,APAC,Credit,Beta Fund,2022,Q2,25536.90,-36933.89,104,true
103137,2023-04-13,2023-04-13 11:35:00,AMER,Rates,Alpha Fund,2023,Q2,570220.28,45079.22,111,false
103138,2024-08-17,2024-08-17 03:52:00,EMEA,Rates,Alpha Fund,2024,Q3,187931.79,81095.27,109,false
103139,2025-06-11,2025-06-11 13:53:00,APAC,Equities,Beta Fund,2025,Q2,295475.86,64949.41,120,true
103140,2021-08-19,2021-08-19 18:34:00,AMER,Rates,"Smith, ""Big"" Fund",2021,Q3,17144.07,99211.00,130,true
103141,2022-11-03,2022-11-03 07:48:00,EMEA,Equities,Beta Fund,2022,Q4,734763.37,-24434.19,482,true
103142,2023-09-14,2023-09-14 05:53:00,APAC,Equities,Beta Fund,2023,Q3,764802.89,-76675.08,294,true
103143,2024-04-11,2024-04-11 22:41:00,AMER,FX,O'Brien Holdings,2024,Q2,672094.00,73155.50,393,true
103144,2025-12-07,2025-12-07 15:44:00,EMEA,Credit,"Smith, ""Big"" Fund",2025,Q4,962123.08,27926.65,122,true
103145,2021-10-11,2021-10-11 15:49:00,APAC,Equities,Alpha Fund,2021,Q4,943298.34,-89171.95,340,true
103146,2022-10-04,2022-10-04 03:28:00,AMER,Rates,O'Brien Holdings,2022,Q4,922403.46,-96906.36,493,false
103147,2023-10-17,2023-10-17 21:16:00,EMEA,Rates,O'Brien Holdings,2023,Q4,178020.39,-99891.17,75,true
103148,2024-09-04,2024-09-04 22:02:00,APAC,Equities,Beta Fund,2024,Q3,373001.01,-37224.15,48,true
103149,2025-01-02,2025-01-02 05:34:00,AMER,Rates,O'Brien Holdings,2025,Q1,128618.57,90523.03,6,true
103150,2021-11-17,2021-11-17 23:29:00,EMEA,Credit,Alpha Fund,2021,Q4,203200.82,2012.66,442,true
103151,2022-04-27,2022-04-27 22:13:00,APAC,Commodities,Alpha Fund,2022,Q2,544107.50,-40004.08,179,true
103152,2023-10-18,2023-10-18 06:36:00,AMER,FX,Alpha Fund,2023,Q4,670500.49,88857.32,97,false
103153,2024-11-04,2024-11-04 19:51:00,EMEA,Credit,"Smith, ""Big"" Fund",2024,Q4,963599.03,-78537.07,189,false
103154,2025-10-21,2025-10-21 15:51:00,APAC,FX,Beta Fund,2025,Q4,942427.17,99817.62,315,false
103155,2021-03-03,2021-03-03 08:42:00,AMER,Commodities,"Smith, ""Big"" Fund",2021,Q1,956635.60,27813.89,366,true
103156,2022-05-12,2022-05-12 01:21:00,EMEA,Commodities,O'Brien Holdings,2022,Q2,978235.61,-5354.06,68,true
103157,2023-02-23,2023-02-23 19:22:00,APAC,FX,"Smith, ""Big"" Fund",2023,Q1,413207.42,-2602.54,188,false
103158,2024-05-03,2024-05-03 05:35:00,AMER,FX,O'Brien Holdings,2024,Q2,511894.61,-11119.62,259,true
103159,2025-08-20,2025-08-20 23:06:00,EMEA,Equities,Alpha Fund,2025,Q3,914010.17,-44154.80,445,true
103160,2021-06-07,2021-06-07 19:19:00,APAC,FX,Beta Fund,2021,Q2,753898.34,33641.09,365,true
103161,2022-01-09,2022-01-09 21:45:00,AMER,Rates,Beta Fund,2022,Q1,129783.46,61180.75,429,true
103162,2023-04-09,2023-04-09 02:59:00,EMEA,Equities,O'Brien Holdings,2023,Q2,832768.97,-75495.99,262,true
103163,2024-08-16,2024-08-16 05:31:00,APAC,FX,Beta Fund,2024,Q3,184687.83,-77111.47,117,true
103164,2025-06-15,2025-06-15 20:16:00,AMER,Equities,Beta Fund,2025,Q2,201780.99,-63849.67,85,true
103165,2021-09-03,2021-09-03 21:05:00,EMEA,Equities,Alpha Fund,2021,Q3,167093.95,83335.27,289,true
103166,2022-11-18,2022-11-18 09:16:00,APAC,Rates,Beta Fund,2022,Q4,990363.57,55855.96,256,true
103167,2023-05-09,2023-05-09 15:52:00,AMER,Equities,O'Brien Holdings,2023,Q2,526454.08,-18802.92,180,true
103168,2024-04-01,2024-04-01 01:18:00,EMEA,Credit,"Smith, ""Big"" Fund",2024,Q2,191170.66,88550.97,127,true
103169,2025-05-01,2025-05-01 07:21:00,APAC,Credit,O'Brien Holdings,2025,Q2,493056.95,75618.47,166,true
103170,2021-02-27,2021-02-27 13:43:00,AMER,Equities,"Smith, ""Big"" Fund",2021,Q1,2970.59,34560.30,69,false
103171,2022-08-02,2022-08-02 12:22:00,EMEA,Commodities,O'Brien Holdings,2022,Q3,52496.42,-99390.35,186,true
103172,2023-02-04,2023-02-04 02:41:00,APAC,Credit,Beta Fund,2023,Q1,248794.63,75462.18,302,true
103173,2024-12-09,2024-12-09 12:19:00,AMER,Credit,Beta Fund,2024,Q4,760875.22,96238.59,380,true
103174,2025-05-23,2025-05-23 21:43:00,EMEA,Commodities,"Smith, ""Big"" Fund",2025,Q2,958485.27,-20579.39,353,true
103175,2021-12-28,2021-12-28 09:35:00,APAC,Commodities,Alpha Fund,2021,Q4,94274.48,61949.00,183,true
103176,2022-09-12,2022-09-12 14:55:00,AMER,Equities,Beta Fund,2022,Q3,888750.71,-60309.06,239,true
103177,2023-11-06,2023-11-06 15:24:00,EMEA,Credit,O'Brien Holdings,2023,Q4,92009.52,19868.10,380,true
103178,2024-02-08,2024-02-08 23:08:00,APAC,Rates,O'Brien Holdings,2024,Q1,998355.89,57500.37,475,true
103179,2025-03-03,2025-03-03 10:01:00,AMER,Credit,Alpha Fund,2025,Q1,259962.46,64925.19,224,true
103180,2021-02-18,2021-02-18 22:26:00,EMEA,Equities,Beta Fund,2021,Q1,140593.01,5237.91,64,true
103181,2022-10-20,2022-10-20 18:13:00,APAC,Equities,Beta Fund,2022,Q4,832120.56,-53188.45,264,true
103182,2023-01-26,2023-01-26 11:51:00,AMER,Commodities,"Smith, ""Big"" Fund",2023,Q1,227781.67,-59457.26,33,true
103183,2024-02-18,2024-02-18 09:09:00,EMEA,FX,Alpha Fund,2024,Q1,185181.89,-85388.72,230,true
103184,2025-07-04,2025-07-04 20:31:00,APAC,Commodities,"Smith, ""Big"" Fund",2025,Q3,417551.54,-33312.18,477,true
103185,2021-04-12,2021-04-12 13:13:00,AMER,Commodities,O'Brien Holdings,2021,Q2,981079.68,-65074.61,319,true
103186,2022-07-23,2022-07-23 19:38:00,EMEA,Commodities,Beta Fund,2022,Q3,468564.03,53438.00,155,true
103187,2023-12-15,2023-12-15 08:55:00,APAC,FX,Beta Fund,2023,Q4,864308.09,-95187.84,137,false
103188,2024-04-06,2024-04-06 03:42:00,AMER,FX,Alpha Fund,2024,Q2,420194.19,-46103.66,150,true
103189,2025-03-25,2025-03-25 04:08:00,EMEA,Credit,"Smith, ""Big"" Fund",2025,Q1,440309.32,51083.92,461,true
103190,2021-01-22,2021-01-22 20:46:00,APAC,Rates,O'Brien Holdings,2021,Q1,536819.16,-62046.52,332,true
103191,2022-07-14,2022-07-14 09:58:00,AMER,Credit,"Smith, ""Big"" Fund",2022,Q3,681061.09,-50763.68,294,true
103192,2023-11-27,2023-11-27 10:12:00,EMEA,Commodities,O'Brien Holdings,2023,Q4,399650.80,42541.10,408,true
103193,2024-03-07,2024-03-07 03:17:00,APAC,Equities,Beta Fund,2024,Q1,496770.14,-97363.07,492,true
103194,2025-04-12,2025-04-12 12:58:00,AMER,Rates,O'Brien Holdings,2025,Q2,81087.78,-58305.92,411,true
103195,2021-04-21,2021-04-21 23:13:00,EMEA,FX,Beta Fund,2021,Q2,73194.08,-83696.68,357,true
103196,2022-04-04,2022-04-04 19:17:00,APAC,FX,Alpha Fund,2022,Q2,336301.81,-9933.12,196,true
103197,2023-05-24,2023-05-24 03:55:00,AMER,Equities,O'Brien Holdings,2023,Q2,342415.74,-89030.99,84,true
103198,2024-11-13,2024-11-13 18:36:00,EMEA,Equities,O'Brien Holdings,2024,Q4,475928.09,-48466.82,259,true
103199,2025-04-28,2025-04-28 16:46:00,APAC,Equities,"Smith, ""Big"" Fund",2025,Q2,32832.79,-83574.85,57,false
103200,2021-03-01,2021-03-01 19:48:00,AMER,Commodities,Alpha Fund,2021,Q1,896516.66,-84309.07,161,true
103201,2022-01-24,2022-01-24 15:43:00,EMEA,Credit,Beta Fund,2022,Q1,215177.29,-95427.56,330,false
103202,2023-08-21,2023-08-21 06:07:00,APAC,Credit,Beta Fund,2023,Q3,21223.96,-26171.09,19,true
103203,2024-06-18,2024-06-18 16:06:00,AMER,Equities,"Smith, ""Big"" Fund",2024,Q2,259569.43,36459.08,243,true
103204,2025-07-08,2025-07-08 20:36:00,EMEA,Credit,"Smith, ""Big"" Fund",2025,Q3,572654.22,-56323.88,185,false
103205,2021-06-03,2021-06-03 00:45:00,APAC,Commodities,"Smith, ""Big"" Fund",2021,Q2,196079.04,56014.17,180,true
103206,2022-05-01,2022-05-01 16:20:00,AMER,Credit,"Smith, ""Big"" Fund",2022,Q2,989374.46,-15120.05,149,true
103207,2023-12-23,2023-12-23 22:23:00,EMEA,Commodities,Alpha Fund,2023,Q4,134851.23,52904.94,477,true
103208,2024-04-22,2024-04-22 10:27:00,APAC,Rates,O'Brien Holdings,2024,Q2,343725.92,-22362.81,35,true
103209,2025-09-09,2025-09-09 08:50:00,AMER,Equities,"Smith, ""Big"" Fund",2025,Q3,784487.72,9734.92,438,true
103210,2021-06-24,2021-06-24 07:46:00,EMEA,Commodities,O'Brien Holdings,2021,Q2,317557.01,57258.45,400,false
103211,2022-01-05,2022-01-05 18:45:00,APAC,Commodities,Alpha Fund,2022,Q1,303484.44,62855.58,244,true
103212,2023-12-12,2023-12-12 10:04:00,AMER,Equities,Alpha Fund,2023,Q4,959094.31,-90981.40,282,true
103213,2024-08-12,2024-08-12 00:02:00,EMEA,Equities,"Smith, ""Big"" Fund",2024,Q3,195741.93,-3860.10,113,true
103214,2025-09-16,2025-09-16 07:45:00,APAC,Equities,Alpha Fund,2025,Q3,527873.21,-45952.48,142,true
103215,2021-09-23,2021-09-23 19:06:00,AMER,Equities,Alpha Fund,2021,Q3,309421.19,-19854.95,165,true
103216,2022-12-28,2022-12-28 06:25:00,EMEA,Equities,"Smith, ""Big"" Fund",2022,Q4,798588.21,-63347.61,315,true
103217,2023-05-23,2023-05-23 15:03:00,APAC,Rates,O'Brien Holdings,2023,Q2,540426.46,81592.53,106,true
103218,2024-05-27,2024-05-27 20:28:00,AMER,Credit,"Smith, ""Big"" Fund",2024,Q2,431424.36,62490.00,153,true
103219,2025-03-15,2025-03-15 19:32:00,EMEA,Equities,Beta Fund,2025,Q1,468082.81,88559.33,275,false
103220,2021-01-27,2021-01-27 13:16:00,APAC,Rates,Alpha Fund,2021,Q1,199550.27,-88998.27,237,true
103221,2022-11-19,2022-11-19 18:15:00,AMER,Rates,O'Brien Holdings,2022,Q4,666170.98,9172.75,273,false
103222,2023-05-10,2023-05-10 13:05:00,EMEA,FX,O'Brien Holdings,2023,Q2,947817.18,68924.42,314,false
103223,2024-01-12,2024-01-12 10:15:00,APAC,Equities,Beta Fund,2024,Q1,412920.02,73902.30,82,false
103224,2025-11-04,2025-11-04 21:39:00,AMER,Commodities,Beta Fund,2025,Q4,776658.03,14495.02,347,true
103225,2021-11-06,2021-11-06 01:04:00,EMEA,Credit,Beta Fund,2021,Q4,637841.15,47094.41,385,true
103226,2022-04-06,2022-04-06 19:17:00,APAC,FX,"Smith, ""Big"" Fund",2022,Q2,637856.28,59009.83,188,true
103227,2023-01-03,2023-01-03 12:16:00,AMER,Rates,Alpha Fund,2023,Q1,893141.27,-11761.82,381,true
103228,2024-10-15,2024-10-15 13:13:00,EMEA,Commodities,Beta Fund,2024,Q4,181871.64,-75583.16,55,false
103229,2025-02-07,2025-02-07 05:45:00,APAC,FX,O'Brien Holdings,2025,Q1,471786.87,-99926.27,190,true
103230,2021-01-28,2021-01-28 12:57:00,AMER,Commodities,Alpha Fund,2021,Q1,95161.52,68625.06,104,true
103231,2022-04-08,2022-04-08 04:45:00,EMEA,Commodities,Beta Fund,2022,Q2,496667.17,15692.34,79,true
103232,2023-08-01,2023-08-01 00:31:00,APAC,Credit,Alpha Fund,2023,Q3,521841.86,-74010.71,370,true
103233,2024-07-17,2024-07-17 13:38:00,AMER,Credit,"Smith, ""Big"" Fund",2024,Q3,280094.46,36675.35,301,false
103234,2025-09-22,2025-09-22 16:19:00,EMEA,Equities,Alpha Fund,2025,Q3,806907.95,-59324.76,349,true
103235,2021-04-03,2021-04-03 10:01:00,APAC,Commodities,Beta Fund,2021,Q2,171225.28,22323.20,313,true
103236,2022-01-05,2022-01-05 06:32:00,AMER,FX,Alpha Fund,2022,Q1,198383.89,10837.52,452,false
103237,2023-11-14,2023-11-14 22:54:00,EMEA,FX,Alpha Fund,2023,Q4,343550.49,-61167.17,392,true
103238,2024-01-03,2024-01-03 12:05:00,APAC,Rates,Beta Fund,2024,Q1,310852.09,22440.62,143,true
103239,2025-02-11,2025-02-11 02:59:00,AMER,FX,"Smith, ""Big"" Fund",2025,Q1,41796.14,-61423.87,372,true
103240,2021-04-12,2021-04-12 21:53:00,EMEA,Rates,Beta Fund,2021,Q2,913748.05,-72719.95,225,true
103241,2022-05-13,2022-05-13 21:21:00,APAC,Credit,"Smith, ""Big"" Fund",2022,Q2,487890.31,85833.63,55,true
103242,2023-02-13,2023-02-13 22:47:00,AMER,FX,"Smith, ""Big"" Fund",2023,Q1,639148.96,97149.01,273,true
103243,2024-01-04,2024-01-04 09:22:00,EMEA,Equities,Alpha Fund,2024,Q1,220996.56,16968.47,373,true
103244,2025-12-09,2025-12-09 06:24:00,APAC,Equities,Beta Fund,2025,Q4,81208.37,-37871.77,213,true
103245,2021-10-15,2021-10-15 13:37:00,AMER,Credit,O'Brien Holdings,2021,Q4,413742.59,-7652.26,231,true
103246,2022-09-19,2022-09-19 11:27:00,EMEA,Equities,"Smith, ""Big"" Fund",2022,Q3,814437.21,42157.80,123,true
103247,2023-04-16,2023-04-16 22:14:00,APAC,FX,Beta Fund,2023,Q2,112338.34,63813.48,162,false
103248,2024-01-26,2024-01-26 01:22:00,AMER,Commodities,"Smith, ""Big"" Fund",2024,Q1,645120.99,-39388.57,10,true
103249,2025-07-22,2025-07-22 09:31:00,EMEA,Commodities,Alpha Fund,2025,Q3,300049.34,89435.56,239,true
103250,2021-04-02,2021-04-02 12:56:00,APAC,Rates,O'Brien Holdings,2021,Q2,338808.20,5791.74,379,true
103251,2022-08-16,2022-08-16 04:52:00,AMER,Equities,"Smith, ""Big"" Fund",2022,Q3,660927.09,-22975.55,280,false
103252,2023-03-18,2023-03-18 09:18:00,EMEA,FX,O'Brien Holdings,2023,Q1,753502.23,81848.45,283,true
103253,2024-05-06,2024-05-06 18:16:00,APAC,Credit,Beta Fund,2024,Q2,223576.84,76510.98,21,true
103254,2025-05-19,2025-05-19 22:39:00,AMER,Rates,O'Brien Holdings,2025,Q2,389486.72,62366.48,307,true
103255,2021-11-14,2021-11-14 04:17:00,EMEA,Equities,Alpha Fund,2021,Q4,857947.22,73717.40,494,true
103256,2022-02-21,2022-02-21 18:17:00,APAC,Equities,Alpha Fund,2022,Q1,805961.63,39377.50,407,true
103257,2023-01-15,2023-01-15 22:27:00,AMER,FX,O'Brien Holdings,2023,Q1,836468.85,5121.79,87,true
103258,2024-07-15,2024-07-15 07:30:00,EMEA,FX,"Smith, ""Big"" Fund",2024,Q3,118530.00,-48345.16,235,false
103259,2025-01-16,2025-01-16 12:32:00,APAC,Credit,"Smith, ""Big"" Fund",2025,Q1,410719.61,-99627.32,86,true
103260,2021-09-25,2021-09-25 05:16:00,AMER,Credit,Alpha Fund,2021,Q3,24782.93,58309.15,243,true
103261,2022-10-25,2022-10-25 12:20:00,EMEA,Commodities,Beta Fund,2022,Q4,249093.18,-47460.43,304,true
103262,2023-05-27,2023-05-27 20:41:00,APAC,Rates,Alpha Fund,2023,Q2,258099.12,89332.59,101,true
103263,2024-11-27,2024-11-27 17:07:00,AMER,Commodities,O'Brien Holdings,2024,Q4,560563.54,-57543.87,66,false
103264,2025-06-26,2025-06-26 04:43:00,EMEA,Commodities,"Smith, ""Big"" Fund",2025,Q2,739014.15,4520.66,399,false
103265,2021-01-19,2021-01-19 04:13:00,APAC,FX,"Smith, ""Big"" Fund",2021,Q1,339432.20,-33175.72,49,true
103266,2022-01-28,2022-01-28 16:57:00,AMER,Credit,"Smith, ""Big"" Fund",2022,Q1,265837.98,-16850.11,464,true
103267,2023-03-18,2023-03-18 21:31:00,EMEA,Rates,Beta Fund,2023,Q1,405984.95,84172.31,160,true
103268,2024-11-25,2024-11-25 23:24:00,APAC,Equities,"Smith, ""Big"" Fund",2024,Q4,212494.79,-64572.21,368,true
103269,2025-02-06,2025-02-06 01:52:00,AMER,FX,Beta Fund,2025,Q1,623351.07,-27046.24,90,true
103270,2021-04-18,2021-04-18 11:07:00,EMEA,Equities,Alpha Fund,2021,Q2,932660.42,12345.98,367,true
103271,2022-09-05,2022-09-05 21:02:00,APAC,Equities,"Smith, ""Big"" Fund",2022,Q3,998338.88,-37136.71,177,false
103272,2023-07-06,2023-07-06 03:04:00,AMER,Commodities,Beta Fund,2023,Q3,848083.46,86110.55,70,true
103273,2024-05-13,2024-05-13 22:26:00,EMEA,FX,"Smith, ""Big"" Fund",2024,Q2,517585.14,66090.76,130,true
103274,2025-03-18,2025-03-18 18:21:00,APAC,Rates,"Smith, ""Big"" Fund",2025,Q1,560100.44,68036.03,110,true
103275,2021-06-28,2021-06-28 01:18:00,AMER,Credit,"Smith, ""Big"" Fund",2021,Q2,123377.37,-6678.73,467,true
103276,2022-02-13,2022-02-13 16:35:00,EMEA,FX,"Smith, ""Big"" Fund",2022,Q1,833191.35,21582.07,387,true
103277,2023-07-01,2023-07-01 15:01:00,APAC,Equities,O'Brien Holdings,2023,Q3,754107.97,56836.57,26,true
103278,2024-02-21,2024-02-21 15:03:00,AMER,Commodities,O'Brien Holdings,2024,Q1,802314.16,40316.31,214,true
103279,2025-02-01,2025-02-01 20:15:00,EMEA,Commodities,"Smith, ""Big"" Fund",2025,Q1,336977.64,27769.55,433,true
103280,2021-02-12,2021-02-12 20:10:00,APAC,Credit,Beta Fund,2021,Q1,985633.53,22499.19,365,false
103281,2022-08-07,2022-08-07 08:39:00,AMER,FX,"Smith, ""Big"" Fund",2022,Q3,733797.12,28022.41,480,true
103282,2023-03-13,2023-03-13 16:50:00,EMEA,FX,O'Brien Holdings,2023,Q1,317093.24,-37684.07,11,false
103283,2024-05-01,2024-05-01 16:49:00,APAC,Rates,Alpha Fund,2024,Q2,13677.05,-24737.32,272,true
103284,2025-01-20,2025-01-20 18:54:00,AMER,Equities,"Smith, ""Big"" Fund",2025,Q1,19272.74,35368.25,16,true
103285,2021-01-22,2021-01-22 20:04:00,EMEA,Rates,O'Brien Holdings,2021,Q1,199072.01,-61862.81,203,true
103286,2022-07-16,2022-07-16 04:45:00,APAC,Rates,Beta Fund,2022,Q3,131695.49,25243.69,294,true
103287,2023-07-24,2023-07-24 09:08:00,AMER,Commodities,Alpha Fund,2023,Q3,218555.86,6824.45,419,true
103288,2024-01-06,2024-01-06 05:54:00,EMEA,Commodities,Alpha Fund,2024,Q1,606438.88,94853.89,12,true
103289,2025-08-20,2025-08-20 15:03:00,APAC,Rates,Beta Fund,2025,Q3,162551.77,86323.17,462,false
103290,2021-07-10,2021-07-10 01:18:00,AMER,FX,Beta Fund,2021,Q3,248317.36,-48645.26,218,true
103291,2022-07-26,2022-07-26 16:46:00,EMEA,FX,Alpha Fund,2022,Q3,732393.04,-23227.36,14,true
103292,2023-11-03,2023-11-03 17:38:00,APAC,FX,"Smith, ""Big"" Fund",2023,Q4,277853.64,-29719.32,179,true
103293,2024-05-21,2024-05-21 14:16:00,AMER,FX,Alpha Fund,2024,Q2,228021.34,46000.98,43,true
103294,2025-02-23,2025-02-23 15:35:00,EMEA,Rates,O'Brien Holdings,2025,Q1,769119.64,40911.83,218,false
103295,2021-10-20,2021-10-20 01:03:00,APAC,Rates,O'Brien Holdings,2021,Q4,784875.31,-87794.64,178,false
103296,2022-07-18,2022-07-18 07:57:00,AMER,Credit,Beta Fund,2022,Q3,399749.53,6666.82,18,false
103297,2023-06-14,2023-06-14 22:24:00,EMEA,FX,O'Brien Holdings,2023,Q2,213619.41,13872.91,252,true
103298,2024-04-17,2024-04-17 10:05:00,APAC,Equities,O'Brien Holdings,2024,Q2,471603.59,86207.62,87,false
103299,2025-03-05,2025-03-05 05:33:00,AMER,Equities,Beta Fund,2025,Q1,730492.56,-30102.17,311,true
103300,2021-10-27,2021-10-27 18:11:00,EMEA,Commodities,Beta Fund,2021,Q4,82682.32,24203.09,426,true
103301,2022-08-22,2022-08-22 15:29:00,APAC,Commodities,"Smith, ""Big"" Fund",2022,Q3,471855.49,-7307.72,410,false
103302,2023-02-28,2023-02-28 08:01:00,AMER,Credit,O'Brien Holdings,2023,Q1,949154.69,11077.83,393,true
103303,2024-06-25,2024-06-25 19:37:00,EMEA,Equities,O'Brien Holdings,2024,Q2,509168.04,46830.61,236,true
103304,2025-08-12,2025-08-12 10:49:00,APAC,Rates,O'Brien Holdings,2025,Q3,86527.51,80322.96,434,true
103305,2021-04-12,2021-04-12 14:57:00,AMER,FX,"Smith, ""Big"" Fund",2021,Q2,555543.55,-72442.32,367,true
103306,2022-10-01,2022-10-01 03:49:00,EMEA,FX,O'Brien Holdings,2022,Q4,42463.61,66304.10,111,false
103307,2023-03-05,2023-03-05 16:00:00,APAC,Commodities,O'Brien Holdings,2023,Q1,843914.89,-1830.70,84,true
103308,2024-12-15,2024-12-15 19:04:00,AMER,Equities,O'Brien Holdings,2024,Q4,94795.45,-99583.15,193,true
103309,2025-10-21,2025-10-21 01:49:00,EMEA,Equities,"Smith, ""Big"" Fund",2025,Q4,738211.29,-63906.17,52,true
103310,2021-06-21,2021-06-21 12:02:00,APAC,Credit,O'Brien Holdings,2021,Q2,207102.36,-42250.22,493,true
103311,2022-05-20,2022-05-20 04:52:00,AMER,Commodities,Beta Fund,2022,Q2,353419.19,-54845.86,482,false
103312,2023-12-09,2023-12-09 06:18:00,EMEA,Equities,Alpha Fund,2023,Q4,682833.30,-25933.64,437,true
103313,2024-06-08,2024-06-08 05:24:00,APAC,Rates,"Smith, ""Big"" Fund",2024,Q2,624835.77,-69685.28,432,false
103314,2025-11-05,2025-11-05 02:31:00,AMER,Credit,Beta Fund,2025,Q4,445790.12,47611.93,142,true
103315,2021-01-25,2021-01-25 07:45:00,EMEA,Equities,O'Brien Holdings,2021,Q1,308018.04,32426.56,107,true
103316,2022-07-01,2022-07-01 07:59:00,APAC,Equities,O'Brien Holdings,2022,Q3,78885.25,-3510.33,324,true
103317,2023-05-10,2023-05-10 16:42:00,AMER,Equities,Beta Fund,2023,Q2,811442.55,-84304.82,54,true
103318,2024-01-21,2024-01-21 03:14:00,EMEA,Credit,"Smith, ""Big"" Fund",2024,Q1,738070.25,-41708.21,180,true
103319,2025-09-01,2025-09-01 02:21:00,APAC,Credit,"Smith, ""Big"" Fund",2025,Q3,642692.03,-54417.02,477,false
103320,2021-02-12,2021-02-12 17:51:00,AMER,Commodities,Beta Fund,2021,Q1,42925.09,-64301.72,187,true
103321,2022-03-27,2022-03-27 04:03:00,EMEA,Credit,O'Brien Holdings,2022,Q1,689361.76,-85018.88,453,true
103322,2023-04-01,2023-04-01 06:38:00,APAC,Equities,Alpha Fund,2023,Q2,235070.13,-60128.86,248,true
103323,2024-07-12,2024-07-12 21:16:00,AMER,FX,O'Brien Holdings,2024,Q3,133962.67,-21970.61,405,true
103324,2025-08-25,2025-08-25 08:20:00,EMEA,Rates,"Smith, ""Big"" Fund",2025,Q3,569707.01,-79765.14,500,true
103325,2021-07-25,2021-07-25 07:02:00,APAC,Rates,O'Brien Holdings,2021,Q3,47497.41,75054.81,180,true
103326,2022-08-07,2022-08-07 07:09:00,AMER,Commodities,O'Brien Holdings,2022,Q3,490736.54,-87615.71,94,true
103327,2023-05-09,2023-05-09 14:55:00,EMEA,Commodities,O'Brien Holdings,2023,Q2,927549.27,-80818.73,106,true
103328,2024-02-03,2024-02-03 22:11:00,APAC,FX,Alpha Fund,2024,Q1,620327.07,-57813.68,119,false
103329,2025-08-06,2025-08-06 18:22:00,AMER,FX,Alpha Fund,2025,Q3,222991.36,-81450.06,484,true
103330,2021-03-01,2021-03-01 01:40:00,EMEA,Credit,O'Brien Holdings,2021,Q1,858391.64,19448.55,362,true
103331,2022-03-01,2022-03-01 19:16:00,APAC,FX,O'Brien Holdings,2022,Q1,432939.49,-79136.49,152,true
103332,2023-11-16,2023-11-16 10:40:00,AMER,FX,Alpha Fund,2023,Q4,24907.90,19822.03,457,true
103333,2024-07-18,2024-07-18 23:10:00,EMEA,Commodities,O'Brien Holdings,2024,Q3,399647.16,92805.17,31,true
103334,2025-12-26,2025-12-26 04:32:00,APAC,Credit,O'Brien Holdings,2025,Q4,207835.52,46448.98,369,true
103335,2021-10-20,2021-10-20 12:34:00,AMER,FX,Alpha Fund,2021,Q4,582514.71,4117.15,70,true
103336,2022-02-18,2022-02-18 18:25:00,EMEA,Equities,O'Brien Holdings,2022,Q1,50205.16,-33795.10,334,false
103337,2023-12-09,2023-12-09 21:28:00,APAC,FX,Alpha Fund,2023,Q4,878216.23,46454.11,499,true
103338,2024-08-19,2024-08-19 18:53:00,AMER,Equities,Alpha Fund,2024,Q3,637047.82,97433.40,280,true
103339,2025-03-06,2025-03-06 21:13:00,EMEA,FX,O'Brien Holdings,2025,Q1,175914.32,-13559.42,345,true
103340,2021-09-09,2021-09-09 08:11:00,APAC,Rates,Alpha Fund,2021,Q3,807416.19,-46735.83,227,true
103341,2022-10-20,2022-10-20 08:10:00,AMER,Equities,Alpha Fund,2022,Q4,557905.38,-2335.71,361,true
103342,2023-06-09,2023-06-09 02:28:00,EMEA,Commodities,"Smith, ""Big"" Fund",2023,Q2,558240.60,8141.40,443,true
103343,2024-12-04,2024-12-04 19:30:00,APAC,Commodities,Alpha Fund,2024,Q4,335199.27,40079.29,229,true
103344,2025-08-06,2025-08-06 09:10:00,AMER,Credit,Beta Fund,2025,Q3,181029.35,-9593.92,73,true
103345,2021-08-16,2021-08-16 19:21:00,EMEA,Credit,"Smith, ""Big"" Fund",2021,Q3,368834.13,48094.27,25,true
103346,2022-10-04,2022-10-04 05:13:00,APAC,FX,O'Brien Holdings,2022,Q4,176493.94,93953.93,88,true
103347,2023-10-01,2023-10-01 02:53:00,AMER,Rates,O'Brien Holdings,2023,Q4,390754.33,-40800.34,469,true
103348,2024-05-17,2024-05-17 15:10:00,EMEA,Equities,Alpha Fund,2024,Q2,128838.08,-21135.56,195,true
103349,2025-07-03,2025-07-03 06:09:00,APAC,Equities,Alpha Fund,2025,Q3,969392.79,81330.05,198,true
103350,2021-10-24,2021-10-24 12:58:00,AMER,Commodities,Beta Fund,2021,Q4,859248.78,-74089.51,298,false
103351,2022-12-14,2022-12-14 13:16:00,EMEA,Credit,Beta Fund,2022,Q4,116017.46,94184.68,162,false
103352,2023-04-02,2023-04-02 21:50:00,APAC,Commodities,O'Brien Holdings,2023,Q2,559265.47,54673.87,229,false
103353,2024-11-16,2024-11-16 22:52:00,AMER,Credit,Beta Fund,2024,Q4,997892.04,-45021.20,487,true
103354,2025-06-20,2025-06-20 07:40:00,EMEA,Credit,"Smith, ""Big"" Fund",2025,Q2,923966.58,70663.35,42,true
103355,2021-04-10,2021-04-10 19:44:00,APAC,Credit,O'Brien Holdings,2021,Q2,6714.50,29657.38,324,true
103356,2022-10-10,2022-10-10 10:26:00,AMER,Credit,Alpha Fund,2022,Q4,846774.44,-38988.41,450,true
103357,2023-08-28,2023-08-28 10:37:00,EMEA,Rates,Alpha Fund,2023,Q3,79949.88,3403.69,183,true
103358,2024-07-05,2024-07-05 19:23:00,APAC,Equities,O'Brien Holdings,2024,Q3,586103.03,48747.93,294,false
103359,2025-11-05,2025-11-05 09:54:00,AMER,Equities,Alpha Fund,2025,Q4,983611.43,68073.71,190,false
103360,2021-07-23,2021-07-23 02:27:00,EMEA,Credit,"Smith, ""Big"" Fund",2021,Q3,433324.96,-46418.86,41,true
103361,2022-05-13,2022-05-13 11:48:00,APAC,Equities,O'Brien Holdings,2022,Q2,887512.01,29547.05,421,true
103362,2023-01-18,2023-01-18 11:57:00,AMER,Equities,"Smith, ""Big"" Fund",2023,Q1,780947.64,-99187.55,285,true
103363,2024-02-17,2024-02-17 01:58:00,EMEA,Credit,"Smith, ""Big"" Fund",2024,Q1,278188.72,68937.34,455,true
103364,2025-03-22,2025-03-22 09:50:00,APAC,Credit,Beta Fund,2025,Q1,855841.68,-5604.60,489,true
103365,2021-12-18,2021-12-18 14:16:00,AMER,Equities,"Smith, ""Big"" Fund",2021,Q4,272493.15,10694.30,320,true
103366,2022-06-27,2022-06-27 03:25:00,EMEA,FX,O'Brien Holdings,2022,Q2,140129.23,-51363.74,436,true
103367,2023-03-25,2023-03-25 02:20:00,APAC,Commodities,"Smith, ""Big"" Fund",2023,Q1,546933.28,24790.76,271,true
103368,2024-11-24,2024-11-24 15:17:00,AMER,Equities,"Smith, ""Big"" Fund",2024,Q4,691639.12,31634.69,340,true
103369,2025-08-24,2025-08-24 04:45:00,EMEA,Equities,Beta Fund,2025,Q3,897464.46,79569.19,271,true
103370,2021-08-13,2021-08-13 00:13:00,APAC,Credit,O'Brien Holdings,2021,Q3,74962.48,-88240.95,99,true
103371,2022-08-12,2022-08-12 06:11:00,AMER,Credit,Alpha Fund,2022,Q3,530321.88,54193.24,318,true
103372,2023-02-04,2023-02-04 21:12:00,EMEA,FX,"Smith, ""Big"" Fund",2023,Q1,601180.46,-27546.41,465,true
103373,2024-09-23,2024-09-23 11:03:00,APAC,Commodities,Beta Fund,2024,Q3,335812.06,78840.42,138,true
103374,2025-01-22,2025-01-22 01:55:00,AMER,Equities,Alpha Fund,2025,Q1,160809.58,-6485.80,34,true
103375,2021-04-10,2021-04-10 18:42:00,EMEA,FX,Alpha Fund,2021,Q2,109398.40,-94309.05,156,true
103376,2022-02-20,2022-02-20 04:31:00,APAC,Credit,O'Brien Holdings,2022,Q1,618105.97,73657.37,260,true
103377,2023-01-12,2023-01-12 19:56:00,AMER,Rates,Beta Fund,2023,Q1,856581.70,-26645.21,227,true
103378,2024-09-26,2024-09-26 08:02:00,EMEA,Rates,Alpha Fund,2024,Q3,360811.04,16250.08,25,true
103379,2025-01-22,2025-01-22 14:00:00,APAC,Rates,"Smith, ""Big"" Fund",2025,Q1,656017.79,53627.33,274,true
103380,2021-12-06,2021-12-06 12:25:00,AMER,Credit,"Smith, ""Big"" Fund",2021,Q4,277466.44,-19354.48,118,true
103381,2022-07-08,2022-07-08 22:57:00,EMEA,FX,O'Brien Holdings,2022,Q3,334964.75,-83578.11,450,false
103382,2023-05-17,2023-05-17 04:21:00,APAC,FX,Beta Fund,2023,Q2,115200.91,84743.73,499,true
103383,2024-05-05,2024-05-05 02:10:00,AMER,Credit,Beta Fund,2024,Q2,543096.02,45118.74,431,true
103384,2025-04-26,2025-04-26 11:07:00,EMEA,FX,Alpha Fund,2025,Q2,237109.57,-73967.84,236,true
103385,2021-04-25,2021-04-25 11:39:00,APAC,Equities,Alpha Fund,2021,Q2,453928.17,65750.51,165,true
103386,2022-04-24,2022-04-24 12:18:00,AMER,Rates,"Smith, ""Big"" Fund",2022,Q2,183928.14,57538.84,382,true
103387,2023-03-15,2023-03-15 05:58:00,EMEA,FX,O'Brien Holdings,2023,Q1,603246.01,60217.55,207,true
103388,2024-07-24,2024-07-24 09:13:00,APAC,FX,Beta Fund,2024,Q3,171388.34,-62145.37,53,true
103389,2025-08-24,2025-08-24 15:00:00,AMER,Equities,Alpha Fund,2025,Q3,778084.00,5516.05,198,false
103390,2021-09-21,2021-09-21 06:01:00,EMEA,Equities,O'Brien Holdings,2021,Q3,401720.89,-60606.08,422,true
103391,2022-12-05,2022-12-05 15:45:00,APAC,Equities,"Smith, ""Big"" Fund",2022,Q4,751990.89,37946.61,173,false
103392,2023-09-21,2023-09-21 10:55:00,AMER,Rates,O'Brien Holdings,2023,Q3,419143.22,78343.22,189,true
103393,2024-02-11,2024-02-11 08:46:00,EMEA,Credit,Beta Fund,2024,Q1,634941.45,-50996.85,192,false
103394,2025-07-13,2025-07-13 14:21:00,APAC,Credit,Alpha Fund,2025,Q3,564717.43,21251.98,181,false
103395,2021-11-16,2021-11-16 07:42:00,AMER,Credit,O'Brien Holdings,2021,Q4,847184.80,39239.77,273,false
103396,2022-08-25,2022-08-25 22:25:00,EMEA,Equities,O'Brien Holdings,2022,Q3,122616.72,25583.45,314,true
103397,2023-09-15,2023-09-15 07:00:00,APAC,Rates,Alpha Fund,2023,Q3,897660.45,-92133.94,36,true
103398,2024-12-24,2024-12-24 05:57:00,AMER,Equities,Alpha Fund,2024,Q4,170719.14,-53205.87,126,true
103399,2025-04-12,2025-04-12 07:41:00,EMEA,Equities,Beta Fund,2025,Q2,337815.58,77051.24,496,true
103400,2021-08-11,2021-08-11 21:11:00,APAC,Equities,O'Brien Holdings,2021,Q3,503068.26,-74878.47,165,true
103401,2022-08-15,2022-08-15 02:48:00,AMER,FX,"Smith, ""Big"" Fund",2022,Q3,771936.97,-10693.03,5,true
103402,2023-07-08,2023-07-08 10:01:00,EMEA,Credit,Beta Fund,2023,Q3,354068.91,-84609.11,43,false
103403,2024-08-09,2024-08-09 01:05:00,APAC,Equities,Alpha Fund,2024,Q3,59320.86,34539.98,201,false
103404,2025-09-17,2025-09-17 06:11:00,AMER,Equities,"Smith, ""Big"" Fund",2025,Q3,674441.67,-34156.01,499,false
103405,2021-04-28,2021-04-28 19:51:00,EMEA,Credit,Alpha Fund,2021,Q2,358116.53,-93255.29,86,true
103406,2022-05-18,2022-05-18 12:57:00,APAC,Commodities,Alpha Fund,2022,Q2,569755.18,72824.36,262,true
103407,2023-04-27,2023-04-27 10:26:00,AMER,Rates,"Smith, ""Big"" Fund",2023,Q2,422787.25,16015.03,145,true
103408,2024-04-02,2024-04-02 19:48:00,EMEA,Equities,Beta Fund,2024,Q2,341572.85,-35844.41,408,true
103409,2025-06-18,2025-06-18 17:56:00,APAC,Rates,O'Brien Holdings,2025,Q2,144092.15,-18450.86,267,true
103410,2021-05-06,2021-05-06 13:08:00,AMER,Commodities,Alpha Fund,2021,Q2,947747.22,-1645.54,108,false
103411,2022-01-24,2022-01-24 10:13:00,EMEA,Commodities,Alpha Fund,2022,Q1,827115.85,-24373.31,209,true
103412,2023-03-02,2023-03-02 10:18:00,APAC,Rates,Beta Fund,2023,Q1,92325.98,-14926.00,309,true
103413,2024-08-11,2024-08-11 11:51:00,AMER,Rates,"Smith, ""Big"" Fund",2024,Q3,685569.66,26808.71,161,true
103414,2025-07-12,2025-07-12 16:55:00,EMEA,Rates,O'Brien Holdings,2025,Q3,882407.02,-53550.10,245,true
103415,2021-02-01,2021-02-01 09:45:00,APAC,Credit,Beta Fund,2021,Q1,354913.08,46756.11,496,true
103416,2022-08-11,2022-08-11 05:03:00,AMER,Equities,"Smith, ""Big"" Fund",2022,Q3,433268.54,90584.90,355,true
103417,2023-05-18,2023-05-18 08:09:00,EMEA,Equities,Beta Fund,2023,Q2,996451.97,13988.31,4,false
103418,2024-10-28,2024-10-28 00:08:00,APAC,Commodities,"Smith, ""Big"" Fund",2024,Q4,850556.05,5397.90,191,true
103419,2025-11-02,2025-11-02 08:37:00,AMER,Credit,Alpha Fund,2025,Q4,946388.40,1183.61,380,true
103420,2021-11-19,2021-11-19 03:31:00,EMEA,Equities,Beta Fund,2021,Q4,322119.77,96950.85,463,true
103421,2022-04-08,2022-04-08 16:27:00,APAC,FX,Alpha Fund,2022,Q2,799400.23,18872.31,120,true
103422,2023-09-15,2023-09-15 05:09:00,AMER,Credit,Alpha Fund,2023,Q3,74908.23,15250.10,325,true
103423,2024-03-27,2024-03-27 17:56:00,EMEA,Equities,"Smith, ""Big"" Fund",2024,Q1,799838.25,72924.88,184,false
103424,2025-06-13,2025-06-13 17:39:00,APAC,FX,Beta Fund,2025,Q2,946411.20,-14468.81,168,false
103425,2021-07-17,2021-07-17 19:18:00,AMER,Commodities,O'Brien Holdings,2021,Q3,27809.06,-48198.85,445,true
103426,2022-09-07,2022-09-07 13:59:00,EMEA,Credit,O'Brien Holdings,2022,Q3,875473.94,-12414.96,134,true
103427,2023-06-10,2023-06-10 05:48:00,APAC,Rates,"Smith, ""Big"" Fund",2023,Q2,26237.06,79337.50,492,true
103428,2024-07-22,2024-07-22 23:13:00,AMER,Rates,Beta Fund,2024,Q3,384959.52,-2329.18,16,true
103429,2025-04-15,2025-04-15 06:38:00,EMEA,Rates,O'Brien Holdings,2025,Q2,299495.21,-70175.19,363,true
103430,2021-06-06,2021-06-06 23:48:00,APAC,Equities,Beta Fund,2021,Q2,561316.33,27625.86,357,true
103431,2022-09-01,2022-09-01 03:39:00,AMER,Equities,"Smith, ""Big"" Fund",2022,Q3,829627.76,-47857.99,286,true
103432,2023-03-24,2023-03-24 05:25:00,EMEA,Rates,Alpha Fund,2023,Q1,466939.78,-40018.00,480,false
103433,2024-05-23,2024-05-23 10:47:00,APAC,Rates,O'Brien Holdings,2024,Q2,919088.93,13775.51,164,false
103434,2025-01-23,2025-01-23 17:12:00,AMER,Commodities,"Smith, ""Big"" Fund",2025,Q1,980167.50,-26970.56,318,false
103435,2021-11-24,2021-11-24 23:32:00,EMEA,Equities,Alpha Fund,2021,Q4,866009.50,-5397.36,300,true
103436,2022-05-21,2022-05-21 01:52:00,APAC,Equities,"Smith, ""Big"" Fund",2022,Q2,585819.27,-38177.93,481,true
103437,2023-04-18,2023-04-18 06:53:00,AMER,Credit,Alpha Fund,2023,Q2,381395.95,-31819.94,452,true
103438,2024-04-13,2024-04-13 09:15:00,EMEA,Rates,O'Brien Holdings,2024,Q2,45554.95,-25109.60,172,true
103439,2025-08-02,2025-08-02 00:11:00,APAC,Rates,Beta Fund,2025,Q3,876330.84,7953.13,332,true
103440,2021-10-14,2021-10-14 20:00:00,AMER,FX,Alpha Fund,2021,Q4,339793.17,-27020.70,424,true
103441,2022-01-27,2022-01-27 02:48:00,EMEA,Commodities,"Smith, ""Big"" Fund",2022,Q1,982587.86,-4872.33,76,true
103442,2023-05-19,2023-05-19 14:03:00,APAC,Commodities,"Smith, ""Big"" Fund",2023,Q2,100803.69,-40663.60,493,true
103443,2024-11-14,2024-11-14 21:58:00,AMER,Rates,O'Brien Holdings,2024,Q4,708216.14,35240.47,401,true
103444,2025-04-24,2025-04-24 17:03:00,EMEA,FX,"Smith, ""Big"" Fund",2025,Q2,448212.18,2174.90,378,true
103445,2021-11-14,2021-11-14 02:21:00,APAC,Commodities,"Smith, ""Big"" Fund",2021,Q4,24751.90,-78914.51,228,false
103446,2022-07-13,2022-07-13 09:52:00,AMER,Commodities,O'Brien Holdings,2022,Q3,391015.03,78360.83,305,true
103447,2023-02-12,2023-02-12 10:15:00,EMEA,FX,"Smith, ""Big"" Fund",2023,Q1,154213.23,34893.74,193,true
103448,2024-03-16,2024-03-16 14:32:00,APAC,Commodities,O'Brien Holdings,2024,Q1,646366.40,47106.08,199,true
103449,2025-02-02,2025-02-02 17:56:00,AMER,Rates,"Smith, ""Big"" Fund",2025,Q1,875088.60,98358.81,49,true
103450,2021-11-19,2021-11-19 11:30:00,EMEA,Credit,Alpha Fund,2021,Q4,71420.83,-97881.20,317,true
103451,2022-11-04,2022-11-04 19:32:00,APAC,Rates,Beta Fund,2022,Q4,639628.47,60696.89,489,true
103452,2023-02-07,2023-02-07 10:47:00,AMER,FX,"Smith, ""Big"" Fund",2023,Q1,556681.23,21821.20,461,true
103453,2024-05-21,2024-05-21 03:51:00,EMEA,Commodities,Alpha Fund,2024,Q2,743689.93,71656.48,389,true
103454,2025-12-07,2025-12-07 14:41:00,APAC,Commodities,O'Brien Holdings,2025,Q4,591266.84,-32110.80,112,true
103455,2021-09-19,2021-09-19 05:05:00,AMER,Rates,O'Brien Holdings,2021,Q3,357590.32,63679.68,342,true
103456,2022-09-04,2022-09-04 05:31:00,EMEA,FX,"Smith, ""Big"" Fund",2022,Q3,216526.00,7546.50,473,true
103457,2023-05-28,2023-05-28 05:22:00,APAC,Commodities,O'Brien Holdings,2023,Q2,37577.16,-10692.11,256,true
103458,2024-03-14,2024-03-14 23:41:00,AMER,Credit,"Smith, ""Big"" Fund",2024,Q1,99532.50,80138.47,260,false
103459,2025-09-05,2025-09-05 09:45:00,EMEA,Commodities,Alpha Fund,2025,Q3,934622.01,-77141.62,159,true
103460,2021-10-27,2021-10-27 23:36:00,APAC,Commodities,O'Brien Holdings,2021,Q4,729358.42,-49592.76,258,true
103461,2022-09-19,2022-09-19 18:01:00,AMER,Equities,O'Brien Holdings,2022,Q3,310372.96,-90869.79,306,true
103462,2023-03-03,2023-03-03 01:15:00,EMEA,Rates,O'Brien Holdings,2023,Q1,265992.83,67112.15,263,true
103463,2024-01-20,2024-01-20 06:35:00,APAC,Credit,O'Brien Holdings,2024,Q1,904070.48,52469.34,323,true
103464,2025-05-10,2025-05-10 19:19:00,AMER,Commodities,Beta Fund,2025,Q2,630910.77,17859.96,101,true
103465,2021-09-04,2021-09-04 13:29:00,EMEA,Commodities,"Smith, ""Big"" Fund",2021,Q3,509203.91,99152.67,331,false
103466,2022-04-14,2022-04-14 19:10:00,APAC,FX,Alpha Fund,2022,Q2,769368.55,-62471.41,90,true
103467,2023-01-11,2023-01-11 06:38:00,AMER,Equities,O'Brien Holdings,2023,Q1,144968.38,-7727.03,35,false
103468,2024-04-22,2024-04-22 12:03:00,EMEA,Credit,Beta Fund,2024,Q2,283267.02,-47100.30,492,false
103469,2025-07-12,2025-07-12 03:51:00,APAC,Rates,Beta Fund,2025,Q3,872589.15,-34058.39,10,true
103470,2021-02-24,2021-02-24 02:02:00,AMER,Commodities,O'Brien Holdings,2021,Q1,316468.31,75390.48,50,true
103471,2022-11-13,2022-11-13 04:04:00,EMEA,Credit,O'Brien Holdings,2022,Q4,673562.49,74798.16,36,true
103472,2023-11-13,2023-11-13 01:45:00,APAC,FX,Beta Fund,2023,Q4,965523.38,-10247.81,114,true
103473,2024-01-01,2024-01-01 18:33:00,AMER,Rates,Beta Fund,2024,Q1,776021.19,-43924.24,21,false
103474,2025-04-23,2025-04-23 20:46:00,EMEA,Equities,Alpha Fund,2025,Q2,396313.06,-68526.46,297,true
103475,2021-06-04,2021-06-04 07:54:00,APAC,Equities,"Smith, ""Big"" Fund",2021,Q2,724762.07,67233.18,202,true
103476,2022-08-09,2022-08-09 14:01:00,AMER,Credit,"Smith, ""Big"" Fund",2022,Q3,995707.20,-8293.04,375,true
103477,2023-12-13,2023-12-13 11:05:00,EMEA,FX,Beta Fund,2023,Q4,954261.41,48985.45,77,true
103478,2024-02-04,2024-02-04 23:17:00,APAC,Credit,Alpha Fund,2024,Q1,974754.50,-70674.92,259,true
103479,2025-03-05,2025-03-05 21:51:00,AMER,Equities,"Smith, ""Big"" Fund",2025,Q1,96767.18,-21418.39,42,false
103480,2021-04-19,2021-04-19 11:40:00,EMEA,Rates,O'Brien Holdings,2021,Q2,268483.15,30295.79,196,true
103481,2022-11-18,2022-11-18 10:12:00,APAC,Equities,Alpha Fund,2022,Q4,422607.00,-17319.57,257,true
103482,2023-10-14,2023-10-14 08:24:00,AMER,Credit,Alpha Fund,2023,Q4,36373.29,-10415.61,116,true
103483,2024-11-23,2024-11-23 23:22:00,EMEA,FX,O'Brien Holdings,2024,Q4,383837.38,34195.90,277,false
103484,2025-11-10,2025-11-10 04:01:00,APAC,Equities,O'Brien Holdings,2025,Q4,595470.86,-48749.76,492,true
103485,2021-10-17,2021-10-17 21:39:00,AMER,Credit,Alpha Fund,2021,Q4,614457.17,35270.38,81,true
103486,2022-09-08,2022-09-08 22:25:00,EMEA,Commodities,O'Brien Holdings,2022,Q3,946641.51,-79889.77,179,true
103487,2023-10-24,2023-10-24 18:52:00,APAC,Rates,"Smith, ""Big"" Fund",2023,Q4,455258.68,74039.15,410,true
103488,2024-12-10,2024-12-10 01:38:00,AMER,Equities,Alpha Fund,2024,Q4,517202.85,-58785.31,173,true
103489,2025-03-03,2025-03-03 06:05:00,EMEA,Credit,Alpha Fund,2025,Q1,892531.74,-18191.96,441,true
103490,2021-08-05,2021-08-05 16:50:00,APAC,Credit,Beta Fund,2021,Q3,216339.52,-29110.66,491,true
103491,2022-07-20,2022-07-20 20:05:00,AMER,Equities,Alpha Fund,2022,Q3,30651.21,46518.54,456,true
103492,2023-11-21,2023-11-21 15:43:00,EMEA,Commodities,Beta Fund,2023,Q4,226376.63,-35240.76,274,false
103493,2024-11-10,2024-11-10 03:32:00,APAC,Rates,Alpha Fund,2024,Q4,555155.80,71300.17,134,true
103494,2025-02-16,2025-02-16 11:05:00,AMER,Equities,Beta Fund,2025,Q1,308523.03,71574.35,363,true
103495,2021-07-12,2021-07-12 15:37:00,EMEA,Equities,O'Brien Holdings,2021,Q3,725250.37,-78908.62,200,true
103496,2022-11-11,2022-11-11 12:44:00,APAC,Equities,Beta Fund,2022,Q4,53197.93,63936.52,237,false
103497,2023-07-20,2023-07-20 22:42:00,AMER,Equities,O'Brien Holdings,2023,Q3,79613.07,9537.41,143,true
103498,2024-07-16,2024-07-16 10:09:00,EMEA,Rates,"Smith, ""Big"" Fund",2024,Q3,458499.82,-83748.27,428,true
103499,2025-07-25,2025-07-25 12:07:00,APAC,Commodities,Alpha Fund,2025,Q3,101759.79,83090.84,465,true
103500,2021-05-12,2021-05-12 01:27:00,AMER,Equities,Beta Fund,2021,Q2,121499.79,92979.38,404,true
103501,2022-07-20,2022-07-20 13:00:00,EMEA,Commodities,Beta Fund,2022,Q3,555003.40,-56236.56,277,true
103502,2023-06-28,2023-06-28 22:23:00,APAC,Commodities,Beta Fund,2023,Q2,259792.59,39767.66,75,true
103503,2024-05-25,2024-05-25 09:50:00,AMER,Equities,Alpha Fund,2024,Q2,217574.75,13517.70,298,true
103504,2025-05-06,2025-05-06 08:18:00,EMEA,Commodities,Alpha Fund,2025,Q2,557294.34,-3954.17,130,true
103505,2021-05-05,2021-05-05 13:59:00,APAC,Equities,"Smith, ""Big"" Fund",2021,Q2,227319.57,53712.65,267,true
103506,2022-11-19,2022-11-19 06:28:00,AMER,Rates,Alpha Fund,2022,Q4,861045.16,-91471.85,405,true
103507,2023-04-07,2023-04-07 05:50:00,EMEA,FX,Beta Fund,2023,Q2,577687.37,-92210.27,449,true
103508,2024-07-19,2024-07-19 11:08:00,APAC,Commodities,"Smith, ""Big"" Fund",2024,Q3,229731.36,40334.82,447,true
103509,2025-06-19,2025-06-19 01:10:00,AMER,Credit,O'Brien Holdings,2025,Q2,112907.66,51797.42,220,true
103510,2021-06-07,2021-06-07 04:39:00,EMEA,FX,"Smith, ""Big"" Fund",2021,Q2,870000.84,-4880.30,361,true
103511,2022-09-24,2022-09-24 12:21:00,APAC,Rates,Alpha Fund,2022,Q3,968065.64,-75027.52,279,true
103512,2023-03-16,2023-03-16 12:32:00,AMER,Equities,O'Brien Holdings,2023,Q1,327362.90,-34364.74,222,false
103513,2024-01-20,2024-01-20 09:29:00,EMEA,Rates,"Smith, ""Big"" Fund",2024,Q1,682721.14,58733.86,417,true
103514,2025-05-14,2025-05-14 04:22:00,APAC,FX,Beta Fund,2025,Q2,577907.42,-4485.16,39,true
103515,2021-05-05,2021-05-05 09:47:00,AMER,Rates,Beta Fund,2021,Q2,837791.68,-57369.78,264,true
103516,2022-01-27,2022-01-27 06:51:00,EMEA,Equities,Alpha Fund,2022,Q1,665157.44,-77265.01,173,false
103517,2023-12-17,2023-12-17 12:00:00,APAC,Rates,Alpha Fund,2023,Q4,110403.68,-13742.71,117,true
103518,2024-09-09,2024-09-09 07:19:00,AMER,FX,"Smith, ""Big"" Fund",2024,Q3,56452.19,-16277.65,79,true
103519,2025-12-01,2025-12-01 10:50:00,EMEA,Credit,Beta Fund,2025,Q4,860301.34,43829.39,46,true
103520,2021-06-27,2021-06-27 05:18:00,APAC,Commodities,Alpha Fund,2021,Q2,258315.39,37903.19,180,true
103521,2022-07-02,2022-07-02 21:33:00,AMER,FX,"Smith, ""Big"" Fund",2022,Q3,779344.31,42747.23,321,true
103522,2023-10-18,2023-10-18 19:21:00,EMEA,Credit,"Smith, ""Big"" Fund",2023,Q4,529035.57,6552.28,371,true
103523,2024-08-16,2024-08-16 04:41:00,APAC,Equities,"Smith, ""Big"" Fund",2024,Q3,329934.20,-86800.88,176,false
103524,2025-09-17,2025-09-17 17:30:00,AMER,Equities,Beta Fund,2025,Q3,571794.48,-62165.51,374,true
103525,2021-03-08,2021-03-08 05:27:00,EMEA,Credit,Beta Fund,2021,Q1,457852.23,59913.04,43,true
103526,2022-02-01,2022-02-01 17:17:00,APAC,Rates,"Smith, ""Big"" Fund",2022,Q1,895370.39,-11404.28,79,true
103527,2023-08-03,2023-08-03 06:02:00,AMER,Equities,Beta Fund,2023,Q3,195308.43,-42016.43,1,false
103528,2024-07-25,2024-07-25 02:59:00,EMEA,Credit,"Smith, ""Big"" Fund",2024,Q3,193549.91,-40557.16,235,true
103529,2025-02-26,2025-02-26 21:40:00,APAC,Rates,Alpha Fund,2025,Q1,679523.69,23346.22,307,false
103530,2021-07-19,2021-07-19 18:27:00,AMER,FX,Beta Fund,2021,Q3,27071.22,-34508.47,61,true
103531,2022-08-01,2022-08-01 10:23:00,EMEA,Credit,O'Brien Holdings,2022,Q3,411153.20,85531.74,23,false
103532,2023-07-28,2023-07-28 17:51:00,APAC,Rates,Beta Fund,2023,Q3,696490.22,-23042.29,21,true
103533,2024-08-05,2024-08-05 03:12:00,AMER,Credit,Alpha Fund,2024,Q3,407194.34,-80851.31,152,true
103534,2025-10-10,2025-10-10 02:21:00,EMEA,Rates,O'Brien Holdings,2025,Q4,657969.95,63051.22,147,true
103535,2021-03-06,2021-03-06 17:56:00,APAC,Rates,Alpha Fund,2021,Q1,48938.52,-60309.86,253,false
103536,2022-11-07,2022-11-07 19:09:00,AMER,Rates,Beta Fund,2022,Q4,990857.91,-42556.09,343,true
103537,2023-10-19,2023-10-19 13:23:00,EMEA,Rates,"Smith, ""Big"" Fund",2023,Q4,285413.80,-15444.97,299,true
103538,2024-03-16,2024-03-16 09:10:00,APAC,Credit,Beta Fund,2024,Q1,269215.19,-68995.54,348,false
103539,2025-10-11,2025-10-11 09:25:00,AMER,Equities,O'Brien Holdings,2025,Q4,617453.58,-34674.46,485,true
103540,2021-09-01,2021-09-01 19:38:00,EMEA,Credit,Alpha Fund,2021,Q3,11785.83,-65846.48,484,false
103541,2022-05-07,2022-05-07 12:53:00,APAC,Equities,Beta Fund,2022,Q2,86025.08,-3263.02,264,true
103542,2023-10-08,2023-10-08 20:20:00,AMER,Equities,Alpha Fund,2023,Q4,960769.17,17749.75,118,true
103543,2024-11-04,2024-11-04 10:48:00,EMEA,Commodities,Beta Fund,2024,Q4,771255.67,28715.29,188,true
103544,2025-12-20,2025-12-20 16:29:00,APAC,Credit,O'Brien Holdings,2025,Q4,741652.99,93109.79,18,true
103545,2021-05-09,2021-05-09 14:56:00,AMER,Equities,Beta Fund,2021,Q2,927313.57,-64885.93,309,true
103546,2022-05-20,2022-05-20 12:11:00,EMEA,Equities,Beta Fund,2022,Q2,911628.24,-97828.23,204,true
103547,2023-06-22,2023-06-22 07:03:00,APAC,FX,"Smith, ""Big"" Fund",2023,Q2,479633.08,3523.10,198,true
103548,2024-05-06,2024-05-06 06:33:00,AMER,Equities,Beta Fund,2024,Q2,536262.66,-65619.66,79,true
103549,2025-11-16,2025-11-16 15:25:00,EMEA,Commodities,Alpha Fund,2025,Q4,320310.43,31714.59,446,false
103550,2021-09-08,2021-09-08 08:46:00,APAC,Rates,Alpha Fund,2021,Q3,243087.34,54170.40,110,false
103551,2022-08-18,2022-08-18 17:55:00,AMER,Credit,"Smith, ""Big"" Fund",2022,Q3,197653.40,58182.68,282,false
103552,2023-08-06,2023-08-06 01:31:00,EMEA,Credit,Beta Fund,2023,Q3,953125.54,-74215.91,273,true
103553,2024-10-11,2024-10-11 13:25:00,APAC,Commodities,Alpha Fund,2024,Q4,911833.99,-98761.23,271,true
103554,2025-12-17,2025-12-17 03:00:00,AMER,Equities,Beta Fund,2025,Q4,173904.73,-11484.53,208,true
103555,2021-07-25,2021-07-25 11:42:00,EMEA,Rates,Alpha Fund,2021,Q3,326026.99,70185.31,166,true
103556,2022-01-15,2022-01-15 17:04:00,APAC,FX,Beta Fund,2022,Q1,664404.26,32962.83,452,true
103557,2023-01-19,2023-01-19 19:14:00,AMER,Commodities,"Smith, ""Big"" Fund",2023,Q1,120331.86,92396.99,11,true
103558,2024-02-02,2024-02-02 20:48:00,EMEA,Equities,Alpha Fund,2024,Q1,744060.45,-31838.47,320,true
103559,2025-11-08,2025-11-08 17:31:00,APAC,Rates,"Smith, ""Big"" Fund",2025,Q4,388488.30,98979.49,238,true
103560,2021-05-14,2021-05-14 13:47:00,AMER,Credit,O'Brien Holdings,2021,Q2,491352.12,-45157.09,165,true
103561,2022-07-28,2022-07-28 09:42:00,EMEA,Commodities,Beta Fund,2022,Q3,139922.17,-84504.19,139,false
103562,2023-11-08,2023-11-08 20:57:00,APAC,Rates,Alpha Fund,2023,Q4,585664.62,-93565.14,215,true
103563,2024-06-10,2024-06-10 21:20:00,AMER,Rates,Beta Fund,2024,Q2,113826.54,77471.88,268,false
103564,2025-06-07,2025-06-07 17:19:00,EMEA,Rates,Alpha Fund,2025,Q2,508568.15,46940.47,203,true
103565,2021-04-16,2021-04-16 13:41:00,APAC,Credit,"Smith, ""Big"" Fund",2021,Q2,202510.14,-34043.97,290,true
103566,2022-12-17,2022-12-17 10:04:00,AMER,FX,Beta Fund,2022,Q4,18653.10,-3247.87,473,false
103567,2023-04-23,2023-04-23 12:20:00,EMEA,Equities,O'Brien Holdings,2023,Q2,341986.97,42866.45,220,true
103568,2024-10-13,2024-10-13 13:27:00,APAC,Credit,Beta Fund,2024,Q4,192051.20,-38273.77,382,true
103569,2025-06-04,2025-06-04 05:52:00,AMER,FX,"Smith, ""Big"" Fund",2025,Q2,213676.67,-85608.00,270,true
103570,2021-12-13,2021-12-13 02:17:00,EMEA,Commodities,O'Brien Holdings,2021,Q4,340178.57,45475.21,130,true
103571,2022-05-10,2022-05-10 04:08:00,APAC,Credit,Alpha Fund,2022,Q2,613129.42,-62696.66,342,true
103572,2023-04-15,2023-04-15 12:23:00,AMER,FX,O'Brien Holdings,2023,Q2,710151.86,40182.60,482,false
103573,2024-05-01,2024-05-01 20:48:00,EMEA,Rates,O'Brien Holdings,2024,Q2,964722.90,-96229.35,491,true
103574,2025-03-20,2025-03-20 08:55:00,APAC,Equities,Beta Fund,2025,Q1,949808.50,88437.11,196,false
103575,2021-08-16,2021-08-16 05:06:00,AMER,Commodities,Beta Fund,2021,Q3,20363.99,-59309.01,183,true
103576,2022-01-13,2022-01-13 00:47:00,EMEA,Credit,O'Brien Holdings,2022,Q1,137529.93,18980.24,109,false
103577,2023-12-07,2023-12-07 18:33:00,APAC,Credit,Beta Fund,2023,Q4,834048.06,-28626.80,204,true
103578,2024-09-22,2024-09-22 13:54:00,AMER,Rates,"Smith, ""Big"" Fund",2024,Q3,48324.91,-82777.54,334,true
103579,2025-11-15,2025-11-15 18:30:00,EMEA,Credit,"Smith, ""Big"" Fund",2025,Q4,11735.81,71174.89,156,true
103580,2021-08-12,2021-08-12 04:41:00,APAC,Rates,Beta Fund,2021,Q3,301792.99,6888.38,383,false
103581,2022-11-08,2022-11-08 23:14:00,AMER,Credit,Beta Fund,2022,Q4,178661.38,25329.77,120,true
103582,2023-06-03,2023-06-03 01:42:00,EMEA,FX,Beta Fund,2023,Q2,648147.42,2101.52,263,true
103583,2024-06-14,2024-06-14 22:45:00,APAC,Commodities,Beta Fund,2024,Q2,737042.76,95527.82,68,true
103584,2025-05-16,2025-05-16 11:21:00,AMER,FX,"Smith, ""Big"" Fund",2025,Q2,301183.50,96641.47,198,true
103585,2021-05-23,2021-05-23 16:03:00,EMEA,Credit,Beta Fund,2021,Q2,966300.79,-13765.29,123,false
103586,2022-07-11,2022-07-11 21:06:00,APAC,Rates,O'Brien Holdings,2022,Q3,130168.14,-97344.34,27,true
103587,2023-09-03,2023-09-03 00:24:00,AMER,Credit,Beta Fund,2023,Q3,186792.63,23438.56,158,true
103588,2024-01-05,2024-01-05 00:14:00,EMEA,Commodities,Beta Fund,2024,Q1,313683.74,97501.40,301,true
103589,2025-06-23,2025-06-23 09:59:00,APAC,Commodities,"Smith, ""Big"" Fund",2025,Q2,646453.34,7668.97,54,false
103590,2021-06-24,2021-06-24 05:04:00,AMER,FX,O'Brien Holdings,2021,Q2,515861.79,10761.07,475,true
103591,2022-10-02,2022-10-02 05:04:00,EMEA,Commodities,"Smith, ""Big"" Fund",2022,Q4,694901.60,-58086.74,471,true
103592,2023-01-14,2023-01-14 00:26:00,APAC,Credit,"Smith, ""Big"" Fund",2023,Q1,537361.92,3359.79,439,true
103593,2024-09-16,2024-09-16 22:11:00,AMER,Equities,Beta Fund,2024,Q3,422163.72,39210.45,233,true
103594,2025-03-01,2025-03-01 20:15:00,EMEA,FX,Alpha Fund,2025,Q1,560932.36,-6371.40,185,true
103595,2021-01-02,2021-01-02 23:05:00,APAC,Rates,O'Brien Holdings,2021,Q1,432820.17,88633.08,371,true
103596,2022-01-26,2022-01-26 07:27:00,AMER,FX,O'Brien Holdings,2022,Q1,332644.46,36158.97,377,true
103597,2023-05-26,2023-05-26 08:44:00,EMEA,Credit,O'Brien Holdings,2023,Q2,933451.61,-94993.57,96,true
103598,2024-07-21,2024-07-21 21:01:00,APAC,Rates,Beta Fund,2024,Q3,494247.20,-62529.93,197,true
103599,2025-04-16,2025-04-16 22:27:00,AMER,Commodities,Beta Fund,2025,Q2,325723.73,7841.76,193,false
103600,2021-09-24,2021-09-24 10:56:00,EMEA,Credit,Alpha Fund,2021,Q3,558454.45,-87814.59,340,true
103601,2022-12-21,2022-12-21 14:39:00,APAC,Commodities,Alpha Fund,2022,Q4,510904.93,83104.20,324,true
103602,2023-07-26,2023-07-26 03:14:00,AMER,FX,Alpha Fund,2023,Q3,755560.59,-37453.96,450,true
103603,2024-02-18,2024-02-18 20:29:00,EMEA,Credit,Beta Fund,2024,Q1,113874.51,43467.27,271,true
103604,2025-11-12,2025-11-12 06:09:00,APAC,Commodities,Beta Fund,2025,Q4,502717.70,46941.57,123,true
103605,2021-10-26,2021-10-26 20:45:00,AMER,Rates,Beta Fund,2021,Q4,691475.45,-52445.79,192,true
103606,2022-01-13,2022-01-13 10:15:00,EMEA,FX,Alpha Fund,2022,Q1,472508.74,13975.19,198,true
103607,2023-11-25,2023-11-25 13:17:00,APAC,Equities,"Smith, ""Big"" Fund",2023,Q4,449663.97,86753.09,120,true
103608,2024-12-21,2024-12-21 21:18:00,AMER,Equities,O'Brien Holdings,2024,Q4,495802.75,20541.46,9,true
103609,2025-05-03,2025-05-03 20:15:00,EMEA,Commodities,Alpha Fund,2025,Q2,911449.56,18568.53,334,false
103610,2021-08-14,2021-08-14 09:28:00,APAC,Commodities,O'Brien Holdings,2021,Q3,781437.77,-47237.25,366,true
103611,2022-01-13,2022-01-13 22:05:00,AMER,FX,Alpha Fund,2022,Q1,533771.59,-39792.58,272,true
103612,2023-01-05,2023-01-05 18:26:00,EMEA,FX,"Smith, ""Big"" Fund",2023,Q1,629582.83,91675.90,29,false
103613,2024-02-19,2024-02-19 06:52:00,APAC,Commodities,Beta Fund,2024,Q1,178937.48,-61504.64,371,true
103614,2025-12-01,2025-12-01 05:52:00,AMER,Equities,Alpha Fund,2025,Q4,674047.01,96371.27,449,true
103615,2021-02-05,2021-02-05 10:57:00,EMEA,Commodities,Alpha Fund,2021,Q1,751106.37,66423.02,398,true
103616,2022-12-28,2022-12-28 09:41:00,APAC,Rates,Beta Fund,2022,Q4,843424.42,-28051.57,329,false
103617,2023-11-07,2023-11-07 12:47:00,AMER,Commodities,Alpha Fund,2023,Q4,372677.47,91268.12,14,false
103618,2024-06-03,2024-06-03 20:36:00,EMEA,Credit,Alpha Fund,2024,Q2,936689.46,67846.22,316,true
103619,2025-08-23,2025-08-23 12:22:00,APAC,Equities,Alpha Fund,2025,Q3,752080.28,74712.01,154,true
103620,2021-04-05,2021-04-05 06:36:00,AMER,Equities,Beta Fund,2021,Q2,764773.71,-14643.48,7,true
103621,2022-02-01,2022-02-01 12:40:00,EMEA,Equities,Beta Fund,2022,Q1,145224.09,-98709.62,500,false
103622,2023-03-27,2023-03-27 01:59:00,APAC,Commodities,"Smith, ""Big"" Fund",2023,Q1,132948.19,23428.75,392,true
103623,2024-09-03,2024-09-03 09:45:00,AMER,FX,Beta Fund,2024,Q3,859555.18,37509.65,11,false
103624,2025-08-17,2025-08-17 15:38:00,EMEA,Commodities,Alpha Fund,2025,Q3,718915.28,-50976.78,44,true
103625,2021-12-08,2021-12-08 17:24:00,APAC,FX,O'Brien Holdings,2021,Q4,237056.17,-39920.48,253,true
103626,2022-08-27,2022-08-27 19:28:00,AMER,FX,"Smith, ""Big"" Fund",2022,Q3,698464.50,-41960.91,167,true
103627,2023-09-06,2023-09-06 05:48:00,EMEA,Equities,Alpha Fund,2023,Q3,308487.55,-18543.43,245,true
103628,2024-10-08,2024-10-08 15:05:00,APAC,Commodities,Alpha Fund,2024,Q4,612365.85,-47170.12,479,true
103629,2025-05-27,2025-05-27 05:10:00,AMER,Credit,Alpha Fund,2025,Q2,600168.88,-55973.67,214,true
103630,2021-10-10,2021-10-10 11:13:00,EMEA,Equities,Alpha Fund,2021,Q4,131275.26,41014.94,465,true
103631,2022-06-14,2022-06-14 11:38:00,APAC,Credit,"Smith, ""Big"" Fund",2022,Q2,415556.60,61700.83,374,true
103632,2023-10-08,2023-10-08 12:46:00,AMER,Commodities,O'Brien Holdings,2023,Q4,553204.35,18859.34,331,true
103633,2024-08-10,2024-08-10 19:17:00,EMEA,Equities,O'Brien Holdings,2024,Q3,868368.00,-52538.51,236,false
103634,2025-08-26,2025-08-26 02:24:00,APAC,Rates,O'Brien Holdings,2025,Q3,891702.07,-94359.69,158,true
103635,2021-10-19,2021-10-19 22:26:00,AMER,FX,O'Brien Holdings,2021,Q4,904663.38,95322.85,419,true
103636,2022-03-19,2022-03-19 13:36:00,EMEA,Rates,Beta Fund,2022,Q1,31507.59,-38142.78,6,true
103637,2023-06-27,2023-06-27 02:09:00,APAC,FX,O'Brien Holdings,2023,Q2,412652.25,34066.82,344,false
103638,2024-11-23,2024-11-23 21:31:00,AMER,Commodities,O'Brien Holdings,2024,Q4,684416.14,-60421.54,13,true
103639,2025-01-23,2025-01-23 18:58:00,EMEA,Rates,"Smith, ""Big"" Fund",2025,Q1,454500.78,85467.55,139,true
103640,2021-09-08,2021-09-08 18:09:00,APAC,Equities,Beta Fund,2021,Q3,544212.15,-74363.64,271,true
103641,2022-07-13,2022-07-13 10:24:00,AMER,FX,Beta Fund,2022,Q3,498411.53,99998.13,74,true
103642,2023-07-14,2023-07-14 00:53:00,EMEA,Equities,O'Brien Holdings,2023,Q3,366478.09,19295.94,33,true
103643,2024-05-12,2024-05-12 17:55:00,APAC,Commodities,O'Brien Holdings,2024,Q2,882652.84,43542.27,464,true
103644,2025-03-19,2025-03-19 04:22:00,AMER,Commodities,O'Brien Holdings,2025,Q1,863420.43,8982.59,170,true
103645,2021-09-02,2021-09-02 02:25:00,EMEA,Equities,"Smith, ""Big"" Fund",2021,Q3,916950.90,71430.44,71,true
103646,2022-08-18,2022-08-18 14:05:00,APAC,Equities,"Smith, ""Big"" Fund",2022,Q3,518787.42,11758.02,336,true
103647,2023-05-03,2023-05-03 01:19:00,AMER,Rates,Alpha Fund,2023,Q2,159089.63,86799.36,284,false
103648,2024-11-21,2024-11-21 12:09:00,EMEA,FX,Beta Fund,2024,Q4,588614.12,-56594.84,237,true
103649,2025-07-26,2025-07-26 14:49:00,APAC,FX,"Smith, ""Big"" Fund",2025,Q3,928778.18,-21682.23,63,true
103650,2021-01-11,2021-01-11 16:05:00,AMER,FX,Alpha Fund,2021,Q1,48340.56,-45135.64,362,true
103651,2022-02-24,2022-02-24 20:48:00,EMEA,Commodities,"Smith, ""Big"" Fund",2022,Q1,214687.13,98712.69,56,true
103652,2023-03-08,2023-03-08 10:42:00,APAC,Commodities,"Smith, ""Big"" Fund",2023,Q1,909924.26,90556.04,15,true
103653,2024-09-28,2024-09-28 02:48:00,AMER,FX,"Smith, ""Big"" Fund",2024,Q3,499877.03,-56915.43,365,true
103654,2025-03-12,2025-03-12 00:41:00,EMEA,Rates,O'Brien Holdings,2025,Q1,247708.18,29093.20,213,true
103655,2021-08-10,2021-08-10 14:40:00,APAC,FX,O'Brien Holdings,2021,Q3,256987.86,25139.67,426,true
103656,2022-08-23,2022-08-23 15:14:00,AMER,Commodities,"Smith, ""Big"" Fund",2022,Q3,967347.45,-67423.15,37,true
103657,2023-03-06,2023-03-06 13:47:00,EMEA,Commodities,"Smith, ""Big"" Fund",2023,Q1,323221.27,-43823.53,97,true
103658,2024-11-10,2024-11-10 05:42:00,APAC,Rates,O'Brien Holdings,2024,Q4,700274.05,77188.05,475,false
103659,2025-11-20,2025-11-20 03:13:00,AMER,Equities,"Smith, ""Big"" Fund",2025,Q4,473501.80,-8786.73,156,true
103660,2021-10-10,2021-10-10 18:24:00,EMEA,Credit,Alpha Fund,2021,Q4,806698.19,92250.73,50,false
103661,2022-06-26,2022-06-26 16:28:00,APAC,Credit,O'Brien Holdings,2022,Q2,895008.93,-34610.43,339,true
103662,2023-11-14,2023-11-14 14:18:00,AMER,Credit,Alpha Fund,2023,Q4,301829.06,-69264.52,264,true
103663,2024-06-07,2024-06-07 23:19:00,EMEA,Rates,Alpha Fund,2024,Q2,540119.54,24416.62,484,true
103664,2025-02-17,2025-02-17 02:16:00,APAC,Credit,"Smith, ""Big"" Fund",2025,Q1,490694.03,-56015.65,500,false
103665,2021-07-27,2021-07-27 11:21:00,AMER,FX,Alpha Fund,2021,Q3,753878.94,14746.37,399,true
103666,2022-08-21,2022-08-21 06:51:00,EMEA,FX,O'Brien Holdings,2022,Q3,72283.42,51359.58,189,true
103667,2023-05-03,2023-05-03 20:11:00,APAC,Equities,Beta Fund,2023,Q2,626626.53,73871.14,245,true
103668,2024-04-04,2024-04-04 14:40:00,AMER,Equities,"Smith, ""Big"" Fund",2024,Q2,121188.91,62558.88,146,true
103669,2025-09-10,2025-09-10 21:17:00,EMEA,Equities,O'Brien Holdings,2025,Q3,478432.02,-97309.83,59,false
103670,2021-04-17,2021-04-17 14:58:00,APAC,Rates,"Smith, ""Big"" Fund",2021,Q2,481937.64,27061.08,70,false
103671,2022-07-10,2022-07-10 07:11:00,AMER,Rates,Beta Fund,2022,Q3,380009.45,32437.02,335,true
103672,2023-01-21,2023-01-21 07:26:00,EMEA,FX,Alpha Fund,2023,Q1,321206.00,-18507.43,478,true
103673,2024-09-26,2024-09-26 16:15:00,APAC,FX,O'Brien Holdings,2024,Q3,851133.37,48939.63,255,true
103674,2025-09-13,2025-09-13 03:47:00,AMER,FX,"Smith, ""Big"" Fund",2025,Q3,141962.44,-65991.97,270,true
103675,2021-05-10,2021-05-10 18:08:00,EMEA,Rates,O'Brien Holdings,2021,Q2,454198.22,2482.51,91,true
103676,2022-11-21,2022-11-21 15:10:00,APAC,Rates,Alpha Fund,2022,Q4,809698.07,97182.72,367,true
103677,2023-03-20,2023-03-20 03:27:00,AMER,Rates,"Smith, ""Big"" Fund",2023,Q1,288320.09,51968.30,29,true
103678,2024-06-25,2024-06-25 02:51:00,EMEA,FX,"Smith, ""Big"" Fund",2024,Q2,164392.93,-49955.09,96,true
103679,2025-01-21,2025-01-21 15:22:00,APAC,FX,"Smith, ""Big"" Fund",2025,Q1,379282.56,-4853.46,497,true
103680,2021-11-24,2021-11-24 11:23:00,AMER,FX,Alpha Fund,2021,Q4,619089.32,39712.80,282,true
103681,2022-07-01,2022-07-01 03:15:00,EMEA,Credit,Alpha Fund,2022,Q3,666695.81,28586.19,445,false
103682,2023-03-07,2023-03-07 23:31:00,APAC,Rates,O'Brien Holdings,2023,Q1,486847.27,50430.09,274,true
103683,2024-03-14,2024-03-14 01:38:00,AMER,FX,O'Brien Holdings,2024,Q1,332413.53,54092.17,11,true
103684,2025-12-06,2025-12-06 14:51:00,EMEA,Commodities,"Smith, ""Big"" Fund",2025,Q4,43486.81,-18129.04,313,false
103685,2021-08-11,2021-08-11 00:52:00,APAC,Equities,"Smith, ""Big"" Fund",2021,Q3,851589.56,-40772.91,5,true
103686,2022-06-06,2022-06-06 11:05:00,AMER,FX,"Smith, ""Big"" Fund",2022,Q2,32660.82,77893.31,398,true
103687,2023-07-20,2023-07-20 05:24:00,EMEA,Rates,Alpha Fund,2023,Q3,408493.20,-74763.91,135,true
103688,2024-07-12,2024-07-12 05:57:00,APAC,Rates,"Smith, ""Big"" Fund",2024,Q3,676445.39,65821.41,9,true
103689,2025-03-25,2025-03-25 19:32:00,AMER,FX,Beta Fund,2025,Q1,709919.52,-78537.30,364,true
103690,2021-09-14,2021-09-14 22:51:00,EMEA,Equities,"Smith, ""Big"" Fund",2021,Q3,906351.85,-648.57,477,true
103691,2022-08-28,2022-08-28 19:38:00,APAC,Credit,Beta Fund,2022,Q3,814088.49,84085.84,211,true
103692,2023-09-10,2023-09-10 21:17:00,AMER,FX,Beta Fund,2023,Q3,781829.07,-13883.27,74,true
103693,2024-11-21,2024-11-21 21:31:00,EMEA,Rates,O'Brien Holdings,2024,Q4,2212.11,-5078.98,23,false
103694,2025-03-08,2025-03-08 14:37:00,APAC,Credit,Beta Fund,2025,Q1,492033.56,64236.37,305,true
103695,2021-08-21,2021-08-21 05:06:00,AMER,Equities,O'Brien Holdings,2021,Q3,205274.35,89479.56,143,true
103696,2022-11-09,2022-11-09 13:40:00,EMEA,FX,"Smith, ""Big"" Fund",2022,Q4,249118.97,43400.84,459,true
103697,2023-05-03,2023-05-03 05:58:00,APAC,FX,"Smith, ""Big"" Fund",2023,Q2,926756.03,-69273.48,56,true
103698,2024-02-28,2024-02-28 14:27:00,AMER,FX,Beta Fund,2024,Q1,133429.06,-55489.45,471,false
103699,2025-03-09,2025-03-09 19:19:00,EMEA,Commodities,"Smith, ""Big"" Fund",2025,Q1,144977.38,-58482.95,27,true
103700,2021-02-18,2021-02-18 13:30:00,APAC,Credit,O'Brien Holdings,2021,Q1,85427.45,-32475.74,476,true
103701,2022-01-21,2022-01-21 03:06:00,AMER,Commodities,Beta Fund,2022,Q1,815151.98,22174.13,207,true
103702,2023-01-22,2023-01-22 18:36:00,EMEA,Credit,"Smith, ""Big"" Fund",2023,Q1,367134.20,95910.27,187,true
103703,2024-05-21,2024-05-21 08:43:00,APAC,Equities,Alpha Fund,2024,Q2,527252.42,-98267.78,63,true
103704,2025-06-07,2025-06-07 05:58:00,AMER,Commodities,Beta Fund,2025,Q2,258207.89,58353.50,287,true
103705,2021-07-25,2021-07-25 14:19:00,EMEA,Credit,"Smith, ""Big"" Fund",2021,Q3,64282.07,66089.56,288,false
103706,2022-11-08,2022-11-08 02:47:00,APAC,Equities,Alpha Fund,2022,Q4,999913.88,-65475.59,484,false
103707,2023-07-01,2023-07-01 13:22:00,AMER,Rates,O'Brien Holdings,2023,Q3,910820.91,74544.68,451,true
103708,2024-04-20,2024-04-20 09:32:00,EMEA,Rates,Beta Fund,2024,Q2,175615.46,-96787.83,284,true
103709,2025-09-05,2025-09-05 19:30:00,APAC,FX,Beta Fund,2025,Q3,238263.93,-60455.77,419,true
103710,2021-07-24,2021-07-24 02:10:00,AMER,Credit,O'Brien Holdings,2021,Q3,320155.13,75643.45,282,true
103711,2022-11-19,2022-11-19 23:02:00,EMEA,Commodities,"Smith, ""Big"" Fund",2022,Q4,122563.24,13185.87,30,true
103712,2023-08-11,2023-08-11 20:14:00,APAC,Commodities,"Smith, ""Big"" Fund",2023,Q3,794647.82,47953.60,431,true
103713,2024-05-03,2024-05-03 18:10:00,AMER,Rates,O'Brien Holdings,2024,Q2,102600.89,32261.41,87,true
103714,2025-12-11,2025-12-11 21:06:00,EMEA,Equities,O'Brien Holdings,2025,Q4,380920.96,66397.59,238,true
103715,2021-08-17,2021-08-17 09:57:00,APAC,Commodities,Beta Fund,2021,Q3,339290.01,6230.34,264,true
103716,2022-06-02,2022-06-02 10:32:00,AMER,FX,Alpha Fund,2022,Q2,472212.77,21783.05,127,true
103717,2023-08-05,2023-08-05 04:39:00,EMEA,Equities,Alpha Fund,2023,Q3,375870.86,-29294.58,282,true
103718,2024-05-07,2024-05-07 11:10:00,APAC,Commodities,Alpha Fund,2024,Q2,828590.05,-53683.98,12,true
103719,2025-02-19,2025-02-19 09:57:00,AMER,Equities,Beta Fund,2025,Q1,85564.18,-80638.38,276,true
103720,2021-02-10,2021-02-10 04:54:00,EMEA,FX,Alpha Fund,2021,Q1,200347.09,81764.38,115,true
103721,2022-09-22,2022-09-22 18:43:00,APAC,Rates,O'Brien Holdings,2022,Q3,122586.99,8365.11,283,true
103722,2023-12-21,2023-12-21 19:03:00,AMER,Equities,Beta Fund,2023,Q4,233244.76,46611.81,286,false
103723,2024-04-04,2024-04-04 15:21:00,EMEA,Credit,"Smith, ""Big"" Fund",2024,Q2,569422.16,-60216.95,361,true
103724,2025-04-11,2025-04-11 22:19:00,APAC,Credit,"Smith, ""Big"" Fund",2025,Q2,786825.84,-38164.45,294,true
103725,2021-12-20,2021-12-20 00:13:00,AMER,FX,Alpha Fund,2021,Q4,362466.82,59182.04,24,true
103726,2022-05-02,2022-05-02 08:20:00,EMEA,Commodities,Beta Fund,2022,Q2,669602.49,-19753.42,160,true
103727,2023-10-18,2023-10-18 23:00:00,APAC,FX,Beta Fund,2023,Q4,877962.04,-88766.60,117,true
103728,2024-08-13,2024-08-13 06:49:00,AMER,Rates,O'Brien Holdings,2024,Q3,656857.20,-72205.24,99,true
103729,2025-05-10,2025-05-10 16:36:00,EMEA,Equities,Beta Fund,2025,Q2,642737.23,33426.03,111,true
103730,2021-11-13,2021-11-13 10:15:00,APAC,FX,Alpha Fund,2021,Q4,354090.71,-64567.76,11,true
103731,2022-06-06,2022-06-06 05:47:00,AMER,Rates,O'Brien Holdings,2022,Q2,660671.56,-5646.56,421,false
103732,2023-12-14,2023-12-14 22:20:00,EMEA,Equities,"Smith, ""Big"" Fund",2023,Q4,284812.25,54280.61,433,true
103733,2024-05-09,2024-05-09 01:44:00,APAC,FX,Beta Fund,2024,Q2,376605.95,-31143.24,259,true
103734,2025-09-25,2025-09-25 04:18:00,AMER,Rates,Beta Fund,2025,Q3,947519.63,-87216.10,461,true
103735,2021-06-11,2021-06-11 22:00:00,EMEA,Rates,O'Brien Holdings,2021,Q2,84499.38,-88034.45,1,false
103736,2022-07-07,2022-07-07 06:07:00,APAC,Rates,Beta Fund,2022,Q3,941108.05,5755.84,485,true
103737,2023-12-14,2023-12-14 20:39:00,AMER,FX,"Smith, ""Big"" Fund",2023,Q4,487661.12,29276.90,150,false
103738,2024-06-23,2024-06-23 05:22:00,EMEA,FX,"Smith, ""Big"" Fund",2024,Q2,554766.73,29125.25,368,true
103739,2025-01-19,2025-01-19 08:19:00,APAC,Commodities,"Smith, ""Big"" Fund",2025,Q1,504645.53,-92815.90,382,true
103740,2021-09-08,2021-09-08 10:34:00,AMER,Rates,O'Brien Holdings,2021,Q3,340648.32,-98861.26,498,true
103741,2022-11-25,2022-11-25 10:35:00,EMEA,Equities,Beta Fund,2022,Q4,906093.74,27915.15,63,false
103742,2023-10-12,2023-10-12 08:57:00,APAC,Rates,Alpha Fund,2023,Q4,621378.42,36091.26,478,true
103743,2024-02-23,2024-02-23 21:55:00,AMER,Rates,Alpha Fund,2024,Q1,720353.24,77747.11,280,true
103744,2025-12-23,2025-12-23 00:26:00,EMEA,Equities,Beta Fund,2025,Q4,492751.58,-23601.85,484,true
103745,2021-05-28,2021-05-28 09:28:00,APAC,Rates,O'Brien Holdings,2021,Q2,826012.11,29018.89,246,true
103746,2022-02-16,2022-02-16 14:42:00,AMER,Rates,Alpha Fund,2022,Q1,262500.45,41527.43,95,true
103747,2023-05-08,2023-05-08 10:04:00,EMEA,Equities,Beta Fund,2023,Q2,16737.06,-92473.07,200,true
103748,2024-11-22,2024-11-22 20:44:00,APAC,Rates,"Smith, ""Big"" Fund",2024,Q4,219602.47,61220.09,359,true
103749,2025-11-16,2025-11-16 04:17:00,AMER,FX,"Smith, ""Big"" Fund",2025,Q4,186875.85,51071.86,204,true
103750,2021-11-26,2021-11-26 16:41:00,EMEA,FX,"Smith, ""Big"" Fund",2021,Q4,98287.20,-79099.21,120,true
103751,2022-10-26,2022-10-26 01:42:00,APAC,Equities,O'Brien Holdings,2022,Q4,278434.93,81526.59,188,true
103752,2023-10-15,2023-10-15 06:35:00,AMER,Equities,Alpha Fund,2023,Q4,557387.24,-13275.73,15,true
103753,2024-07-28,2024-07-28 15:42:00,EMEA,FX,Alpha Fund,2024,Q3,502024.64,85131.82,66,false
103754,2025-02-19,2025-02-19 01:41:00,APAC,Rates,"Smith, ""Big"" Fund",2025,Q1,528972.97,-3500.64,469,false
103755,2021-06-14,2021-06-14 23:06:00,AMER,Credit,O'Brien Holdings,2021,Q2,823675.54,57347.26,355,true
103756,2022-02-08,2022-02-08 11:45:00,EMEA,Credit,O'Brien Holdings,2022,Q1,520607.43,51468.20,39,true
103757,2023-03-12,2023-03-12 10:38:00,APAC,Equities,O'Brien Holdings,2023,Q1,765291.40,-73550.76,385,false
103758,2024-10-13,2024-10-13 05:54:00,AMER,FX,Alpha Fund,2024,Q4,927130.38,-12190.53,411,true
103759,2025-06-16,2025-06-16 20:03:00,EMEA,Credit,"Smith, ""Big"" Fund",2025,Q2,184611.36,56533.05,22,false
103760,2021-04-14,2021-04-14 08:21:00,APAC,Rates,O'Brien Holdings,2021,Q2,297502.20,34569.38,48,true
103761,2022-08-07,2022-08-07 04:31:00,AMER,Rates,Alpha Fund,2022,Q3,604122.19,-31543.59,423,true
103762,2023-06-03,2023-06-03 07:32:00,EMEA,Equities,Alpha Fund,2023,Q2,299425.70,41854.75,417,false
103763,2024-11-23,2024-11-23 23:40:00,APAC,Credit,Alpha Fund,2024,Q4,367878.96,-40100.59,349,true
103764,2025-04-05,2025-04-05 04:27:00,AMER,Equities,Beta Fund,2025,Q2,33730.62,-73716.86,492,true
103765,2021-09-18,2021-09-18 06:18:00,EMEA,Credit,O'Brien Holdings,2021,Q3,459962.58,87290.86,211,false
103766,2022-10-16,2022-10-16 02:11:00,APAC,Equities,O'Brien Holdings,2022,Q4,933108.93,12983.86,434,true
103767,2023-11-14,2023-11-14 14:34:00,AMER,FX,O'Brien Holdings,2023,Q4,418242.53,-6225.35,208,true
103768,2024-08-03,2024-08-03 06:04:00,EMEA,Commodities,"Smith, ""Big"" Fund",2024,Q3,219351.89,-10264.02,162,true
103769,2025-05-19,2025-05-19 14:50:00,APAC,Credit,Alpha Fund,2025,Q2,540779.05,-85489.58,94,true
103770,2021-07-07,2021-07-07 06:25:00,AMER,Credit,O'Brien Holdings,2021,Q3,247508.33,76803.41,134,true
103771,2022-05-19,2022-05-19 01:57:00,EMEA,Equities,Alpha Fund,2022,Q2,73916.55,-77036.86,256,true
103772,2023-04-25,2023-04-25 11:23:00,APAC,Credit,"Smith, ""Big"" Fund",2023,Q2,956480.83,40000.68,48,false
103773,2024-12-12,2024-12-12 07:47:00,AMER,Rates,Beta Fund,2024,Q4,292572.40,7377.20,250,false
103774,2025-02-04,2025-02-04 06:04:00,EMEA,Credit,"Smith, ""Big"" Fund",2025,Q1,361854.55,-11120.77,158,true
103775,2021-02-08,2021-02-08 00:07:00,APAC,FX,O'Brien Holdings,2021,Q1,197138.24,-94284.16,17,true
103776,2022-12-16,2022-12-16 20:22:00,AMER,Rates,Beta Fund,2022,Q4,34291.80,18536.37,97,true
103777,2023-05-03,2023-05-03 06:29:00,EMEA,FX,Alpha Fund,2023,Q2,68459.81,49150.82,31,true
103778,2024-08-16,2024-08-16 00:08:00,APAC,Equities,Beta Fund,2024,Q3,584261.87,-11578.00,143,true
103779,2025-11-25,2025-11-25 14:07:00,AMER,Rates,Alpha Fund,2025,Q4,466233.43,-13250.82,18,true
103780,2021-01-27,2021-01-27 20:27:00,EMEA,Rates,Alpha Fund,2021,Q1,598484.53,26773.65,390,false
103781,2022-06-21,2022-06-21 05:02:00,APAC,Credit,O'Brien Holdings,2022,Q2,48474.00,-24213.94,261,true
103782,2023-10-06,2023-10-06 13:31:00,AMER,FX,Alpha Fund,2023,Q4,385475.71,-81408.74,416,true
103783,2024-03-02,2024-03-02 01:05:00,EMEA,Commodities,O'Brien Holdings,2024,Q1,835015.52,-53055.14,394,true
103784,2025-08-24,2025-08-24 14:17:00,APAC,Rates,Beta Fund,2025,Q3,633421.09,15174.90,19,true
103785,2021-08-14,2021-08-14 02:17:00,AMER,Equities,O'Brien Holdings,2021,Q3,686669.66,5717.57,308,true
103786,2022-12-08,2022-12-08 08:16:00,EMEA,FX,O'Brien Holdings,2022,Q4,167728.37,-93580.92,334,true
103787,2023-03-19,2023-03-19 03:12:00,APAC,FX,Beta Fund,2023,Q1,598722.31,32748.68,141,true
103788,2024-04-17,2024-04-17 16:54:00,AMER,Commodities,Alpha Fund,2024,Q2,152793.38,18828.98,131,false
103789,2025-08-12,2025-08-12 13:43:00,EMEA,Commodities,Alpha Fund,2025,Q3,66655.84,99372.12,234,true
103790,2021-09-14,2021-09-14 16:00:00,APAC,Rates,"Smith, ""Big"" Fund",2021,Q3,654734.87,-51744.56,459,true
103791,2022-05-02,2022-05-02 16:51:00,AMER,Equities,Beta Fund,2022,Q2,875958.53,1032.61,380,true
103792,2023-07-13,2023-07-13 13:47:00,EMEA,Commodities,"Smith, ""Big"" Fund",2023,Q3,496981.69,-67412.85,104,false
103793,2024-06-15,2024-06-15 16:32:00,APAC,Equities,O'Brien Holdings,2024,Q2,634710.59,-76546.64,400,true
103794,2025-11-08,2025-11-08 15:59:00,AMER,Commodities,O'Brien Holdings,2025,Q4,328073.47,96404.18,210,false
103795,2021-01-22,2021-01-22 01:52:00,EMEA,FX,Beta Fund,2021,Q1,354021.07,-43188.06,293,true
103796,2022-02-01,2022-02-01 02:34:00,APAC,Rates,Alpha Fund,2022,Q1,162877.28,74848.47,82,true
103797,2023-04-02,2023-04-02 01:10:00,AMER,Equities,Beta Fund,2023,Q2,257093.36,8772.14,344,true
103798,2024-01-07,2024-01-07 10:34:00,EMEA,Equities,"Smith, ""Big"" Fund",2024,Q1,509873.89,75515.46,434,false
103799,2025-07-25,2025-07-25 03:23:00,APAC,Credit,Alpha Fund,2025,Q3,245553.97,82881.84,28,false
103800,2021-05-11,2021-05-11 03:17:00,AMER,Commodities,Alpha Fund,2021,Q2,261746.21,23406.76,53,true
103801,2022-06-09,2022-06-09 13:35:00,EMEA,Equities,O'Brien Holdings,2022,Q2,989788.63,20457.11,168,true
103802,2023-11-24,2023-11-24 08:14:00,APAC,Equities,"Smith, ""Big"" Fund",2023,Q4,412862.03,88260.98,25,true
103803,2024-09-16,2024-09-16 19:28:00,AMER,Equities,O'Brien Holdings,2024,Q3,414292.55,70384.53,55,true
103804,2025-11-19,2025-11-19 23:15:00,EMEA,Credit,O'Brien Holdings,2025,Q4,660569.44,98349.58,149,true
103805,2021-08-04,2021-08-04 22:22:00,APAC,Rates,Beta Fund,2021,Q3,845652.94,24785.66,341,true
103806,2022-02-05,2022-02-05 08:57:00,AMER,Rates,Alpha Fund,2022,Q1,579012.05,-100.37,100,true
103807,2023-01-07,2023-01-07 19:42:00,EMEA,Credit,Alpha Fund,2023,Q1,4346.32,89513.81,33,false
103808,2024-02-01,2024-02-01 12:01:00,APAC,FX,Beta Fund,2024,Q1,843641.65,-86711.12,479,true
103809,2025-03-06,2025-03-06 19:49:00,AMER,Credit,Alpha Fund,2025,Q1,299956.71,40065.48,415,true
103810,2021-08-27,2021-08-27 02:49:00,EMEA,Equities,Beta Fund,2021,Q3,305939.85,21652.30,329,true
103811,2022-12-27,2022-12-27 05:15:00,APAC,Credit,O'Brien Holdings,2022,Q4,157535.31,-25381.56,394,true
103812,2023-07-15,2023-07-15 19:56:00,AMER,Equities,O'Brien Holdings,2023,Q3,603516.52,45524.35,300,true
103813,2024-09-12,2024-09-12 01:22:00,EMEA,Commodities,"Smith, ""Big"" Fund",2024,Q3,212981.88,68052.83,265,true
103814,2025-06-26,2025-06-26 13:29:00,APAC,Commodities,Alpha Fund,2025,Q2,146292.06,-16265.62,238,true
103815,2021-04-26,2021-04-26 05:53:00,AMER,FX,Alpha Fund,2021,Q2,629180.64,-96416.86,279,true
103816,2022-01-20,2022-01-20 05:17:00,EMEA,Equities,"Smith, ""Big"" Fund",2022,Q1,931323.07,-9810.71,20,true
103817,2023-03-04,2023-03-04 10:09:00,APAC,Credit,Beta Fund,2023,Q1,358027.43,-17352.95,76,false
103818,2024-05-07,2024-05-07 14:57:00,AMER,Commodities,"Smith, ""Big"" Fund",2024,Q2,390873.72,63237.93,22,true
103819,2025-03-28,2025-03-28 12:18:00,EMEA,FX,"Smith, ""Big"" Fund",2025,Q1,418458.89,24972.97,369,true
103820,2021-06-20,2021-06-20 09:34:00,APAC,Commodities,Beta Fund,2021,Q2,259518.11,-61381.67,100,true
103821,2022-09-26,2022-09-26 19:45:00,AMER,FX,Alpha Fund,2022,Q3,712307.70,-88692.39,299,false
103822,2023-12-25,2023-12-25 05:10:00,EMEA,Equities,"Smith, ""Big"" Fund",2023,Q4,867552.30,-95462.95,111,false
103823,2024-05-06,2024-05-06 22:10:00,APAC,Commodities,Alpha Fund,2024,Q2,777771.69,14370.64,454,true
103824,2025-08-03,2025-08-03 00:39:00,AMER,Credit,O'Brien Holdings,2025,Q3,740676.00,-73814.55,345,true
103825,2021-02-06,2021-02-06 16:02:00,EMEA,FX,O'Brien Holdings,2021,Q1,772932.71,-38245.81,335,true
103826,2022-04-10,2022-04-10 09:29:00,APAC,Equities,Beta Fund,2022,Q2,172400.39,85483.99,8,true
103827,2023-12-26,2023-12-26 03:01:00,AMER,Equities,Beta Fund,2023,Q4,764618.67,65966.02,450,true
103828,2024-12-26,2024-12-26 02:49:00,EMEA,FX,Beta Fund,2024,Q4,491619.28,62787.10,92,true
103829,2025-10-08,2025-10-08 03:57:00,APAC,Commodities,O'Brien Holdings,2025,Q4,139449.02,92228.90,491,true
103830,2021-10-11,2021-10-11 17:22:00,AMER,Commodities,Beta Fund,2021,Q4,215412.00,-73748.82,389,false
103831,2022-10-24,2022-10-24 22:13:00,EMEA,Credit,O'Brien Holdings,2022,Q4,139559.64,-87975.58,229,true
103832,2023-03-26,2023-03-26 18:21:00,APAC,Rates,Alpha Fund,2023,Q1,499884.47,7023.66,472,false
103833,2024-11-07,2024-11-07 18:45:00,AMER,Credit,O'Brien Holdings,2024,Q4,575349.75,-83086.86,217,true
103834,2025-08-02,2025-08-02 15:29:00,EMEA,Commodities,"Smith, ""Big"" Fund",2025,Q3,594159.42,-84784.23,338,false
103835,2021-03-24,2021-03-24 11:01:00,APAC,Equities,"Smith, ""Big"" Fund",2021,Q1,829403.10,20190.19,141,true
103836,2022-10-07,2022-10-07 20:06:00,AMER,Rates,Beta Fund,2022,Q4,428402.38,-28481.30,271,false
103837,2023-11-09,2023-11-09 22:31:00,EMEA,Equities,"Smith, ""Big"" Fund",2023,Q4,625168.50,9835.03,115,true
103838,2024-05-07,2024-05-07 02:41:00,APAC,Equities,Alpha Fund,2024,Q2,805498.88,-11448.93,144,true
103839,2025-12-12,2025-12-12 22:45:00,AMER,Equities,O'Brien Holdings,2025,Q4,399098.26,99029.82,299,true
103840,2021-01-19,2021-01-19 06:04:00,EMEA,Commodities,Alpha Fund,2021,Q1,638313.70,84437.88,281,true
103841,2022-09-05,2022-09-05 17:17:00,APAC,Commodities,O'Brien Holdings,2022,Q3,100667.37,-13390.02,69,true
103842,2023-09-23,2023-09-23 10:37:00,AMER,FX,Beta Fund,2023,Q3,405807.56,13354.40,359,true
103843,2024-04-19,2024-04-19 22:28:00,EMEA,Commodities,Beta Fund,2024,Q2,851241.55,-50809.06,100,true
103844,2025-03-07,2025-03-07 04:53:00,APAC,Credit,Beta Fund,2025,Q1,986855.98,-96362.90,139,false
103845,2021-02-22,2021-02-22 14:40:00,AMER,Equities,O'Brien Holdings,2021,Q1,88527.87,31503.73,178,true
103846,2022-01-06,2022-01-06 14:41:00,EMEA,Commodities,"Smith, ""Big"" Fund",2022,Q1,568960.12,-19662.31,329,true
103847,2023-02-13,2023-02-13 10:43:00,APAC,Equities,O'Brien Holdings,2023,Q1,709707.13,-10939.62,253,true
103848,2024-04-26,2024-04-26 15:10:00,AMER,Rates,Alpha Fund,2024,Q2,266266.14,-66055.17,241,true
103849,2025-08-10,2025-08-10 19:19:00,EMEA,FX,O'Brien Holdings,2025,Q3,788824.66,54578.39,229,true
103850,2021-12-02,2021-12-02 18:34:00,APAC,Equities,Beta Fund,2021,Q4,871539.17,4759.53,309,true
103851,2022-12-08,2022-12-08 22:27:00,AMER,Credit,Beta Fund,2022,Q4,672621.25,43146.64,38,true
103852,2023-04-10,2023-04-10 23:22:00,EMEA,Credit,O'Brien Holdings,2023,Q2,256680.54,12284.18,340,false
103853,2024-05-17,2024-05-17 11:04:00,APAC,FX,O'Brien Holdings,2024,Q2,33225.66,-32654.23,199,true
103854,2025-06-27,2025-06-27 23:34:00,AMER,Credit,Alpha Fund,2025,Q2,26307.52,535.41,163,true
103855,2021-10-02,2021-10-02 05:57:00,EMEA,Equities,"Smith, ""Big"" Fund",2021,Q4,235173.31,34684.31,358,true
103856,2022-09-21,2022-09-21 01:10:00,APAC,Equities,O'Brien Holdings,2022,Q3,373102.67,-70314.28,234,true
103857,2023-07-22,2023-07-22 23:46:00,AMER,Commodities,Beta Fund,2023,Q3,194501.23,-45301.11,188,true
103858,2024-08-13,2024-08-13 05:25:00,EMEA,Credit,Beta Fund,2024,Q3,856621.34,12449.94,301,true
103859,2025-01-27,2025-01-27 13:02:00,APAC,Equities,Beta Fund,2025,Q1,391440.45,-58992.11,304,false
103860,2021-07-23,2021-07-23 00:51:00,AMER,FX,O'Brien Holdings,2021,Q3,916876.25,-85466.67,278,true
103861,2022-07-26,2022-07-26 23:29:00,EMEA,FX,O'Brien Holdings,2022,Q3,141532.30,-99700.57,330,true
103862,2023-07-22,2023-07-22 00:42:00,APAC,Credit,Alpha Fund,2023,Q3,952257.09,72943.09,20,true
103863,2024-01-11,2024-01-11 06:31:00,AMER,FX,O'Brien Holdings,2024,Q1,993431.30,-13688.03,66,true
103864,2025-01-08,2025-01-08 01:55:00,EMEA,Credit,Alpha Fund,2025,Q1,402588.96,-69343.32,118,true
103865,2021-08-28,2021-08-28 17:14:00,APAC,Credit,"Smith, ""Big"" Fund",2021,Q3,32361.01,-9514.76,234,true
103866,2022-11-13,2022-11-13 08:47:00,AMER,Commodities,Beta Fund,2022,Q4,630276.98,44510.08,132,false
103867,2023-01-21,2023-01-21 12:01:00,EMEA,Rates,O'Brien Holdings,2023,Q1,154623.90,-80115.71,123,true
103868,2024-09-11,2024-09-11 01:50:00,APAC,Rates,Alpha Fund,2024,Q3,554295.38,49609.52,163,true
103869,2025-01-21,2025-01-21 23:19:00,AMER,Commodities,Beta Fund,2025,Q1,632914.57,41964.00,487,false
103870,2021-11-21,2021-11-21 19:59:00,EMEA,Credit,"Smith, ""Big"" Fund",2021,Q4,194738.44,-16925.34,295,true
103871,2022-07-25,2022-07-25 07:50:00,APAC,Commodities,"Smith, ""Big"" Fund",2022,Q3,575438.29,-99416.86,251,true
103872,2023-05-28,2023-05-28 06:42:00,AMER,Commodities,O'Brien Holdings,2023,Q2,511324.86,-30724.49,54,true
103873,2024-04-25,2024-04-25 07:57:00,EMEA,FX,Beta Fund,2024,Q2,187796.55,-17891.89,148,true
103874,2025-07-22,2025-07-22 12:30:00,APAC,FX,O'Brien Holdings,2025,Q3,77466.58,-19768.38,378,true
103875,2021-07-13,2021-07-13 06:21:00,AMER,Credit,Alpha Fund,2021,Q3,711300.71,-42522.92,203,true
103876,2022-12-20,2022-12-20 11:11:00,EMEA,Credit,Alpha Fund,2022,Q4,823547.16,27744.35,189,true
103877,2023-05-14,2023-05-14 04:20:00,APAC,Commodities,Beta Fund,2023,Q2,72420.96,-88130.87,246,false
103878,2024-10-19,2024-10-19 19:10:00,AMER,Credit,O'Brien Holdings,2024,Q4,434124.99,24132.44,380,false
103879,2025-02-14,2025-02-14 18:18:00,EMEA,FX,Alpha Fund,2025,Q1,632241.89,-52248.67,343,true
103880,2021-06-13,2021-06-13 16:35:00,APAC,Equities,Beta Fund,2021,Q2,784890.49,-54741.98,165,true
103881,2022-06-24,2022-06-24 09:04:00,AMER,Equities,Beta Fund,2022,Q2,569965.64,-7899.57,498,true
103882,2023-07-24,2023-07-24 07:37:00,EMEA,Rates,Beta Fund,2023,Q3,976402.45,-89819.99,332,true
103883,2024-04-13,2024-04-13 02:58:00,APAC,FX,Alpha Fund,2024,Q2,554124.57,-47435.91,33,true
103884,2025-07-13,2025-07-13 05:49:00,AMER,Equities,O'Brien Holdings,2025,Q3,445188.51,58060.33,334,false
103885,2021-10-20,2021-10-20 05:04:00,EMEA,Equities,"Smith, ""Big"" Fund",2021,Q4,461889.40,-52520.42,177,true
103886,2022-04-07,2022-04-07 07:33:00,APAC,Credit,Beta Fund,2022,Q2,212044.84,-12203.78,173,false
103887,2023-04-21,2023-04-21 09:56:00,AMER,Equities,"Smith, ""Big"" Fund",2023,Q2,887814.90,-72544.28,326,false
103888,2024-08-28,2024-08-28 07:39:00,EMEA,Rates,"Smith, ""Big"" Fund",2024,Q3,356699.55,48753.08,350,true
103889,2025-02-03,2025-02-03 03:00:00,APAC,Credit,"Smith, ""Big"" Fund",2025,Q1,37963.52,-47606.16,33,false
103890,2021-11-04,2021-11-04 13:28:00,AMER,Rates,O'Brien Holdings,2021,Q4,104399.60,-18680.80,2,true
103891,2022-06-20,2022-06-20 12:52:00,EMEA,Credit,Beta Fund,2022,Q2,564080.30,-57162.44,210,true
103892,2023-03-19,2023-03-19 02:20:00,APAC,FX,"Smith, ""Big"" Fund",2023,Q1,304490.64,79286.39,387,false
103893,2024-01-11,2024-01-11 19:24:00,AMER,Credit,"Smith, ""Big"" Fund",2024,Q1,659467.71,-16921.79,339,false
103894,2025-01-15,2025-01-15 16:36:00,EMEA,Credit,O'Brien Holdings,2025,Q1,787241.56,55628.42,41,true
103895,2021-03-25,2021-03-25 06:04:00,APAC,Rates,Alpha Fund,2021,Q1,208568.76,93262.05,219,false
103896,2022-10-20,2022-10-20 21:49:00,AMER,Equities,Alpha Fund,2022,Q4,703117.77,-62653.60,83,true
103897,2023-02-18,2023-02-18 17:07:00,EMEA,FX,Alpha Fund,2023,Q1,554369.86,-43012.40,151,false
103898,2024-03-05,2024-03-05 12:19:00,APAC,Credit,"Smith, ""Big"" Fund",2024,Q1,900998.43,76367.93,95,false
103899,2025-11-13,2025-11-13 03:40:00,AMER,Commodities,Alpha Fund,2025,Q4,352971.12,-76348.06,296,true
103900,2021-07-05,2021-07-05 04:32:00,EMEA,Credit,Beta Fund,2021,Q3,42478.19,45830.91,165,true
103901,2022-05-02,2022-05-02 05:14:00,APAC,Commodities,Alpha Fund,2022,Q2,881240.56,-40360.16,462,true
103902,2023-06-13,2023-06-13 06:38:00,AMER,Credit,Alpha Fund,2023,Q2,528121.36,21299.92,113,false
103903,2024-05-04,2024-05-04 17:44:00,EMEA,FX,"Smith, ""Big"" Fund",2024,Q2,4361.18,30369.74,165,true
103904,2025-09-28,2025-09-28 18:29:00,APAC,Commodities,"Smith, ""Big"" Fund",2025,Q3,874309.22,43532.00,172,true
103905,2021-04-13,2021-04-13 21:07:00,AMER,Commodities,"Smith, ""Big"" Fund",2021,Q2,706825.10,64591.73,328,false
103906,2022-08-18,2022-08-18 02:20:00,EMEA,Rates,"Smith, ""Big"" Fund",2022,Q3,789606.92,55588.68,392,true
103907,2023-01-28,2023-01-28 04:04:00,APAC,Commodities,"Smith, ""Big"" Fund",2023,Q1,434273.87,33186.06,110,true
103908,2024-02-28,2024-02-28 04:28:00,AMER,Rates,O'Brien Holdings,2024,Q1,749490.53,-61867.28,259,true
103909,2025-06-03,2025-06-03 02:51:00,EMEA,Credit,Alpha Fund,2025,Q2,464392.90,73918.15,263,false
103910,2021-08-16,2021-08-16 12:49:00,APAC,Rates,"Smith, ""Big"" Fund",2021,Q3,574572.44,-72647.09,88,true
103911,2022-06-16,2022-06-16 21:00:00,AMER,FX,Alpha Fund,2022,Q2,618310.79,-13900.01,50,true
103912,2023-09-27,2023-09-27 19:52:00,EMEA,Rates,Beta Fund,2023,Q3,906066.27,2847.64,136,true
103913,2024-12-16,2024-12-16 12:55:00,APAC,Credit,Beta Fund,2024,Q4,321122.33,-63099.30,314,true
103914,2025-04-17,2025-04-17 12:21:00,AMER,Commodities,Alpha Fund,2025,Q2,709045.16,-84836.62,235,true
103915,2021-01-12,2021-01-12 12:59:00,EMEA,Commodities,"Smith, ""Big"" Fund",2021,Q1,761137.26,-67572.48,258,true
103916,2022-09-18,2022-09-18 12:29:00,APAC,FX,Alpha Fund,2022,Q3,124521.21,-33088.14,251,true
103917,2023-08-18,2023-08-18 22:09:00,AMER,FX,O'Brien Holdings,2023,Q3,222113.59,-34096.39,80,false
103918,2024-09-05,2024-09-05 07:41:00,EMEA,Rates,Beta Fund,2024,Q3,243861.82,-46400.98,34,true
103919,2025-04-04,2025-04-04 03:14:00,APAC,Credit,O'Brien Holdings,2025,Q2,263048.92,-4338.23,202,false
103920,2021-08-10,2021-08-10 23:42:00,AMER,Equities,Beta Fund,2021,Q3,118510.87,10773.92,272,true
103921,2022-03-08,2022-03-08 06:49:00,EMEA,Rates,Alpha Fund,2022,Q1,168343.38,-72950.49,319,true
103922,2023-07-20,2023-07-20 09:37:00,APAC,Credit,O'Brien Holdings,2023,Q3,413325.11,34458.05,163,true
103923,2024-08-13,2024-08-13 06:15:00,AMER,Credit,"Smith, ""Big"" Fund",2024,Q3,231506.01,-96071.12,128,true
103924,2025-03-20,2025-03-20 11:30:00,EMEA,FX,Alpha Fund,2025,Q1,47469.36,28305.00,476,true
103925,2021-07-20,2021-07-20 18:16:00,APAC,Commodities,Beta Fund,2021,Q3,56398.35,-22667.68,73,true
103926,2022-12-14,2022-12-14 02:52:00,AMER,FX,Alpha Fund,2022,Q4,805603.17,-35398.95,149,true
103927,2023-06-18,2023-06-18 17:20:00,EMEA,Credit,O'Brien Holdings,2023,Q2,972267.41,91136.69,210,true
103928,2024-06-06,2024-06-06 09:48:00,APAC,Rates,O'Brien Holdings,2024,Q2,967672.83,-13305.67,81,true
103929,2025-04-06,2025-04-06 20:09:00,AMER,Equities,Beta Fund,2025,Q2,719924.09,-94446.23,433,true
103930,2021-05-06,2021-05-06 19:57:00,EMEA,Credit,"Smith, ""Big"" Fund",2021,Q2,348243.26,-93085.04,303,true
103931,2022-04-05,2022-04-05 10:08:00,APAC,Rates,Alpha Fund,2022,Q2,717231.86,84880.89,397,false
103932,2023-11-19,2023-11-19 18:09:00,AMER,FX,Beta Fund,2023,Q4,323824.67,55811.77,236,true
103933,2024-06-26,2024-06-26 15:57:00,EMEA,FX,"Smith, ""Big"" Fund",2024,Q2,72243.33,14759.02,333,true
103934,2025-03-09,2025-03-09 23:26:00,APAC,FX,O'Brien Holdings,2025,Q1,988265.30,80792.26,254,true
103935,2021-12-07,2021-12-07 19:53:00,AMER,Equities,Alpha Fund,2021,Q4,6427.11,35657.07,188,false
103936,2022-05-24,2022-05-24 09:57:00,EMEA,Equities,Alpha Fund,2022,Q2,434481.27,-77418.05,194,true
103937,2023-11-25,2023-11-25 18:27:00,APAC,Equities,"Smith, ""Big"" Fund",2023,Q4,100601.68,59954.99,372,false
103938,2024-09-26,2024-09-26 11:04:00,AMER,Credit,Alpha Fund,2024,Q3,351264.80,53791.36,105,true
103939,2025-07-28,2025-07-28 20:28:00,EMEA,Credit,O'Brien Holdings,2025,Q3,977835.89,-64380.63,439,false
103940,2021-08-15,2021-08-15 21:35:00,APAC,Rates,"Smith, ""Big"" Fund",2021,Q3,570842.70,36591.86,103,true
103941,2022-07-13,2022-07-13 17:00:00,AMER,FX,"Smith, ""Big"" Fund",2022,Q3,806339.99,75818.18,453,true
103942,2023-04-09,2023-04-09 01:23:00,EMEA,Equities,O'Brien Holdings,2023,Q2,193836.96,-31489.60,214,true
103943,2024-11-13,2024-11-13 21:56:00,APAC,Commodities,O'Brien Holdings,2024,Q4,453351.08,6114.79,464,true
103944,2025-02-04,2025-02-04 20:12:00,AMER,Commodities,O'Brien Holdings,2025,Q1,561505.35,-65893.01,194,false
103945,2021-09-08,2021-09-08 20:42:00,EMEA,Equities,Beta Fund,2021,Q3,717830.06,-49771.76,403,false
103946,2022-05-16,2022-05-16 02:34:00,APAC,Credit,Alpha Fund,2022,Q2,591086.62,91669.18,7,true
103947,2023-01-24,2023-01-24 23:16:00,AMER,FX,"Smith, ""Big"" Fund",2023,Q1,277075.33,-25318.22,174,true
103948,2024-05-01,2024-05-01 19:14:00,EMEA,FX,Alpha Fund,2024,Q2,410393.50,84300.44,113,true
103949,2025-03-11,2025-03-11 19:37:00,APAC,Equities,"Smith, ""Big"" Fund",2025,Q1,307456.81,-46009.84,327,true
103950,2021-06-07,2021-06-07 02:14:00,AMER,Rates,O'Brien Holdings,2021,Q2,849881.58,34795.00,435,true
103951,2022-02-28,2022-02-28 08:48:00,EMEA,FX,O'Brien Holdings,2022,Q1,149221.12,98951.19,205,false
103952,2023-04-25,2023-04-25 02:49:00,APAC,Equities,"Smith, ""Big"" Fund",2023,Q2,858983.69,50118.39,357,true
103953,2024-06-16,2024-06-16 08:56:00,AMER,FX,O'Brien Holdings,2024,Q2,166184.65,-88632.58,288,true
103954,2025-08-21,2025-08-21 22:51:00,EMEA,Equities,O'Brien Holdings,2025,Q3,344252.84,-29090.65,333,true
103955,2021-03-16,2021-03-16 04:25:00,APAC,Credit,"Smith, ""Big"" Fund",2021,Q1,511404.80,29350.56,378,true
103956,2022-11-20,2022-11-20 12:10:00,AMER,Commodities,Beta Fund,2022,Q4,41237.35,29899.59,450,true
103957,2023-08-01,2023-08-01 12:25:00,EMEA,FX,Beta Fund,2023,Q3,138092.73,-50227.12,122,true
103958,2024-09-08,2024-09-08 06:16:00,APAC,Commodities,"Smith, ""Big"" Fund",2024,Q3,785494.87,24885.98,158,true
103959,2025-02-16,2025-02-16 17:45:00,AMER,Equities,Beta Fund,2025,Q1,24078.93,-25367.43,26,false
103960,2021-03-11,2021-03-11 17:04:00,EMEA,Equities,O'Brien Holdings,2021,Q1,287826.65,39485.72,346,true
103961,2022-07-11,2022-07-11 11:40:00,APAC,FX,Alpha Fund,2022,Q3,623729.48,82370.94,270,false
103962,2023-08-04,2023-08-04 21:35:00,AMER,Equities,"Smith, ""Big"" Fund",2023,Q3,400489.69,-45704.53,26,false
103963,2024-08-10,2024-08-10 16:19:00,EMEA,Commodities,"Smith, ""Big"" Fund",2024,Q3,595711.25,61564.74,267,false
103964,2025-09-25,2025-09-25 22:42:00,APAC,Credit,"Smith, ""Big"" Fund",2025,Q3,271070.54,-77345.65,246,true
103965,2021-01-05,2021-01-05 13:42:00,AMER,FX,Beta Fund,2021,Q1,479124.59,-54135.35,261,true
103966,2022-04-02,2022-04-02 04:00:00,EMEA,FX,"Smith, ""Big"" Fund",2022,Q2,522454.07,-85478.21,100,true
103967,2023-09-22,2023-09-22 11:25:00,APAC,Equities,Beta Fund,2023,Q3,387240.67,-96906.73,356,true
103968,2024-02-03,2024-02-03 18:55:00,AMER,Equities,Alpha Fund,2024,Q1,161727.14,63046.15,84,false
103969,2025-02-28,2025-02-28 21:33:00,EMEA,Equities,O'Brien Holdings,2025,Q1,195678.34,73894.83,351,false
103970,2021-03-19,2021-03-19 11:52:00,APAC,Credit,Alpha Fund,2021,Q1,17869.92,-45470.06,300,false
103971,2022-06-10,2022-06-10 07:34:00,AMER,Rates,Alpha Fund,2022,Q2,225858.09,65356.06,329,true
103972,2023-02-14,2023-02-14 18:40:00,EMEA,FX,O'Brien Holdings,2023,Q1,128230.82,-60817.25,234,true
103973,2024-01-03,2024-01-03 14:42:00,APAC,FX,Beta Fund,2024,Q1,93697.21,30035.14,26,true
103974,2025-02-12,2025-02-12 23:00:00,AMER,FX,Beta Fund,2025,Q1,176575.72,3119.05,255,true
103975,2021-03-24,2021-03-24 14:41:00,EMEA,FX,"Smith, ""Big"" Fund",2021,Q1,23083.74,-48953.60,447,true
103976,2022-05-16,2022-05-16 19:46:00,APAC,Rates,Alpha Fund,2022,Q2,99145.13,78719.68,383,true
103977,2023-09-09,2023-09-09 10:09:00,AMER,Rates,O'Brien Holdings,2023,Q3,883657.95,-67846.40,491,true
103978,2024-02-13,2024-02-13 21:22:00,EMEA,Equities,O'Brien Holdings,2024,Q1,91080.04,-92560.37,281,true
103979,2025-09-13,2025-09-13 00:03:00,APAC,Rates,Beta Fund,2025,Q3,980339.33,80665.40,48,true
103980,2021-05-09,2021-05-09 19:56:00,AMER,Rates,Alpha Fund,2021,Q2,163673.66,41983.44,135,true
103981,2022-11-12,2022-11-12 02:08:00,EMEA,Commodities,O'Brien Holdings,2022,Q4,465964.40,97025.03,264,false
103982,2023-03-23,2023-03-23 01:41:00,APAC,Credit,Alpha Fund,2023,Q1,417735.42,-22734.84,458,true
103983,2024-03-14,2024-03-14 22:24:00,AMER,Rates,O'Brien Holdings,2024,Q1,156760.06,83290.56,136,true
103984,2025-04-25,2025-04-25 18:39:00,EMEA,Commodities,"Smith, ""Big"" Fund",2025,Q2,782445.56,2579.26,108,true
103985,2021-05-21,2021-05-21 04:34:00,APAC,Equities,Alpha Fund,2021,Q2,860390.99,-20167.09,89,true
103986,2022-01-08,2022-01-08 10:59:00,AMER,Credit,Alpha Fund,2022,Q1,587006.42,80908.98,370,true
103987,2023-09-08,2023-09-08 09:33:00,EMEA,Equities,O'Brien Holdings,2023,Q3,541537.44,-90892.75,75,true
103988,2024-02-08,2024-02-08 13:28:00,APAC,FX,"Smith, ""Big"" Fund",2024,Q1,618794.13,-91283.08,489,true
103989,2025-09-25,2025-09-25 08:28:00,AMER,FX,O'Brien Holdings,2025,Q3,706320.29,93166.19,99,false
103990,2021-03-28,2021-03-28 20:08:00,EMEA,Equities,O'Brien Holdings,2021,Q1,808365.43,43734.27,173,false
103991,2022-04-14,2022-04-14 06:30:00,APAC,FX,Beta Fund,2022,Q2,314529.53,-44516.57,457,true
103992,2023-12-03,2023-12-03 18:06:00,AMER,FX,Beta Fund,2023,Q4,938275.45,5451.45,130,true
103993,2024-05-08,2024-05-08 22:46:00,EMEA,Rates,O'Brien Holdings,2024,Q2,407186.47,26741.36,143,true
103994,2025-09-20,2025-09-20 06:31:00,APAC,Commodities,Alpha Fund,2025,Q3,638461.15,13513.50,88,true
103995,2021-10-20,2021-10-20 17:16:00,AMER,Equities,O'Brien Holdings,2021,Q4,325295.40,-8166.88,93,false
103996,2022-08-01,2022-08-01 01:01:00,EMEA,Credit,Beta Fund,2022,Q3,594969.17,19018.48,64,true
103997,2023-02-23,2023-02-23 19:25:00,APAC,Commodities,Beta Fund,2023,Q1,33505.44,31798.79,256,true
103998,2024-08-26,2024-08-26 17:03:00,AMER,Equities,Beta Fund,2024,Q3,869448.09,73884.19,328,true
103999,2025-03-19,2025-03-19 04:54:00,EMEA,Credit,O'Brien Holdings,2025,Q1,939350.39,38735.24,101,true
104000,2021-12-18,2021-12-18 10:54:00,APAC,Credit,Beta Fund,2021,Q4,927321.65,-36829.51,386,true
104001,2022-11-04,2022-11-04 19:29:00,AMER,Credit,"Smith, ""Big"" Fund",2022,Q4,738320.25,53042.47,312,true
104002,2023-07-18,2023-07-18 19:05:00,EMEA,FX,"Smith, ""Big"" Fund",2023,Q3,370091.07,-11574.39,169,true
104003,2024-04-01,2024-04-01 06:18:00,APAC,Equities,O'Brien Holdings,2024,Q2,306946.57,-97358.78,90,false
104004,2025-02-14,2025-02-14 23:03:00,AMER,FX,Alpha Fund,2025,Q1,10239.84,78355.32,285,true
104005,2021-01-27,2021-01-27 20:00:00,EMEA,Rates,"Smith, ""Big"" Fund",2021,Q1,550925.05,96797.09,212,true
104006,2022-09-26,2022-09-26 16:59:00,APAC,Rates,"Smith, ""Big"" Fund",2022,Q3,477450.46,87033.26,169,true
104007,2023-08-16,2023-08-16 18:41:00,AMER,Credit,Alpha Fund,2023,Q3,784946.67,-29894.84,377,true
104008,2024-07-15,2024-07-15 02:08:00,EMEA,Commodities,Alpha Fund,2024,Q3,124772.14,372.27,310,true
104009,2025-05-18,2025-05-18 20:23:00,APAC,Rates,Alpha Fund,2025,Q2,517217.22,-35395.78,203,true
104010,2021-03-11,2021-03-11 17:42:00,AMER,FX,O'Brien Holdings,2021,Q1,566407.05,10870.75,20,true
104011,2022-02-14,2022-02-14 18:00:00,EMEA,Commodities,O'Brien Holdings,2022,Q1,642155.59,60965.28,442,false
104012,2023-12-09,2023-12-09 19:00:00,APAC,Credit,"Smith, ""Big"" Fund",2023,Q4,753575.61,-27021.05,496,true
104013,2024-01-11,2024-01-11 22:13:00,AMER,Commodities,O'Brien Holdings,2024,Q1,975159.24,34566.00,428,true
104014,2025-02-10,2025-02-10 11:46:00,EMEA,Credit,Alpha Fund,2025,Q1,884073.64,-17671.25,238,true
104015,2021-09-01,2021-09-01 22:02:00,APAC,Equities,O'Brien Holdings,2021,Q3,252187.93,69242.04,8,true
104016,2022-12-01,2022-12-01 14:32:00,AMER,Credit,Beta Fund,2022,Q4,355549.23,95974.31,334,true
104017,2023-04-17,2023-04-17 22:42:00,EMEA,Rates,O'Brien Holdings,2023,Q2,985463.13,52258.04,330,false
104018,2024-05-19,2024-05-19 01:42:00,APAC,Equities,O'Brien Holdings,2024,Q2,950086.10,86420.02,327,true
104019,2025-09-04,2025-09-04 20:51:00,AMER,Credit,Beta Fund,2025,Q3,3491.14,94848.29,145,true
104020,2021-10-21,2021-10-21 10:59:00,EMEA,Equities,"Smith, ""Big"" Fund",2021,Q4,61523.56,84882.28,468,true
104021,2022-05-12,2022-05-12 23:08:00,APAC,Equities,Alpha Fund,2022,Q2,722576.09,64310.49,150,true
104022,2023-08-21,2023-08-21 04:12:00,AMER,Credit,Alpha Fund,2023,Q3,497879.34,27467.29,410,true
104023,2024-10-01,2024-10-01 12:25:00,EMEA,Equities,Beta Fund,2024,Q4,265215.24,-97963.24,183,true
104024,2025-10-09,2025-10-09 07:27:00,APAC,Equities,"Smith, ""Big"" Fund",2025,Q4,588255.77,-61049.11,201,false
104025,2021-08-06,2021-08-06 00:47:00,AMER,Commodities,O'Brien Holdings,2021,Q3,854629.66,-27264.27,168,true
104026,2022-12-21,2022-12-21 17:49:00,EMEA,Equities,O'Brien Holdings,2022,Q4,119358.56,-53328.29,372,true
104027,2023-07-17,2023-07-17 21:26:00,APAC,Equities,Alpha Fund,2023,Q3,391928.56,41063.35,118,true
104028,2024-03-23,2024-03-23 20:50:00,AMER,Equities,O'Brien Holdings,2024,Q1,28183.40,-32450.59,387,true
104029,2025-11-28,2025-11-28 18:43:00,EMEA,Rates,O'Brien Holdings,2025,Q4,513817.00,99583.96,301,true
104030,2021-05-25,2021-05-25 21:15:00,APAC,Rates,O'Brien Holdings,2021,Q2,293261.38,-3713.68,378,false
104031,2022-05-10,2022-05-10 02:09:00,AMER,FX,"Smith, ""Big"" Fund",2022,Q2,73112.90,80425.33,154,false
104032,2023-09-02,2023-09-02 14:36:00,EMEA,Credit,Alpha Fund,2023,Q3,194457.93,53031.33,442,true
104033,2024-04-20,2024-04-20 14:50:00,APAC,FX,"Smith, ""Big"" Fund",2024,Q2,492907.75,96589.49,29,false
104034,2025-09-28,2025-09-28 05:16:00,AMER,Credit,Alpha Fund,2025,Q3,942371.49,26615.48,88,true
104035,2021-02-09,2021-02-09 15:07:00,EMEA,FX,Beta Fund,2021,Q1,839727.52,-89885.55,54,true
104036,2022-12-12,2022-12-12 14:43:00,APAC,Commodities,O'Brien Holdings,2022,Q4,263245.88,50772.70,430,true
104037,2023-06-18,2023-06-18 08:58:00,AMER,Rates,Alpha Fund,2023,Q2,876265.47,-44289.51,248,true
104038,2024-10-16,2024-10-16 21:48:00,EMEA,Rates,Beta Fund,2024,Q4,517271.21,95899.41,18,true
104039,2025-12-26,2025-12-26 20:31:00,APAC,Rates,O'Brien Holdings,2025,Q4,731951.77,58843.44,12,true
104040,2021-12-12,2021-12-12 11:43:00,AMER,Equities,O'Brien Holdings,2021,Q4,506231.70,-3796.31,10,false
104041,2022-09-08,2022-09-08 06:27:00,EMEA,FX,"Smith, ""Big"" Fund",2022,Q3,244317.55,-45360.50,14,true
104042,2023-07-01,2023-07-01 10:24:00,APAC,Credit,Beta Fund,2023,Q3,697029.77,8155.14,160,true
104043,2024-12-19,2024-12-19 15:22:00,AMER,FX,O'Brien Holdings,2024,Q4,24195.44,-90346.30,9,true
104044,2025-09-11,2025-09-11 10:54:00,EMEA,Equities,Alpha Fund,2025,Q3,496883.44,29535.64,478,false
104045,2021-03-19,2021-03-19 02:06:00,APAC,Equities,Beta Fund,2021,Q1,169923.81,62625.23,140,false
104046,2022-07-16,2022-07-16 15:48:00,AMER,Rates,"Smith, ""Big"" Fund",2022,Q3,542147.81,-47173.74,135,true
104047,2023-11-10,2023-11-10 09:09:00,EMEA,Credit,"Smith, ""Big"" Fund",2023,Q4,815042.03,55218.41,432,false
104048,2024-04-26,2024-04-26 04:37:00,APAC,Commodities,Beta Fund,2024,Q2,493961.81,6971.57,346,true
104049,2025-10-24,2025-10-24 07:25:00,AMER,Commodities,Alpha Fund,2025,Q4,990770.93,91418.46,15,false
104050,2021-10-22,2021-10-22 08:15:00,EMEA,FX,O'Brien Holdings,2021,Q4,789664.86,62815.45,1,false
104051,2022-10-03,2022-10-03 06:36:00,APAC,FX,O'Brien Holdings,2022,Q4,312152.31,-98612.28,100,true
104052,2023-06-27,2023-06-27 03:37:00,AMER,FX,"Smith, ""Big"" Fund",2023,Q2,54735.13,-7937.68,392,true
104053,2024-11-20,2024-11-20 12:06:00,EMEA,Rates,"Smith, ""Big"" Fund",2024,Q4,731961.95,-79830.28,323,true
104054,2025-04-02,2025-04-02 20:11:00,APAC,Equities,"Smith, ""Big"" Fund",2025,Q2,912341.84,-95947.76,493,true
104055,2021-08-08,2021-08-08 20:11:00,AMER,Rates,Beta Fund,2021,Q3,993.01,11498.81,388,true
104056,2022-10-17,2022-10-17 19:25:00,EMEA,Equities,Alpha Fund,2022,Q4,19135.61,53743.15,351,false
104057,2023-05-07,2023-05-07 18:47:00,APAC,Credit,Beta Fund,2023,Q2,868333.17,-34263.47,322,true
104058,2024-11-05,2024-11-05 06:22:00,AMER,Rates,Alpha Fund,2024,Q4,542468.44,17307.74,8,true
104059,2025-02-01,2025-02-01 20:31:00,EMEA,FX,"Smith, ""Big"" Fund",2025,Q1,359094.98,-58850.99,226,true
104060,2021-07-04,2021-07-04 12:53:00,APAC,Equities,Beta Fund,2021,Q3,579630.39,-92471.58,371,false
104061,2022-12-23,2022-12-23 15:52:00,AMER,Rates,"Smith, ""Big"" Fund",2022,Q4,686834.83,-21487.60,459,false
104062,2023-12-19,2023-12-19 03:15:00,EMEA,Equities,Alpha Fund,2023,Q4,294102.46,33158.40,205,true
104063,2024-04-16,2024-04-16 15:20:00,APAC,FX,Alpha Fund,2024,Q2,863906.38,-21492.26,185,false
104064,2025-05-01,2025-05-01 14:37:00,AMER,Commodities,Beta Fund,2025,Q2,126863.84,-27570.85,4,true
104065,2021-05-11,2021-05-11 20:46:00,EMEA,Credit,Beta Fund,2021,Q2,957100.87,786.99,251,false
104066,2022-03-27,2022-03-27 06:35:00,APAC,FX,O'Brien Holdings,2022,Q1,513013.77,30821.44,226,true
104067,2023-06-23,2023-06-23 13:12:00,AMER,Rates,Beta Fund,2023,Q2,112882.34,15674.16,208,false
104068,2024-09-24,2024-09-24 12:53:00,EMEA,Credit,Beta Fund,2024,Q3,667180.87,-1077.34,81,true
104069,2025-03-03,2025-03-03 10:32:00,APAC,Equities,Beta Fund,2025,Q1,542644.79,-1737.34,213,false
104070,2021-09-20,2021-09-20 21:30:00,AMER,Credit,Alpha Fund,2021,Q3,66307.63,-17065.71,16,true
104071,2022-07-08,2022-07-08 14:28:00,EMEA,Rates,Alpha Fund,2022,Q3,685699.73,-105.33,464,true
104072,2023-11-27,2023-11-27 14:50:00,APAC,FX,Alpha Fund,2023,Q4,828072.73,65922.06,41,true
104073,2024-11-01,2024-11-01 16:23:00,AMER,FX,"Smith, ""Big"" Fund",2024,Q4,502073.05,-98219.17,369,true
104074,2025-10-20,2025-10-20 08:01:00,EMEA,Equities,Beta Fund,2025,Q4,750200.86,94697.88,53,true
104075,2021-06-18,2021-06-18 02:42:00,APAC,Commodities,"Smith, ""Big"" Fund",2021,Q2,409744.78,-13590.39,296,false
104076,2022-07-24,2022-07-24 20:31:00,AMER,Commodities,Beta Fund,2022,Q3,463046.12,65892.35,77,true
104077,2023-04-06,2023-04-06 07:00:00,EMEA,Commodities,"Smith, ""Big"" Fund",2023,Q2,179691.87,38249.39,374,true
104078,2024-10-05,2024-10-05 02:19:00,APAC,FX,"Smith, ""Big"" Fund",2024,Q4,715198.76,-62955.20,52,true
104079,2025-05-07,2025-05-07 16:42:00,AMER,Equities,Alpha Fund,2025,Q2,210943.49,-13473.49,65,false
104080,2021-05-05,2021-05-05 10:12:00,EMEA,FX,O'Brien Holdings,2021,Q2,136191.80,-77419.90,452,false
104081,2022-03-14,2022-03-14 07:06:00,APAC,Rates,Beta Fund,2022,Q1,141928.36,-894.24,303,true
104082,2023-07-11,2023-07-11 07:13:00,AMER,Equities,Beta Fund,2023,Q3,441916.72,-49071.93,359,true
104083,2024-03-28,2024-03-28 18:54:00,EMEA,Equities,"Smith, ""Big"" Fund",2024,Q1,79259.84,-31325.40,408,true
104084,2025-07-13,2025-07-13 22:43:00,APAC,Commodities,"Smith, ""Big"" Fund",2025,Q3,348013.86,99813.28,176,false
104085,2021-10-26,2021-10-26 03:14:00,AMER,Equities,Alpha Fund,2021,Q4,30392.17,-77176.78,198,true
104086,2022-10-12,2022-10-12 03:00:00,EMEA,Credit,O'Brien Holdings,2022,Q4,670500.32,-26537.24,292,true
104087,2023-07-05,2023-07-05 15:31:00,APAC,Equities,O'Brien Holdings,2023,Q3,367105.84,15672.57,347,true
104088,2024-06-16,2024-06-16 19:57:00,AMER,Credit,O'Brien Holdings,2024,Q2,391056.04,-72219.43,418,false
104089,2025-07-23,2025-07-23 19:14:00,EMEA,Rates,"Smith, ""Big"" Fund",2025,Q3,875679.60,83404.34,417,true
104090,2021-07-23,2021-07-23 02:31:00,APAC,Equities,"Smith, ""Big"" Fund",2021,Q3,211081.87,-26403.90,317,true
104091,2022-08-22,2022-08-22 06:54:00,AMER,Commodities,"Smith, ""Big"" Fund",2022,Q3,388724.56,33077.22,268,true
104092,2023-05-26,2023-05-26 10:23:00,EMEA,Equities,O'Brien Holdings,2023,Q2,268663.13,-21024.40,109,true
104093,2024-06-28,2024-06-28 10:49:00,APAC,Credit,Beta Fund,2024,Q2,623826.08,4997.79,106,false
104094,2025-08-24,2025-08-24 23:22:00,AMER,Equities,Beta Fund,2025,Q3,154462.32,-28062.96,241,false
104095,2021-08-26,2021-08-26 05:06:00,EMEA,Commodities,Alpha Fund,2021,Q3,611904.85,-17087.26,433,true
104096,2022-06-27,2022-06-27 14:27:00,APAC,Commodities,Alpha Fund,2022,Q2,924824.50,28460.01,142,true
104097,2023-02-21,2023-02-21 12:25:00,AMER,Rates,O'Brien Holdings,2023,Q1,149001.73,90861.00,471,true
104098,2024-01-02,2024-01-02 06:41:00,EMEA,Rates,"Smith, ""Big"" Fund",2024,Q1,479806.75,27936.60,290,true
104099,2025-12-04,2025-12-04 19:47:00,APAC,Credit,Alpha Fund,2025,Q4,375136.20,70808.32,13,false
104100,2021-01-02,2021-01-02 15:50:00,AMER,Credit,Beta Fund,2021,Q1,37836.10,-46737.11,71,true
104101,2022-12-08,2022-12-08 09:10:00,EMEA,FX,Alpha Fund,2022,Q4,283178.83,-43255.30,402,true
104102,2023-01-11,2023-01-11 22:12:00,APAC,FX,O'Brien Holdings,2023,Q1,124156.57,-26204.39,136,true
104103,2024-02-17,2024-02-17 19:24:00,AMER,Commodities,O'Brien Holdings,2024,Q1,953155.99,-13515.93,160,true
104104,2025-10-24,2025-10-24 03:57:00,EMEA,FX,Beta Fund,2025,Q4,874070.34,-31247.33,163,false
104105,2021-12-15,2021-12-15 21:13:00,APAC,FX,Beta Fund,2021,Q4,298263.63,-69761.76,253,true
104106,2022-03-02,2022-03-02 11:18:00,AMER,Commodities,O'Brien Holdings,2022,Q1,196421.31,70120.61,446,true
104107,2023-07-03,2023-07-03 04:01:00,EMEA,Equities,O'Brien Holdings,2023,Q3,627467.22,-1948.98,92,true
104108,2024-12-13,2024-12-13 11:55:00,APAC,Credit,Alpha Fund,2024,Q4,932945.46,-58855.70,368,true
104109,2025-06-01,2025-06-01 12:06:00,AMER,Credit,Alpha Fund,2025,Q2,128027.83,-43800.90,376,false
104110,2021-03-12,2021-03-12 11:03:00,EMEA,FX,Beta Fund,2021,Q1,153952.91,-97923.06,161,false
104111,2022-07-14,2022-07-14 21:15:00,APAC,Commodities,Alpha Fund,2022,Q3,670696.60,21896.46,123,false
104112,2023-04-02,2023-04-02 02:18:00,AMER,Rates,"Smith, ""Big"" Fund",2023,Q2,293203.71,-13649.53,481,true
104113,2024-01-16,2024-01-16 01:36:00,EMEA,Credit,O'Brien Holdings,2024,Q1,89408.89,4888.52,57,true
104114,2025-12-23,2025-12-23 22:56:00,APAC,Rates,"Smith, ""Big"" Fund",2025,Q4,365148.63,-42658.92,124,true
104115,2021-05-13,2021-05-13 21:57:00,AMER,Credit,Beta Fund,2021,Q2,215013.88,74047.27,474,true
104116,2022-09-16,2022-09-16 05:05:00,EMEA,FX,"Smith, ""Big"" Fund",2022,Q3,686662.06,-41284.60,302,true
104117,2023-12-08,2023-12-08 19:25:00,APAC,Commodities,"Smith, ""Big"" Fund",2023,Q4,704320.60,-46548.12,379,true
104118,2024-03-04,2024-03-04 20:45:00,AMER,Commodities,Alpha Fund,2024,Q1,939024.81,5675.16,58,false
104119,2025-05-04,2025-05-04 21:23:00,EMEA,Equities,O'Brien Holdings,2025,Q2,748297.59,96174.81,230,true
104120,2021-08-23,2021-08-23 12:51:00,APAC,Rates,Alpha Fund,2021,Q3,492284.60,25966.10,368,true
104121,2022-07-28,2022-07-28 18:32:00,AMER,Credit,O'Brien Holdings,2022,Q3,166867.25,56070.65,280,true
104122,2023-10-25,2023-10-25 15:31:00,EMEA,Equities,"Smith, ""Big"" Fund",2023,Q4,664320.09,-67990.96,431,false
104123,2024-08-09,2024-08-09 16:55:00,APAC,Equities,O'Brien Holdings,2024,Q3,974587.59,95853.32,226,false
104124,2025-07-15,2025-07-15 17:26:00,AMER,Commodities,Beta Fund,2025,Q3,727399.81,83773.88,150,true
104125,2021-09-03,2021-09-03 08:38:00,EMEA,Credit,Beta Fund,2021,Q3,551701.48,-43132.59,303,false
104126,2022-09-07,2022-09-07 04:11:00,APAC,FX,Alpha Fund,2022,Q3,553797.08,31177.84,290,true
104127,2023-01-17,2023-01-17 20:33:00,AMER,Equities,"Smith, ""Big"" Fund",2023,Q1,878012.31,63182.07,417,true
104128,2024-09-21,2024-09-21 15:44:00,EMEA,Equities,"Smith, ""Big"" Fund",2024,Q3,370803.82,-47769.94,306,true
104129,2025-11-08,2025-11-08 11:49:00,APAC,Equities,Alpha Fund,2025,Q4,698972.70,15523.36,150,false
104130,2021-10-03,2021-10-03 11:38:00,AMER,FX,"Smith, ""Big"" Fund",2021,Q4,911786.61,-56972.25,270,true
104131,2022-12-02,2022-12-02 15:30:00,EMEA,Credit,"Smith, ""Big"" Fund",2022,Q4,230129.49,15067.18,494,true
104132,2023-09-17,2023-09-17 15:24:00,APAC,FX,Beta Fund,2023,Q3,167247.79,57640.91,434,false
104133,2024-12-04,2024-12-04 06:54:00,AMER,Rates,Alpha Fund,2024,Q4,127328.57,-64580.82,85,true
104134,2025-04-01,2025-04-01 11:31:00,EMEA,Credit,Beta Fund,2025,Q2,878603.84,14585.30,229,true
104135,2021-11-24,2021-11-24 09:16:00,APAC,Credit,O'Brien Holdings,2021,Q4,208545.19,-12878.56,204,false
104136,2022-08-22,2022-08-22 15:19:00,AMER,Credit,O'Brien Holdings,2022,Q3,38855.44,-10969.94,89,true
104137,2023-07-14,2023-07-14 13:44:00,EMEA,Rates,O'Brien Holdings,2023,Q3,582655.62,81747.28,483,true
104138,2024-08-09,2024-08-09 13:30:00,APAC,Equities,"Smith, ""Big"" Fund",2024,Q3,743419.61,-63078.25,74,true
104139,2025-06-27,2025-06-27 16:17:00,AMER,Equities,"Smith, ""Big"" Fund",2025,Q2,526583.55,-9065.99,346,true
104140,2021-06-15,2021-06-15 23:10:00,EMEA,FX,Beta Fund,2021,Q2,784253.99,-78296.45,289,true
104141,2022-06-16,2022-06-16 04:07:00,APAC,Equities,"Smith, ""Big"" Fund",2022,Q2,390077.07,-84897.48,371,true
104142,2023-03-11,2023-03-11 09:34:00,AMER,Equities,"Smith, ""Big"" Fund",2023,Q1,875528.16,89144.75,333,false
104143,2024-09-19,2024-09-19 16:38:00,EMEA,FX,Beta Fund,2024,Q3,286247.62,-40858.13,92,false
104144,2025-02-26,2025-02-26 15:08:00,APAC,Equities,"Smith, ""Big"" Fund",2025,Q1,299686.64,96735.49,219,false
104145,2021-05-23,2021-05-23 06:53:00,AMER,Commodities,Beta Fund,2021,Q2,980182.95,12305.90,98,true
104146,2022-04-20,2022-04-20 04:32:00,EMEA,Commodities,O'Brien Holdings,2022,Q2,574925.05,-17601.78,263,true
104147,2023-02-24,2023-02-24 09:57:00,APAC,Credit,O'Brien Holdings,2023,Q1,223642.13,-48178.62,116,true
104148,2024-10-24,2024-10-24 02:57:00,AMER,FX,"Smith, ""Big"" Fund",2024,Q4,635347.50,-89386.54,125,true
104149,2025-01-18,2025-01-18 00:09:00,EMEA,FX,Alpha Fund,2025,Q1,733245.20,-41401.48,161,true
104150,2021-11-08,2021-11-08 01:48:00,APAC,Credit,Alpha Fund,2021,Q4,923364.12,72422.84,87,true
104151,2022-02-05,2022-02-05 11:10:00,AMER,Rates,Beta Fund,2022,Q1,364943.28,5622.36,50,true
104152,2023-10-23,2023-10-23 03:24:00,EMEA,FX,O'Brien Holdings,2023,Q4,33500.12,-67621.32,288,true
104153,2024-09-12,2024-09-12 03:00:00,APAC,Equities,O'Brien Holdings,2024,Q3,708286.38,50004.36,34,false
104154,2025-09-10,2025-09-10 04:53:00,AMER,Equities,O'Brien Holdings,2025,Q3,179726.30,-22411.21,66,true
104155,2021-04-28,2021-04-28 20:11:00,EMEA,Commodities,"Smith, ""Big"" Fund",2021,Q2,838857.45,-25259.72,109,true
104156,2022-01-13,2022-01-13 15:39:00,APAC,Commodities,"Smith, ""Big"" Fund",2022,Q1,16593.58,92997.20,289,false
104157,2023-05-03,2023-05-03 18:00:00,AMER,FX,"Smith, ""Big"" Fund",2023,Q2,991383.40,40028.04,120,true
104158,2024-12-05,2024-12-05 22:46:00,EMEA,Credit,Beta Fund,2024,Q4,886669.79,-14796.40,452,true
104159,2025-08-24,2025-08-24 17:22:00,APAC,Commodities,"Smith, ""Big"" Fund",2025,Q3,799591.32,12562.75,340,true
104160,2021-11-02,2021-11-02 10:55:00,AMER,Rates,O'Brien Holdings,2021,Q4,18842.73,12443.43,261,true
104161,2022-04-21,2022-04-21 04:55:00,EMEA,Commodities,Alpha Fund,2022,Q2,365734.52,-40390.15,378,true
104162,2023-12-07,2023-12-07 15:27:00,APAC,Rates,Beta Fund,2023,Q4,540791.27,-45475.56,452,true
104163,2024-01-17,2024-01-17 07:13:00,AMER,Commodities,Alpha Fund,2024,Q1,911281.47,32990.95,84,true
104164,2025-12-23,2025-12-23 14:33:00,EMEA,Equities,Beta Fund,2025,Q4,3005.87,14455.05,71,true
104165,2021-08-02,2021-08-02 15:04:00,APAC,Rates,O'Brien Holdings,2021,Q3,971204.24,-52773.75,1,true
104166,2022-09-26,2022-09-26 15:28:00,AMER,Credit,"Smith, ""Big"" Fund",2022,Q3,689133.05,55774.32,262,true
104167,2023-08-21,2023-08-21 01:57:00,EMEA,Equities,O'Brien Holdings,2023,Q3,46942.79,81043.52,282,true
104168,2024-11-02,2024-11-02 08:51:00,APAC,FX,O'Brien Holdings,2024,Q4,349916.66,37231.77,498,true
104169,2025-08-07,2025-08-07 22:56:00,AMER,Equities,Alpha Fund,2025,Q3,580880.74,73001.61,319,true
104170,2021-07-17,2021-07-17 10:31:00,EMEA,Equities,O'Brien Holdings,2021,Q3,147795.00,19329.12,259,true
104171,2022-03-25,2022-03-25 08:25:00,APAC,FX,"Smith, ""Big"" Fund",2022,Q1,47802.60,19497.90,269,true
104172,2023-12-18,2023-12-18 18:18:00,AMER,Credit,"Smith, ""Big"" Fund",2023,Q4,366964.28,63505.38,346,true
104173,2024-03-15,2024-03-15 13:08:00,EMEA,FX,"Smith, ""Big"" Fund",2024,Q1,811451.55,-2989.95,105,true
104174,2025-07-07,2025-07-07 03:51:00,APAC,Rates,Alpha Fund,2025,Q3,668944.04,-28037.24,72,true
104175,2021-04-21,2021-04-21 21:25:00,AMER,Rates,Alpha Fund,2021,Q2,425713.22,75125.23,229,true
104176,2022-11-04,2022-11-04 01:20:00,EMEA,Commodities,O'Brien Holdings,2022,Q4,496897.48,23865.41,67,true
104177,2023-09-11,2023-09-11 13:05:00,APAC,Rates,Beta Fund,2023,Q3,79197.31,-20052.50,111,false
104178,2024-08-06,2024-08-06 11:06:00,AMER,Rates,Beta Fund,2024,Q3,362430.91,-53872.62,386,true
104179,2025-11-01,2025-11-01 11:05:00,EMEA,Equities,"Smith, ""Big"" Fund",2025,Q4,342073.43,-87559.68,409,true
104180,2021-04-02,2021-04-02 20:21:00,APAC,Credit,Alpha Fund,2021,Q2,888883.96,-54751.01,455,true
104181,2022-02-16,2022-02-16 07:05:00,AMER,FX,Alpha Fund,2022,Q1,87591.20,30487.11,154,true
104182,2023-03-25,2023-03-25 03:52:00,EMEA,Equities,Alpha Fund,2023,Q1,531965.00,-33670.15,410,true
104183,2024-07-20,2024-07-20 02:04:00,APAC,FX,O'Brien Holdings,2024,Q3,101009.06,-78612.18,5,true
104184,2025-06-15,2025-06-15 04:17:00,AMER,Credit,O'Brien Holdings,2025,Q2,608040.82,-36486.78,127,true
104185,2021-07-15,2021-07-15 21:15:00,EMEA,Commodities,Alpha Fund,2021,Q3,917372.80,-60395.44,317,true
104186,2022-11-26,2022-11-26 10:35:00,APAC,Rates,Alpha Fund,2022,Q4,688221.58,-51943.61,59,true
104187,2023-07-05,2023-07-05 15:34:00,AMER,FX,Beta Fund,2023,Q3,258774.11,-98124.92,215,true
104188,2024-05-14,2024-05-14 09:03:00,EMEA,Credit,"Smith, ""Big"" Fund",2024,Q2,341683.11,-92965.29,22,true
104189,2025-05-17,2025-05-17 08:40:00,APAC,Rates,O'Brien Holdings,2025,Q2,291972.04,-90525.15,58,true
104190,2021-11-14,2021-11-14 22:08:00,AMER,Rates,Beta Fund,2021,Q4,396373.89,43982.04,105,true
104191,2022-02-02,2022-02-02 16:30:00,EMEA,Commodities,Beta Fund,2022,Q1,601092.30,-80444.81,497,true
104192,2023-06-10,2023-06-10 13:54:00,APAC,Commodities,O'Brien Holdings,2023,Q2,411825.07,11600.24,118,false
104193,2024-09-28,2024-09-28 15:07:00,AMER,Rates,Alpha Fund,2024,Q3,1550.53,-60118.29,203,true
104194,2025-01-03,2025-01-03 21:29:00,EMEA,Credit,Beta Fund,2025,Q1,292916.02,-46155.95,407,true
104195,2021-01-13,2021-01-13 15:25:00,APAC,Rates,Alpha Fund,2021,Q1,239953.25,-35538.87,73,true
104196,2022-08-21,2022-08-21 00:23:00,AMER,Rates,"Smith, ""Big"" Fund",2022,Q3,985067.62,39744.65,411,true
104197,2023-04-21,2023-04-21 06:10:00,EMEA,FX,"Smith, ""Big"" Fund",2023,Q2,207167.80,-25036.92,498,true
104198,2024-12-01,2024-12-01 11:45:00,APAC,Equities,Alpha Fund,2024,Q4,946263.02,75119.14,193,true
104199,2025-08-27,2025-08-27 12:41:00,AMER,Commodities,"Smith, ""Big"" Fund",2025,Q3,704638.84,13293.17,214,true
104200,2021-04-03,2021-04-03 16:11:00,EMEA,Credit,Alpha Fund,2021,Q2,971569.27,-42332.51,232,true
104201,2022-01-03,2022-01-03 05:33:00,APAC,Equities,O'Brien Holdings,2022,Q1,946008.06,88552.94,213,true
104202,2023-06-04,2023-06-04 09:36:00,AMER,Credit,O'Brien Holdings,2023,Q2,544986.95,91601.37,222,true
104203,2024-11-07,2024-11-07 12:53:00,EMEA,Commodities,O'Brien Holdings,2024,Q4,745569.61,-31542.17,155,true
104204,2025-05-27,2025-05-27 12:24:00,APAC,Equities,O'Brien Holdings,2025,Q2,968355.07,-74278.53,402,true
104205,2021-05-24,2021-05-24 15:35:00,AMER,Equities,Alpha Fund,2021,Q2,819146.79,-48241.17,31,true
104206,2022-02-08,2022-02-08 15:17:00,EMEA,FX,Beta Fund,2022,Q1,893058.16,59310.58,484,true
104207,2023-12-13,2023-12-13 11:16:00,APAC,FX,O'Brien Holdings,2023,Q4,431235.01,75084.35,364,false
104208,2024-03-10,2024-03-10 14:40:00,AMER,FX,"Smith, ""Big"" Fund",2024,Q1,226384.17,-2138.07,47,true
104209,2025-01-01,2025-01-01 16:21:00,EMEA,Commodities,Alpha Fund,2025,Q1,770488.16,-41817.44,234,true
104210,2021-02-13,2021-02-13 01:55:00,APAC,Commodities,O'Brien Holdings,2021,Q1,463370.02,11578.96,119,true
104211,2022-01-16,2022-01-16 23:07:00,AMER,FX,Alpha Fund,2022,Q1,434246.29,85589.83,255,true
104212,2023-12-27,2023-12-27 01:27:00,EMEA,Commodities,O'Brien Holdings,2023,Q4,80145.99,55497.10,335,false
104213,2024-08-01,2024-08-01 17:00:00,APAC,Credit,Beta Fund,2024,Q3,432527.32,-90580.10,95,false
104214,2025-04-06,2025-04-06 20:31:00,AMER,Equities,Alpha Fund,2025,Q2,134038.50,73987.76,482,false
104215,2021-09-12,2021-09-12 12:02:00,EMEA,Rates,"Smith, ""Big"" Fund",2021,Q3,839119.91,80334.75,355,true
104216,2022-02-01,2022-02-01 17:56:00,APAC,Credit,O'Brien Holdings,2022,Q1,308354.23,78980.05,434,true
104217,2023-06-12,2023-06-12 03:28:00,AMER,Credit,Beta Fund,2023,Q2,289484.47,59465.22,495,true
104218,2024-09-12,2024-09-12 17:19:00,EMEA,Rates,"Smith, ""Big"" Fund",2024,Q3,160106.74,96488.00,408,true
104219,2025-09-26,2025-09-26 07:11:00,APAC,Commodities,Alpha Fund,2025,Q3,150497.02,73512.01,235,true
104220,2021-05-11,2021-05-11 20:34:00,AMER,Equities,Beta Fund,2021,Q2,244217.91,21217.87,52,true
104221,2022-08-25,2022-08-25 14:09:00,EMEA,Commodities,"Smith, ""Big"" Fund",2022,Q3,698509.71,-63050.80,378,true
104222,2023-06-20,2023-06-20 01:19:00,APAC,Commodities,"Smith, ""Big"" Fund",2023,Q2,917036.56,-10159.49,216,true
104223,2024-04-24,2024-04-24 10:33:00,AMER,Rates,"Smith, ""Big"" Fund",2024,Q2,914694.01,-90346.59,96,true
104224,2025-06-14,2025-06-14 06:35:00,EMEA,Credit,Alpha Fund,2025,Q2,133484.64,-81736.46,500,true
104225,2021-09-14,2021-09-14 20:07:00,APAC,Credit,"Smith, ""Big"" Fund",2021,Q3,117037.01,84153.92,182,true
104226,2022-02-27,2022-02-27 11:36:00,AMER,Equities,Beta Fund,2022,Q1,416052.28,679.36,64,false
104227,2023-11-12,2023-11-12 23:19:00,EMEA,Commodities,Beta Fund,2023,Q4,456601.13,-90315.68,10,true
104228,2024-10-12,2024-10-12 03:49:00,APAC,Credit,"Smith, ""Big"" Fund",2024,Q4,524903.24,23871.01,74,true
104229,2025-04-26,2025-04-26 12:44:00,AMER,Credit,Beta Fund,2025,Q2,460532.61,28077.71,161,true
104230,2021-04-28,2021-04-28 02:10:00,EMEA,Equities,Beta Fund,2021,Q2,991696.72,-4850.65,43,true
104231,2022-02-02,2022-02-02 02:43:00,APAC,Equities,Alpha Fund,2022,Q1,120809.30,-14360.99,213,true
104232,2023-08-07,2023-08-07 20:05:00,AMER,Equities,Alpha Fund,2023,Q3,58282.33,46319.84,293,true
104233,2024-03-21,2024-03-21 16:41:00,EMEA,Equities,Alpha Fund,2024,Q1,849951.97,88018.64,181,false
104234,2025-05-11,2025-05-11 14:42:00,APAC,Equities,Beta Fund,2025,Q2,131341.95,90847.26,374,true
104235,2021-05-19,2021-05-19 09:26:00,AMER,FX,"Smith, ""Big"" Fund",2021,Q2,255372.61,-61409.10,204,true
104236,2022-04-21,2022-04-21 00:14:00,EMEA,FX,O'Brien Holdings,2022,Q2,59372.89,41231.67,380,true
104237,2023-06-07,2023-06-07 23:10:00,APAC,Commodities,O'Brien Holdings,2023,Q2,53263.95,14490.53,68,true
104238,2024-05-26,2024-05-26 06:07:00,AMER,Credit,O'Brien Holdings,2024,Q2,476455.26,41216.70,460,true
104239,2025-07-24,2025-07-24 21:51:00,EMEA,FX,Alpha Fund,2025,Q3,780203.78,490.57,423,true
104240,2021-04-08,2021-04-08 09:38:00,APAC,Credit,Alpha Fund,2021,Q2,829914.57,-61331.75,293,true
104241,2022-02-28,2022-02-28 15:51:00,AMER,FX,O'Brien Holdings,2022,Q1,434311.37,82112.88,492,true
104242,2023-09-14,2023-09-14 06:34:00,EMEA,Rates,Beta Fund,2023,Q3,230113.66,-76354.18,72,true
104243,2024-10-12,2024-10-12 19:48:00,APAC,Credit,"Smith, ""Big"" Fund",2024,Q4,321798.74,-63936.52,395,true
104244,2025-04-22,2025-04-22 04:10:00,AMER,Rates,Alpha Fund,2025,Q2,338513.15,97085.93,293,true
104245,2021-11-01,2021-11-01 06:27:00,EMEA,Rates,O'Brien Holdings,2021,Q4,40240.41,2067.65,299,true
104246,2022-08-07,2022-08-07 14:37:00,APAC,Commodities,O'Brien Holdings,2022,Q3,262726.41,96131.20,148,false
104247,2023-07-12,2023-07-12 06:22:00,AMER,Rates,Alpha Fund,2023,Q3,834505.43,13336.83,305,true
104248,2024-06-10,2024-06-10 01:29:00,EMEA,Equities,Beta Fund,2024,Q2,79284.28,23403.58,29,true
104249,2025-02-03,2025-02-03 00:24:00,APAC,Credit,Beta Fund,2025,Q1,129006.70,26006.77,365,true
104250,2021-07-27,2021-07-27 10:19:00,AMER,FX,"Smith, ""Big"" Fund",2021,Q3,449577.86,-84126.92,11,true
104251,2022-08-02,2022-08-02 07:21:00,EMEA,Credit,Alpha Fund,2022,Q3,779608.84,-36622.37,51,false
104252,2023-04-27,2023-04-27 15:19:00,APAC,Commodities,O'Brien Holdings,2023,Q2,366888.02,-29178.40,84,true
104253,2024-10-22,2024-10-22 22:41:00,AMER,Equities,Alpha Fund,2024,Q4,977967.58,34966.76,425,true
104254,2025-11-17,2025-11-17 10:08:00,EMEA,Commodities,O'Brien Holdings,2025,Q4,491423.34,53031.50,394,true
104255,2021-11-23,2021-11-23 10:13:00,APAC,Credit,Beta Fund,2021,Q4,681219.90,-85423.83,258,true
104256,2022-02-06,2022-02-06 00:35:00,AMER,FX,Beta Fund,2022,Q1,84222.35,-81969.85,162,true
104257,2023-06-01,2023-06-01 00:15:00,EMEA,Credit,Beta Fund,2023,Q2,812176.34,35329.29,428,true
104258,2024-05-23,2024-05-23 07:30:00,APAC,FX,"Smith, ""Big"" Fund",2024,Q2,670803.16,27727.40,198,true
104259,2025-12-16,2025-12-16 17:56:00,AMER,Rates,"Smith, ""Big"" Fund",2025,Q4,111492.63,-16532.39,258,false
104260,2021-12-19,2021-12-19 07:18:00,EMEA,Equities,Beta Fund,2021,Q4,82403.98,7252.67,184,true
104261,2022-12-13,2022-12-13 14:14:00,APAC,Rates,Beta Fund,2022,Q4,738754.19,67819.94,233,true
104262,2023-03-03,2023-03-03 02:40:00,AMER,Credit,Alpha Fund,2023,Q1,896734.27,50044.24,187,true
104263,2024-12-26,2024-12-26 18:36:00,EMEA,Commodities,Alpha Fund,2024,Q4,539123.03,-92995.58,166,true
104264,2025-08-10,2025-08-10 03:51:00,APAC,Commodities,Beta Fund,2025,Q3,621215.12,-14472.88,95,true
104265,2021-11-26,2021-11-26 18:06:00,AMER,Commodities,Beta Fund,2021,Q4,181290.45,90916.73,492,false
104266,2022-02-01,2022-02-01 02:41:00,EMEA,Equities,Beta Fund,2022,Q1,502877.37,-42061.90,400,true
104267,2023-01-27,2023-01-27 12:43:00,APAC,Credit,Alpha Fund,2023,Q1,451471.75,89327.59,215,true
104268,2024-08-28,2024-08-28 21:12:00,AMER,Rates,Beta Fund,2024,Q3,525119.11,20459.84,458,true
104269,2025-10-08,2025-10-08 19:36:00,EMEA,Rates,Alpha Fund,2025,Q4,801629.47,-24027.15,174,true
104270,2021-02-23,2021-02-23 17:21:00,APAC,Rates,"Smith, ""Big"" Fund",2021,Q1,156191.44,27862.88,318,true
104271,2022-05-05,2022-05-05 00:33:00,AMER,Rates,Alpha Fund,2022,Q2,881560.03,94288.09,250,true
104272,2023-01-15,2023-01-15 09:57:00,EMEA,FX,Beta Fund,2023,Q1,356332.22,38797.53,93,true
104273,2024-05-26,2024-05-26 20:09:00,APAC,Commodities,Beta Fund,2024,Q2,712335.51,-70077.96,357,true
104274,2025-06-21,2025-06-21 15:58:00,AMER,Credit,Beta Fund,2025,Q2,27183.21,44762.54,346,true
104275,2021-09-16,2021-09-16 01:20:00,EMEA,Commodities,Alpha Fund,2021,Q3,441501.75,20149.84,323,true
104276,2022-01-16,2022-01-16 08:44:00,APAC,Rates,"Smith, ""Big"" Fund",2022,Q1,305875.85,70197.49,110,true
104277,2023-07-07,2023-07-07 00:42:00,AMER,Commodities,"Smith, ""Big"" Fund",2023,Q3,247806.03,81586.41,419,false
104278,2024-06-04,2024-06-04 14:05:00,EMEA,Credit,Alpha Fund,2024,Q2,160972.52,-83770.54,281,false
104279,2025-10-12,2025-10-12 21:23:00,APAC,Equities,O'Brien Holdings,2025,Q4,847324.37,44219.78,474,true
104280,2021-07-17,2021-07-17 06:18:00,AMER,Equities,O'Brien Holdings,2021,Q3,297275.96,5426.48,333,true
104281,2022-07-16,2022-07-16 15:18:00,EMEA,Rates,"Smith, ""Big"" Fund",2022,Q3,239319.79,-13811.16,497,true
104282,2023-07-19,2023-07-19 18:24:00,APAC,Commodities,Beta Fund,2023,Q3,757137.58,-86941.85,56,true
104283,2024-07-04,2024-07-04 12:03:00,AMER,Equities,"Smith, ""Big"" Fund",2024,Q3,590503.64,47254.94,2,false
104284,2025-07-10,2025-07-10 09:52:00,EMEA,Rates,"Smith, ""Big"" Fund",2025,Q3,86470.63,92395.86,123,true
104285,2021-10-27,2021-10-27 16:48:00,APAC,Rates,Alpha Fund,2021,Q4,271504.89,-95833.74,15,true
104286,2022-04-04,2022-04-04 16:38:00,AMER,Equities,Alpha Fund,2022,Q2,399022.02,66409.93,484,false
104287,2023-07-01,2023-07-01 04:10:00,EMEA,Rates,Beta Fund,2023,Q3,773822.11,-63059.85,399,true
104288,2024-01-20,2024-01-20 12:27:00,APAC,Commodities,Alpha Fund,2024,Q1,212735.29,-82938.00,23,true
104289,2025-04-02,2025-04-02 09:53:00,AMER,Rates,"Smith, ""Big"" Fund",2025,Q2,292597.77,16513.38,12,true
104290,2021-03-14,2021-03-14 08:24:00,EMEA,Equities,O'Brien Holdings,2021,Q1,743613.99,89886.82,243,true
104291,2022-11-06,2022-11-06 12:15:00,APAC,FX,Beta Fund,2022,Q4,147646.43,33542.84,391,true
104292,2023-07-09,2023-07-09 21:24:00,AMER,Commodities,Alpha Fund,2023,Q3,239095.31,84264.53,183,true
104293,2024-02-05,2024-02-05 09:33:00,EMEA,Credit,Beta Fund,2024,Q1,201625.46,-88433.94,346,true
104294,2025-05-09,2025-05-09 23:33:00,APAC,Credit,Beta Fund,2025,Q2,836846.51,-73200.59,460,true
104295,2021-01-28,2021-01-28 02:10:00,AMER,FX,Beta Fund,2021,Q1,939646.21,-84580.44,496,true
104296,2022-02-07,2022-02-07 16:51:00,EMEA,Credit,"Smith, ""Big"" Fund",2022,Q1,424864.00,-98956.50,123,true
104297,2023-06-28,2023-06-28 11:36:00,APAC,Credit,O'Brien Holdings,2023,Q2,503410.90,-81665.72,211,false
104298,2024-10-19,2024-10-19 04:15:00,AMER,Commodities,O'Brien Holdings,2024,Q4,689314.43,-25220.76,395,true
104299,2025-02-22,2025-02-22 08:04:00,EMEA,Rates,O'Brien Holdings,2025,Q1,704273.88,-74833.83,370,true
104300,2021-08-24,2021-08-24 11:17:00,APAC,Credit,O'Brien Holdings,2021,Q3,806995.36,-56958.59,486,true
104301,2022-04-15,2022-04-15 05:43:00,AMER,FX,O'Brien Holdings,2022,Q2,444859.35,-20405.91,353,true
104302,2023-09-17,2023-09-17 10:51:00,EMEA,Equities,O'Brien Holdings,2023,Q3,860586.84,22379.88,470,true
104303,2024-02-13,2024-02-13 20:25:00,APAC,Equities,O'Brien Holdings,2024,Q1,216074.52,-58020.78,88,true
104304,2025-09-28,2025-09-28 08:10:00,AMER,Commodities,Beta Fund,2025,Q3,487729.08,28971.89,63,true
104305,2021-03-06,2021-03-06 20:46:00,EMEA,Commodities,"Smith, ""Big"" Fund",2021,Q1,999430.45,-82455.27,28,true
104306,2022-01-04,2022-01-04 13:29:00,APAC,Equities,O'Brien Holdings,2022,Q1,495696.18,-17511.28,395,false
104307,2023-06-03,2023-06-03 20:19:00,AMER,Commodities,Alpha Fund,2023,Q2,577120.50,-62805.86,463,false
104308,2024-11-03,2024-11-03 05:35:00,EMEA,Equities,Beta Fund,2024,Q4,365431.10,-63126.38,36,false
104309,2025-01-20,2025-01-20 06:51:00,APAC,Equities,O'Brien Holdings,2025,Q1,468712.85,-28125.34,12,true
104310,2021-07-25,2021-07-25 17:39:00,AMER,Commodities,Beta Fund,2021,Q3,871568.78,-17412.56,225,true
104311,2022-01-21,2022-01-21 12:53:00,EMEA,Equities,"Smith, ""Big"" Fund",2022,Q1,274080.42,2010.38,106,false
104312,2023-04-01,2023-04-01 10:56:00,APAC,FX,O'Brien Holdings,2023,Q2,497750.26,38150.57,450,true
104313,2024-01-12,2024-01-12 18:00:00,AMER,FX,O'Brien Holdings,2024,Q1,359436.48,21434.39,172,true
104314,2025-01-18,2025-01-18 21:49:00,EMEA,Rates,Alpha Fund,2025,Q1,355414.55,385.24,487,true
104315,2021-10-09,2021-10-09 04:59:00,APAC,Equities,Alpha Fund,2021,Q4,992591.57,-78031.07,234,true
104316,2022-10-18,2022-10-18 03:50:00,AMER,Equities,Alpha Fund,2022,Q4,556719.06,-91711.76,271,true
104317,2023-06-22,2023-06-22 13:20:00,EMEA,Rates,"Smith, ""Big"" Fund",2023,Q2,110141.07,17677.55,358,true
104318,2024-03-12,2024-03-12 07:00:00,APAC,Rates,Beta Fund,2024,Q1,665287.53,-30476.17,230,true
104319,2025-03-06,2025-03-06 08:07:00,AMER,FX,O'Brien Holdings,2025,Q1,966513.69,60087.59,138,true
104320,2021-01-08,2021-01-08 16:59:00,EMEA,Commodities,Beta Fund,2021,Q1,824427.21,81255.57,321,true
104321,2022-07-03,2022-07-03 22:02:00,APAC,Equities,O'Brien Holdings,2022,Q3,42758.67,76592.72,146,true
104322,2023-01-04,2023-01-04 12:08:00,AMER,Rates,"Smith, ""Big"" Fund",2023,Q1,236442.87,98630.80,169,false
104323,2024-06-17,2024-06-17 14:08:00,EMEA,FX,O'Brien Holdings,2024,Q2,516239.19,-48509.84,99,true
104324,2025-10-16,2025-10-16 09:54:00,APAC,Commodities,"Smith, ""Big"" Fund",2025,Q4,942130.39,52845.55,476,true
104325,2021-04-27,2021-04-27 11:43:00,AMER,FX,Alpha Fund,2021,Q2,512285.86,84576.85,258,true
104326,2022-06-23,2022-06-23 21:40:00,EMEA,Commodities,Beta Fund,2022,Q2,769048.93,-7815.78,151,true
104327,2023-02-17,2023-02-17 04:29:00,APAC,Commodities,O'Brien Holdings,2023,Q1,804018.34,-65003.15,130,true
104328,2024-05-24,2024-05-24 06:00:00,AMER,FX,Alpha Fund,2024,Q2,545540.30,-71553.85,382,true
104329,2025-09-05,2025-09-05 19:54:00,EMEA,Credit,"Smith, ""Big"" Fund",2025,Q3,121578.91,-73602.96,243,true
104330,2021-07-26,2021-07-26 11:22:00,APAC,Commodities,Alpha Fund,2021,Q3,367356.05,94121.26,6,true
104331,2022-06-28,2022-06-28 14:30:00,AMER,FX,Beta Fund,2022,Q2,322401.92,-53817.44,219,true
104332,2023-05-12,2023-05-12 14:34:00,EMEA,FX,Alpha Fund,2023,Q2,652508.12,18927.95,128,true
104333,2024-06-03,2024-06-03 05:51:00,APAC,Credit,Beta Fund,2024,Q2,48160.02,-12088.66,491,true
104334,2025-02-07,2025-02-07 12:51:00,AMER,Rates,Alpha Fund,2025,Q1,915799.72,-62744.18,164,false
104335,2021-05-04,2021-05-04 00:56:00,EMEA,Credit,"Smith, ""Big"" Fund",2021,Q2,581257.80,-56570.95,483,false
104336,2022-12-05,2022-12-05 10:17:00,APAC,Equities,Beta Fund,2022,Q4,110656.92,-87391.82,320,true
104337,2023-06-22,2023-06-22 17:08:00,AMER,FX,Alpha Fund,2023,Q2,805147.66,-58869.08,343,true
104338,2024-07-01,2024-07-01 19:02:00,EMEA,Equities,Alpha Fund,2024,Q3,90536.37,-21188.43,283,false
104339,2025-04-18,2025-04-18 01:09:00,APAC,Rates,"Smith, ""Big"" Fund",2025,Q2,543054.84,54527.26,494,false
104340,2021-02-07,2021-02-07 15:03:00,AMER,Equities,Beta Fund,2021,Q1,295026.10,32944.32,36,true
104341,2022-06-02,2022-06-02 08:30:00,EMEA,Rates,"Smith, ""Big"" Fund",2022,Q2,819590.48,-85366.09,194,true
104342,2023-11-03,2023-11-03 15:17:00,APAC,Commodities,O'Brien Holdings,2023,Q4,544319.45,71993.84,161,true
104343,2024-06-21,2024-06-21 12:59:00,AMER,Credit,O'Brien Holdings,2024,Q2,315400.27,-80231.89,385,true
104344,2025-07-15,2025-07-15 06:48:00,EMEA,Rates,Alpha Fund,2025,Q3,861105.84,36429.03,298,true
104345,2021-08-12,2021-08-12 10:01:00,APAC,Equities,O'Brien Holdings,2021,Q3,174115.49,22384.20,108,false
104346,2022-01-20,2022-01-20 17:54:00,AMER,Credit,"Smith, ""Big"" Fund",2022,Q1,687781.32,-31337.22,100,true
104347,2023-09-02,2023-09-02 02:58:00,EMEA,Rates,Beta Fund,2023,Q3,622379.86,29242.04,231,true
104348,2024-08-28,2024-08-28 12:34:00,APAC,Rates,Beta Fund,2024,Q3,628879.11,-23522.10,322,true
104349,2025-07-06,2025-07-06 23:46:00,AMER,Rates,Alpha Fund,2025,Q3,266750.34,-62615.92,449,true
104350,2021-04-28,2021-04-28 20:58:00,EMEA,Commodities,"Smith, ""Big"" Fund",2021,Q2,205745.23,98997.68,213,true
104351,2022-09-03,2022-09-03 01:46:00,APAC,Rates,Alpha Fund,2022,Q3,965586.03,54573.24,339,true
104352,2023-11-15,2023-11-15 00:31:00,AMER,Commodities,O'Brien Holdings,2023,Q4,827435.52,19304.78,480,true
104353,2024-12-21,2024-12-21 23:35:00,EMEA,FX,Alpha Fund,2024,Q4,488930.56,21017.85,108,false
104354,2025-09-11,2025-09-11 23:28:00,APAC,Commodities,"Smith, ""Big"" Fund",2025,Q3,643892.91,98549.63,389,true
104355,2021-07-02,2021-07-02 06:55:00,AMER,Equities,Beta Fund,2021,Q3,943719.52,15497.62,386,false
104356,2022-04-05,2022-04-05 20:02:00,EMEA,Equities,O'Brien Holdings,2022,Q2,511474.14,84140.77,258,true
104357,2023-11-28,2023-11-28 02:17:00,APAC,Credit,"Smith, ""Big"" Fund",2023,Q4,228010.96,-36576.15,227,false
104358,2024-04-04,2024-04-04 03:46:00,AMER,Rates,"Smith, ""Big"" Fund",2024,Q2,476780.79,-66779.01,321,true
104359,2025-03-09,2025-03-09 14:51:00,EMEA,Rates,O'Brien Holdings,2025,Q1,213262.03,-94756.28,3,false
104360,2021-02-05,2021-02-05 17:18:00,APAC,Rates,"Smith, ""Big"" Fund",2021,Q1,245648.98,85364.78,495,false
104361,2022-06-26,2022-06-26 15:47:00,AMER,Equities,O'Brien Holdings,2022,Q2,375982.60,-30607.37,291,false
104362,2023-06-20,2023-06-20 00:23:00,EMEA,FX,Alpha Fund,2023,Q2,576639.16,18110.08,194,true
104363,2024-07-06,2024-07-06 07:35:00,APAC,Commodities,Beta Fund,2024,Q3,232802.36,-86787.33,357,true
104364,2025-04-04,2025-04-04 08:29:00,AMER,Rates,"Smith, ""Big"" Fund",2025,Q2,105860.53,-38604.72,16,true
104365,2021-11-26,2021-11-26 12:38:00,EMEA,Commodities,O'Brien Holdings,2021,Q4,998839.44,26531.13,192,false
104366,2022-12-14,2022-12-14 11:41:00,APAC,Commodities,O'Brien Holdings,2022,Q4,46123.77,-10596.81,84,true
104367,2023-05-16,2023-05-16 23:25:00,AMER,Rates,O'Brien Holdings,2023,Q2,178413.76,9856.47,355,true
104368,2024-10-13,2024-10-13 18:12:00,EMEA,Rates,O'Brien Holdings,2024,Q4,620756.92,44519.62,147,true
104369,2025-08-10,2025-08-10 13:53:00,APAC,Credit,O'Brien Holdings,2025,Q3,351305.55,81533.65,389,true
104370,2021-08-01,2021-08-01 06:10:00,AMER,Commodities,Alpha Fund,2021,Q3,935322.53,-11752.69,423,true
104371,2022-04-15,2022-04-15 05:13:00,EMEA,Commodities,"Smith, ""Big"" Fund",2022,Q2,14401.83,13453.29,428,true
104372,2023-09-15,2023-09-15 23:12:00,APAC,Equities,"Smith, ""Big"" Fund",2023,Q3,869545.14,-18842.46,269,false
104373,2024-07-19,2024-07-19 16:44:00,AMER,Credit,"Smith, ""Big"" Fund",2024,Q3,762478.78,-17273.94,330,true
104374,2025-10-19,2025-10-19 19:58:00,EMEA,Credit,"Smith, ""Big"" Fund",2025,Q4,468125.49,47264.25,486,true
104375,2021-04-21,2021-04-21 17:49:00,APAC,Credit,Alpha Fund,2021,Q2,836278.65,-75387.62,274,true
104376,2022-03-12,2022-03-12 08:24:00,AMER,FX,"Smith, ""Big"" Fund",2022,Q1,295182.44,54209.32,479,true
104377,2023-12-28,2023-12-28 11:54:00,EMEA,FX,Alpha Fund,2023,Q4,372694.77,89476.42,334,true
104378,2024-08-23,2024-08-23 14:21:00,APAC,Rates,Alpha Fund,2024,Q3,953818.64,4913.20,446,true
104379,2025-11-11,2025-11-11 10:12:00,AMER,Commodities,O'Brien Holdings,2025,Q4,572863.76,56842.01,17,true
104380,2021-07-13,2021-07-13 01:04:00,EMEA,Equities,Beta Fund,2021,Q3,954110.53,-41711.46,328,true
104381,2022-09-17,2022-09-17 21:08:00,APAC,Rates,Alpha Fund,2022,Q3,603506.60,61824.97,393,true
104382,2023-01-02,2023-01-02 16:20:00,AMER,Commodities,Alpha Fund,2023,Q1,731213.50,-66325.06,188,true
104383,2024-02-08,2024-02-08 22:29:00,EMEA,Commodities,Beta Fund,2024,Q1,685840.70,-7120.32,134,true
104384,2025-09-04,2025-09-04 13:19:00,APAC,Commodities,Alpha Fund,2025,Q3,115490.23,-85473.69,347,true
104385,2021-09-04,2021-09-04 23:18:00,AMER,FX,"Smith, ""Big"" Fund",2021,Q3,597508.49,44068.23,55,true
104386,2022-07-11,2022-07-11 12:47:00,EMEA,Rates,"Smith, ""Big"" Fund",2022,Q3,190908.41,-85398.97,443,true
104387,2023-02-08,2023-02-08 05:56:00,APAC,FX,Beta Fund,2023,Q1,830768.75,-53949.72,251,false
104388,2024-03-20,2024-03-20 14:36:00,AMER,Commodities,Beta Fund,2024,Q1,996421.72,48396.51,449,true
104389,2025-09-20,2025-09-20 04:02:00,EMEA,Rates,"Smith, ""Big"" Fund",2025,Q3,232070.20,-84809.50,226,false
104390,2021-09-08,2021-09-08 17:40:00,APAC,Credit,O'Brien Holdings,2021,Q3,442966.06,85474.82,276,true
104391,2022-07-07,2022-07-07 05:57:00,AMER,Commodities,Beta Fund,2022,Q3,627332.00,-67315.73,382,true
104392,2023-02-07,2023-02-07 04:28:00,EMEA,Credit,Beta Fund,2023,Q1,781558.49,-35139.52,365,true
104393,2024-08-20,2024-08-20 13:10:00,APAC,Rates,O'Brien Holdings,2024,Q3,622047.68,-61334.14,394,true
104394,2025-05-17,2025-05-17 13:54:00,AMER,Credit,"Smith, ""Big"" Fund",2025,Q2,574101.97,-17465.30,221,true
104395,2021-12-26,2021-12-26 02:18:00,EMEA,Equities,O'Brien Holdings,2021,Q4,196460.19,-95526.34,429,true
104396,2022-05-24,2022-05-24 17:52:00,APAC,FX,Alpha Fund,2022,Q2,436879.33,71820.79,335,true
104397,2023-05-06,2023-05-06 18:54:00,AMER,Equities,O'Brien Holdings,2023,Q2,457676.61,28777.50,125,true
104398,2024-12-20,2024-12-20 15:06:00,EMEA,Equities,Alpha Fund,2024,Q4,419966.52,75263.90,142,false
104399,2025-12-23,2025-12-23 16:38:00,APAC,Equities,Beta Fund,2025,Q4,13127.86,-57998.27,261,true
104400,2021-11-18,2021-11-18 16:07:00,AMER,Rates,Alpha Fund,2021,Q4,197666.93,1067.95,155,true
104401,2022-05-21,2022-05-21 03:04:00,EMEA,Equities,O'Brien Holdings,2022,Q2,52340.71,80706.37,46,true
104402,2023-09-27,2023-09-27 08:43:00,APAC,Rates,O'Brien Holdings,2023,Q3,82002.67,-97265.95,339,true
104403,2024-06-27,2024-06-27 03:15:00,AMER,Equities,"Smith, ""Big"" Fund",2024,Q2,308056.98,41219.62,193,true
104404,2025-09-17,2025-09-17 05:01:00,EMEA,Commodities,O'Brien Holdings,2025,Q3,104524.74,-92006.50,425,true
104405,2021-04-07,2021-04-07 16:40:00,APAC,FX,"Smith, ""Big"" Fund",2021,Q2,657370.72,69738.14,291,true
104406,2022-05-19,2022-05-19 11:52:00,AMER,Commodities,O'Brien Holdings,2022,Q2,650045.02,5169.85,426,false
104407,2023-08-27,2023-08-27 13:12:00,EMEA,Commodities,"Smith, ""Big"" Fund",2023,Q3,339172.68,69448.09,253,true
104408,2024-12-14,2024-12-14 14:28:00,APAC,Credit,"Smith, ""Big"" Fund",2024,Q4,721224.17,-40779.45,43,true
104409,2025-09-07,2025-09-07 02:47:00,AMER,Commodities,"Smith, ""Big"" Fund",2025,Q3,490154.89,-11115.85,302,true
104410,2021-09-09,2021-09-09 09:30:00,EMEA,Equities,Beta Fund,2021,Q3,52626.20,-32292.26,49,true
104411,2022-06-17,2022-06-17 18:41:00,APAC,Commodities,Beta Fund,2022,Q2,953402.40,42107.51,466,false
104412,2023-08-15,2023-08-15 18:43:00,AMER,Commodities,Alpha Fund,2023,Q3,341140.20,-99737.78,323,true
104413,2024-04-24,2024-04-24 03:34:00,EMEA,Commodities,Beta Fund,2024,Q2,208231.79,51041.15,104,true
104414,2025-11-23,2025-11-23 17:38:00,APAC,Equities,Alpha Fund,2025,Q4,884828.61,59120.37,27,true
104415,2021-07-21,2021-07-21 04:42:00,AMER,FX,O'Brien Holdings,2021,Q3,875974.92,-40720.61,374,true
104416,2022-12-22,2022-12-22 12:19:00,EMEA,Equities,Alpha Fund,2022,Q4,462780.91,-98725.76,484,true
104417,2023-04-03,2023-04-03 06:54:00,APAC,Equities,Alpha Fund,2023,Q2,417742.87,-8445.58,295,true
104418,2024-06-24,2024-06-24 18:13:00,AMER,Equities,"Smith, ""Big"" Fund",2024,Q2,732446.88,-61825.81,16,false
104419,2025-05-12,2025-05-12 02:29:00,EMEA,Equities,"Smith, ""Big"" Fund",2025,Q2,192781.97,-56626.57,229,true
104420,2021-09-19,2021-09-19 09:46:00,APAC,Credit,"Smith, ""Big"" Fund",2021,Q3,633434.71,-52644.28,498,true
104421,2022-06-10,2022-06-10 15:28:00,AMER,Equities,Alpha Fund,2022,Q2,887066.97,-63441.80,129,true
104422,2023-12-12,2023-12-12 21:46:00,EMEA,Equities,Alpha Fund,2023,Q4,300714.29,45044.03,85,true
104423,2024-11-11,2024-11-11 03:22:00,APAC,Equities,"Smith, ""Big"" Fund",2024,Q4,128443.43,82273.96,311,true
104424,2025-11-28,2025-11-28 13:44:00,AMER,Equities,Alpha Fund,2025,Q4,400968.53,-62124.89,400,true
104425,2021-04-10,2021-04-10 21:52:00,EMEA,FX,O'Brien Holdings,2021,Q2,462929.55,52159.04,74,true
104426,2022-06-01,2022-06-01 23:08:00,APAC,Credit,Beta Fund,2022,Q2,396152.20,-64220.10,423,true
104427,2023-09-13,2023-09-13 00:12:00,AMER,Credit,"Smith, ""Big"" Fund",2023,Q3,448300.29,-92784.02,15,true
104428,2024-01-12,2024-01-12 18:20:00,EMEA,FX,Alpha Fund,2024,Q1,749140.82,14900.59,195,true
104429,2025-09-05,2025-09-05 22:06:00,APAC,FX,Alpha Fund,2025,Q3,838477.96,-16694.25,72,true
104430,2021-01-07,2021-01-07 19:02:00,AMER,Equities,Alpha Fund,2021,Q1,578824.74,-33370.29,159,false
104431,2022-12-25,2022-12-25 11:16:00,EMEA,Credit,Alpha Fund,2022,Q4,575599.41,5367.98,1,true
104432,2023-04-01,2023-04-01 05:37:00,APAC,Equities,Alpha Fund,2023,Q2,228677.26,-21331.93,493,true
104433,2024-06-13,2024-06-13 08:34:00,AMER,FX,O'Brien Holdings,2024,Q2,160876.34,42820.28,436,true
104434,2025-09-20,2025-09-20 14:50:00,EMEA,FX,"Smith, ""Big"" Fund",2025,Q3,396328.89,52197.75,475,false
104435,2021-07-18,2021-07-18 20:35:00,APAC,Equities,O'Brien Holdings,2021,Q3,52437.36,52487.81,30,false
104436,2022-01-16,2022-01-16 06:39:00,AMER,Rates,Beta Fund,2022,Q1,932143.59,-64434.58,380,true
104437,2023-08-15,2023-08-15 15:52:00,EMEA,Commodities,Beta Fund,2023,Q3,255259.16,-17384.20,346,true
104438,2024-08-06,2024-08-06 22:06:00,APAC,Commodities,Alpha Fund,2024,Q3,938292.31,-16974.79,449,true
104439,2025-05-09,2025-05-09 12:17:00,AMER,FX,Alpha Fund,2025,Q2,737900.84,40390.59,201,true
104440,2021-02-02,2021-02-02 04:46:00,EMEA,FX,O'Brien Holdings,2021,Q1,361073.95,-21743.35,417,true
104441,2022-10-15,2022-10-15 02:01:00,APAC,Credit,Beta Fund,2022,Q4,234458.23,-94063.13,4,false
104442,2023-04-26,2023-04-26 12:23:00,AMER,Credit,Alpha Fund,2023,Q2,777345.09,17191.21,104,false
104443,2024-12-08,2024-12-08 14:41:00,EMEA,FX,O'Brien Holdings,2024,Q4,127919.21,90422.78,498,false
104444,2025-01-17,2025-01-17 16:38:00,APAC,FX,Alpha Fund,2025,Q1,44519.73,-72316.90,484,true
104445,2021-01-04,2021-01-04 07:57:00,AMER,FX,"Smith, ""Big"" Fund",2021,Q1,462728.84,4525.24,203,true
104446,2022-03-01,2022-03-01 11:57:00,EMEA,Rates,"Smith, ""Big"" Fund",2022,Q1,446528.31,-5619.56,91,true
104447,2023-10-01,2023-10-01 14:21:00,APAC,Rates,Alpha Fund,2023,Q4,582570.27,-76517.98,398,false
104448,2024-03-21,2024-03-21 15:55:00,AMER,Credit,"Smith, ""Big"" Fund",2024,Q1,921127.99,-37852.05,359,false
104449,2025-03-13,2025-03-13 17:18:00,EMEA,FX,Alpha Fund,2025,Q1,275072.71,-13006.68,310,true
104450,2021-12-20,2021-12-20 18:41:00,APAC,Commodities,O'Brien Holdings,2021,Q4,972172.15,12866.65,167,true
104451,2022-12-10,2022-12-10 14:27:00,AMER,Rates,Alpha Fund,2022,Q4,519468.03,-49722.32,70,true
104452,2023-08-06,2023-08-06 14:47:00,EMEA,FX,O'Brien Holdings,2023,Q3,712992.36,-3705.94,432,false
104453,2024-04-20,2024-04-20 22:57:00,APAC,Commodities,"Smith, ""Big"" Fund",2024,Q2,636376.07,-17682.09,50,true
104454,2025-01-12,2025-01-12 14:17:00,AMER,Commodities,Beta Fund,2025,Q1,535385.84,-13377.23,446,true
104455,2021-05-14,2021-05-14 08:10:00,EMEA,Rates,O'Brien Holdings,2021,Q2,246922.56,99828.57,258,true
104456,2022-01-17,2022-01-17 07:32:00,APAC,Commodities,"Smith, ""Big"" Fund",2022,Q1,498365.25,6875.74,410,true
104457,2023-08-18,2023-08-18 01:27:00,AMER,Credit,"Smith, ""Big"" Fund",2023,Q3,224276.65,-15739.97,406,true
104458,2024-09-22,2024-09-22 11:14:00,EMEA,Credit,O'Brien Holdings,2024,Q3,179166.07,-82316.07,269,true
104459,2025-07-04,2025-07-04 17:33:00,APAC,Commodities,"Smith, ""Big"" Fund",2025,Q3,652228.22,-84130.30,228,true
104460,2021-04-18,2021-04-18 23:26:00,AMER,Rates,Beta Fund,2021,Q2,184780.98,10039.72,452,true
104461,2022-01-11,2022-01-11 22:36:00,EMEA,Commodities,Beta Fund,2022,Q1,53906.68,-84971.67,231,true
104462,2023-12-06,2023-12-06 10:32:00,APAC,Rates,Alpha Fund,2023,Q4,859818.63,22172.89,47,true
104463,2024-07-13,2024-07-13 04:01:00,AMER,FX,Beta Fund,2024,Q3,833944.13,42113.19,112,false
104464,2025-04-10,2025-04-10 01:10:00,EMEA,Commodities,O'Brien Holdings,2025,Q2,736156.71,-69804.06,36,true
104465,2021-08-19,2021-08-19 08:51:00,APAC,Commodities,O'Brien Holdings,2021,Q3,296046.31,39701.34,381,false
104466,2022-12-06,2022-12-06 16:43:00,AMER,Commodities,Alpha Fund,2022,Q4,574137.11,-61287.28,88,true
104467,2023-06-24,2023-06-24 13:20:00,EMEA,Credit,Alpha Fund,2023,Q2,398461.16,-28842.88,366,true
104468,2024-01-28,2024-01-28 11:13:00,APAC,Credit,Beta Fund,2024,Q1,409835.78,-85376.73,378,false
104469,2025-07-06,2025-07-06 13:11:00,AMER,Equities,Alpha Fund,2025,Q3,276350.38,31910.59,75,true
104470,2021-10-11,2021-10-11 08:28:00,EMEA,FX,"Smith, ""Big"" Fund",2021,Q4,419725.66,3929.59,281,true
104471,2022-08-07,2022-08-07 02:40:00,APAC,Credit,Alpha Fund,2022,Q3,493627.49,37216.20,342,true
104472,2023-05-13,2023-05-13 18:45:00,AMER,Credit,Alpha Fund,2023,Q2,643749.57,-84969.30,486,true
104473,2024-03-01,2024-03-01 20:39:00,EMEA,Credit,"Smith, ""Big"" Fund",2024,Q1,769380.94,48706.65,221,true
104474,2025-05-21,2025-05-21 21:17:00,APAC,Rates,"Smith, ""Big"" Fund",2025,Q2,830104.72,50018.14,495,true
104475,2021-11-22,2021-11-22 01:17:00,AMER,FX,Alpha Fund,2021,Q4,414411.68,54085.59,86,true
104476,2022-04-17,2022-04-17 08:51:00,EMEA,Credit,Alpha Fund,2022,Q2,394490.52,-65691.45,288,true
104477,2023-01-01,2023-01-01 06:05:00,APAC,FX,Alpha Fund,2023,Q1,858724.73,29640.04,247,true
104478,2024-02-08,2024-02-08 01:15:00,AMER,FX,Beta Fund,2024,Q1,625829.03,-9179.43,47,true
104479,2025-08-09,2025-08-09 14:34:00,EMEA,Equities,"Smith, ""Big"" Fund",2025,Q3,239227.20,43928.88,102,true
104480,2021-01-11,2021-01-11 12:27:00,APAC,FX,"Smith, ""Big"" Fund",2021,Q1,338228.33,66491.91,258,false
104481,2022-07-17,2022-07-17 14:30:00,AMER,FX,O'Brien Holdings,2022,Q3,50684.85,-11896.39,318,false
104482,2023-07-04,2023-07-04 02:13:00,EMEA,Credit,Beta Fund,2023,Q3,27318.79,-57973.65,245,true
104483,2024-01-20,2024-01-20 11:02:00,APAC,Rates,O'Brien Holdings,2024,Q1,771831.50,51074.20,295,true
104484,2025-05-16,2025-05-16 04:49:00,AMER,Rates,"Smith, ""Big"" Fund",2025,Q2,617429.07,71978.94,249,true
104485,2021-11-25,2021-11-25 13:16:00,EMEA,Rates,Alpha Fund,2021,Q4,316546.43,-95817.02,3,false
104486,2022-03-21,2022-03-21 06:48:00,APAC,Credit,Alpha Fund,2022,Q1,632540.84,42407.61,451,true
104487,2023-12-16,2023-12-16 10:01:00,AMER,Credit,Alpha Fund,2023,Q4,677998.92,-68282.33,33,true
104488,2024-04-14,2024-04-14 16:33:00,EMEA,Commodities,Alpha Fund,2024,Q2,278083.51,99203.04,173,false
104489,2025-03-13,2025-03-13 04:42:00,APAC,Rates,"Smith, ""Big"" Fund",2025,Q1,134537.00,86006.15,106,true
104490,2021-08-11,2021-08-11 09:20:00,AMER,Credit,"Smith, ""Big"" Fund",2021,Q3,545241.82,54313.37,304,true
104491,2022-10-03,2022-10-03 21:07:00,EMEA,Commodities,O'Brien Holdings,2022,Q4,249238.01,92034.94,419,true
104492,2023-01-17,2023-01-17 09:17:00,APAC,Commodities,"Smith, ""Big"" Fund",2023,Q1,485716.97,-49284.00,330,true
104493,2024-01-03,2024-01-03 05:49:00,AMER,Commodities,Beta Fund,2024,Q1,696439.14,30739.81,431,true
104494,2025-05-14,2025-05-14 23:25:00,EMEA,Credit,O'Brien Holdings,2025,Q2,952111.76,93671.80,463,true
104495,2021-03-09,2021-03-09 10:47:00,APAC,Commodities,O'Brien Holdings,2021,Q1,832343.41,-46656.76,365,false
104496,2022-09-04,2022-09-04 10:53:00,AMER,Commodities,Beta Fund,2022,Q3,461686.51,15980.96,150,true
104497,2023-10-13,2023-10-13 04:20:00,EMEA,Commodities,O'Brien Holdings,2023,Q4,626254.96,-36813.48,178,true
104498,2024-11-27,2024-11-27 22:38:00,APAC,Commodities,O'Brien Holdings,2024,Q4,438791.08,-430.07,367,true
104499,2025-03-10,2025-03-10 09:46:00,AMER,Rates,O'Brien Holdings,2025,Q1,921255.49,66903.51,382,false
104500,2021-02-08,2021-02-08 02:18:00,EMEA,Equities,O'Brien Holdings,2021,Q1,186825.86,87242.04,22,true
104501,2022-11-22,2022-11-22 16:35:00,APAC,Rates,"Smith, ""Big"" Fund",2022,Q4,115102.66,85826.02,347,true
104502,2023-08-26,2023-08-26 08:43:00,AMER,Rates,O'Brien Holdings,2023,Q3,924819.79,11863.06,258,false
104503,2024-02-27,2024-02-27 00:46:00,EMEA,Commodities,Alpha Fund,2024,Q1,27909.70,79832.25,403,true
104504,2025-10-21,2025-10-21 10:24:00,APAC,Rates,O'Brien Holdings,2025,Q4,817313.22,-16914.79,203,true
104505,2021-02-06,2021-02-06 21:03:00,AMER,Rates,Beta Fund,2021,Q1,706688.25,-63267.31,449,false
104506,2022-07-10,2022-07-10 04:47:00,EMEA,Equities,"Smith, ""Big"" Fund",2022,Q3,973553.62,39404.50,484,true
104507,2023-04-10,2023-04-10 23:17:00,APAC,Rates,Beta Fund,2023,Q2,662397.62,26227.04,333,true
104508,2024-05-08,2024-05-08 12:05:00,AMER,Commodities,"Smith, ""Big"" Fund",2024,Q2,251167.68,75728.40,118,true
104509,2025-08-24,2025-08-24 21:29:00,EMEA,Rates,Beta Fund,2025,Q3,496309.68,43126.00,160,true
104510,2021-05-05,2021-05-05 05:18:00,APAC,FX,O'Brien Holdings,2021,Q2,23658.51,-16956.73,16,true
104511,2022-06-10,2022-06-10 11:38:00,AMER,Commodities,O'Brien Holdings,2022,Q2,934610.79,-66432.09,223,false
104512,2023-12-22,2023-12-22 01:33:00,EMEA,Equities,"Smith, ""Big"" Fund",2023,Q4,905809.58,-5295.29,405,true
104513,2024-07-21,2024-07-21 22:03:00,APAC,FX,O'Brien Holdings,2024,Q3,134999.31,34992.29,14,true
104514,2025-07-27,2025-07-27 19:03:00,AMER,Equities,Alpha Fund,2025,Q3,298030.54,-74050.54,158,true
104515,2021-05-05,2021-05-05 17:19:00,EMEA,Credit,Beta Fund,2021,Q2,261596.58,-16499.94,323,false
104516,2022-01-08,2022-01-08 09:27:00,APAC,FX,"Smith, ""Big"" Fund",2022,Q1,612554.98,22939.61,202,true
104517,2023-12-03,2023-12-03 07:08:00,AMER,Rates,Alpha Fund,2023,Q4,936761.06,-12791.68,346,true
104518,2024-02-26,2024-02-26 08:02:00,EMEA,FX,Beta Fund,2024,Q1,305287.90,3522.03,205,true
104519,2025-05-07,2025-05-07 13:45:00,APAC,Rates,O'Brien Holdings,2025,Q2,647845.53,-89383.85,99,true
104520,2021-09-21,2021-09-21 04:59:00,AMER,Commodities,O'Brien Holdings,2021,Q3,917940.50,28453.86,317,false
104521,2022-12-14,2022-12-14 06:27:00,EMEA,Rates,"Smith, ""Big"" Fund",2022,Q4,808790.74,53105.42,301,true
104522,2023-01-02,2023-01-02 07:27:00,APAC,Rates,"Smith, ""Big"" Fund",2023,Q1,327615.27,78501.72,215,true
104523,2024-03-06,2024-03-06 08:33:00,AMER,Rates,Alpha Fund,2024,Q1,699168.08,-35250.89,455,true
104524,2025-01-17,2025-01-17 08:56:00,EMEA,FX,Beta Fund,2025,Q1,302485.50,63561.30,97,true
104525,2021-05-10,2021-05-10 11:00:00,APAC,Equities,O'Brien Holdings,2021,Q2,582365.72,98708.04,261,false
104526,2022-02-25,2022-02-25 18:15:00,AMER,Credit,Beta Fund,2022,Q1,39132.70,65518.28,91,true
104527,2023-05-24,2023-05-24 08:48:00,EMEA,FX,Beta Fund,2023,Q2,636013.76,-83931.81,115,true
104528,2024-01-17,2024-01-17 21:42:00,APAC,Rates,Alpha Fund,2024,Q1,243117.24,-98812.42,45,true
104529,2025-03-06,2025-03-06 03:23:00,AMER,Equities,Beta Fund,2025,Q1,678586.51,-31237.86,132,true
104530,2021-12-15,2021-12-15 15:00:00,EMEA,Equities,Beta Fund,2021,Q4,513840.06,-62093.12,125,true
104531,2022-07-24,2022-07-24 20:13:00,APAC,Equities,"Smith, ""Big"" Fund",2022,Q3,925824.14,-18356.41,42,true
104532,2023-08-20,2023-08-20 12:48:00,AMER,Commodities,"Smith, ""Big"" Fund",2023,Q3,276971.80,-29736.13,364,true
104533,2024-12-28,2024-12-28 02:23:00,EMEA,Equities,Alpha Fund,2024,Q4,754619.26,-56400.00,317,true
104534,2025-03-24,2025-03-24 11:26:00,APAC,Rates,Alpha Fund,2025,Q1,736541.24,61440.51,237,false
104535,2021-06-18,2021-06-18 20:49:00,AMER,Commodities,Alpha Fund,2021,Q2,250998.05,-89796.34,348,true
104536,2022-12-15,2022-12-15 17:11:00,EMEA,Equities,O'Brien Holdings,2022,Q4,859340.84,50880.92,353,false
104537,2023-05-14,2023-05-14 00:28:00,APAC,Credit,"Smith, ""Big"" Fund",2023,Q2,961950.85,1805.78,64,true
104538,2024-09-15,2024-09-15 10:23:00,AMER,FX,Beta Fund,2024,Q3,503645.50,-34798.86,439,false
104539,2025-08-18,2025-08-18 07:08:00,EMEA,Rates,O'Brien Holdings,2025,Q3,170476.76,-43099.47,183,true
104540,2021-02-10,2021-02-10 12:48:00,APAC,Rates,"Smith, ""Big"" Fund",2021,Q1,184636.48,-39605.80,460,false
104541,2022-05-21,2022-05-21 03:47:00,AMER,Commodities,Alpha Fund,2022,Q2,441220.07,73356.57,97,true
104542,2023-08-28,2023-08-28 00:06:00,EMEA,FX,O'Brien Holdings,2023,Q3,979771.46,69583.24,330,true
104543,2024-06-28,2024-06-28 14:38:00,APAC,Credit,"Smith, ""Big"" Fund",2024,Q2,675025.84,9756.41,158,true
104544,2025-09-18,2025-09-18 03:11:00,AMER,Commodities,O'Brien Holdings,2025,Q3,177053.09,51932.34,317,false
104545,2021-11-06,2021-11-06 21:18:00,EMEA,Credit,Beta Fund,2021,Q4,799294.99,21211.10,165,true
104546,2022-07-02,2022-07-02 19:31:00,APAC,Commodities,Alpha Fund,2022,Q3,286974.85,8017.39,83,true
104547,2023-01-23,2023-01-23 22:14:00,AMER,Commodities,O'Brien Holdings,2023,Q1,34790.06,-81703.62,52,true
104548,2024-03-09,2024-03-09 13:14:00,EMEA,Rates,O'Brien Holdings,2024,Q1,365251.64,21846.59,363,true
104549,2025-10-09,2025-10-09 14:35:00,APAC,Equities,Alpha Fund,2025,Q4,817180.52,11676.83,44,true
104550,2021-07-18,2021-07-18 01:55:00,AMER,FX,"Smith, ""Big"" Fund",2021,Q3,988671.49,59444.20,62,true
104551,2022-10-23,2022-10-23 17:08:00,EMEA,Credit,O'Brien Holdings,2022,Q4,743668.47,-54791.26,151,true
104552,2023-03-03,2023-03-03 18:51:00,APAC,Rates,Alpha Fund,2023,Q1,879370.88,-65419.65,245,false
104553,2024-07-07,2024-07-07 09:58:00,AMER,Rates,Alpha Fund,2024,Q3,247993.09,-68221.45,11,true
104554,2025-03-03,2025-03-03 16:38:00,EMEA,Credit,Alpha Fund,2025,Q1,308127.04,-2674.14,282,true
104555,2021-07-02,2021-07-02 00:46:00,APAC,Equities,Beta Fund,2021,Q3,514639.24,-84676.56,422,true
104556,2022-04-16,2022-04-16 10:32:00,AMER,Equities,Beta Fund,2022,Q2,632403.45,-2778.95,438,false
104557,2023-08-13,2023-08-13 05:20:00,EMEA,FX,O'Brien Holdings,2023,Q3,767149.35,-53513.17,87,true
104558,2024-02-21,2024-02-21 18:16:00,APAC,Credit,Alpha Fund,2024,Q1,24730.09,-27583.48,227,false
104559,2025-01-04,2025-01-04 05:21:00,AMER,Equities,Alpha Fund,2025,Q1,948002.23,81792.63,293,true
104560,2021-10-17,2021-10-17 15:12:00,EMEA,Equities,Alpha Fund,2021,Q4,855527.18,99001.98,46,true
104561,2022-10-09,2022-10-09 13:30:00,APAC,Commodities,"Smith, ""Big"" Fund",2022,Q4,243521.51,-58760.60,299,false
104562,2023-11-08,2023-11-08 14:09:00,AMER,Rates,O'Brien Holdings,2023,Q4,242623.48,18604.89,38,true
104563,2024-11-09,2024-11-09 05:51:00,EMEA,Rates,Alpha Fund,2024,Q4,194401.62,-96028.36,483,true
104564,2025-10-08,2025-10-08 23:11:00,APAC,Rates,"Smith, ""Big"" Fund",2025,Q4,657372.98,69781.49,122,true
104565,2021-11-28,2021-11-28 14:40:00,AMER,Credit,O'Brien Holdings,2021,Q4,161832.48,40671.59,104,true
104566,2022-08-02,2022-08-02 17:05:00,EMEA,Credit,Alpha Fund,2022,Q3,234382.74,-13382.13,399,false
104567,2023-12-02,2023-12-02 11:31:00,APAC,Commodities,O'Brien Holdings,2023,Q4,815593.36,-12256.51,291,true
104568,2024-07-14,2024-07-14 06:40:00,AMER,Rates,Alpha Fund,2024,Q3,34195.82,-45916.99,450,false
104569,2025-06-12,2025-06-12 23:03:00,EMEA,Commodities,"Smith, ""Big"" Fund",2025,Q2,530129.19,-40483.54,208,true
104570,2021-05-02,2021-05-02 02:59:00,APAC,Equities,"Smith, ""Big"" Fund",2021,Q2,881626.49,-66943.07,170,true
104571,2022-04-06,2022-04-06 20:58:00,AMER,Commodities,"Smith, ""Big"" Fund",2022,Q2,912712.23,-63835.67,309,true
104572,2023-11-19,2023-11-19 19:11:00,EMEA,Credit,O'Brien Holdings,2023,Q4,578085.12,33502.87,459,true
104573,2024-12-24,2024-12-24 00:29:00,APAC,Rates,O'Brien Holdings,2024,Q4,772645.83,-10321.95,361,true
104574,2025-12-11,2025-12-11 21:52:00,AMER,Credit,O'Brien Holdings,2025,Q4,844998.60,-79592.96,311,false
104575,2021-11-12,2021-11-12 13:55:00,EMEA,Equities,"Smith, ""Big"" Fund",2021,Q4,281899.70,54440.93,281,true
104576,2022-11-13,2022-11-13 08:22:00,APAC,Rates,Beta Fund,2022,Q4,121322.74,-80061.06,224,true
104577,2023-04-05,2023-04-05 22:47:00,AMER,Equities,Alpha Fund,2023,Q2,246358.09,-62101.78,268,true
104578,2024-11-18,2024-11-18 16:56:00,EMEA,Commodities,O'Brien Holdings,2024,Q4,654353.48,31491.83,75,true
104579,2025-07-13,2025-07-13 22:03:00,APAC,Rates,Alpha Fund,2025,Q3,873920.74,-73322.49,176,true
104580,2021-03-26,2021-03-26 03:12:00,AMER,Credit,"Smith, ""Big"" Fund",2021,Q1,446161.37,45208.49,193,true
104581,2022-11-27,2022-11-27 00:07:00,EMEA,Credit,Alpha Fund,2022,Q4,567844.94,-75750.29,495,true
104582,2023-02-22,2023-02-22 17:03:00,APAC,Commodities,Beta Fund,2023,Q1,116233.58,-74755.83,85,true
104583,2024-05-07,2024-05-07 16:42:00,AMER,Rates,Beta Fund,2024,Q2,264026.26,18997.07,153,false
104584,2025-07-19,2025-07-19 13:48:00,EMEA,Equities,O'Brien Holdings,2025,Q3,145919.15,-90874.85,67,true
104585,2021-09-18,2021-09-18 06:01:00,APAC,Rates,Beta Fund,2021,Q3,876128.84,5562.50,21,true
104586,2022-01-05,2022-01-05 05:12:00,AMER,Equities,Alpha Fund,2022,Q1,416061.46,-58458.12,233,true
104587,2023-03-12,2023-03-12 18:43:00,EMEA,Commodities,"Smith, ""Big"" Fund",2023,Q1,974383.11,13760.75,136,true
104588,2024-02-01,2024-02-01 02:09:00,APAC,Commodities,O'Brien Holdings,2024,Q1,663276.50,52361.94,120,true
104589,2025-10-10,2025-10-10 09:42:00,AMER,Equities,Alpha Fund,2025,Q4,73549.05,-71125.78,116,true
104590,2021-10-27,2021-10-27 12:14:00,EMEA,Rates,Alpha Fund,2021,Q4,431493.53,54688.20,401,true
104591,2022-09-28,2022-09-28 12:19:00,APAC,Rates,O'Brien Holdings,2022,Q3,726375.64,-69638.57,161,true
104592,2023-02-23,2023-02-23 07:14:00,AMER,FX,"Smith, ""Big"" Fund",2023,Q1,141548.68,8672.49,195,false
104593,2024-03-10,2024-03-10 01:04:00,EMEA,Rates,O'Brien Holdings,2024,Q1,307124.76,34453.53,36,true
104594,2025-03-12,2025-03-12 21:01:00,APAC,Equities,Alpha Fund,2025,Q1,730440.79,-12070.14,331,false
104595,2021-03-02,2021-03-02 21:56:00,AMER,Equities,Beta Fund,2021,Q1,87011.04,26022.03,362,true
104596,2022-03-13,2022-03-13 22:24:00,EMEA,Rates,Beta Fund,2022,Q1,75982.95,-90066.85,324,false
104597,2023-11-22,2023-11-22 06:16:00,APAC,Equities,O'Brien Holdings,2023,Q4,123740.57,-60906.59,128,false
104598,2024-08-12,2024-08-12 19:30:00,AMER,Equities,"Smith, ""Big"" Fund",2024,Q3,575389.09,-8664.60,426,true
104599,2025-04-18,2025-04-18 00:36:00,EMEA,Equities,O'Brien Holdings,2025,Q2,271257.33,-85071.46,141,true
104600,2021-03-08,2021-03-08 04:56:00,APAC,Rates,"Smith, ""Big"" Fund",2021,Q1,669246.58,78179.10,475,true
104601,2022-01-11,2022-01-11 08:18:00,AMER,Equities,Alpha Fund,2022,Q1,871515.35,37008.13,412,true
104602,2023-03-25,2023-03-25 02:38:00,EMEA,Commodities,Beta Fund,2023,Q1,934132.37,12362.67,113,true
104603,2024-11-05,2024-11-05 08:11:00,APAC,FX,Alpha Fund,2024,Q4,65276.99,44307.85,91,true
104604,2025-05-07,2025-05-07 04:50:00,AMER,Credit,Beta Fund,2025,Q2,1809.00,-47799.12,448,true
104605,2021-04-05,2021-04-05 04:44:00,EMEA,Equities,O'Brien Holdings,2021,Q2,241252.33,-88273.93,143,true
104606,2022-09-18,2022-09-18 13:32:00,APAC,Credit,O'Brien Holdings,2022,Q3,368181.22,-37998.50,93,false
104607,2023-11-19,2023-11-19 18:44:00,AMER,Commodities,"Smith, ""Big"" Fund",2023,Q4,931709.73,18706.54,296,true
104608,2024-03-02,2024-03-02 06:24:00,EMEA,Rates,Beta Fund,2024,Q1,47256.16,70086.80,322,false
104609,2025-07-03,2025-07-03 07:41:00,APAC,FX,Alpha Fund,2025,Q3,183185.32,-27442.60,427,true
104610,2021-05-14,2021-05-14 15:57:00,AMER,FX,"Smith, ""Big"" Fund",2021,Q2,482714.55,6461.45,316,true
104611,2022-02-26,2022-02-26 08:19:00,EMEA,Commodities,O'Brien Holdings,2022,Q1,607081.95,45270.71,161,true
104612,2023-03-25,2023-03-25 07:58:00,APAC,Rates,"Smith, ""Big"" Fund",2023,Q1,397678.98,-50943.18,358,false
104613,2024-04-21,2024-04-21 13:50:00,AMER,FX,Alpha Fund,2024,Q2,912999.55,-18616.15,62,true
104614,2025-07-03,2025-07-03 05:53:00,EMEA,Commodities,O'Brien Holdings,2025,Q3,749776.61,-41894.98,137,true
104615,2021-10-17,2021-10-17 22:41:00,APAC,Equities,Beta Fund,2021,Q4,292167.67,80134.15,252,true
104616,2022-12-05,2022-12-05 13:15:00,AMER,Rates,"Smith, ""Big"" Fund",2022,Q4,768656.79,-69164.31,47,true
104617,2023-08-04,2023-08-04 13:43:00,EMEA,Credit,Beta Fund,2023,Q3,317509.66,-91986.13,486,true
104618,2024-10-26,2024-10-26 06:53:00,APAC,Rates,Alpha Fund,2024,Q4,22523.15,8228.17,280,true
104619,2025-05-18,2025-05-18 19:25:00,AMER,FX,O'Brien Holdings,2025,Q2,368687.44,2318.48,166,true
104620,2021-09-21,2021-09-21 10:39:00,EMEA,Commodities,O'Brien Holdings,2021,Q3,243423.08,-77759.33,421,true
104621,2022-06-08,2022-06-08 07:00:00,APAC,Commodities,"Smith, ""Big"" Fund",2022,Q2,74435.26,-10872.90,448,true
104622,2023-10-20,2023-10-20 17:58:00,AMER,Rates,Alpha Fund,2023,Q4,340671.15,51179.85,109,false
104623,2024-01-11,2024-01-11 10:09:00,EMEA,Credit,O'Brien Holdings,2024,Q1,689661.94,78797.38,90,false
104624,2025-06-26,2025-06-26 22:56:00,APAC,Rates,"Smith, ""Big"" Fund",2025,Q2,218228.33,52850.70,42,true
104625,2021-02-17,2021-02-17 12:39:00,AMER,FX,O'Brien Holdings,2021,Q1,925209.61,93044.91,448,true
104626,2022-09-10,2022-09-10 02:50:00,EMEA,Rates,"Smith, ""Big"" Fund",2022,Q3,629176.94,-85275.08,397,true
104627,2023-03-20,2023-03-20 05:54:00,APAC,FX,"Smith, ""Big"" Fund",2023,Q1,377463.21,53428.23,481,true
104628,2024-05-05,2024-05-05 02:31:00,AMER,Equities,Alpha Fund,2024,Q2,410969.45,5936.28,399,true
104629,2025-03-01,2025-03-01 03:34:00,EMEA,Credit,Alpha Fund,2025,Q1,744231.69,-71903.12,196,true
104630,2021-07-17,2021-07-17 15:45:00,APAC,FX,Alpha Fund,2021,Q3,673601.73,-46708.42,68,true
104631,2022-09-13,2022-09-13 13:58:00,AMER,Equities,O'Brien Holdings,2022,Q3,639728.13,57694.57,479,false
104632,2023-05-18,2023-05-18 08:50:00,EMEA,FX,O'Brien Holdings,2023,Q2,537993.74,-36009.34,389,true
104633,2024-10-27,2024-10-27 23:13:00,APAC,Equities,"Smith, ""Big"" Fund",2024,Q4,245060.31,-79829.64,329,true
104634,2025-01-28,2025-01-28 22:54:00,AMER,Rates,O'Brien Holdings,2025,Q1,214091.96,19704.69,220,true
104635,2021-05-03,2021-05-03 16:05:00,EMEA,Credit,O'Brien Holdings,2021,Q2,123511.38,-67514.98,118,true
104636,2022-03-12,2022-03-12 14:37:00,APAC,Rates,Beta Fund,2022,Q1,938033.37,-91076.43,484,true
104637,2023-07-04,2023-07-04 00:01:00,AMER,Commodities,O'Brien Holdings,2023,Q3,829443.90,82164.57,170,false
104638,2024-12-07,2024-12-07 00:35:00,EMEA,Commodities,Beta Fund,2024,Q4,569039.62,-65182.18,121,true
104639,2025-02-20,2025-02-20 11:03:00,APAC,Rates,O'Brien Holdings,2025,Q1,31979.02,73210.84,297,true
104640,2021-03-20,2021-03-20 17:35:00,AMER,Commodities,Beta Fund,2021,Q1,759271.64,37031.82,263,true
104641,2022-01-10,2022-01-10 00:03:00,EMEA,Credit,Alpha Fund,2022,Q1,890764.99,28067.13,364,false
104642,2023-07-18,2023-07-18 13:31:00,APAC,Commodities,O'Brien Holdings,2023,Q3,366821.33,-68632.71,442,false
104643,2024-12-16,2024-12-16 03:35:00,AMER,FX,Alpha Fund,2024,Q4,724634.21,4171.87,174,true
104644,2025-03-26,2025-03-26 00:47:00,EMEA,FX,Beta Fund,2025,Q1,585910.19,-52156.44,55,true
104645,2021-09-27,2021-09-27 12:37:00,APAC,FX,Alpha Fund,2021,Q3,749504.79,-14789.49,392,true
104646,2022-08-18,2022-08-18 07:49:00,AMER,Equities,"Smith, ""Big"" Fund",2022,Q3,58652.01,41813.50,261,false
104647,2023-10-14,2023-10-14 01:38:00,EMEA,Rates,Beta Fund,2023,Q4,502922.52,-33207.99,453,true
104648,2024-05-10,2024-05-10 11:45:00,APAC,Equities,Beta Fund,2024,Q2,317913.79,51127.56,225,true
104649,2025-04-12,2025-04-12 14:02:00,AMER,Rates,Beta Fund,2025,Q2,223398.91,-20828.78,41,true
104650,2021-07-02,2021-07-02 20:16:00,EMEA,Rates,O'Brien Holdings,2021,Q3,97833.15,67200.62,253,true
104651,2022-09-16,2022-09-16 00:56:00,APAC,Equities,Alpha Fund,2022,Q3,75859.94,-74543.49,116,true
104652,2023-07-03,2023-07-03 14:27:00,AMER,Rates,Beta Fund,2023,Q3,91185.49,53853.82,302,true
104653,2024-08-17,2024-08-17 21:33:00,EMEA,Commodities,Beta Fund,2024,Q3,367764.26,55286.74,473,true
104654,2025-01-26,2025-01-26 11:33:00,APAC,Credit,"Smith, ""Big"" Fund",2025,Q1,633093.51,5372.19,364,true
104655,2021-09-23,2021-09-23 18:46:00,AMER,Rates,O'Brien Holdings,2021,Q3,930428.68,-82622.43,396,true
104656,2022-11-24,2022-11-24 12:16:00,EMEA,Equities,Alpha Fund,2022,Q4,481550.92,-60933.50,330,true
104657,2023-05-03,2023-05-03 08:02:00,APAC,FX,Alpha Fund,2023,Q2,617962.61,-75165.33,197,true
104658,2024-07-07,2024-07-07 10:07:00,AMER,Credit,Alpha Fund,2024,Q3,388460.78,-16557.02,441,true
104659,2025-04-09,2025-04-09 17:10:00,EMEA,Rates,"Smith, ""Big"" Fund",2025,Q2,859126.26,-89020.00,52,true
104660,2021-10-06,2021-10-06 18:04:00,APAC,Commodities,O'Brien Holdings,2021,Q4,378513.97,52264.26,321,true
104661,2022-06-10,2022-06-10 06:45:00,AMER,Credit,Alpha Fund,2022,Q2,863637.69,-49452.55,161,true
104662,2023-12-10,2023-12-10 20:03:00,EMEA,FX,O'Brien Holdings,2023,Q4,377069.57,98457.95,3,true
104663,2024-03-01,2024-03-01 03:35:00,APAC,FX,Beta Fund,2024,Q1,372565.78,99217.30,35,true
104664,2025-05-10,2025-05-10 13:18:00,AMER,Equities,Alpha Fund,2025,Q2,118201.22,-32717.60,141,true
104665,2021-01-25,2021-01-25 05:39:00,EMEA,Commodities,Beta Fund,2021,Q1,706712.38,26576.40,255,true
104666,2022-02-08,2022-02-08 05:41:00,APAC,FX,Alpha Fund,2022,Q1,784794.50,16393.59,224,true
104667,2023-08-17,2023-08-17 23:57:00,AMER,Credit,Beta Fund,2023,Q3,119124.20,32938.84,356,true
104668,2024-12-01,2024-12-01 20:19:00,EMEA,Equities,Beta Fund,2024,Q4,660726.06,-23891.45,218,true
104669,2025-01-09,2025-01-09 15:18:00,APAC,Commodities,Beta Fund,2025,Q1,402618.34,17620.93,102,false
104670,2021-10-09,2021-10-09 06:06:00,AMER,Credit,Alpha Fund,2021,Q4,625813.26,-8441.53,492,true
104671,2022-12-06,2022-12-06 11:12:00,EMEA,Rates,"Smith, ""Big"" Fund",2022,Q4,636791.85,-29656.15,154,true
104672,2023-03-18,2023-03-18 03:42:00,APAC,Equities,O'Brien Holdings,2023,Q1,424668.67,24480.90,251,true
104673,2024-04-22,2024-04-22 05:49:00,AMER,FX,Beta Fund,2024,Q2,789177.24,13875.22,425,false
104674,2025-10-22,2025-10-22 12:49:00,EMEA,Credit,Beta Fund,2025,Q4,106285.87,-43513.80,267,false
104675,2021-02-22,2021-02-22 10:58:00,APAC,Rates,O'Brien Holdings,2021,Q1,497321.08,98671.54,309,true
104676,2022-07-25,2022-07-25 06:47:00,AMER,FX,O'Brien Holdings,2022,Q3,114157.70,-73589.33,14,false
104677,2023-05-07,2023-05-07 14:03:00,EMEA,Credit,Beta Fund,2023,Q2,37861.31,-72699.21,206,true
104678,2024-10-22,2024-10-22 03:29:00,APAC,FX,Alpha Fund,2024,Q4,287250.60,-41112.47,8,true
104679,2025-06-17,2025-06-17 00:50:00,AMER,Credit,Beta Fund,2025,Q2,565731.01,-46921.99,4,false
104680,2021-07-02,2021-07-02 11:56:00,EMEA,Commodities,O'Brien Holdings,2021,Q3,300097.70,74366.78,279,true
104681,2022-02-28,2022-02-28 03:05:00,APAC,Equities,O'Brien Holdings,2022,Q1,192994.71,74429.13,239,true
104682,2023-06-28,2023-06-28 07:59:00,AMER,Equities,O'Brien Holdings,2023,Q2,918985.99,-25931.65,396,false
104683,2024-07-28,2024-07-28 09:30:00,EMEA,Commodities,Beta Fund,2024,Q3,607635.55,66975.02,277,true
104684,2025-01-06,2025-01-06 16:07:00,APAC,Equities,O'Brien Holdings,2025,Q1,947531.57,-91456.83,316,true
104685,2021-05-01,2021-05-01 18:34:00,AMER,FX,Alpha Fund,2021,Q2,717054.39,-28826.90,487,false
104686,2022-08-15,2022-08-15 15:44:00,EMEA,Equities,"Smith, ""Big"" Fund",2022,Q3,868603.65,-13973.66,130,true
104687,2023-01-01,2023-01-01 15:55:00,APAC,Rates,O'Brien Holdings,2023,Q1,196560.01,79825.76,415,true
104688,2024-10-17,2024-10-17 10:51:00,AMER,Equities,Beta Fund,2024,Q4,162772.88,-5892.80,168,true
104689,2025-12-24,2025-12-24 09:02:00,EMEA,Commodities,"Smith, ""Big"" Fund",2025,Q4,236331.55,92136.95,176,true
104690,2021-10-18,2021-10-18 04:05:00,APAC,Rates,Alpha Fund,2021,Q4,118425.13,-24751.94,132,true
104691,2022-05-09,2022-05-09 21:51:00,AMER,Equities,"Smith, ""Big"" Fund",2022,Q2,785345.10,60299.49,361,true
104692,2023-01-20,2023-01-20 00:06:00,EMEA,Equities,O'Brien Holdings,2023,Q1,291480.39,7683.99,84,true
104693,2024-07-23,2024-07-23 11:54:00,APAC,Rates,O'Brien Holdings,2024,Q3,352845.50,-97580.52,336,true
104694,2025-04-16,2025-04-16 22:58:00,AMER,Commodities,Beta Fund,2025,Q2,750445.98,-3392.58,410,true
104695,2021-03-19,2021-03-19 09:01:00,EMEA,Credit,Beta Fund,2021,Q1,658089.25,82113.23,94,true
104696,2022-02-09,2022-02-09 16:09:00,APAC,Commodities,Alpha Fund,2022,Q1,993895.98,-91315.45,40,false
104697,2023-10-28,2023-10-28 11:27:00,AMER,Equities,Beta Fund,2023,Q4,284900.85,-28028.63,189,true
104698,2024-12-11,2024-12-11 04:34:00,EMEA,Credit,O'Brien Holdings,2024,Q4,356559.51,18519.50,3,true
104699,2025-03-12,2025-03-12 01:27:00,APAC,Commodities,Beta Fund,2025,Q1,521090.51,-40532.94,202,true
104700,2021-05-09,2021-05-09 14:59:00,AMER,Equities,"Smith, ""Big"" Fund",2021,Q2,495654.49,39394.24,283,true
104701,2022-04-13,2022-04-13 11:09:00,EMEA,Credit,"Smith, ""Big"" Fund",2022,Q2,533797.16,40457.31,130,true
104702,2023-09-07,2023-09-07 20:26:00,APAC,FX,O'Brien Holdings,2023,Q3,142827.19,-53311.72,113,true
104703,2024-09-14,2024-09-14 00:39:00,AMER,FX,Alpha Fund,2024,Q3,523578.30,44871.39,165,true
104704,2025-03-25,2025-03-25 09:45:00,EMEA,FX,"Smith, ""Big"" Fund",2025,Q1,101494.04,61602.92,122,true
104705,2021-01-22,2021-01-22 19:34:00,APAC,Commodities,Beta Fund,2021,Q1,900436.29,3917.89,96,true
104706,2022-12-24,2022-12-24 08:48:00,AMER,Commodities,O'Brien Holdings,2022,Q4,620537.36,14348.61,392,true
104707,2023-03-18,2023-03-18 01:42:00,EMEA,FX,Beta Fund,2023,Q1,802112.51,-88675.06,167,true
104708,2024-03-14,2024-03-14 00:54:00,APAC,Credit,O'Brien Holdings,2024,Q1,455443.06,-55729.82,176,true
104709,2025-01-17,2025-01-17 06:30:00,AMER,FX,Beta Fund,2025,Q1,72230.86,68979.96,44,true
104710,2021-09-25,2021-09-25 13:32:00,EMEA,Rates,O'Brien Holdings,2021,Q3,318068.19,-14452.22,286,true
104711,2022-07-19,2022-07-19 15:10:00,APAC,Credit,Beta Fund,2022,Q3,717114.49,11901.61,444,false
104712,2023-12-17,2023-12-17 13:01:00,AMER,Rates,O'Brien Holdings,2023,Q4,408368.19,90675.64,263,false
104713,2024-09-07,2024-09-07 01:59:00,EMEA,Commodities,"Smith, ""Big"" Fund",2024,Q3,668566.59,53311.58,383,true
104714,2025-06-22,2025-06-22 21:06:00,APAC,Commodities,O'Brien Holdings,2025,Q2,756411.73,88915.62,324,true
104715,2021-07-16,2021-07-16 00:37:00,AMER,Rates,O'Brien Holdings,2021,Q3,793587.56,-24657.80,293,true
104716,2022-02-17,2022-02-17 19:49:00,EMEA,Commodities,Alpha Fund,2022,Q1,378111.13,-43043.84,80,true
104717,2023-02-18,2023-02-18 13:13:00,APAC,FX,Beta Fund,2023,Q1,336058.72,-1919.29,241,true
104718,2024-01-21,2024-01-21 10:46:00,AMER,Commodities,"Smith, ""Big"" Fund",2024,Q1,784530.19,78772.10,473,false
104719,2025-07-12,2025-07-12 16:01:00,EMEA,Equities,O'Brien Holdings,2025,Q3,806874.13,80604.06,408,false
104720,2021-09-09,2021-09-09 07:13:00,APAC,Rates,Beta Fund,2021,Q3,283590.82,-79317.20,131,false
104721,2022-09-12,2022-09-12 12:16:00,AMER,Commodities,"Smith, ""Big"" Fund",2022,Q3,483798.46,91331.19,445,false
104722,2023-06-01,2023-06-01 21:55:00,EMEA,Rates,Beta Fund,2023,Q2,748835.89,-96711.28,58,true
104723,2024-08-15,2024-08-15 21:12:00,APAC,Equities,O'Brien Holdings,2024,Q3,644117.86,-85454.64,117,true
104724,2025-11-08,2025-11-08 14:32:00,AMER,Credit,"Smith, ""Big"" Fund",2025,Q4,598472.39,-91790.94,299,false
104725,2021-09-08,2021-09-08 06:04:00,EMEA,Rates,Beta Fund,2021,Q3,128333.87,-15689.03,389,true
104726,2022-01-25,2022-01-25 03:39:00,APAC,Credit,O'Brien Holdings,2022,Q1,900514.18,-90436.02,297,true
104727,2023-06-24,2023-06-24 23:47:00,AMER,Credit,Beta Fund,2023,Q2,264302.51,-10260.19,136,false
104728,2024-07-27,2024-07-27 12:45:00,EMEA,Credit,O'Brien Holdings,2024,Q3,26773.82,-8648.78,310,false
104729,2025-01-19,2025-01-19 12:08:00,APAC,FX,"Smith, ""Big"" Fund",2025,Q1,188019.20,-5225.83,88,true
104730,2021-04-21,2021-04-21 07:25:00,AMER,FX,"Smith, ""Big"" Fund",2021,Q2,556544.48,-30704.06,240,false
104731,2022-02-28,2022-02-28 21:01:00,EMEA,Rates,"Smith, ""Big"" Fund",2022,Q1,95787.62,-88813.29,100,true
104732,2023-02-12,2023-02-12 13:38:00,APAC,Equities,O'Brien Holdings,2023,Q1,823515.28,10053.46,315,true
104733,2024-12-15,2024-12-15 11:29:00,AMER,Equities,"Smith, ""Big"" Fund",2024,Q4,463504.04,-50379.18,461,true
104734,2025-10-04,2025-10-04 19:59:00,EMEA,Credit,O'Brien Holdings,2025,Q4,744432.48,11836.47,469,false
104735,2021-02-24,2021-02-24 05:18:00,APAC,Credit,"Smith, ""Big"" Fund",2021,Q1,442899.61,7881.41,442,true
104736,2022-07-24,2022-07-24 10:19:00,AMER,Rates,Beta Fund,2022,Q3,234969.80,5925.30,442,true
104737,2023-10-18,2023-10-18 21:48:00,EMEA,Equities,Alpha Fund,2023,Q4,299974.56,-91686.31,39,true
104738,2024-11-18,2024-11-18 23:21:00,APAC,Commodities,O'Brien Holdings,2024,Q4,916228.46,64816.13,190,true
104739,2025-09-10,2025-09-10 23:06:00,AMER,Credit,"Smith, ""Big"" Fund",2025,Q3,825740.24,-32274.68,363,true
104740,2021-09-17,2021-09-17 05:07:00,EMEA,FX,O'Brien Holdings,2021,Q3,789986.12,-17923.71,121,true
104741,2022-03-21,2022-03-21 01:45:00,APAC,Commodities,O'Brien Holdings,2022,Q1,138964.89,-34225.63,311,true
104742,2023-08-13,2023-08-13 18:32:00,AMER,FX,Beta Fund,2023,Q3,969225.76,54275.90,487,true
104743,2024-11-09,2024-11-09 11:31:00,EMEA,FX,O'Brien Holdings,2024,Q4,736561.40,-97856.57,289,true
104744,2025-08-15,2025-08-15 19:09:00,APAC,Commodities,O'Brien Holdings,2025,Q3,503112.95,-23370.94,196,true
104745,2021-01-22,2021-01-22 16:49:00,AMER,Rates,O'Brien Holdings,2021,Q1,431504.11,-49367.41,304,true
104746,2022-11-28,2022-11-28 15:15:00,EMEA,Rates,"Smith, ""Big"" Fund",2022,Q4,215608.42,51533.95,405,false
104747,2023-02-22,2023-02-22 11:55:00,APAC,Credit,"Smith, ""Big"" Fund",2023,Q1,185705.09,73400.93,163,false
104748,2024-12-20,2024-12-20 23:19:00,AMER,Credit,Alpha Fund,2024,Q4,762641.89,11824.48,463,true
104749,2025-06-26,2025-06-26 16:37:00,EMEA,Equities,O'Brien Holdings,2025,Q2,377177.81,89758.71,125,true
104750,2021-06-28,2021-06-28 09:14:00,APAC,Commodities,Alpha Fund,2021,Q2,502446.49,-14622.05,79,true
104751,2022-11-04,2022-11-04 23:40:00,AMER,FX,O'Brien Holdings,2022,Q4,46030.70,16749.60,179,true
104752,2023-02-14,2023-02-14 11:15:00,EMEA,Credit,Beta Fund,2023,Q1,919345.41,90525.19,251,false
104753,2024-10-26,2024-10-26 14:45:00,APAC,FX,Alpha Fund,2024,Q4,472411.29,-65513.56,131,true
104754,2025-09-10,2025-09-10 02:22:00,AMER,Equities,Beta Fund,2025,Q3,424481.16,-61956.99,142,true
104755,2021-07-09,2021-07-09 01:33:00,EMEA,FX,Alpha Fund,2021,Q3,221550.81,69153.62,205,false
104756,2022-11-06,2022-11-06 05:57:00,APAC,Commodities,Alpha Fund,2022,Q4,690436.63,-5449.47,290,false
104757,2023-01-24,2023-01-24 00:28:00,AMER,Commodities,O'Brien Holdings,2023,Q1,907100.21,-78402.77,381,true
104758,2024-11-15,2024-11-15 15:46:00,EMEA,Equities,Beta Fund,2024,Q4,607596.99,99072.01,118,false
104759,2025-06-13,2025-06-13 20:41:00,APAC,Credit,O'Brien Holdings,2025,Q2,865447.69,-14660.72,334,true
104760,2021-06-15,2021-06-15 22:35:00,AMER,Credit,Alpha Fund,2021,Q2,21735.31,-55344.25,275,true
104761,2022-03-18,2022-03-18 17:40:00,EMEA,Equities,Alpha Fund,2022,Q1,184512.37,82996.02,314,false
104762,2023-12-20,2023-12-20 01:13:00,APAC,Commodities,Beta Fund,2023,Q4,950414.71,40818.12,393,false
104763,2024-04-09,2024-04-09 09:20:00,AMER,Rates,O'Brien Holdings,2024,Q2,73795.65,-37622.28,101,true
104764,2025-03-08,2025-03-08 09:46:00,EMEA,Rates,O'Brien Holdings,2025,Q1,210800.71,-99563.72,93,true
104765,2021-04-23,2021-04-23 13:25:00,APAC,Rates,O'Brien Holdings,2021,Q2,65505.45,-86109.73,47,true
104766,2022-10-03,2022-10-03 18:33:00,AMER,Commodities,Beta Fund,2022,Q4,583841.13,-91127.72,108,true
104767,2023-09-27,2023-09-27 06:29:00,EMEA,Commodities,Beta Fund,2023,Q3,85488.02,7936.13,287,true
104768,2024-02-27,2024-02-27 12:46:00,APAC,Credit,O'Brien Holdings,2024,Q1,190483.27,54417.64,268,true
104769,2025-03-19,2025-03-19 06:43:00,AMER,Equities,Beta Fund,2025,Q1,904868.84,-43429.18,196,true
104770,2021-04-23,2021-04-23 18:41:00,EMEA,Credit,O'Brien Holdings,2021,Q2,754100.46,-93920.47,185,true
104771,2022-02-22,2022-02-22 06:17:00,APAC,Commodities,O'Brien Holdings,2022,Q1,797671.86,-22644.75,37,true
104772,2023-08-11,2023-08-11 19:22:00,AMER,Commodities,O'Brien Holdings,2023,Q3,305952.38,97141.62,488,true
104773,2024-02-06,2024-02-06 09:32:00,EMEA,FX,Alpha Fund,2024,Q1,532080.31,-38860.53,297,true
104774,2025-05-28,2025-05-28 01:24:00,APAC,Rates,O'Brien Holdings,2025,Q2,794240.51,48924.13,278,true
104775,2021-06-23,2021-06-23 20:22:00,AMER,Equities,"Smith, ""Big"" Fund",2021,Q2,346099.89,-9878.96,369,true
104776,2022-01-12,2022-01-12 09:28:00,EMEA,FX,Beta Fund,2022,Q1,959051.45,-69295.93,101,true
104777,2023-05-25,2023-05-25 07:50:00,APAC,Rates,"Smith, ""Big"" Fund",2023,Q2,118557.26,42095.83,261,true
104778,2024-04-10,2024-04-10 19:47:00,AMER,Credit,Alpha Fund,2024,Q2,318604.28,24022.75,161,true
104779,2025-10-21,2025-10-21 05:19:00,EMEA,Credit,O'Brien Holdings,2025,Q4,599454.76,-16988.44,66,true
104780,2021-01-25,2021-01-25 11:30:00,APAC,Equities,"Smith, ""Big"" Fund",2021,Q1,515938.04,-42176.73,236,true
104781,2022-12-02,2022-12-02 14:18:00,AMER,FX,"Smith, ""Big"" Fund",2022,Q4,70851.04,63586.10,257,true
104782,2023-06-03,2023-06-03 19:31:00,EMEA,Credit,Alpha Fund,2023,Q2,201327.59,20462.54,426,true
104783,2024-04-07,2024-04-07 11:40:00,APAC,Equities,"Smith, ""Big"" Fund",2024,Q2,943799.32,-76047.48,355,true
104784,2025-04-21,2025-04-21 13:24:00,AMER,Credit,Beta Fund,2025,Q2,626117.07,81644.26,280,true
104785,2021-06-17,2021-06-17 08:21:00,EMEA,Equities,Beta Fund,2021,Q2,848989.70,57004.25,85,true
104786,2022-07-17,2022-07-17 05:53:00,APAC,Credit,Beta Fund,2022,Q3,938676.99,-54298.17,440,true
104787,2023-10-27,2023-10-27 10:36:00,AMER,FX,O'Brien Holdings,2023,Q4,565106.69,68198.09,248,true
104788,2024-11-25,2024-11-25 14:21:00,EMEA,Commodities,"Smith, ""Big"" Fund",2024,Q4,458890.92,-76689.91,386,true
104789,2025-06-13,2025-06-13 08:29:00,APAC,Equities,O'Brien Holdings,2025,Q2,176847.79,-55797.60,304,true
104790,2021-11-22,2021-11-22 09:02:00,AMER,Equities,"Smith, ""Big"" Fund",2021,Q4,443914.41,-43568.94,438,true
104791,2022-05-20,2022-05-20 15:37:00,EMEA,Commodities,O'Brien Holdings,2022,Q2,835917.77,-5230.88,368,false
104792,2023-06-01,2023-06-01 15:34:00,APAC,Credit,Alpha Fund,2023,Q2,708590.05,-25059.44,15,false
104793,2024-11-10,2024-11-10 22:04:00,AMER,FX,Alpha Fund,2024,Q4,318879.14,-29299.39,110,false
104794,2025-02-17,2025-02-17 02:57:00,EMEA,Credit,O'Brien Holdings,2025,Q1,430976.91,-66736.10,471,true
104795,2021-06-03,2021-06-03 14:34:00,APAC,Rates,Beta Fund,2021,Q2,695597.99,98202.44,50,false
104796,2022-01-09,2022-01-09 14:45:00,AMER,Commodities,Beta Fund,2022,Q1,511145.39,-17860.44,270,true
104797,2023-11-04,2023-11-04 12:35:00,EMEA,Rates,Alpha Fund,2023,Q4,805989.97,-63937.56,281,true
104798,2024-08-06,2024-08-06 05:16:00,APAC,Credit,O'Brien Holdings,2024,Q3,656980.41,62332.18,321,true
104799,2025-04-12,2025-04-12 12:09:00,AMER,Credit,O'Brien Holdings,2025,Q2,472715.74,-6514.58,358,true
104800,2021-07-05,2021-07-05 10:17:00,EMEA,FX,Beta Fund,2021,Q3,89795.54,-58958.35,479,true
104801,2022-09-26,2022-09-26 12:09:00,APAC,Rates,O'Brien Holdings,2022,Q3,560297.15,-831.85,19,true
104802,2023-03-08,2023-03-08 02:32:00,AMER,Equities,"Smith, ""Big"" Fund",2023,Q1,496077.13,-26223.19,118,true
104803,2024-03-20,2024-03-20 11:23:00,EMEA,Rates,"Smith, ""Big"" Fund",2024,Q1,135081.58,-71177.34,39,true
104804,2025-10-23,2025-10-23 17:36:00,APAC,Credit,Beta Fund,2025,Q4,869030.88,66758.90,410,true
104805,2021-02-16,2021-02-16 02:33:00,AMER,Credit,Alpha Fund,2021,Q1,889986.38,88846.27,45,true
104806,2022-04-16,2022-04-16 23:23:00,EMEA,Credit,Alpha Fund,2022,Q2,976931.89,-79188.75,76,false
104807,2023-09-28,2023-09-28 10:13:00,APAC,Rates,"Smith, ""Big"" Fund",2023,Q3,143932.04,18269.25,290,true
104808,2024-07-02,2024-07-02 14:32:00,AMER,Commodities,"Smith, ""Big"" Fund",2024,Q3,659244.20,12039.74,128,false
104809,2025-02-21,2025-02-21 11:29:00,EMEA,FX,Alpha Fund,2025,Q1,44664.16,30762.45,212,true
104810,2021-12-27,2021-12-27 09:22:00,APAC,Rates,Alpha Fund,2021,Q4,682775.51,-22083.99,329,false
104811,2022-02-23,2022-02-23 17:26:00,AMER,Equities,Alpha Fund,2022,Q1,628835.42,-39404.31,107,true
104812,2023-05-13,2023-05-13 01:35:00,EMEA,Equities,Beta Fund,2023,Q2,595981.87,-82950.61,409,true
104813,2024-07-13,2024-07-13 22:56:00,APAC,Credit,Beta Fund,2024,Q3,415859.11,-75216.62,27,false
104814,2025-12-20,2025-12-20 02:58:00,AMER,Equities,O'Brien Holdings,2025,Q4,115064.58,-42757.02,228,true
104815,2021-10-10,2021-10-10 03:10:00,EMEA,Equities,Beta Fund,2021,Q4,192172.97,6774.66,122,true
104816,2022-09-09,2022-09-09 14:26:00,APAC,Rates,Beta Fund,2022,Q3,81461.68,94281.11,453,false
104817,2023-05-19,2023-05-19 15:31:00,AMER,Commodities,O'Brien Holdings,2023,Q2,892605.47,5137.50,357,true
104818,2024-03-06,2024-03-06 19:10:00,EMEA,Rates,"Smith, ""Big"" Fund",2024,Q1,322400.26,49643.27,95,true
104819,2025-11-13,2025-11-13 06:01:00,APAC,FX,O'Brien Holdings,2025,Q4,360742.45,-55965.52,322,true
104820,2021-10-13,2021-10-13 11:19:00,AMER,FX,Beta Fund,2021,Q4,853300.94,-53738.12,136,true
104821,2022-12-07,2022-12-07 17:15:00,EMEA,FX,O'Brien Holdings,2022,Q4,109058.15,93146.48,495,false
104822,2023-02-08,2023-02-08 12:07:00,APAC,Credit,O'Brien Holdings,2023,Q1,543811.22,33152.26,73,true
104823,2024-02-04,2024-02-04 10:55:00,AMER,Rates,Alpha Fund,2024,Q1,477625.73,-29277.61,456,false
104824,2025-04-05,2025-04-05 10:05:00,EMEA,Commodities,Alpha Fund,2025,Q2,210533.67,74705.43,482,true
104825,2021-12-03,2021-12-03 04:12:00,APAC,Commodities,"Smith, ""Big"" Fund",2021,Q4,592889.66,17403.77,4,true
104826,2022-10-04,2022-10-04 21:37:00,AMER,Rates,Alpha Fund,2022,Q4,902224.93,-49279.04,469,false
104827,2023-09-27,2023-09-27 02:54:00,EMEA,Rates,Beta Fund,2023,Q3,764177.46,82128.44,406,true
104828,2024-02-24,2024-02-24 14:26:00,APAC,Commodities,Beta Fund,2024,Q1,549747.93,51690.11,88,false
104829,2025-12-22,2025-12-22 01:34:00,AMER,Rates,Alpha Fund,2025,Q4,746386.30,67879.28,97,true
104830,2021-07-25,2021-07-25 16:38:00,EMEA,Commodities,O'Brien Holdings,2021,Q3,713566.54,58807.73,474,false
104831,2022-02-17,2022-02-17 06:37:00,APAC,Commodities,Alpha Fund,2022,Q1,485455.62,78077.15,483,true
104832,2023-05-27,2023-05-27 16:46:00,AMER,Rates,Alpha Fund,2023,Q2,691498.33,38928.52,264,true
104833,2024-06-10,2024-06-10 13:49:00,EMEA,FX,O'Brien Holdings,2024,Q2,841165.36,-84034.90,437,true
104834,2025-11-18,2025-11-18 18:05:00,APAC,FX,Alpha Fund,2025,Q4,301875.47,-57007.69,409,true
104835,2021-02-15,2021-02-15 13:16:00,AMER,Rates,Alpha Fund,2021,Q1,609932.03,33445.92,389,true
104836,2022-05-04,2022-05-04 08:12:00,EMEA,FX,Alpha Fund,2022,Q2,449909.90,40581.05,210,true
104837,2023-03-07,2023-03-07 21:04:00,APAC,Commodities,"Smith, ""Big"" Fund",2023,Q1,358217.38,49829.46,263,true
104838,2024-12-05,2024-12-05 22:10:00,AMER,Credit,Alpha Fund,2024,Q4,605738.13,26665.32,430,true
104839,2025-06-22,2025-06-22 16:48:00,EMEA,Credit,"Smith, ""Big"" Fund",2025,Q2,253145.75,-54986.05,261,true
104840,2021-06-21,2021-06-21 06:28:00,APAC,Rates,Alpha Fund,2021,Q2,682584.36,-81121.16,305,false
104841,2022-03-09,2022-03-09 15:26:00,AMER,FX,O'Brien Holdings,2022,Q1,263723.25,56725.80,311,false
104842,2023-09-03,2023-09-03 06:57:00,EMEA,Equities,Beta Fund,2023,Q3,424695.37,30003.83,112,false
104843,2024-10-05,2024-10-05 00:44:00,APAC,Credit,Alpha Fund,2024,Q4,837955.15,91940.45,19,true
104844,2025-03-17,2025-03-17 03:50:00,AMER,Credit,Alpha Fund,2025,Q1,566265.63,-70584.43,287,false
104845,2021-01-01,2021-01-01 08:58:00,EMEA,FX,Alpha Fund,2021,Q1,470543.67,74392.57,182,true
104846,2022-07-06,2022-07-06 02:33:00,APAC,Rates,O'Brien Holdings,2022,Q3,60907.01,90442.02,103,true
104847,2023-08-11,2023-08-11 00:19:00,AMER,FX,O'Brien Holdings,2023,Q3,256620.99,-28160.53,439,true
104848,2024-08-16,2024-08-16 04:29:00,EMEA,FX,Beta Fund,2024,Q3,983437.87,26844.60,354,false
104849,2025-06-28,2025-06-28 06:34:00,APAC,Rates,Alpha Fund,2025,Q2,673088.35,-39261.12,4,false
104850,2021-05-17,2021-05-17 03:51:00,AMER,Commodities,Beta Fund,2021,Q2,860257.41,-8668.87,310,true
104851,2022-12-17,2022-12-17 06:32:00,EMEA,Commodities,"Smith, ""Big"" Fund",2022,Q4,54954.23,91249.17,354,true
104852,2023-08-20,2023-08-20 20:58:00,APAC,Commodities,Alpha Fund,2023,Q3,499457.58,-16932.66,36,true
104853,2024-12-07,2024-12-07 12:19:00,AMER,Equities,Alpha Fund,2024,Q4,360204.57,37842.02,188,true
104854,2025-07-02,2025-07-02 18:07:00,EMEA,FX,O'Brien Holdings,2025,Q3,493327.03,25998.04,273,true
104855,2021-08-14,2021-08-14 20:20:00,APAC,Commodities,O'Brien Holdings,2021,Q3,105521.58,-93690.95,112,true
104856,2022-06-28,2022-06-28 22:41:00,AMER,FX,Beta Fund,2022,Q2,672163.50,79934.07,85,true
104857,2023-04-18,2023-04-18 21:59:00,EMEA,Commodities,O'Brien Holdings,2023,Q2,500897.27,3126.74,191,true
104858,2024-02-09,2024-02-09 12:16:00,APAC,Rates,Alpha Fund,2024,Q1,794226.69,-81337.86,413,true
104859,2025-12-04,2025-12-04 17:04:00,AMER,Credit,O'Brien Holdings,2025,Q4,517055.48,-45547.57,65,false
104860,2021-02-21,2021-02-21 19:07:00,EMEA,Rates,"Smith, ""Big"" Fund",2021,Q1,581605.07,5287.30,6,true
104861,2022-05-23,2022-05-23 04:00:00,APAC,Rates,O'Brien Holdings,2022,Q2,353647.28,96432.36,115,true
104862,2023-06-27,2023-06-27 00:57:00,AMER,Equities,Beta Fund,2023,Q2,544077.50,98455.24,323,true
104863,2024-04-09,2024-04-09 00:16:00,EMEA,Equities,"Smith, ""Big"" Fund",2024,Q2,530440.22,-99551.07,465,true
104864,2025-05-10,2025-05-10 11:04:00,APAC,Rates,Beta Fund,2025,Q2,837985.11,78287.07,44,true
104865,2021-09-03,2021-09-03 22:04:00,AMER,Equities,"Smith, ""Big"" Fund",2021,Q3,347417.34,51490.26,286,true
104866,2022-04-21,2022-04-21 22:25:00,EMEA,Equities,O'Brien Holdings,2022,Q2,147717.51,54701.44,153,true
104867,2023-09-15,2023-09-15 15:26:00,APAC,Equities,Alpha Fund,2023,Q3,695565.65,84862.77,261,true
104868,2024-11-12,2024-11-12 01:50:00,AMER,Equities,"Smith, ""Big"" Fund",2024,Q4,829939.85,40733.67,445,true
104869,2025-01-16,2025-01-16 20:16:00,EMEA,Commodities,"Smith, ""Big"" Fund",2025,Q1,558884.68,-71616.32,304,false
104870,2021-08-25,2021-08-25 15:34:00,APAC,Rates,"Smith, ""Big"" Fund",2021,Q3,73539.43,63762.49,304,true
104871,2022-08-03,2022-08-03 19:42:00,AMER,FX,Alpha Fund,2022,Q3,679881.43,38478.57,8,false
104872,2023-11-18,2023-11-18 06:46:00,EMEA,Equities,"Smith, ""Big"" Fund",2023,Q4,301613.06,-29426.80,431,true
104873,2024-01-23,2024-01-23 16:50:00,APAC,Rates,"Smith, ""Big"" Fund",2024,Q1,738855.56,10583.77,107,true
104874,2025-10-08,2025-10-08 16:08:00,AMER,Rates,Beta Fund,2025,Q4,767458.26,61433.93,191,true
104875,2021-01-07,2021-01-07 14:50:00,EMEA,Commodities,Alpha Fund,2021,Q1,499947.75,-77842.42,254,false
104876,2022-03-15,2022-03-15 13:42:00,APAC,Credit,Alpha Fund,2022,Q1,899336.46,87071.28,211,true
104877,2023-04-15,2023-04-15 04:38:00,AMER,Commodities,Alpha Fund,2023,Q2,2757.37,17098.73,413,true
104878,2024-11-27,2024-11-27 02:07:00,EMEA,Rates,O'Brien Holdings,2024,Q4,677842.16,74141.64,415,true
104879,2025-10-13,2025-10-13 14:25:00,APAC,Credit,Beta Fund,2025,Q4,10853.96,-61131.54,15,true
104880,2021-08-06,2021-08-06 04:28:00,AMER,Rates,"Smith, ""Big"" Fund",2021,Q3,308681.82,-46748.20,42,false
104881,2022-02-26,2022-02-26 10:45:00,EMEA,Rates,Beta Fund,2022,Q1,489968.36,-88327.60,66,true
104882,2023-08-08,2023-08-08 12:15:00,APAC,Commodities,O'Brien Holdings,2023,Q3,148965.56,-75576.32,72,false
104883,2024-04-17,2024-04-17 12:08:00,AMER,Credit,Alpha Fund,2024,Q2,812902.81,-17659.42,400,true
104884,2025-06-18,2025-06-18 15:48:00,EMEA,Equities,"Smith, ""Big"" Fund",2025,Q2,207365.26,63594.74,286,false
104885,2021-09-09,2021-09-09 18:00:00,APAC,Credit,Beta Fund,2021,Q3,674681.51,-46555.44,193,true
104886,2022-11-17,2022-11-17 20:00:00,AMER,Credit,O'Brien Holdings,2022,Q4,623961.05,33829.13,252,true
104887,2023-06-16,2023-06-16 22:02:00,EMEA,Equities,O'Brien Holdings,2023,Q2,422402.34,-79179.35,201,true
104888,2024-11-22,2024-11-22 04:47:00,APAC,Credit,"Smith, ""Big"" Fund",2024,Q4,33858.63,-9204.51,411,false
104889,2025-01-22,2025-01-22 19:17:00,AMER,Equities,O'Brien Holdings,2025,Q1,472810.61,54939.91,245,true
104890,2021-03-13,2021-03-13 22:30:00,EMEA,Rates,O'Brien Holdings,2021,Q1,302627.82,-5605.03,371,true
104891,2022-05-25,2022-05-25 11:27:00,APAC,Equities,O'Brien Holdings,2022,Q2,925646.99,-39691.27,471,true
104892,2023-11-27,2023-11-27 03:51:00,AMER,FX,Beta Fund,2023,Q4,11072.17,-11407.56,414,true
104893,2024-04-16,2024-04-16 09:10:00,EMEA,Equities,O'Brien Holdings,2024,Q2,736793.82,75780.92,492,false
104894,2025-01-23,2025-01-23 09:46:00,APAC,Credit,"Smith, ""Big"" Fund",2025,Q1,789243.06,37451.10,191,true
104895,2021-07-01,2021-07-01 21:58:00,AMER,Equities,Alpha Fund,2021,Q3,541399.68,-57760.70,366,true
104896,2022-07-13,2022-07-13 10:06:00,EMEA,Equities,Alpha Fund,2022,Q3,137326.27,-48198.76,344,true
104897,2023-07-13,2023-07-13 20:22:00,APAC,Rates,O'Brien Holdings,2023,Q3,981393.89,-53876.10,238,true
104898,2024-07-09,2024-07-09 06:57:00,AMER,FX,O'Brien Holdings,2024,Q3,374627.49,-66057.09,271,true
104899,2025-09-16,2025-09-16 22:25:00,EMEA,Rates,Beta Fund,2025,Q3,473068.80,89831.61,326,true
104900,2021-07-27,2021-07-27 04:18:00,APAC,Commodities,O'Brien Holdings,2021,Q3,895634.87,-73942.81,238,true
104901,2022-11-27,2022-11-27 14:01:00,AMER,Commodities,O'Brien Holdings,2022,Q4,95391.55,27772.49,201,true
104902,2023-02-12,2023-02-12 17:31:00,EMEA,Commodities,Beta Fund,2023,Q1,11396.84,-75761.99,84,true
104903,2024-10-26,2024-10-26 04:55:00,APAC,FX,O'Brien Holdings,2024,Q4,135199.49,-43371.03,81,true
104904,2025-03-18,2025-03-18 12:23:00,AMER,Credit,"Smith, ""Big"" Fund",2025,Q1,253079.39,31121.57,199,true
104905,2021-06-05,2021-06-05 07:01:00,EMEA,Equities,Beta Fund,2021,Q2,379382.48,5742.90,425,true
104906,2022-11-06,2022-11-06 09:51:00,APAC,Commodities,"Smith, ""Big"" Fund",2022,Q4,303353.25,-46934.34,326,true
104907,2023-01-07,2023-01-07 08:14:00,AMER,Commodities,"Smith, ""Big"" Fund",2023,Q1,524046.35,25600.38,331,true
104908,2024-03-06,2024-03-06 20:22:00,EMEA,Equities,"Smith, ""Big"" Fund",2024,Q1,56776.70,22407.62,490,true
104909,2025-11-23,2025-11-23 02:15:00,APAC,Credit,Alpha Fund,2025,Q4,959777.38,13831.39,340,true
104910,2021-01-11,2021-01-11 13:58:00,AMER,Rates,Alpha Fund,2021,Q1,740047.54,-76954.04,372,true
104911,2022-12-28,2022-12-28 10:45:00,EMEA,FX,"Smith, ""Big"" Fund",2022,Q4,950030.97,-17796.94,155,true
104912,2023-04-14,2023-04-14 13:20:00,APAC,Equities,Beta Fund,2023,Q2,877585.61,-80543.29,360,true
104913,2024-01-19,2024-01-19 15:28:00,AMER,Credit,"Smith, ""Big"" Fund",2024,Q1,683194.27,-76523.50,104,true
104914,2025-09-04,2025-09-04 22:26:00,EMEA,Credit,O'Brien Holdings,2025,Q3,45672.60,-1622.35,461,true
104915,2021-11-22,2021-11-22 04:00:00,APAC,Equities,O'Brien Holdings,2021,Q4,428649.85,-98456.23,261,true
104916,2022-01-08,2022-01-08 17:06:00,AMER,Credit,O'Brien Holdings,2022,Q1,515439.24,71167.21,333,true
104917,2023-08-09,2023-08-09 08:05:00,EMEA,FX,Beta Fund,2023,Q3,910527.29,94260.67,399,true
104918,2024-05-07,2024-05-07 08:44:00,APAC,Rates,O'Brien Holdings,2024,Q2,886168.64,13892.48,313,true
104919,2025-08-05,2025-08-05 08:32:00,AMER,Equities,Alpha Fund,2025,Q3,493366.28,-81301.11,396,true
104920,2021-01-19,2021-01-19 15:11:00,EMEA,Equities,Alpha Fund,2021,Q1,83826.06,15038.71,102,true
104921,2022-01-25,2022-01-25 07:40:00,APAC,FX,Alpha Fund,2022,Q1,684845.38,1707.36,210,true
104922,2023-06-20,2023-06-20 11:39:00,AMER,Equities,O'Brien Holdings,2023,Q2,563685.34,-3779.36,370,true
104923,2024-03-17,2024-03-17 17:49:00,EMEA,Rates,Alpha Fund,2024,Q1,342673.02,37742.09,150,true
104924,2025-08-22,2025-08-22 08:26:00,APAC,FX,"Smith, ""Big"" Fund",2025,Q3,272878.53,34729.64,153,false
104925,2021-06-20,2021-06-20 16:32:00,AMER,Commodities,"Smith, ""Big"" Fund",2021,Q2,476808.37,-33546.63,408,false
104926,2022-08-17,2022-08-17 16:33:00,EMEA,Credit,O'Brien Holdings,2022,Q3,411420.01,46675.86,299,true
104927,2023-08-06,2023-08-06 14:07:00,APAC,Rates,O'Brien Holdings,2023,Q3,60455.44,39590.67,90,true
104928,2024-10-27,2024-10-27 00:53:00,AMER,Commodities,O'Brien Holdings,2024,Q4,773114.02,53882.14,282,false
104929,2025-05-25,2025-05-25 23:29:00,EMEA,Equities,Alpha Fund,2025,Q2,583851.45,-4329.48,126,true
104930,2021-10-19,2021-10-19 07:58:00,APAC,Commodities,"Smith, ""Big"" Fund",2021,Q4,497654.00,-75580.24,404,true
104931,2022-05-17,2022-05-17 03:34:00,AMER,Equities,Alpha Fund,2022,Q2,856418.19,-88352.69,348,true
104932,2023-10-05,2023-10-05 10:20:00,EMEA,FX,O'Brien Holdings,2023,Q4,375929.87,2364.52,201,true
104933,2024-05-10,2024-05-10 11:02:00,APAC,Credit,O'Brien Holdings,2024,Q2,543299.77,37463.92,202,true
104934,2025-03-28,2025-03-28 19:59:00,AMER,FX,"Smith, ""Big"" Fund",2025,Q1,236984.25,85339.68,397,true
104935,2021-10-20,2021-10-20 17:02:00,EMEA,Commodities,Beta Fund,2021,Q4,828644.81,-97702.30,330,true
104936,2022-07-11,2022-07-11 08:14:00,APAC,Rates,Beta Fund,2022,Q3,971758.86,-76179.15,454,true
104937,2023-02-27,2023-02-27 20:52:00,AMER,FX,"Smith, ""Big"" Fund",2023,Q1,932270.86,80445.18,20,false
104938,2024-10-07,2024-10-07 17:07:00,EMEA,Credit,"Smith, ""Big"" Fund",2024,Q4,135587.29,-95557.50,337,true
104939,2025-12-26,2025-12-26 20:52:00,APAC,Rates,Beta Fund,2025,Q4,289430.42,17600.16,231,true
104940,2021-06-26,2021-06-26 04:33:00,AMER,Credit,Alpha Fund,2021,Q2,682795.81,71720.39,275,false
104941,2022-04-23,2022-04-23 22:47:00,EMEA,FX,Beta Fund,2022,Q2,600887.23,-4858.83,422,false
104942,2023-08-13,2023-08-13 21:13:00,APAC,Rates,Beta Fund,2023,Q3,566841.80,-59566.74,2,true
104943,2024-08-05,2024-08-05 13:08:00,AMER,FX,Beta Fund,2024,Q3,801003.02,-13629.01,498,true
104944,2025-02-19,2025-02-19 16:54:00,EMEA,Credit,"Smith, ""Big"" Fund",2025,Q1,840323.97,74685.98,417,true
104945,2021-06-23,2021-06-23 03:18:00,APAC,Equities,"Smith, ""Big"" Fund",2021,Q2,231093.21,49069.13,434,true
104946,2022-09-18,2022-09-18 05:27:00,AMER,Equities,"Smith, ""Big"" Fund",2022,Q3,983114.03,85235.70,184,true
104947,2023-03-11,2023-03-11 22:25:00,EMEA,Equities,Alpha Fund,2023,Q1,146826.39,59191.01,466,true
104948,2024-04-08,2024-04-08 23:26:00,APAC,Commodities,"Smith, ""Big"" Fund",2024,Q2,153018.75,90646.70,250,true
104949,2025-08-25,2025-08-25 03:07:00,AMER,FX,"Smith, ""Big"" Fund",2025,Q3,643347.64,46101.42,308,true
104950,2021-09-17,2021-09-17 08:08:00,EMEA,Rates,"Smith, ""Big"" Fund",2021,Q3,750038.24,-62602.64,228,true
104951,2022-08-08,2022-08-08 20:54:00,APAC,Credit,Beta Fund,2022,Q3,345874.43,-62070.26,73,true
104952,2023-12-20,2023-12-20 04:51:00,AMER,Commodities,"Smith, ""Big"" Fund",2023,Q4,718455.84,60185.57,477,true
104953,2024-01-04,2024-01-04 07:43:00,EMEA,Equities,Beta Fund,2024,Q1,945804.20,-60247.30,292,true
104954,2025-06-20,2025-06-20 07:51:00,APAC,Rates,"Smith, ""Big"" Fund",2025,Q2,574428.02,84374.20,9,true
104955,2021-06-19,2021-06-19 19:33:00,AMER,Equities,"Smith, ""Big"" Fund",2021,Q2,314853.30,-96018.82,288,true
104956,2022-04-05,2022-04-05 11:07:00,EMEA,Equities,Beta Fund,2022,Q2,969327.23,63479.18,70,true
104957,2023-11-04,2023-11-04 01:12:00,APAC,Credit,Beta Fund,2023,Q4,514109.82,-7770.33,282,true
104958,2024-05-02,2024-05-02 02:19:00,AMER,Equities,Alpha Fund,2024,Q2,352618.01,84953.91,196,true
104959,2025-08-02,2025-08-02 07:27:00,EMEA,Credit,O'Brien Holdings,2025,Q3,218981.78,52178.85,278,false
104960,2021-02-16,2021-02-16 07:22:00,APAC,Rates,O'Brien Holdings,2021,Q1,554673.44,-42181.14,270,true
104961,2022-03-12,2022-03-12 11:55:00,AMER,Rates,Beta Fund,2022,Q1,638020.99,-26555.30,435,false
104962,2023-09-17,2023-09-17 14:52:00,EMEA,Credit,O'Brien Holdings,2023,Q3,835811.94,4103.44,500,true
104963,2024-04-17,2024-04-17 02:43:00,APAC,Commodities,"Smith, ""Big"" Fund",2024,Q2,696460.63,-17502.90,27,true
104964,2025-06-14,2025-06-14 06:16:00,AMER,Equities,"Smith, ""Big"" Fund",2025,Q2,754998.61,-25180.59,177,true
104965,2021-09-01,2021-09-01 19:54:00,EMEA,Equities,Beta Fund,2021,Q3,976319.07,-9427.30,201,true
104966,2022-03-15,2022-03-15 07:38:00,APAC,FX,Alpha Fund,2022,Q1,865273.63,-19717.76,299,true
104967,2023-11-08,2023-11-08 12:17:00,AMER,Commodities,Beta Fund,2023,Q4,736413.07,74503.93,91,false
104968,2024-03-28,2024-03-28 05:54:00,EMEA,Commodities,Beta Fund,2024,Q1,550364.51,69499.01,423,true
104969,2025-07-26,2025-07-26 07:21:00,APAC,Credit,O'Brien Holdings,2025,Q3,338344.08,32983.55,70,true
104970,2021-08-27,2021-08-27 04:14:00,AMER,Commodities,Alpha Fund,2021,Q3,213624.03,83747.86,308,true
104971,2022-12-25,2022-12-25 14:03:00,EMEA,Commodities,O'Brien Holdings,2022,Q4,780156.16,-3737.79,409,true
104972,2023-06-23,2023-06-23 12:43:00,APAC,Rates,Alpha Fund,2023,Q2,895213.60,-57358.38,70,false
104973,2024-02-19,2024-02-19 01:14:00,AMER,Rates,Beta Fund,2024,Q1,786228.59,3241.99,86,true
104974,2025-01-08,2025-01-08 17:12:00,EMEA,Commodities,O'Brien Holdings,2025,Q1,290717.79,-81656.71,204,true
104975,2021-09-15,2021-09-15 23:25:00,APAC,Credit,Beta Fund,2021,Q3,238604.50,-27896.85,65,false
104976,2022-11-23,2022-11-23 03:35:00,AMER,Rates,"Smith, ""Big"" Fund",2022,Q4,8855.18,-82006.89,196,true
104977,2023-04-19,2023-04-19 06:48:00,EMEA,Rates,O'Brien Holdings,2023,Q2,411269.65,27107.00,83,false
104978,2024-02-08,2024-02-08 20:28:00,APAC,FX,Alpha Fund,2024,Q1,533796.77,21180.50,13,true
104979,2025-12-21,2025-12-21 19:47:00,AMER,Equities,"Smith, ""Big"" Fund",2025,Q4,28003.72,-44957.36,31,true
104980,2021-01-23,2021-01-23 21:41:00,EMEA,FX,"Smith, ""Big"" Fund",2021,Q1,748920.30,95857.40,2,false
104981,2022-08-11,2022-08-11 01:30:00,APAC,Equities,"Smith, ""Big"" Fund",2022,Q3,258439.01,57354.00,256,false
104982,2023-09-07,2023-09-07 20:20:00,AMER,FX,O'Brien Holdings,2023,Q3,483792.92,59583.44,327,true
104983,2024-08-26,2024-08-26 09:29:00,EMEA,Commodities,O'Brien Holdings,2024,Q3,236074.59,63916.38,127,true
104984,2025-08-25,2025-08-25 21:26:00,APAC,Rates,"Smith, ""Big"" Fund",2025,Q3,60450.99,36714.98,427,false
104985,2021-07-12,2021-07-12 23:41:00,AMER,Rates,"Smith, ""Big"" Fund",2021,Q3,525773.01,97149.01,454,true
104986,2022-10-02,2022-10-02 06:59:00,EMEA,Commodities,Beta Fund,2022,Q4,42167.09,-57340.47,190,true
104987,2023-03-24,2023-03-24 19:02:00,APAC,Commodities,Beta Fund,2023,Q1,293704.29,88788.90,203,true
104988,2024-04-07,2024-04-07 20:49:00,AMER,Equities,Beta Fund,2024,Q2,462277.22,33304.23,320,false
104989,2025-11-11,2025-11-11 19:44:00,EMEA,Equities,Beta Fund,2025,Q4,726832.78,26663.19,403,true
104990,2021-04-05,2021-04-05 20:48:00,APAC,Equities,O'Brien Holdings,2021,Q2,816712.77,3610.54,218,true
104991,2022-05-02,2022-05-02 21:14:00,AMER,FX,Beta Fund,2022,Q2,386725.90,84954.14,447,true
104992,2023-06-12,2023-06-12 09:36:00,EMEA,Rates,Beta Fund,2023,Q2,812936.28,49723.95,284,false
104993,2024-06-26,2024-06-26 08:24:00,APAC,Credit,Beta Fund,2024,Q2,969218.95,-23513.26,46,false
104994,2025-08-21,2025-08-21 11:06:00,AMER,FX,O'Brien Holdings,2025,Q3,529163.00,51726.16,332,true
104995,2021-11-27,2021-11-27 13:40:00,EMEA,Commodities,Beta Fund,2021,Q4,93851.62,40440.07,50,true
104996,2022-06-17,2022-06-17 19:41:00,APAC,Equities,O'Brien Holdings,2022,Q2,378850.13,99723.69,481,true
104997,2023-06-02,2023-06-02 19:32:00,AMER,Commodities,Alpha Fund,2023,Q2,502867.78,-96123.93,496,true
104998,2024-04-11,2024-04-11 15:30:00,EMEA,Equities,Alpha Fund,2024,Q2,444162.93,79371.05,443,true
104999,2025-06-09,2025-06-09 01:12:00,APAC,FX,O'Brien Holdings,2025,Q2,94520.24,44243.40,412,true
