kind	subject	error	message	frame
DROPPED	core:core/pure/graphFetch/tests/sourceTreeCalc/testSourceTreeCalc.pure	ModelException	M2M set-routed binding 'c[c1]' targets a non-root set of 'meta::pure::graphFetch::tests::sourceTreeCalc::withFilters::UnionC'; per-set routing on the M2M side is a roadmap feature (root-routing would produce wrong rows); mapping=meta::pure::graphFetch::tests::sourceTreeCalc::withFilters::UnionMappingWithSingleFilter	element=meta::pure::graphFetch::tests::sourceTreeCalc::withFilters::UnionMappingWithSingleFilter
DROPPED	core:core/pure/graphFetch/tests/testUnion.pure	ModelException	M2M set-routed binding 't[SDL]' targets a non-root set of 'meta::pure::graphFetch::tests::union::TargetSub'; per-set routing on the M2M side is a roadmap feature (root-routing would produce wrong rows); mapping=meta::pure::graphFetch::tests::union::MyMapping	element=meta::pure::graphFetch::tests::union::MyMapping
DROPPED	core:core/store/m2m/tests/legend/graphWithSubTypes/testMultipleSubTypeWithAbstractClass.pure	ModelException	M2M set-routed binding 'data[PAY]' targets a non-root set of 'meta::pure::graphFetch::tests::sourceTreeCalc::withSubType::mostSpecific::TData'; per-set routing on the M2M side is a roadmap feature (root-routing would produce wrong rows); mapping=meta::pure::graphFetch::tests::sourceTreeCalc::withSubType::mostSpecific::testMappingMostSpecific	element=meta::pure::graphFetch::tests::sourceTreeCalc::withSubType::mostSpecific::testMappingMostSpecific
DROPPED	core:core/store/m2m/tests/legend/merge.pure	ModelException	M2M set-routed binding 'address[a1]' targets a non-root set of 'meta::pure::mapping::modelToModel::test::alloy::merge::Address'; per-set routing on the M2M side is a roadmap feature (root-routing would produce wrong rows); mapping=meta::pure::mapping::modelToModel::test::alloy::merge::SimpleMergeModelMappingNonRoot	element=meta::pure::mapping::modelToModel::test::alloy::merge::SimpleMergeModelMappingNonRoot
DROPPED	core:core/store/m2m/tests/legend/propertyUnion.pure	ModelException	M2M set-routed binding 'nested[ds1]' targets a non-root set of 'meta::pure::mapping::modelToModel::test::alloy::propertyUnion::dest::TargetDeepChild'; per-set routing on the M2M side is a roadmap feature (root-routing would produce wrong rows); mapping=meta::pure::mapping::modelToModel::test::alloy::propertyUnion::multiLevelUnionMapping	element=meta::pure::mapping::modelToModel::test::alloy::propertyUnion::multiLevelUnionMapping
DROPPED	core:core/store/m2m/tests/simple.pure	ModelException	M2M set-routed binding 'vehicles[car]' targets a non-root set of 'meta::pure::mapping::modelToModel::test::shared::dest::RoadVehicle'; per-set routing on the M2M side is a roadmap feature (root-routing would produce wrong rows); mapping=meta::pure::mapping::modelToModel::test::simple::simpleModelMappingWithMultipleSubTypes	element=meta::pure::mapping::modelToModel::test::simple::simpleModelMappingWithMultipleSubTypes
DROPPED	core:core/pure/graphFetch/tests/testCrossStoreGraphFetch.pure	ModelException	M2M enum transformer 'EnumerationMapping SynonymTypeMapping' on 'type' is a roadmap feature (source-value decode on the M2M read); mapping=meta::pure::graphFetch::tests::XStore::inMemory::JsonCrossStoreMapping	element=meta::pure::graphFetch::tests::XStore::inMemory::JsonCrossStoreMapping
DROPPED	core:core/store/m2m/tests/createInstances.pure	ModelException	M2M explosion 'fullName*' is a roadmap feature (index-aligned zip fan-out — one target instance per source element); mapping=meta::pure::mapping::modelToModel::test::createInstances::createInstancesModelMappingOneMany	element=meta::pure::mapping::modelToModel::test::createInstances::createInstancesModelMappingOneMany
DROPPED	core:core/store/m2m/tests/legend/testExplosion.pure	ModelException	M2M explosion 'fullName*' is a roadmap feature (index-aligned zip fan-out — one target instance per source element); mapping=meta::pure::mapping::modelToModel::test::alloy::explosion::basicExplosionMapping	element=meta::pure::mapping::modelToModel::test::alloy::explosion::basicExplosionMapping
DROPPED	core:core/store/m2m/tests/mft/filter.pure	ModelException	M2M enum transformer 'EnumerationMapping AddressTypeMapping' on 'type' is a roadmap feature (source-value decode on the M2M read); mapping=meta::pure::mapping::modelToModel::test::mft::mapping::filter::filterUnionMapping	element=meta::pure::mapping::modelToModel::test::mft::mapping::filter::filterUnionMapping
DROPPED	core:core/store/m2m/tests/mft/merge.pure	ModelException	M2M enum transformer 'EnumerationMapping AddressTypeMapping' on 'type' is a roadmap feature (source-value decode on the M2M read); mapping=meta::pure::mapping::modelToModel::test::mft::mapping::merge::mergeTestMapping	element=meta::pure::mapping::modelToModel::test::mft::mapping::merge::mergeTestMapping
DROPPED	core:core/store/m2m/tests/mft/rowExposion.pure	ModelException	M2M explosion 'description*' is a roadmap feature (index-aligned zip fan-out — one target instance per source element); mapping=meta::pure::mapping::modelToModel::test::mft::mapping::rowexplosion::rowexplosionTestUnionMapping	element=meta::pure::mapping::modelToModel::test::mft::mapping::rowexplosion::rowexplosionTestUnionMapping
DROPPED	core:core/store/m2m/tests/mft/simple.pure	ModelException	M2M enum transformer 'EnumerationMapping AddressTypeMapping' on 'type' is a roadmap feature (source-value decode on the M2M read); mapping=meta::pure::mapping::modelToModel::test::mft::mapping::simple::simpleTestMapping	element=meta::pure::mapping::modelToModel::test::mft::mapping::simple::simpleTestMapping
DROPPED	core:core/store/m2m/tests/mft/union.pure	ModelException	M2M enum transformer 'EnumerationMapping AddressTypeMapping' on 'type' is a roadmap feature (source-value decode on the M2M read); mapping=meta::pure::mapping::modelToModel::test::mft::mapping::union::unionTestMapping	element=meta::pure::mapping::modelToModel::test::mft::mapping::union::unionTestMapping
DROPPED	core_external_format_json:core_external_format_json/executionPlan/tests/simple.pure	ModelException	M2M enum transformer 'EnumerationMapping SynonymTypeMapping' on 'type' is a roadmap feature (source-value decode on the M2M read); mapping=meta::external::format::json::executionPlan::test::simple::M2MCrossStoreMapping	element=meta::external::format::json::executionPlan::test::simple::M2MCrossStoreMapping
DROPPED	core_relational:core_relational/relational/graphFetch/tests/testCrossStoreGraphFetch.pure	ModelException	M2M explosion 'tradeId*' is a roadmap feature (index-aligned zip fan-out — one target instance per source element); mapping=meta::pure::graphFetch::tests::XStore::inMemoryAndRelational::crossMapping5	element=meta::pure::graphFetch::tests::XStore::inMemoryAndRelational::crossMapping5
DROPPED	core_relational:core_relational/relational/tests/mapping/modelJoin/modelJoinAdvancedSetup.pure	ModelException	association 'meta::relational::tests::mapping::modelJoin::domain::Person_Address': $person.profile has no column binding on the Relation mapping of 'meta::relational::tests::mapping::modelJoin::domain::Person' (mapping=meta::relational::tests::mapping::modelJoin::advanced::NestedModelJoinWithPropertyAccess)	element=meta::relational::tests::mapping::modelJoin::advanced::NestedModelJoinWithPropertyAccess
DROPPED	core_relational:core_relational/relational/tests/mft/modelChain/modelChainTest.pure	ModelException	Embedded PM 'address' on 'S_Person' but owner class unknown; mapping=meta::relational::tests::mapping::modelChain::model::mapping::mft::modelChainTestMapping	element=meta::relational::tests::mapping::modelChain::model::mapping::mft::modelChainTestMapping
DROPPED	core:core/store/m2m/tests/legend/unitMeasure.pure	ModelException	Unknown type: 'Mass~Kilogram' is not a known primitive, class, or enum	element=meta::pure::mapping::modelToModel::test::units::dest::HealthProfile
DROPPED	core_external_format_json:core_external_format_json/executionPlan/tests/dataTypes.pure	ModelException	Unknown type: 'Mass~Kilogram' is not a known primitive, class, or enum	element=meta::external::format::json::executionPlan::test::types::AllTypes
DROPPED	core:core/pure/corefunctions/unit.pure	ModelException	Unknown type: 'meta::pure::unit::Mass' is not a known primitive, class, or enum	element=meta::pure::functions::math::plus
DROPPED	core_service:core_service/service/mappingExtension.pure	ModelException	Unknown type: 'Runtime' is not a known primitive, class, or enum	element=meta::pure::mapping::from
DROPPED	core_data_space_metamodel:core_data_space_metamodel/mappingExtension.pure	ModelException	Unknown type: 'Runtime' is not a known primitive, class, or enum	element=meta::pure::mapping::from
DROPPED	core:core/pure/router/router_main.pure	ModelException	Unknown type: 'Mapping' is not a known primitive, class, or enum	element=meta::pure::router::routeFunction
DROPPED	core:core/store/m2m/tests/legend/testUnitMeasure.pure	ModelException	Unknown type: 'HealthProfile' is not a known primitive, class, or enum	element=meta::pure::mapping::modelToModel::test::alloy::units::instanceIdentityMapping$class$HealthProfile
DROPPED	platform_dsl_mapping:platform_dsl_mapping/functions_EnumerationMapping.pure	ModelException	function 'meta::pure::mapping::toDomainValue' is defined more than once with the same signature — calls would be ambiguous	element=meta::pure::mapping::toDomainValue
DROPPED	platform_dsl_mapping:platform_dsl_mapping/functions_Mapping.pure	ModelException	function 'meta::pure::mapping::enumerationMappingByName' is defined more than once with the same signature — calls would be ambiguous	element=meta::pure::mapping::enumerationMappingByName
DROPPED	platform_dsl_mapping:platform_dsl_mapping/functions_PropertyMappingsImplementation.pure	ModelException	function 'meta::pure::mapping::_propertyMappingsByPropertyName' is defined more than once with the same signature — calls would be ambiguous	element=meta::pure::mapping::_propertyMappingsByPropertyName
DROPPED	platform_store_relational:platform_store_relational/functions.pure	ModelException	function 'meta::relational::metamodel::schema' is defined more than once with the same signature — calls would be ambiguous	element=meta::relational::metamodel::schema
DROPPED	core_relational:core_relational/relational/lineage/scanRelations/scanRelations.pure	ModelException	function 'meta::pure::lineage::scanRelations::relationTreeAsString' is defined more than once with the same signature — calls would be ambiguous	element=meta::pure::lineage::scanRelations::relationTreeAsString
DROPPED	core_relational:core_relational/relational/lineage/scanRelations/scanRelationsTestWithViewsAndUnions.pure	ModelException	function 'meta::pure::lineage::scanRelations::test::DB2$view$E.AltID_View' is defined more than once with the same signature — calls would be ambiguous	element=meta::pure::lineage::scanRelations::test::DB2$view$E.AltID_View
DROPPED	core_relational:core_relational/relational/modelJoins/testModelJoinsToRelationalJoins.pure	ModelException	function 'meta::external::store::relational::modelJoins::test::EntityDatabase$view$Entity.LegalEntity_View' is defined more than once with the same signature — calls would be ambiguous	element=meta::external::store::relational::modelJoins::test::EntityDatabase$view$Entity.LegalEntity_View
FAILED	meta::alloy::metadataServer::alloyToJSON_Any_1__String_1_	TypeInferenceException	in function 'meta::alloy::metadataServer::alloyToJSON': no overload of 'meta::json::toJsonBeta' accepts 2 argument(s)	compiler.spec.SpecCompiler.compile:108
FAILED	meta::core::runtime::getRuntimeWithModelQueryConnection_Class_1__Binding_1__Byte_MANY__Runtime_1_	TypeInferenceException	in function 'meta::core::runtime::getRuntimeWithModelQueryConnection': graphFetch expects (classCollection, #{Class{…}}#)	compiler.spec.SpecCompiler.compile:108
FAILED	meta::core::runtime::getRuntimeWithModelQueryConnection_Class_1__Binding_1__String_1__Runtime_1_	TypeInferenceException	in function 'meta::core::runtime::getRuntimeWithModelQueryConnection': graphFetch expects (classCollection, #{Class{…}}#)	compiler.spec.SpecCompiler.compile:108
FAILED	meta::core::runtime::getRuntimeWithModelQueryConnection_Class_1__String_1__Byte_MANY__Runtime_1_	TypeInferenceException	in function 'meta::core::runtime::getRuntimeWithModelQueryConnection': graphFetch expects (classCollection, #{Class{…}}#)	compiler.spec.SpecCompiler.compile:108
FAILED	meta::core::runtime::getRuntimeWithModelQueryConnection_Class_1__String_1__String_1__Runtime_1_	TypeInferenceException	in function 'meta::core::runtime::getRuntimeWithModelQueryConnection': graphFetch expects (classCollection, #{Class{…}}#)	compiler.spec.SpecCompiler.compile:108
FAILED	meta::external::format::json::binding::validation::getBindingDetailsWithoutSchemaSet_Binding_1__JsonSchemaBindingDetail_1_	TypeInferenceException	in function 'meta::external::format::json::binding::validation::getBindingDetailsWithoutSchemaSet': in call to 'meta::pure::functions::collection::get', argument 2: type variable U bound to Class<meta::pure::metamodel::type::Any> cannot also bind meta::pure::metamodel::type::Type	compiler.spec.SpecCompiler.compile:108
FAILED	meta::external::format::json::contract::jsonSchemaFormatContract__ExternalFormatContract_1_	TypeInferenceException	in function 'meta::external::format::json::contract::jsonSchemaFormatContract': graph-fetch tree #{meta::external::format::json::executionPlan::model::JsonDataRecord{...}}# types only as the tree argument of graphFetch, graphFetchChecked, serialize or isDistinct	compiler.spec.SpecCompiler.compile:108
FAILED	meta::external::format::json::executionPlan::test::association::testAssociation__Boolean_1_	TypeInferenceException	in function 'meta::external::format::json::executionPlan::test::association::testAssociation': NormalizeRequired function 'meta::external::format::shared::functions::internalize' has non-let intermediate statements — cannot inline	compiler.spec.SpecCompiler.compile:108
FAILED	meta::external::format::json::executionPlan::test::association::testAssociationWithSchema__Boolean_1_	TypeInferenceException	in function 'meta::external::format::json::executionPlan::test::association::testAssociationWithSchema': NormalizeRequired function 'meta::external::format::shared::functions::internalize' has non-let intermediate statements — cannot inline	compiler.spec.SpecCompiler.compile:108
FAILED	meta::external::format::json::executionPlan::test::constraints::testInternalize__Boolean_1_	TypeInferenceException	in function 'meta::external::format::json::executionPlan::test::constraints::testInternalize': NormalizeRequired function 'meta::external::format::shared::functions::internalize' has non-let intermediate statements — cannot inline	compiler.spec.SpecCompiler.compile:108
FAILED	meta::external::format::json::executionPlan::test::constraints::testInternalizeWithChecked__Boolean_1_	TypeInferenceException	in function 'meta::external::format::json::executionPlan::test::constraints::testInternalizeWithChecked': NormalizeRequired function 'meta::external::format::shared::functions::internalize' has non-let intermediate statements — cannot inline	compiler.spec.SpecCompiler.compile:108
FAILED	meta::external::format::json::executionPlan::test::constraints::testInternalizeWithCheckedOnASuperClass__Boolean_1_	TypeInferenceException	in function 'meta::external::format::json::executionPlan::test::constraints::testInternalizeWithCheckedOnASuperClass': NormalizeRequired function 'meta::external::format::shared::functions::internalize' has non-let intermediate statements — cannot inline	compiler.spec.SpecCompiler.compile:108
FAILED	meta::external::format::json::executionPlan::test::constraints::testInternalizeWithGraphFetch__Boolean_1_	TypeInferenceException	in function 'meta::external::format::json::executionPlan::test::constraints::testInternalizeWithGraphFetch': NormalizeRequired function 'meta::external::format::shared::functions::internalize' has non-let intermediate statements — cannot inline	compiler.spec.SpecCompiler.compile:108
FAILED	meta::external::format::json::executionPlan::test::constraints::testInternalizeWithGraphFetchChecked__Boolean_1_	TypeInferenceException	in function 'meta::external::format::json::executionPlan::test::constraints::testInternalizeWithGraphFetchChecked': NormalizeRequired function 'meta::external::format::shared::functions::internalize' has non-let intermediate statements — cannot inline	compiler.spec.SpecCompiler.compile:108
FAILED	meta::external::format::json::executionPlan::test::constraints::testInternalizeWithGraphFetchCheckedOnASuperClass__Boolean_1_	TypeInferenceException	in function 'meta::external::format::json::executionPlan::test::constraints::testInternalizeWithGraphFetchCheckedOnASuperClass': NormalizeRequired function 'meta::external::format::shared::functions::internalize' has non-let intermediate statements — cannot inline	compiler.spec.SpecCompiler.compile:108
FAILED	meta::external::format::json::executionPlan::test::constraints::testInternalizeWithGraphFetchCheckedUnexpandedWithMultipleSubTypes__Boolean_1_	TypeInferenceException	in function 'meta::external::format::json::executionPlan::test::constraints::testInternalizeWithGraphFetchCheckedUnexpandedWithMultipleSubTypes': NormalizeRequired function 'meta::external::format::shared::functions::internalize' has non-let intermediate statements — cannot inline	compiler.spec.SpecCompiler.compile:108
FAILED	meta::external::format::json::executionPlan::test::constraints::testInternalizeWithGraphFetchCheckedWithMultipleSubTypes__Boolean_1_	TypeInferenceException	in function 'meta::external::format::json::executionPlan::test::constraints::testInternalizeWithGraphFetchCheckedWithMultipleSubTypes': NormalizeRequired function 'meta::external::format::shared::functions::internalize' has non-let intermediate statements — cannot inline	compiler.spec.SpecCompiler.compile:108
FAILED	meta::external::format::json::executionPlan::test::constraints::testInternalizeWithGraphFetchUnexpanded__Boolean_1_	TypeInferenceException	in function 'meta::external::format::json::executionPlan::test::constraints::testInternalizeWithGraphFetchUnexpanded': NormalizeRequired function 'meta::external::format::shared::functions::internalize' has non-let intermediate statements — cannot inline	compiler.spec.SpecCompiler.compile:108
FAILED	meta::external::format::json::executionPlan::test::constraints::testInternalizeWithGraphFetchUnexpandedChecked__Boolean_1_	TypeInferenceException	in function 'meta::external::format::json::executionPlan::test::constraints::testInternalizeWithGraphFetchUnexpandedChecked': NormalizeRequired function 'meta::external::format::shared::functions::internalize' has non-let intermediate statements — cannot inline	compiler.spec.SpecCompiler.compile:108
FAILED	meta::external::format::json::executionPlan::test::constraints::testInternalizeWithGraphFetchUnexpandedCheckedOnASuperClass__Boolean_1_	TypeInferenceException	in function 'meta::external::format::json::executionPlan::test::constraints::testInternalizeWithGraphFetchUnexpandedCheckedOnASuperClass': NormalizeRequired function 'meta::external::format::shared::functions::internalize' has non-let intermediate statements — cannot inline	compiler.spec.SpecCompiler.compile:108
FAILED	meta::external::format::json::executionPlan::test::customSchema::testSpecialCharacterHandling__Boolean_1_	TypeInferenceException	in function 'meta::external::format::json::executionPlan::test::customSchema::testSpecialCharacterHandling': NormalizeRequired function 'meta::external::format::shared::functions::internalize' has non-let intermediate statements — cannot inline	compiler.spec.SpecCompiler.compile:108
FAILED	meta::external::format::json::executionPlan::test::customSchema::testSpecialCharacterHandlingOnSerialization__Boolean_1_	TypeInferenceException	in function 'meta::external::format::json::executionPlan::test::customSchema::testSpecialCharacterHandlingOnSerialization': NormalizeRequired function 'meta::external::format::shared::functions::internalize' has non-let intermediate statements — cannot inline	compiler.spec.SpecCompiler.compile:108
FAILED	meta::external::format::json::executionPlan::test::inheritance::testInheritanceAtPropertyLevel__Boolean_1_	TypeInferenceException	in function 'meta::external::format::json::executionPlan::test::inheritance::testInheritanceAtPropertyLevel': NormalizeRequired function 'meta::external::format::shared::functions::internalize' has non-let intermediate statements — cannot inline	compiler.spec.SpecCompiler.compile:108
FAILED	meta::external::format::json::executionPlan::test::inheritance::testInheritanceAtRootLevel__Boolean_1_	TypeInferenceException	in function 'meta::external::format::json::executionPlan::test::inheritance::testInheritanceAtRootLevel': NormalizeRequired function 'meta::external::format::shared::functions::internalize' has non-let intermediate statements — cannot inline	compiler.spec.SpecCompiler.compile:108
FAILED	meta::external::format::json::executionPlan::test::withContentType::testM2MChainingWithJson__Boolean_1_	TypeInferenceException	in function 'meta::external::format::json::executionPlan::test::withContentType::testM2MChainingWithJson': graph-fetch tree #{meta::external::format::json::executionPlan::test::withContentType::TargetPerson{...}}# types only as the tree argument of graphFetch, graphFetchChecked, serialize or isDistinct	compiler.spec.SpecCompiler.compile:108
FAILED	meta::external::format::json::executionPlan::test::withContentType::testSimpleJsonQuery__Boolean_1_	TypeInferenceException	in function 'meta::external::format::json::executionPlan::test::withContentType::testSimpleJsonQuery': NormalizeRequired function 'meta::external::format::shared::functions::internalize' has non-let intermediate statements — cannot inline	compiler.spec.SpecCompiler.compile:108
FAILED	meta::external::format::json::executionPlan::test::withContentType::testSimpleJsonQueryRemoveEmptyValues__Boolean_1_	TypeInferenceException	in function 'meta::external::format::json::executionPlan::test::withContentType::testSimpleJsonQueryRemoveEmptyValues': NormalizeRequired function 'meta::external::format::shared::functions::internalize' has non-let intermediate statements — cannot inline	compiler.spec.SpecCompiler.compile:108
FAILED	meta::external::format::json::executionPlan::test::withContentType::testSimpleJsonQueryRemoveNullValues__Boolean_1_	TypeInferenceException	in function 'meta::external::format::json::executionPlan::test::withContentType::testSimpleJsonQueryRemoveNullValues': NormalizeRequired function 'meta::external::format::shared::functions::internalize' has non-let intermediate statements — cannot inline	compiler.spec.SpecCompiler.compile:108
FAILED	meta::external::format::json::executionPlan::test::withContentType::testSimpleJsonQueryWithByte__Boolean_1_	TypeInferenceException	in function 'meta::external::format::json::executionPlan::test::withContentType::testSimpleJsonQueryWithByte': NormalizeRequired function 'meta::external::format::shared::functions::internalize' has non-let intermediate statements — cannot inline	compiler.spec.SpecCompiler.compile:108
FAILED	meta::external::format::json::executionPlan::test::withContentType::testSimpleJsonQueryWithConfigIncludeTypeInfo__Boolean_1_	TypeInferenceException	in function 'meta::external::format::json::executionPlan::test::withContentType::testSimpleJsonQueryWithConfigIncludeTypeInfo': NormalizeRequired function 'meta::external::format::shared::functions::internalize' has non-let intermediate statements — cannot inline	compiler.spec.SpecCompiler.compile:108
FAILED	meta::external::format::json::executionPlan::test::withContentType::testSimpleJsonQueryWithConfigIncludeTypeInfo2__Boolean_1_	TypeInferenceException	in function 'meta::external::format::json::executionPlan::test::withContentType::testSimpleJsonQueryWithConfigIncludeTypeInfo2': NormalizeRequired function 'meta::external::format::shared::functions::internalize' has non-let intermediate statements — cannot inline	compiler.spec.SpecCompiler.compile:108
FAILED	meta::external::format::json::executionPlan::test::withContentType::testSimpleJsonQueryWithIncompleteData__Boolean_1_	TypeInferenceException	in function 'meta::external::format::json::executionPlan::test::withContentType::testSimpleJsonQueryWithIncompleteData': NormalizeRequired function 'meta::external::format::shared::functions::internalize' has non-let intermediate statements — cannot inline	compiler.spec.SpecCompiler.compile:108
FAILED	meta::external::format::json::executionPlan::test::withContentType::testSimpleJsonQueryWithNestedTree__Boolean_1_	TypeInferenceException	in function 'meta::external::format::json::executionPlan::test::withContentType::testSimpleJsonQueryWithNestedTree': NormalizeRequired function 'meta::external::format::shared::functions::internalize' has non-let intermediate statements — cannot inline	compiler.spec.SpecCompiler.compile:108
FAILED	meta::external::format::json::executionPlan::test::withContentType::testSimpleJsonQueryWithPartialTree__Boolean_1_	TypeInferenceException	in function 'meta::external::format::json::executionPlan::test::withContentType::testSimpleJsonQueryWithPartialTree': NormalizeRequired function 'meta::external::format::shared::functions::internalize' has non-let intermediate statements — cannot inline	compiler.spec.SpecCompiler.compile:108
FAILED	meta::external::format::json::functions::fromJson_Class_1__String_1__T_MANY_	TypeInferenceException	in function 'meta::external::format::json::functions::fromJson': NormalizeRequired function 'meta::external::format::shared::functions::internalize' has non-let intermediate statements — cannot inline	compiler.spec.SpecCompiler.compile:108
FAILED	meta::external::format::json::functions::fromJson_Class_1__Byte_MANY__T_MANY_	TypeInferenceException	in function 'meta::external::format::json::functions::fromJson': NormalizeRequired function 'meta::external::format::shared::functions::internalize' has non-let intermediate statements — cannot inline	compiler.spec.SpecCompiler.compile:108
FAILED	meta::external::format::json::functions::fromJson_Class_1__String_1__JsonSchemaInternalizeConfig_1__T_MANY_	TypeInferenceException	in function 'meta::external::format::json::functions::fromJson': NormalizeRequired function 'meta::external::format::shared::functions::internalize' has non-let intermediate statements — cannot inline	compiler.spec.SpecCompiler.compile:108
FAILED	meta::external::format::json::functions::fromJson_Class_1__Byte_MANY__JsonSchemaInternalizeConfig_1__T_MANY_	TypeInferenceException	in function 'meta::external::format::json::functions::fromJson': NormalizeRequired function 'meta::external::format::shared::functions::internalize' has non-let intermediate statements — cannot inline	compiler.spec.SpecCompiler.compile:108
FAILED	meta::external::format::json::functions::toJson_T_MANY__RootGraphFetchTree_1__String_1_	TypeInferenceException	in function 'meta::external::format::json::functions::toJson': NormalizeRequired function 'meta::external::format::shared::functions::externalize' has non-let intermediate statements — cannot inline	compiler.spec.SpecCompiler.compile:108
FAILED	meta::external::format::json::functions::toJson_T_MANY__RootGraphFetchTree_1__JsonSchemaExternalizeConfig_1__String_1_	TypeInferenceException	in function 'meta::external::format::json::functions::toJson': NormalizeRequired function 'meta::external::format::shared::functions::externalize' has non-let intermediate statements — cannot inline	compiler.spec.SpecCompiler.compile:108
FAILED	meta::external::format::json::schema::JSONToYaml_JSONElement_1__YAMLElement_1_	TypeInferenceException	in function 'meta::external::format::json::schema::JSONToYaml': JSONKeyValue.key reads only inside keyValuePairs->filter(kv|$kv.key.value == <key>) — the member access (a member is represented by its value)	compiler.spec.SpecCompiler.compile:108
FAILED	meta::external::format::json::schema::allNonPrimitivePropertiesOfClass_Class_1__PackageableElement_MANY__JSONSchemaConfigInternal_1__PackageableElement_MANY_	TypeInferenceException	in function 'meta::external::format::json::schema::allNonPrimitivePropertiesOfClass': in call to 'meta::pure::functions::date::add', argument 2: type variable T bound to meta::pure::metamodel::PackageableElement cannot also bind Class<meta::pure::metamodel::type::Any>	compiler.spec.SpecCompiler.compile:108
FAILED	meta::external::format::json::schema::allReferencedElements_PackageableElement_1__PackageableElement_MANY__JSONSchemaConfigInternal_1__Boolean_1__PackageableElement_MANY_	TypeInferenceException	in function 'meta::external::format::json::schema::allReferencedElements': in call to 'meta::pure::functions::collection::concatenate', argument 2: type variable T bound to Class<meta::pure::metamodel::type::Any> cannot also bind meta::pure::metamodel::PackageableElement	compiler.spec.SpecCompiler.compile:108
FAILED	meta::external::format::json::schema::constraint::constraintHasRef_JSONElement_$0_1$__Boolean_1_	TypeInferenceException	in function 'meta::external::format::json::schema::constraint::constraintHasRef': JSONKeyValue.key reads only inside keyValuePairs->filter(kv|$kv.key.value == <key>) — the member access (a member is represented by its value)	compiler.spec.SpecCompiler.compile:108
FAILED	meta::external::format::json::schema::constraint::constraintHasType_JSONElement_$0_1$__Boolean_1_	TypeInferenceException	in function 'meta::external::format::json::schema::constraint::constraintHasType': JSONKeyValue.key reads only inside keyValuePairs->filter(kv|$kv.key.value == <key>) — the member access (a member is represented by its value)	compiler.spec.SpecCompiler.compile:108
FAILED	meta::external::format::json::schema::constraint::getArrayComponents_JSONObject_1__String_1__JSONObject_MANY_	TypeInferenceException	in function 'meta::external::format::json::schema::constraint::getArrayComponents': JSONKeyValue.key reads only inside keyValuePairs->filter(kv|$kv.key.value == <key>) — the member access (a member is represented by its value)	compiler.spec.SpecCompiler.compile:108
FAILED	meta::external::format::json::schema::createArrayProperty_Property_1__Class_$0_1$__Boolean_1__JSONObject_MANY__Boolean_1__JSONSchemaConfigInternal_1__JSONKeyValue_1_	TypeInferenceException	in function 'meta::external::format::json::schema::createArrayProperty': JSONKeyValue.key reads only inside keyValuePairs->filter(kv|$kv.key.value == <key>) — the member access (a member is represented by its value)	compiler.spec.SpecCompiler.compile:108
FAILED	meta::external::format::json::schema::fromSchema::JSONSchemaIsObject_JSONObject_1__Boolean_1_	TypeInferenceException	in function 'meta::external::format::json::schema::fromSchema::JSONSchemaIsObject': JSONKeyValue.key reads only inside keyValuePairs->filter(kv|$kv.key.value == <key>) — the member access (a member is represented by its value)	compiler.spec.SpecCompiler.compile:108
FAILED	meta::external::format::json::schema::fromSchema::JSONSchemaToClass_String_1__ProcessedSchema_1__Map_1__String_$0_1$__Profile_$0_1$__Boolean_1__Class_1_	TypeInferenceException	in function 'meta::external::format::json::schema::fromSchema::JSONSchemaToClass': JSONKeyValue.key reads only inside keyValuePairs->filter(kv|$kv.key.value == <key>) — the member access (a member is represented by its value)	compiler.spec.SpecCompiler.compile:108
FAILED	meta::external::format::json::schema::fromSchema::JSONSchemaToEnum_String_1__JSONObject_1__String_$0_1$__Profile_$0_1$__Enumeration_1_	TypeInferenceException	in function 'meta::external::format::json::schema::fromSchema::JSONSchemaToEnum': ^$var(...) copies a CLASS instance; the variable is meta::pure::metamodel::type::Enum	compiler.spec.SpecCompiler.compile:108
FAILED	meta::external::format::json::schema::fromSchema::JSONSchemaToProperty_JSONKeyValue_1__Class_1__String_1__Map_1__String_$0_1$__Boolean_1__Boolean_1__Profile_$0_1$__Boolean_1__Property_1_	TypeInferenceException	in function 'meta::external::format::json::schema::fromSchema::JSONSchemaToProperty': JSONKeyValue.key reads only inside keyValuePairs->filter(kv|$kv.key.value == <key>) — the member access (a member is represented by its value)	compiler.spec.SpecCompiler.compile:108
FAILED	meta::external::format::json::schema::fromSchema::addSchemaTagsToPure_AnnotatedElement_1__JSONObject_1__Profile_$0_1$__AnnotatedElement_1_	TypeInferenceException	in function 'meta::external::format::json::schema::fromSchema::addSchemaTagsToPure': JSONKeyValue.key reads only inside keyValuePairs->filter(kv|$kv.key.value == <key>) — the member access (a member is represented by its value)	compiler.spec.SpecCompiler.compile:108
FAILED	meta::external::format::json::schema::fromSchema::addStereoType_ElementWithStereotypes_1__Stereotype_MANY__ElementWithStereotypes_1_	TypeInferenceException	in function 'meta::external::format::json::schema::fromSchema::addStereoType': unknown class '' in ^(…)	compiler.spec.SpecCompiler.compile:108
FAILED	meta::external::format::json::schema::fromSchema::addTag_ElementWithTaggedValues_1__Profile_1__String_1__String_MANY__ElementWithTaggedValues_1_	TypeInferenceException	in function 'meta::external::format::json::schema::fromSchema::addTag': unknown class '' in ^(…)	compiler.spec.SpecCompiler.compile:108
FAILED	meta::external::format::json::schema::fromSchema::addTag_ElementWithTaggedValues_1__TaggedValue_MANY__ElementWithTaggedValues_1_	TypeInferenceException	in function 'meta::external::format::json::schema::fromSchema::addTag': unknown class '' in ^(…)	compiler.spec.SpecCompiler.compile:108
FAILED	meta::external::format::json::schema::fromSchema::createConstraintFunctionDefinition_String_1__String_1__Type_1__String_$0_1$__Multiplicity_1__ConcreteFunctionDefinition_1_	TypeInferenceException	in function 'meta::external::format::json::schema::fromSchema::createConstraintFunctionDefinition': in call to 'meta::external::format::json::schema::fromSchema::updatePackagableElementWithPackage', argument 1: expected meta::pure::metamodel::PackageableElement, got {meta::pure::metamodel::type::Any[0..1] -> Boolean[1]}	compiler.spec.SpecCompiler.compile:108
FAILED	meta::external::format::json::schema::fromSchema::createProfile_JSONKeyValue_MANY__String_1__Profile_$0_1$_	TypeInferenceException	in function 'meta::external::format::json::schema::fromSchema::createProfile': JSONKeyValue.key reads only inside keyValuePairs->filter(kv|$kv.key.value == <key>) — the member access (a member is represented by its value)	compiler.spec.SpecCompiler.compile:108
FAILED	meta::external::format::json::schema::fromSchema::deReferenceElement_JSONElement_1__String_1__Map_1__String_$0_1$__JSONElement_1_	TypeInferenceException	in function 'meta::external::format::json::schema::fromSchema::deReferenceElement': JSONKeyValue.key reads only inside keyValuePairs->filter(kv|$kv.key.value == <key>) — the member access (a member is represented by its value)	compiler.spec.SpecCompiler.compile:108
FAILED	meta::external::format::json::schema::fromSchema::extractSubSchemas_ProcessedSchema_1__ProcessedSchema_MANY__ProcessedSchema_MANY_	TypeInferenceException	in function 'meta::external::format::json::schema::fromSchema::extractSubSchemas': JSONKeyValue.key reads only inside keyValuePairs->filter(kv|$kv.key.value == <key>) — the member access (a member is represented by its value)	compiler.spec.SpecCompiler.compile:108
FAILED	meta::external::format::json::schema::fromSchema::fragmentToFunction_String_1__JSONObject_1__String_$0_1$__Map_1__Profile_$0_1$__PackageableElement_1_	TypeInferenceException	in function 'meta::external::format::json::schema::fromSchema::fragmentToFunction': in call to 'meta::external::format::json::schema::fromSchema::updatePackagableElementWithPackage', argument 1: expected meta::pure::metamodel::PackageableElement, got {meta::pure::metamodel::type::Any[0..1] -> Boolean[1]}	compiler.spec.SpecCompiler.compile:108
FAILED	meta::external::format::json::schema::fromSchema::fragmentToValueSpecifcation_JSONElement_MANY__String_$0_1$__String_1__String_$0_1$__ValueSpecification_1__Boolean_$0_1$__JSONElement_$0_1$__ValueSpecification_1__Map_1__ValueSpecification_MANY_	TypeInferenceException	in function 'meta::external::format::json::schema::fromSchema::fragmentToValueSpecifcation': JSONKeyValue.key reads only inside keyValuePairs->filter(kv|$kv.key.value == <key>) — the member access (a member is represented by its value)	compiler.spec.SpecCompiler.compile:108
FAILED	meta::external::format::json::schema::fromSchema::functionConstraintMap_Boolean_1__Map_1_	TypeInferenceException	in function 'meta::external::format::json::schema::fromSchema::functionConstraintMap': declares return type Any>> but body returns Any> (expected meta::pure::metamodel::function::LambdaFunction, got meta::pure::metamodel::type::Any)	compiler.spec.SpecCompiler.compile:108
FAILED	meta::external::format::json::schema::fromSchema::getExtendedTags_JSONObject_1__String_1__JSONKeyValue_MANY_	TypeInferenceException	in function 'meta::external::format::json::schema::fromSchema::getExtendedTags': JSONKeyValue.key reads only inside keyValuePairs->filter(kv|$kv.key.value == <key>) — the member access (a member is represented by its value)	compiler.spec.SpecCompiler.compile:108
FAILED	meta::external::format::json::schema::fromSchema::getValueForKey_JSONKeyValue_MANY__String_1__JSONElement_MANY_	TypeInferenceException	in function 'meta::external::format::json::schema::fromSchema::getValueForKey': JSONKeyValue.key reads only inside keyValuePairs->filter(kv|$kv.key.value == <key>) — the member access (a member is represented by its value)	compiler.spec.SpecCompiler.compile:108
FAILED	meta::external::format::json::schema::fromSchema::isValidFormatTag_JSONString_$0_1$__Boolean_1_	TypeInferenceException	in function 'meta::external::format::json::schema::fromSchema::isValidFormatTag': unknown enumeration 'meta::json::schema::JSONSchemaTypeExtension'	compiler.spec.SpecCompiler.compile:108
FAILED	meta::external::format::json::schema::fromSchema::propertyObject_JSONKeyValue_1__Class_1__Boolean_1__JSONObject_1_	TypeInferenceException	in function 'meta::external::format::json::schema::fromSchema::propertyObject': JSONKeyValue.key reads only inside keyValuePairs->filter(kv|$kv.key.value == <key>) — the member access (a member is represented by its value)	compiler.spec.SpecCompiler.compile:108
FAILED	meta::external::format::json::schema::fromSchema::propertyParameter_Property_1__String_1__SimpleFunctionExpression_1_	ResolutionException	'system::imports::coreImport' is not a known class, mapping, runtime, connection, or database	compiler.spec.Typer.classReference:982
FAILED	meta::external::format::json::schema::fromSchema::tests::discriminatorTest__Boolean_1_	TypeInferenceException	in function 'meta::external::format::json::schema::fromSchema::tests::discriminatorTest': in call to 'meta::external::format::json::schema::fromSchema::tests::toSerializer', argument 1: expected meta::pure::metamodel::PackageableElement, got {meta::external::format::json::schema::fromSchema::tests::shared::Pet[1] -> Boolean[1]}	compiler.spec.SpecCompiler.compile:108
FAILED	meta::external::format::json::schema::fromSchema::tests::testFromJSONSchema__Boolean_1_	TypeInferenceException	in function 'meta::external::format::json::schema::fromSchema::tests::testFromJSONSchema': in call to 'meta::external::format::json::schema::fromSchema::tests::toSerializer', argument 1: expected meta::pure::metamodel::PackageableElement, got {meta::pure::metamodel::type::Any[0..1] -> Boolean[1]}	compiler.spec.SpecCompiler.compile:108
FAILED	meta::external::format::json::schema::generation::tests::testFunctionSchema__Boolean_1_	TypeInferenceException	in function 'meta::external::format::json::schema::generation::tests::testFunctionSchema': property 'scopeElements' of 'meta::external::format::json::schema::generation::JSONSchemaConfig': expected meta::pure::metamodel::PackageableElement, got meta::pure::metamodel::testable::Testable (value: PureCollection[values=[PackageableElementPtr[fullPath=meta::external::format::json::schema::tests::constraints::constraintFunctionSimpleNumber_Any_$0_1$__Boolean_1_, pos=SourceInfo[sourceId=, startLine=1830, startColumn=91, endLine=1830, endColumn=200]], PackageableElementPtr[fullPath=meta::external::format::json::schema::tests::ClassWithFunctionReference, pos=SourceInfo[sourceId=, startLine=1830,)	compiler.spec.SpecCompiler.compile:108
FAILED	meta::external::format::json::schema::generation::tests::testOpenAPI__Boolean_1_	TypeInferenceException	in function 'meta::external::format::json::schema::generation::tests::testOpenAPI': property 'scopeElements' of 'meta::external::format::json::schema::generation::JSONSchemaConfig': expected meta::pure::metamodel::PackageableElement, got meta::pure::metamodel::testable::Testable (value: PureCollection[values=[PackageableElementPtr[fullPath=meta::external::format::json::schema::tests::subtypeAnimal_Animal_1__Boolean_1_, pos=SourceInfo[sourceId=, startLine=1912, startColumn=92, endLine=1912, endColumn=170]], PackageableElementPtr[fullPath=meta::external::format::json::schema::tests::Animal, pos=SourceInfo[sourceId=, startLine=1913, startColumn=92, endLine=1913, endColumn=142]], Pac)	compiler.spec.SpecCompiler.compile:108
FAILED	meta::external::format::json::schema::generation::tests::testOpenAPIYAML__Boolean_1_	TypeInferenceException	in function 'meta::external::format::json::schema::generation::tests::testOpenAPIYAML': property 'scopeElements' of 'meta::external::format::json::schema::generation::JSONSchemaConfig': expected meta::pure::metamodel::PackageableElement, got meta::pure::metamodel::testable::Testable (value: PureCollection[values=[PackageableElementPtr[fullPath=meta::external::format::json::schema::tests::subtypeAnimal_Animal_1__Boolean_1_, pos=SourceInfo[sourceId=, startLine=2006, startColumn=92, endLine=2006, endColumn=170]], PackageableElementPtr[fullPath=meta::external::format::json::schema::tests::Animal, pos=SourceInfo[sourceId=, startLine=2007, startColumn=92, endLine=2007, endColumn=142]], Pac)	compiler.spec.SpecCompiler.compile:108
FAILED	meta::external::format::json::schema::generation::tests::testOpenAPIYAMLPlain__Boolean_1_	TypeInferenceException	in function 'meta::external::format::json::schema::generation::tests::testOpenAPIYAMLPlain': property 'scopeElements' of 'meta::external::format::json::schema::generation::JSONSchemaConfig': expected meta::pure::metamodel::PackageableElement, got meta::pure::metamodel::testable::Testable (value: PureCollection[values=[PackageableElementPtr[fullPath=meta::external::format::json::schema::tests::subtypeAnimal_Animal_1__Boolean_1_, pos=SourceInfo[sourceId=, startLine=2071, startColumn=92, endLine=2071, endColumn=170]], PackageableElementPtr[fullPath=meta::external::format::json::schema::tests::Animal, pos=SourceInfo[sourceId=, startLine=2072, startColumn=92, endLine=2072, endColumn=142]], Pac)	compiler.spec.SpecCompiler.compile:108
FAILED	meta::external::format::json::schema::isRef_JSONKeyValue_MANY__Boolean_1_	TypeInferenceException	in function 'meta::external::format::json::schema::isRef': JSONKeyValue.key reads only inside keyValuePairs->filter(kv|$kv.key.value == <key>) — the member access (a member is represented by its value)	compiler.spec.SpecCompiler.compile:108
FAILED	meta::external::format::json::schema::parsePureStringtoJSONValue_String_1__Type_1__JSONElement_1_	TypeInferenceException	in function 'meta::external::format::json::schema::parsePureStringtoJSONValue': in call to 'meta::pure::functions::collection::concatenate', argument 2: type variable T bound to meta::pure::metamodel::type::Type cannot also bind Class<meta::pure::metamodel::type::Number>	compiler.spec.SpecCompiler.compile:108
FAILED	meta::external::format::json::schema::tests::allPrimitivePropertiesOfClass__Boolean_1_	TypeInferenceException	in function 'meta::external::format::json::schema::tests::allPrimitivePropertiesOfClass': no overload of 'meta::pure::functions::collection::get' structurally matches the argument types (ExprType[type=GenericType[rawFqn=meta::pure::metamodel::function::property::Property, arguments=[ClassType[fqn=meta::external::format::json::schema::tests::PrimitiveTypeDomain], ClassType[fqn=meta::pure::metamodel::type::Any]], multArguments=[Bounded[lower=0, upper=null]]], multiplicity=Bounded[lower=0, upper=null]], ExprType[type=STRING, multiplicity=Bounded[lower=1, upper=1]]); [TypedParameter[name=m, type=GenericType[rawFqn=meta::pure::functions::collection::Map, arguments=[TypeVar[name=U], TypeVar[name=V]], multArguments=[]], multiplicity=Bounded[lower=1, upper=1]], TypedParameter[name=key, type=TypeVar[name=U], multiplicity=Bounded[lower=1, upper=1]]]; [TypedParameter[name=l, type=GenericType[rawFqn=meta::pure::functions::collection::List, arguments=[TypeVar[name=U]], multArguments=[]], multiplicity=Bounded[lower=1, upper=1]], TypedParameter[name=index, type=INTEGER, multiplicity=Bounded[lower=1, upper=1]]]; [TypedParameter[name=variant, type=ClassType[fqn=meta::pure::metamodel::variant::Variant], multiplicity=Bounded[lower=0, upper=1]], TypedParameter[name=key, type=STRING, multiplicity=Bounded[lower=1, upper=1]]]; [TypedParameter[name=variant, type=ClassType[fqn=meta::pure::metamodel::variant::Variant], multiplicity=Bounded[lower=0, upper=1]], TypedParameter[name=index, type=INTEGER, multiplicity=Bounded[lower=1, upper=1]]]	compiler.spec.SpecCompiler.compile:108
FAILED	meta::external::format::json::schema::tests::arrayMinMaxItemKeyValue__Boolean_1_	TypeInferenceException	in function 'meta::external::format::json::schema::tests::arrayMinMaxItemKeyValue': no overload of 'meta::pure::functions::collection::get' structurally matches the argument types (ExprType[type=GenericType[rawFqn=meta::pure::metamodel::function::property::Property, arguments=[ClassType[fqn=meta::external::format::json::schema::tests::PrimitiveTypeDomain], ClassType[fqn=meta::pure::metamodel::type::Any]], multArguments=[Bounded[lower=0, upper=null]]], multiplicity=Bounded[lower=0, upper=null]], ExprType[type=STRING, multiplicity=Bounded[lower=1, upper=1]]); [TypedParameter[name=m, type=GenericType[rawFqn=meta::pure::functions::collection::Map, arguments=[TypeVar[name=U], TypeVar[name=V]], multArguments=[]], multiplicity=Bounded[lower=1, upper=1]], TypedParameter[name=key, type=TypeVar[name=U], multiplicity=Bounded[lower=1, upper=1]]]; [TypedParameter[name=l, type=GenericType[rawFqn=meta::pure::functions::collection::List, arguments=[TypeVar[name=U]], multArguments=[]], multiplicity=Bounded[lower=1, upper=1]], TypedParameter[name=index, type=INTEGER, multiplicity=Bounded[lower=1, upper=1]]]; [TypedParameter[name=variant, type=ClassType[fqn=meta::pure::metamodel::variant::Variant], multiplicity=Bounded[lower=0, upper=1]], TypedParameter[name=key, type=STRING, multiplicity=Bounded[lower=1, upper=1]]]; [TypedParameter[name=variant, type=ClassType[fqn=meta::pure::metamodel::variant::Variant], multiplicity=Bounded[lower=0, upper=1]], TypedParameter[name=index, type=INTEGER, multiplicity=Bounded[lower=1, upper=1]]]	compiler.spec.SpecCompiler.compile:108
FAILED	meta::external::format::json::schema::tests::confirmPrimitiveProperty_JSONKeyValue_1__String_1__Boolean_1_	TypeInferenceException	in function 'meta::external::format::json::schema::tests::confirmPrimitiveProperty': JSONKeyValue.key reads only inside keyValuePairs->filter(kv|$kv.key.value == <key>) — the member access (a member is represented by its value)	compiler.spec.SpecCompiler.compile:108
FAILED	meta::external::format::json::schema::tests::convertPrimitiveTypeTest__Boolean_1_	TypeInferenceException	in function 'meta::external::format::json::schema::tests::convertPrimitiveTypeTest': in call to 'meta::external::format::json::schema::convertPrimitiveType', argument 1: expected meta::pure::metamodel::type::PrimitiveType, got Class<meta::pure::metamodel::type::String>	compiler.spec.SpecCompiler.compile:108
FAILED	meta::external::format::json::schema::tests::dateAndDateTimeJSONFormatTest__Boolean_1_	TypeInferenceException	in function 'meta::external::format::json::schema::tests::dateAndDateTimeJSONFormatTest': no overload of 'meta::pure::functions::collection::get' structurally matches the argument types (ExprType[type=GenericType[rawFqn=meta::pure::metamodel::function::property::Property, arguments=[ClassType[fqn=meta::external::format::json::schema::tests::PrimitiveTypeDomain], ClassType[fqn=meta::pure::metamodel::type::Any]], multArguments=[Bounded[lower=0, upper=null]]], multiplicity=Bounded[lower=0, upper=null]], ExprType[type=STRING, multiplicity=Bounded[lower=1, upper=1]]); [TypedParameter[name=m, type=GenericType[rawFqn=meta::pure::functions::collection::Map, arguments=[TypeVar[name=U], TypeVar[name=V]], multArguments=[]], multiplicity=Bounded[lower=1, upper=1]], TypedParameter[name=key, type=TypeVar[name=U], multiplicity=Bounded[lower=1, upper=1]]]; [TypedParameter[name=l, type=GenericType[rawFqn=meta::pure::functions::collection::List, arguments=[TypeVar[name=U]], multArguments=[]], multiplicity=Bounded[lower=1, upper=1]], TypedParameter[name=index, type=INTEGER, multiplicity=Bounded[lower=1, upper=1]]]; [TypedParameter[name=variant, type=ClassType[fqn=meta::pure::metamodel::variant::Variant], multiplicity=Bounded[lower=0, upper=1]], TypedParameter[name=key, type=STRING, multiplicity=Bounded[lower=1, upper=1]]]; [TypedParameter[name=variant, type=ClassType[fqn=meta::pure::metamodel::variant::Variant], multiplicity=Bounded[lower=0, upper=1]], TypedParameter[name=index, type=INTEGER, multiplicity=Bounded[lower=1, upper=1]]]	compiler.spec.SpecCompiler.compile:108
FAILED	meta::external::format::json::schema::tests::roundTrip::testCustomProfile__Boolean_1_	ResolutionException	'meta::external::format::json::schema::tests::profile' is not a known class, mapping, runtime, connection, or database	compiler.spec.Typer.classReference:982
FAILED	meta::external::format::json::schema::tests::roundTrip::testSchemaCollection__Boolean_1_	TypeInferenceException	in function 'meta::external::format::json::schema::tests::roundTrip::testSchemaCollection': in call to 'meta::external::format::json::schema::fromSchema::tests::testfromJSONSchema', argument 1: expected meta::pure::metamodel::PackageableElement, got {String[0..1] -> Boolean[1]}	compiler.spec.SpecCompiler.compile:108
FAILED	meta::external::format::json::schema::tests::roundTrip::testforceFunctionToObject__Boolean_1_	TypeInferenceException	in function 'meta::external::format::json::schema::tests::roundTrip::testforceFunctionToObject': property 'scopeElements' of 'meta::external::format::json::schema::generation::JSONSchemaConfig': expected meta::pure::metamodel::PackageableElement, got {meta::pure::metamodel::type::Any[0..1] -> Boolean[1]} (value: PureCollection[values=[PackageableElementPtr[fullPath=meta::external::format::json::schema::tests::functionForcedToObject_Any_$0_1$__Boolean_1_, pos=SourceInfo[sourceId=, startLine=306, startColumn=106, endLine=306, endColumn=194]]], pos=SourceInfo[sourceId=, startLine=306, startColumn=105, endLine=306, endColumn=195]])	compiler.spec.SpecCompiler.compile:108
FAILED	meta::external::format::shared::ExternalFormatFromPureDescriptor$constraint$configurationType_ExternalFormatFromPureDescriptor_1__Boolean_1_	WalledBodyException	walled body 'meta::external::format::shared::ExternalFormatFromPureDescriptor$constraint$configurationType': external-format binding validation — its reflection helper is in the refused stdlib-extension files	compiler.spec.SpecCompiler.compile:92
FAILED	meta::external::format::shared::ExternalFormatToPureDescriptor$constraint$configurationType_ExternalFormatToPureDescriptor_1__Boolean_1_	WalledBodyException	walled body 'meta::external::format::shared::ExternalFormatToPureDescriptor$constraint$configurationType': external-format binding validation — its reflection helper is in the refused stdlib-extension files	compiler.spec.SpecCompiler.compile:92
FAILED	meta::external::format::shared::executionPlan::extractPackageableElementFromTree_GraphFetchTree_1__PackageableElement_MANY_	TypeInferenceException	in function 'meta::external::format::shared::executionPlan::extractPackageableElementFromTree': in call to 'meta::pure::functions::collection::concatenate', argument 2: type variable T bound to meta::pure::metamodel::PackageableElement cannot also bind Class<meta::pure::metamodel::type::Any>	compiler.spec.SpecCompiler.compile:108
FAILED	meta::external::format::shared::executionPlan::getFunctionProcessor_SimpleFunctionExpression_1__Extension_MANY__Function_1_	TypeInferenceException	in function 'meta::external::format::shared::executionPlan::getFunctionProcessor': unbound type variable U	compiler.spec.SpecCompiler.compile:108
FAILED	meta::external::format::shared::executionPlan::internalizeFunctionProcessor_FunctionExpression_1__ExternalFormatPlanGenerationState_1__Extension_MANY__DebugContext_1__ExecutionNode_1_	TypeInferenceException	in function 'meta::external::format::shared::executionPlan::internalizeFunctionProcessor': unbound type variable U	compiler.spec.SpecCompiler.compile:108
FAILED	meta::external::store::relational::postgresSql::parser::parseSqlStatement_String_1__Statement_1_	TypeInferenceException	in function 'meta::external::store::relational::postgresSql::parser::parseSqlStatement': no overload of 'meta::json::fromJsonNative' accepts 3 argument(s)	compiler.spec.SpecCompiler.compile:108
FAILED	meta::external::store::relational::sqlDialectTranslation::argTransformFunctionProcessor_String_1__Function_1__FunctionProcessor_1_	TypeInferenceException	in function 'meta::external::store::relational::sqlDialectTranslation::argTransformFunctionProcessor': unbound type variable T	compiler.spec.SpecCompiler.compile:108
FAILED	meta::external::store::relational::sqlDialectTranslation::customFunctionProcessor_Function_1__FunctionProcessor_1_	TypeInferenceException	in function 'meta::external::store::relational::sqlDialectTranslation::customFunctionProcessor': unbound type variable T	compiler.spec.SpecCompiler.compile:108
FAILED	meta::external::store::relational::sqlDialectTranslation::defaults::functionCallProcessor_default__NodeProcessor_1_	TypeInferenceException	in function 'meta::external::store::relational::sqlDialectTranslation::defaults::functionCallProcessor_default': in call to 'meta::pure::functions::collection::get', argument 2: type variable U bound to Class<meta::external::store::relational::sqlDialectTranslation::functionRegistry::SqlFunction> cannot also bind meta::pure::metamodel::type::Type	compiler.spec.SpecCompiler.compile:108
FAILED	meta::external::store::relational::sqlDialectTranslation::defaults::windowFrameProcessor_default__NodeProcessor_1_	TypeInferenceException	in function 'meta::external::store::relational::sqlDialectTranslation::defaults::windowFrameProcessor_default': eval argument 1: multiplicity [0..1] is not compatible with [1]	compiler.spec.SpecCompiler.compile:108
FAILED	meta::external::store::relational::sqlDialectTranslation::functionRegistry::extensionFunctions::temporal::dateDiff__SqlFunction_1_	TypeInferenceException	in function 'meta::external::store::relational::sqlDialectTranslation::functionRegistry::extensionFunctions::temporal::dateDiff': cast expects (source, @Type)	compiler.spec.SpecCompiler.compile:108
FAILED	meta::external::store::relational::sqlDialectTranslation::functionRegistry::extensionFunctions::temporal::timeBucket__SqlFunction_1_	TypeInferenceException	in function 'meta::external::store::relational::sqlDialectTranslation::functionRegistry::extensionFunctions::temporal::timeBucket': cast expects (source, @Type)	compiler.spec.SpecCompiler.compile:108
FAILED	meta::external::store::relational::sqlDialectTranslation::functionRegistry::postgresNativeFunctions::conditional::greatest__SqlFunction_1_	TypeInferenceException	in function 'meta::external::store::relational::sqlDialectTranslation::functionRegistry::postgresNativeFunctions::conditional::greatest': cast expects (source, @Type)	compiler.spec.SpecCompiler.compile:108
FAILED	meta::external::store::relational::sqlDialectTranslation::functionRegistry::postgresNativeFunctions::conditional::least__SqlFunction_1_	TypeInferenceException	in function 'meta::external::store::relational::sqlDialectTranslation::functionRegistry::postgresNativeFunctions::conditional::least': cast expects (source, @Type)	compiler.spec.SpecCompiler.compile:108
FAILED	meta::external::store::relational::sqlDialectTranslation::functionRegistry::postgresNativeFunctions::numeric::acos__SqlFunction_1_	TypeInferenceException	in function 'meta::external::store::relational::sqlDialectTranslation::functionRegistry::postgresNativeFunctions::numeric::acos': cast expects (source, @Type)	compiler.spec.SpecCompiler.compile:108
FAILED	meta::external::store::relational::sqlDialectTranslation::functionRegistry::postgresNativeFunctions::numeric::asin__SqlFunction_1_	TypeInferenceException	in function 'meta::external::store::relational::sqlDialectTranslation::functionRegistry::postgresNativeFunctions::numeric::asin': cast expects (source, @Type)	compiler.spec.SpecCompiler.compile:108
FAILED	meta::external::store::relational::sqlDialectTranslation::functionRegistry::postgresNativeFunctions::string::stringToArray__SqlFunction_1_	TypeInferenceException	in function 'meta::external::store::relational::sqlDialectTranslation::functionRegistry::postgresNativeFunctions::string::stringToArray': cast expects (source, @Type)	compiler.spec.SpecCompiler.compile:108
FAILED	meta::external::store::relational::sqlDialectTranslation::h2::dateFormatSpecifierForH2_String_1__String_1_	TypeInferenceException	in function 'meta::external::store::relational::sqlDialectTranslation::h2::dateFormatSpecifierForH2': no overload of 'meta::external::store::relational::sqlDialectTranslation::functionRegistry::postgresNativeFunctions::string::replace' accepts 2 argument(s)	compiler.spec.SpecCompiler.compile:108
FAILED	meta::external::store::relational::sqlDialectTranslation::h2::windowFrameProcessorForH2__NodeProcessor_1_	TypeInferenceException	in function 'meta::external::store::relational::sqlDialectTranslation::h2::windowFrameProcessorForH2': eval argument 1: multiplicity [0..1] is not compatible with [1]	compiler.spec.SpecCompiler.compile:108
FAILED	meta::external::store::relational::sqlDialectTranslation::simpleFunctionProcessor_String_MANY__FunctionProcessor_1_	TypeInferenceException	in function 'meta::external::store::relational::sqlDialectTranslation::simpleFunctionProcessor': unbound type variable T	compiler.spec.SpecCompiler.compile:108
FAILED	meta::external::store::relational::sqlDialectTranslation::withinGroupFunctionProcessor_String_MANY__FunctionProcessor_1_	TypeInferenceException	in function 'meta::external::store::relational::sqlDialectTranslation::withinGroupFunctionProcessor': unbound type variable T	compiler.spec.SpecCompiler.compile:108
FAILED	meta::json::anyToJSON_Any_1__JSONState_1__Integer_$0_1$__Config_1__JSONElement_1_	TypeInferenceException	in function 'meta::json::anyToJSON': eval argument 1: expected Property<meta::pure::metamodel::type::Nil, meta::pure::metamodel::type::Any>, got AbstractProperty<meta::pure::metamodel::type::Any>	compiler.spec.SpecCompiler.compile:108
FAILED	meta::json::buildLambdas_Function_MANY__Integer_$0_1$__Config_1__Function_$1_MANY$_	TypeInferenceException	in function 'meta::json::buildLambdas': in call to 'meta::pure::functions::cipher::encrypt', argument 1: expected String, got Number	compiler.spec.SpecCompiler.compile:108
FAILED	meta::json::createObjectValue_JSONObject_1__Class_1__Pair_MANY__JSONDeserializationConfig_1__Any_MANY_	TypeInferenceException	in function 'meta::json::createObjectValue': JSONKeyValue.key reads only inside keyValuePairs->filter(kv|$kv.key.value == <key>) — the member access (a member is represented by its value)	compiler.spec.SpecCompiler.compile:108
FAILED	meta::json::createValueFromObject_JSONObject_1__Type_$0_1$__Property_$0_1$__Pair_MANY__JSONDeserializationConfig_1__Any_MANY_	TypeInferenceException	in function 'meta::json::createValueFromObject': JSONKeyValue.key reads only inside keyValuePairs->filter(kv|$kv.key.value == <key>) — the member access (a member is represented by its value)	compiler.spec.SpecCompiler.compile:108
FAILED	meta::json::defaultConfigWithCipher_String_1__Config_1_	TypeInferenceException	in function 'meta::json::defaultConfigWithCipher': unknown enumeration 'meta::pure::profiles::cipher'	compiler.spec.SpecCompiler.compile:108
FAILED	meta::json::defaultConfigWithDecipher_String_1__Config_1_	TypeInferenceException	in function 'meta::json::defaultConfigWithDecipher': unknown enumeration 'meta::pure::profiles::cipher'	compiler.spec.SpecCompiler.compile:108
FAILED	meta::json::findClasses_JSONObject_1__Class_1__Pair_MANY__JSONDeserializationConfig_1__AbstractProperty_MANY__Class_MANY_	TypeInferenceException	in function 'meta::json::findClasses': JSONKeyValue.key reads only inside keyValuePairs->filter(kv|$kv.key.value == <key>) — the member access (a member is represented by its value)	compiler.spec.SpecCompiler.compile:108
FAILED	meta::json::fromJsonDeprecated_String_1__Class_1__T_1_	TypeInferenceException	in function 'meta::json::fromJsonDeprecated': no overload of 'meta::json::fromJsonDeprecated' accepts 3 argument(s)	compiler.spec.SpecCompiler.compile:108
FAILED	meta::json::fromJsonNative_String_1__Class_1__T_1_	TypeInferenceException	in function 'meta::json::fromJsonNative': no overload of 'meta::json::fromJsonNative' accepts 3 argument(s)	compiler.spec.SpecCompiler.compile:108
FAILED	meta::json::hasValidProperties_JSONObject_1__Class_1__Pair_MANY__JSONDeserializationConfig_1__Boolean_1_	TypeInferenceException	in function 'meta::json::hasValidProperties': JSONKeyValue.key reads only inside keyValuePairs->filter(kv|$kv.key.value == <key>) — the member access (a member is represented by its value)	compiler.spec.SpecCompiler.compile:108
FAILED	meta::json::jsonKeyValuesEquivalent_JSONKeyValue_1__JSONKeyValue_1__Boolean_1_	TypeInferenceException	in function 'meta::json::jsonKeyValuesEquivalent': JSONKeyValue.key reads only inside keyValuePairs->filter(kv|$kv.key.value == <key>) — the member access (a member is represented by its value)	compiler.spec.SpecCompiler.compile:108
FAILED	meta::json::jsonObjectsEquivalent_JSONObject_1__JSONObject_1__Boolean_1_	TypeInferenceException	in function 'meta::json::jsonObjectsEquivalent': JSONKeyValue.key reads only inside keyValuePairs->filter(kv|$kv.key.value == <key>) — the member access (a member is represented by its value)	compiler.spec.SpecCompiler.compile:108
FAILED	meta::json::optimizedTdsToJSONKeyValueObjectStringStream_TabularDataSet_1__String_MANY_	TypeInferenceException	in function 'meta::json::optimizedTdsToJSONKeyValueObjectStringStream': no overload of 'meta::pure::functions::collection::get' structurally matches the argument types (ExprType[type=RelationType[columns=[], dynamicColumns=[Column[name=*, type=ClassType[fqn=meta::pure::metamodel::type::Any], multiplicity=Bounded[lower=0, upper=1]]]], multiplicity=Bounded[lower=1, upper=1]], ExprType[type=STRING, multiplicity=Bounded[lower=1, upper=1]]); [TypedParameter[name=m, type=GenericType[rawFqn=meta::pure::functions::collection::Map, arguments=[TypeVar[name=U], TypeVar[name=V]], multArguments=[]], multiplicity=Bounded[lower=1, upper=1]], TypedParameter[name=key, type=TypeVar[name=U], multiplicity=Bounded[lower=1, upper=1]]]; [TypedParameter[name=l, type=GenericType[rawFqn=meta::pure::functions::collection::List, arguments=[TypeVar[name=U]], multArguments=[]], multiplicity=Bounded[lower=1, upper=1]], TypedParameter[name=index, type=INTEGER, multiplicity=Bounded[lower=1, upper=1]]]; [TypedParameter[name=variant, type=ClassType[fqn=meta::pure::metamodel::variant::Variant], multiplicity=Bounded[lower=0, upper=1]], TypedParameter[name=key, type=STRING, multiplicity=Bounded[lower=1, upper=1]]]; [TypedParameter[name=variant, type=ClassType[fqn=meta::pure::metamodel::variant::Variant], multiplicity=Bounded[lower=0, upper=1]], TypedParameter[name=index, type=INTEGER, multiplicity=Bounded[lower=1, upper=1]]]	compiler.spec.SpecCompiler.compile:108
FAILED	meta::json::recurse_Any_MANY__Any_$0_1$__Boolean_1__Boolean_1__JSONState_1__JSONElement_1_	TypeInferenceException	in function 'meta::json::recurse': match expects a collection of branch lambdas	compiler.spec.SpecCompiler.compile:108
FAILED	meta::json::sort_JSONElement_1__JSONElement_1_	TypeInferenceException	in function 'meta::json::sort': JSONKeyValue.key reads only inside keyValuePairs->filter(kv|$kv.key.value == <key>) — the member access (a member is represented by its value)	compiler.spec.SpecCompiler.compile:108
FAILED	meta::json::tdsRowToJSONKeyValueObject_TDSRow_1__TDSColumn_MANY__String_1_	TypeInferenceException	in function 'meta::json::tdsRowToJSONKeyValueObject': no overload of 'meta::pure::functions::collection::get' structurally matches the argument types (ExprType[type=RelationType[columns=[], dynamicColumns=[Column[name=*, type=ClassType[fqn=meta::pure::metamodel::type::Any], multiplicity=Bounded[lower=0, upper=1]]]], multiplicity=Bounded[lower=1, upper=1]], ExprType[type=STRING, multiplicity=Bounded[lower=1, upper=1]]); [TypedParameter[name=m, type=GenericType[rawFqn=meta::pure::functions::collection::Map, arguments=[TypeVar[name=U], TypeVar[name=V]], multArguments=[]], multiplicity=Bounded[lower=1, upper=1]], TypedParameter[name=key, type=TypeVar[name=U], multiplicity=Bounded[lower=1, upper=1]]]; [TypedParameter[name=l, type=GenericType[rawFqn=meta::pure::functions::collection::List, arguments=[TypeVar[name=U]], multArguments=[]], multiplicity=Bounded[lower=1, upper=1]], TypedParameter[name=index, type=INTEGER, multiplicity=Bounded[lower=1, upper=1]]]; [TypedParameter[name=variant, type=ClassType[fqn=meta::pure::metamodel::variant::Variant], multiplicity=Bounded[lower=0, upper=1]], TypedParameter[name=key, type=STRING, multiplicity=Bounded[lower=1, upper=1]]]; [TypedParameter[name=variant, type=ClassType[fqn=meta::pure::metamodel::variant::Variant], multiplicity=Bounded[lower=0, upper=1]], TypedParameter[name=index, type=INTEGER, multiplicity=Bounded[lower=1, upper=1]]]	compiler.spec.SpecCompiler.compile:108
FAILED	meta::json::tests::TestGenericsPair$prop$toString_TestGenericsPair_1__String_1_	TypeInferenceException	in function 'meta::json::tests::TestGenericsPair$prop$toString': no common supertype for U and V	compiler.spec.SpecCompiler.compile:108
FAILED	meta::json::tests::fromJson::ambiguityResolvedByHint__Boolean_1_	TypeInferenceException	in function 'meta::json::tests::fromJson::ambiguityResolvedByHint': no overload of 'meta::json::fromJsonNative' accepts 3 argument(s)	compiler.spec.SpecCompiler.compile:108
FAILED	meta::json::tests::fromJson::notStrictJson__Boolean_1_	TypeInferenceException	in function 'meta::json::tests::fromJson::notStrictJson': no overload of 'meta::json::fromJsonNative' accepts 3 argument(s)	compiler.spec.SpecCompiler.compile:108
FAILED	meta::json::tests::tdsFunction__TabularDataSet_1_	TypeInferenceException	in function 'meta::json::tests::tdsFunction': property 'rows' of 'meta::pure::tds::TabularDataSet': expected (), got meta::pure::tds::TDSRow (value: PureCollection[values=[AppliedFunction[function=new, parameters=[PackageableElementPtr[fullPath=meta::pure::tds::TDSRow, pos=null], NewInstance[className=meta::pure::tds::TDSRow, typeArguments=[], typeMultiplicityArguments=[], properties=[KeyBinding[key=values, expression=KeyExpression[value=PureCollection[values=[CInteger[value=1, pos=SourceInfo[sourceId=, startLine=280, startColumn=42, endLine=2)	compiler.spec.SpecCompiler.compile:108
FAILED	meta::json::tests::tdsFunctionWithInputs_String_1__TabularDataSet_1_	TypeInferenceException	in function 'meta::json::tests::tdsFunctionWithInputs': property 'rows' of 'meta::pure::tds::TabularDataSet': expected (), got meta::pure::tds::TDSRow (value: PureCollection[values=[AppliedFunction[function=new, parameters=[PackageableElementPtr[fullPath=meta::pure::tds::TDSRow, pos=null], NewInstance[className=meta::pure::tds::TDSRow, typeArguments=[], typeMultiplicityArguments=[], properties=[KeyBinding[key=values, expression=KeyExpression[value=PureCollection[values=[CInteger[value=1, pos=SourceInfo[sourceId=, startLine=287, startColumn=42, endLine=2)	compiler.spec.SpecCompiler.compile:108
FAILED	meta::json::tests::testAssociation__Boolean_1_	ResolutionException	'meta::json::tests::TestAssociation' is not a known class, mapping, runtime, connection, or database	compiler.spec.Typer.classReference:982
FAILED	meta::json::tests::testSerializeWithTree__Boolean_1_	TypeInferenceException	in function 'meta::json::tests::testSerializeWithTree': deferred let binding '$tree1' has no type outside a consuming call position (tree/colspec bindings resolve at their call sites)	compiler.spec.SpecCompiler.compile:108
FAILED	meta::json::tests::testSerializeWithTreeAndConfig__Boolean_1_	TypeInferenceException	in function 'meta::json::tests::testSerializeWithTreeAndConfig': deferred let binding '$tree' has no type outside a consuming call position (tree/colspec bindings resolve at their call sites)	compiler.spec.SpecCompiler.compile:108
FAILED	meta::json::tests::testTDSToJson__Boolean_1_	TypeInferenceException	in function 'meta::json::tests::testTDSToJson': property 'rows' of 'meta::pure::tds::TabularDataSet': expected (), got meta::pure::tds::TDSRow (value: PureCollection[values=[AppliedFunction[function=new, parameters=[PackageableElementPtr[fullPath=meta::pure::tds::TDSRow, pos=null], NewInstance[className=meta::pure::tds::TDSRow, typeArguments=[], typeMultiplicityArguments=[], properties=[KeyBinding[key=values, expression=KeyExpression[value=PureCollection[values=[CInteger[value=1, pos=SourceInfo[sourceId=, startLine=244, startColumn=42, endLine=2)	compiler.spec.SpecCompiler.compile:108
FAILED	meta::json::tests::testTDSToJsonKeyValueObjectStream__Boolean_1_	TypeInferenceException	in function 'meta::json::tests::testTDSToJsonKeyValueObjectStream': property 'rows' of 'meta::pure::tds::TabularDataSet': expected (), got meta::pure::tds::TDSRow (value: PureCollection[values=[AppliedFunction[function=new, parameters=[PackageableElementPtr[fullPath=meta::pure::tds::TDSRow, pos=null], NewInstance[className=meta::pure::tds::TDSRow, typeArguments=[], typeMultiplicityArguments=[], properties=[KeyBinding[key=values, expression=KeyExpression[value=PureCollection[values=[CInteger[value=1, pos=SourceInfo[sourceId=, startLine=262, startColumn=42, endLine=2)	compiler.spec.SpecCompiler.compile:108
FAILED	meta::json::tests::testTDSToJsonStream__Boolean_1_	TypeInferenceException	in function 'meta::json::tests::testTDSToJsonStream': property 'rows' of 'meta::pure::tds::TabularDataSet': expected (), got meta::pure::tds::TDSRow (value: PureCollection[values=[AppliedFunction[function=new, parameters=[PackageableElementPtr[fullPath=meta::pure::tds::TDSRow, pos=null], NewInstance[className=meta::pure::tds::TDSRow, typeArguments=[], typeMultiplicityArguments=[], properties=[KeyBinding[key=values, expression=KeyExpression[value=PureCollection[values=[CInteger[value=1, pos=SourceInfo[sourceId=, startLine=253, startColumn=42, endLine=2)	compiler.spec.SpecCompiler.compile:108
FAILED	meta::json::tests::testToJsonForMilestonedAssociation__Boolean_1_	ResolutionException	'meta::json::tests::TestAssociationWithMilestoning' is not a known class, mapping, runtime, connection, or database	compiler.spec.Typer.classReference:982
FAILED	meta::json::tests::testToJsonForMilestonedClass__Boolean_1_	TypeInferenceException	in function 'meta::json::tests::testToJsonForMilestonedClass': in call to 'meta::pure::functions::collection::concatenate', argument 2: type variable T bound to Property<meta::json::tests::TestClass1WithMilestoning, meta::pure::metamodel::type::Any> cannot also bind QualifiedProperty<meta::pure::metamodel::type::Any>	compiler.spec.SpecCompiler.compile:108
FAILED	meta::json::tests::testToJsonForMilestonedClassInstance__Boolean_1_	TypeInferenceException	in function 'meta::json::tests::testToJsonForMilestonedClassInstance': class 'meta::json::tests::TestClass2WithMilestoning' has no property 'businessDate'	compiler.spec.SpecCompiler.compile:108
FAILED	meta::json::tests::testToJsonWithDecryption__Boolean_1_	TypeInferenceException	in function 'meta::json::tests::testToJsonWithDecryption': unknown enumeration 'meta::pure::profiles::cipher'	compiler.spec.SpecCompiler.compile:108
FAILED	meta::json::tests::toJson::propertyComparator_Any_1__Any_1__Any_MANY__Boolean_1_	TypeInferenceException	in function 'meta::json::tests::toJson::propertyComparator': unbound multiplicity variable m	compiler.spec.SpecCompiler.compile:108
FAILED	meta::json::tests::toJson::testMetamodelSerialization__Boolean_1_	TypeInferenceException	in function 'meta::json::tests::toJson::testMetamodelSerialization': no overload of 'meta::json::toJsonBeta' accepts 2 argument(s)	compiler.spec.SpecCompiler.compile:108
FAILED	meta::json::tests::toJson::testSerializationAndDecryption__Boolean_1_	TypeInferenceException	in function 'meta::json::tests::toJson::testSerializationAndDecryption': unknown enumeration 'meta::pure::profiles::cipher'	compiler.spec.SpecCompiler.compile:108
FAILED	meta::json::tests::toJson::testSerializationAndEncryption__Boolean_1_	TypeInferenceException	in function 'meta::json::tests::toJson::testSerializationAndEncryption': unknown enumeration 'meta::pure::profiles::cipher'	compiler.spec.SpecCompiler.compile:108
FAILED	meta::json::tests::toJson::testSerializeCustomDateTimeFormat__Boolean_1_	TypeInferenceException	in function 'meta::json::tests::toJson::testSerializeCustomDateTimeFormat': no overload of 'meta::json::toJsonBeta' accepts 2 argument(s)	compiler.spec.SpecCompiler.compile:108
FAILED	meta::json::tests::toJson::testSerializeManyInstancesAsJsonArray__Boolean_1_	TypeInferenceException	in function 'meta::json::tests::toJson::testSerializeManyInstancesAsJsonArray': no overload of 'meta::json::toJsonBeta' accepts 2 argument(s)	compiler.spec.SpecCompiler.compile:108
FAILED	meta::json::tests::toJson::testSerializePackageableElementName__Boolean_1_	TypeInferenceException	in function 'meta::json::tests::toJson::testSerializePackageableElementName': no overload of 'meta::json::toJsonBeta' accepts 2 argument(s)	compiler.spec.SpecCompiler.compile:108
FAILED	meta::json::tests::toJson::testSerializeQualifiedProperty__Boolean_1_	TypeInferenceException	in function 'meta::json::tests::toJson::testSerializeQualifiedProperty': no overload of 'meta::json::toJsonBeta' accepts 2 argument(s)	compiler.spec.SpecCompiler.compile:108
FAILED	meta::json::tests::toJson::testSerializeRemoveEmptyProperties__Boolean_1_	TypeInferenceException	in function 'meta::json::tests::toJson::testSerializeRemoveEmptyProperties': no overload of 'meta::json::toJsonBeta' accepts 2 argument(s)	compiler.spec.SpecCompiler.compile:108
FAILED	meta::json::tests::toJson::testSerializeWithType__Boolean_1_	TypeInferenceException	in function 'meta::json::tests::toJson::testSerializeWithType': no overload of 'meta::json::toJsonBeta' accepts 2 argument(s)	compiler.spec.SpecCompiler.compile:108
FAILED	meta::json::toCompactJSONStrings_JSONElement_1__String_MANY_	TypeInferenceException	in function 'meta::json::toCompactJSONStrings': JSONKeyValue.key reads only inside keyValuePairs->filter(kv|$kv.key.value == <key>) — the member access (a member is represented by its value)	compiler.spec.SpecCompiler.compile:108
FAILED	meta::json::toJSONElement_Any_MANY__Function_MANY__Integer_$0_1$__Config_1__PropertyPathTreeNode_$0_1$__Boolean_1__Boolean_1__JSONElement_1_	TypeInferenceException	in function 'meta::json::toJSONElement': match expects a collection of branch lambdas	compiler.spec.SpecCompiler.compile:108
FAILED	meta::json::toJSONElement_Any_MANY__Function_MANY__Integer_$0_1$__Config_1__GraphFetchTree_1__Boolean_1__Boolean_1__JSONElement_1_	TypeInferenceException	in function 'meta::json::toJSONElement': match expects a collection of branch lambdas	compiler.spec.SpecCompiler.compile:108
FAILED	meta::json::toJsonBeta_Any_MANY__String_1_	TypeInferenceException	in function 'meta::json::toJsonBeta': no overload of 'meta::json::toJsonBeta' accepts 2 argument(s)	compiler.spec.SpecCompiler.compile:108
FAILED	meta::json::toJsonNative_Any_MANY__JSONSerializationConfig_1__String_1_	TypeInferenceException	in function 'meta::json::toJsonNative': no overload of 'meta::json::toJsonBeta' accepts 2 argument(s)	compiler.spec.SpecCompiler.compile:108
FAILED	meta::json::toPrettyJSONString_JSONElement_1__Integer_1__String_1_	TypeInferenceException	in function 'meta::json::toPrettyJSONString': JSONKeyValue.key reads only inside keyValuePairs->filter(kv|$kv.key.value == <key>) — the member access (a member is represented by its value)	compiler.spec.SpecCompiler.compile:108
FAILED	meta::legend::compiler::match::_findAllSpecializations_Type_1__Type_MANY_	TypeInferenceException	in function 'meta::legend::compiler::match::_findAllSpecializations': in call to 'meta::pure::functions::date::add', argument 2: type variable T bound to meta::pure::metamodel::type::Type cannot also bind Class<meta::pure::metamodel::type::Nil>	compiler.spec.SpecCompiler.compile:108
FAILED	meta::legend::service::assignValueInFunctionDefinitionForKey_FunctionDefinition_1__String_1__FunctionDefinition_1_	ResolutionException	'system::imports::coreImport' is not a known class, mapping, runtime, connection, or database	compiler.spec.Typer.classReference:982
FAILED	meta::legend::service::serviceExtension__Extension_1_	TypeInferenceException	in function 'meta::legend::service::serviceExtension': unknown function 'wrapValueSpec' — no function of this name in the native or user catalog (unported platform function, or a misspelling)	compiler.spec.SpecCompiler.compile:108
FAILED	meta::protocols::pure::v1_18_0::invocation::execution::execute::alloyExecute_FunctionDefinition_1__Mapping_1__Runtime_1__ExecutionContext_$0_1$__String_1__Integer_1__String_1__String_1__Extension_MANY__Result_1_	TypeInferenceException	in function 'meta::protocols::pure::v1_18_0::invocation::execution::execute::alloyExecute': unknown function 'serializerExtension' — no function of this name in the native or user catalog (unported platform function, or a misspelling)	compiler.spec.SpecCompiler.compile:108
FAILED	meta::protocols::pure::v1_18_0::invocation::execution::execute::processCSV_M2M_String_1__Class_1__JSONObject_1__Pair_1_	TypeInferenceException	in function 'meta::protocols::pure::v1_18_0::invocation::execution::execute::processCSV_M2M': JSONKeyValue.key reads only inside keyValuePairs->filter(kv|$kv.key.value == <key>) — the member access (a member is represented by its value)	compiler.spec.SpecCompiler.compile:108
FAILED	meta::protocols::pure::v1_18_0::transformation::fromPureGraph::buildBasePureModelFromMapping_Mapping_MANY__Function_1__Extension_MANY__Pair_1_	TypeInferenceException	in function 'meta::protocols::pure::v1_18_0::transformation::fromPureGraph::buildBasePureModelFromMapping': unknown function 'serializerExtension' — no function of this name in the native or user catalog (unported platform function, or a misspelling)	compiler.spec.SpecCompiler.compile:108
FAILED	meta::protocols::pure::v1_18_0::transformation::fromPureGraph::buildBasePureModelFromMappingStr_String_1__Extension_MANY__String_1_	TypeInferenceException	in function 'meta::protocols::pure::v1_18_0::transformation::fromPureGraph::buildBasePureModelFromMappingStr': no overload of 'meta::json::toJsonBeta' accepts 2 argument(s)	compiler.spec.SpecCompiler.compile:108
FAILED	meta::protocols::pure::v1_18_0::transformation::fromPureGraph::buildBasePureModelFromPackageStr_String_1__Extension_MANY__String_1_	TypeInferenceException	in function 'meta::protocols::pure::v1_18_0::transformation::fromPureGraph::buildBasePureModelFromPackageStr': no overload of 'meta::json::toJsonBeta' accepts 2 argument(s)	compiler.spec.SpecCompiler.compile:108
FAILED	meta::protocols::pure::v1_18_0::transformation::fromPureGraph::buildDomain_AllTypes_1__Association_MANY__Function_1__Extension_MANY__PackageableElement_MANY_	TypeInferenceException	in function 'meta::protocols::pure::v1_18_0::transformation::fromPureGraph::buildDomain': 'meta::pure::functions::collection::filter' expects a lambda argument in position 1	compiler.spec.SpecCompiler.compile:108
FAILED	meta::protocols::pure::v1_18_0::transformation::fromPureGraph::context::transformContext_ExecutionContext_1__Extension_MANY__ExecutionContext_1_	TypeInferenceException	in function 'meta::protocols::pure::v1_18_0::transformation::fromPureGraph::context::transformContext': unknown function 'serializerExtension' — no function of this name in the native or user catalog (unported platform function, or a misspelling)	compiler.spec.SpecCompiler.compile:108
FAILED	meta::protocols::pure::v1_18_0::transformation::fromPureGraph::excludeTypes_Type_MANY__String_MANY__Type_MANY_	TypeInferenceException	in function 'meta::protocols::pure::v1_18_0::transformation::fromPureGraph::excludeTypes': in call to 'meta::pure::functions::collection::remove', argument 2: type variable T bound to meta::pure::metamodel::type::Type cannot also bind Class<meta::pure::metamodel::type::Any>	compiler.spec.SpecCompiler.compile:108
FAILED	meta::protocols::pure::v1_18_0::transformation::fromPureGraph::executionPlan::transformNode_ExecutionNode_1__Mapping_1__Extension_MANY__ExecutionNode_1_	TypeInferenceException	in function 'meta::protocols::pure::v1_18_0::transformation::fromPureGraph::executionPlan::transformNode': unknown function 'serializerExtension' — no function of this name in the native or user catalog (unported platform function, or a misspelling)	compiler.spec.SpecCompiler.compile:108
FAILED	meta::protocols::pure::v1_18_0::transformation::fromPureGraph::executionPlan::transformResultType_ResultType_1__Mapping_1__Extension_MANY__ResultType_1_	TypeInferenceException	in function 'meta::protocols::pure::v1_18_0::transformation::fromPureGraph::executionPlan::transformResultType': unknown function 'serializerExtension' — no function of this name in the native or user catalog (unported platform function, or a misspelling)	compiler.spec.SpecCompiler.compile:108
FAILED	meta::protocols::pure::v1_18_0::transformation::fromPureGraph::executionPlan::transformSetImplementation_SetImplementation_1__Extension_MANY__SetImplementationInfo_1_	TypeInferenceException	in function 'meta::protocols::pure::v1_18_0::transformation::fromPureGraph::executionPlan::transformSetImplementation': unknown function 'serializerExtension' — no function of this name in the native or user catalog (unported platform function, or a misspelling)	compiler.spec.SpecCompiler.compile:108
FAILED	meta::protocols::pure::v1_18_0::transformation::fromPureGraph::extractStores_SetImplementation_1__Mapping_1__Extension_MANY__Store_MANY_	TypeInferenceException	in function 'meta::protocols::pure::v1_18_0::transformation::fromPureGraph::extractStores': unknown function 'serializerExtension' — no function of this name in the native or user catalog (unported platform function, or a misspelling)	compiler.spec.SpecCompiler.compile:108
FAILED	meta::protocols::pure::v1_18_0::transformation::fromPureGraph::findAllTypes_Type_MANY__String_MANY__AllTypes_1_	TypeInferenceException	in function 'meta::protocols::pure::v1_18_0::transformation::fromPureGraph::findAllTypes': in call to 'meta::pure::functions::collection::remove', argument 2: type variable T bound to meta::pure::metamodel::type::Type cannot also bind Class<meta::pure::metamodel::type::Any>	compiler.spec.SpecCompiler.compile:108
FAILED	meta::protocols::pure::v1_18_0::transformation::fromPureGraph::findAllTypesFromMapping_Mapping_1__Extension_MANY__AllTypes_1_	TypeInferenceException	in function 'meta::protocols::pure::v1_18_0::transformation::fromPureGraph::findAllTypesFromMapping': unknown function 'serializerExtension' — no function of this name in the native or user catalog (unported platform function, or a misspelling)	compiler.spec.SpecCompiler.compile:108
FAILED	meta::protocols::pure::v1_18_0::transformation::fromPureGraph::findInheritedTypes_Class_MANY__Type_MANY_	TypeInferenceException	in function 'meta::protocols::pure::v1_18_0::transformation::fromPureGraph::findInheritedTypes': in call to 'meta::pure::functions::collection::concatenate', argument 2: type variable T bound to Class<meta::pure::metamodel::type::Any> cannot also bind meta::pure::metamodel::type::Type	compiler.spec.SpecCompiler.compile:108
FAILED	meta::protocols::pure::v1_18_0::transformation::fromPureGraph::findTypesFromPureInstanceSetImplementation_PureInstanceSetImplementation_1__Type_MANY_	TypeInferenceException	in function 'meta::protocols::pure::v1_18_0::transformation::fromPureGraph::findTypesFromPureInstanceSetImplementation': in call to 'meta::pure::functions::collection::concatenate', argument 2: type variable T bound to Class<meta::pure::metamodel::type::Any> cannot also bind meta::pure::metamodel::type::Type	compiler.spec.SpecCompiler.compile:108
FAILED	meta::protocols::pure::v1_18_0::transformation::fromPureGraph::mapping::transformAssociationImplementation_AssociationImplementation_1__Mapping_1__Extension_MANY__AssociationMapping_1_	TypeInferenceException	in function 'meta::protocols::pure::v1_18_0::transformation::fromPureGraph::mapping::transformAssociationImplementation': unknown function 'serializerExtension' — no function of this name in the native or user catalog (unported platform function, or a misspelling)	compiler.spec.SpecCompiler.compile:108
FAILED	meta::protocols::pure::v1_18_0::transformation::fromPureGraph::mapping::transformMapping_Mapping_1__Extension_MANY__Mapping_1_	TypeInferenceException	in function 'meta::protocols::pure::v1_18_0::transformation::fromPureGraph::mapping::transformMapping': unknown function 'serializerExtension' — no function of this name in the native or user catalog (unported platform function, or a misspelling)	compiler.spec.SpecCompiler.compile:108
FAILED	meta::protocols::pure::v1_18_0::transformation::fromPureGraph::mapping::transformSetImplementation_SetImplementation_1__Mapping_1__Extension_MANY__ClassMapping_1_	TypeInferenceException	in function 'meta::protocols::pure::v1_18_0::transformation::fromPureGraph::mapping::transformSetImplementation': unknown function 'serializerExtension' — no function of this name in the native or user catalog (unported platform function, or a misspelling)	compiler.spec.SpecCompiler.compile:108
FAILED	meta::protocols::pure::v1_18_0::transformation::fromPureGraph::navigateAssos_Type_MANY__Type_MANY__String_MANY__Type_MANY_	TypeInferenceException	in function 'meta::protocols::pure::v1_18_0::transformation::fromPureGraph::navigateAssos': in call to 'meta::pure::functions::collection::concatenate', argument 2: type variable T bound to Class<meta::pure::metamodel::type::Any> cannot also bind meta::pure::metamodel::type::Type	compiler.spec.SpecCompiler.compile:108
FAILED	meta::protocols::pure::v1_18_0::transformation::fromPureGraph::processProperties_PropertyMappingsImplementation_1__Mapping_1__Extension_MANY__Store_MANY_	TypeInferenceException	in function 'meta::protocols::pure::v1_18_0::transformation::fromPureGraph::processProperties': unknown function 'serializerExtension' — no function of this name in the native or user catalog (unported platform function, or a misspelling)	compiler.spec.SpecCompiler.compile:108
FAILED	meta::protocols::pure::v1_18_0::transformation::fromPureGraph::runtime::transformConnection_Connection_1__Extension_MANY__Connection_1_	TypeInferenceException	in function 'meta::protocols::pure::v1_18_0::transformation::fromPureGraph::runtime::transformConnection': unknown function 'serializerExtension' — no function of this name in the native or user catalog (unported platform function, or a misspelling)	compiler.spec.SpecCompiler.compile:108
FAILED	meta::protocols::pure::v1_18_0::transformation::fromPureGraph::scan_Any_1__FunctionDefinition_MANY__Type_MANY_	TypeInferenceException	in function 'meta::protocols::pure::v1_18_0::transformation::fromPureGraph::scan': in call to 'meta::pure::functions::collection::concatenate', argument 2: type variable T bound to FunctionDefinition<meta::pure::metamodel::type::Any> cannot also bind ConcreteFunctionDefinition<meta::pure::metamodel::type::Any>	compiler.spec.SpecCompiler.compile:108
FAILED	meta::protocols::pure::v1_18_0::transformation::fromPureGraph::store::transformStore_Store_1__Extension_MANY__Store_1_	TypeInferenceException	in function 'meta::protocols::pure::v1_18_0::transformation::fromPureGraph::store::transformStore': unknown function 'serializerExtension' — no function of this name in the native or user catalog (unported platform function, or a misspelling)	compiler.spec.SpecCompiler.compile:108
FAILED	meta::protocols::pure::v1_18_0::transformation::fromPureGraph::valueSpecification::transformAny_Any_MANY__String_MANY__Map_1__Multiplicity_1__Integer_1__FunctionExpression_$0_1$__Boolean_1__Extension_MANY__ValueSpecification_1_	TypeInferenceException	in function 'meta::protocols::pure::v1_18_0::transformation::fromPureGraph::valueSpecification::transformAny': unknown function 'serializerExtension' — no function of this name in the native or user catalog (unported platform function, or a misspelling)	compiler.spec.SpecCompiler.compile:108
FAILED	meta::protocols::pure::v1_18_0::transformation::fromPureGraph::valueSpecification::transformValueSpecification_ValueSpecification_1__String_MANY__Map_1__Boolean_1__Boolean_1__Extension_MANY__ValueSpecification_1_	ResolutionException	'new_Class_1__String_1__KeyExpression_MANY__T_1_' is not a known class, mapping, runtime, connection, or database — user elements in a query need a fully qualified name	compiler.spec.Typer.classReference:982
FAILED	meta::protocols::pure::v1_19_0::invocation::execution::execute::legendExecute_FunctionDefinition_1__Mapping_1__Runtime_1__ExecutionContext_$0_1$__String_1__Integer_1__String_1__String_1__String_1__Extension_MANY__Result_1_	TypeInferenceException	in function 'meta::protocols::pure::v1_19_0::invocation::execution::execute::legendExecute': unknown function 'serializerExtension' — no function of this name in the native or user catalog (unported platform function, or a misspelling)	compiler.spec.SpecCompiler.compile:108
FAILED	meta::protocols::pure::v1_19_0::invocation::execution::execute::processCSV_M2M_String_1__Class_1__JSONObject_1__Pair_1_	TypeInferenceException	in function 'meta::protocols::pure::v1_19_0::invocation::execution::execute::processCSV_M2M': JSONKeyValue.key reads only inside keyValuePairs->filter(kv|$kv.key.value == <key>) — the member access (a member is represented by its value)	compiler.spec.SpecCompiler.compile:108
FAILED	meta::protocols::pure::v1_19_0::transformation::fromPureGraph::buildBasePureModelFromMapping_Mapping_MANY__Function_1__Extension_MANY__Pair_1_	TypeInferenceException	in function 'meta::protocols::pure::v1_19_0::transformation::fromPureGraph::buildBasePureModelFromMapping': unknown function 'serializerExtension' — no function of this name in the native or user catalog (unported platform function, or a misspelling)	compiler.spec.SpecCompiler.compile:108
FAILED	meta::protocols::pure::v1_19_0::transformation::fromPureGraph::buildBasePureModelFromMappingStr_String_1__Extension_MANY__String_1_	TypeInferenceException	in function 'meta::protocols::pure::v1_19_0::transformation::fromPureGraph::buildBasePureModelFromMappingStr': no overload of 'meta::json::toJsonBeta' accepts 2 argument(s)	compiler.spec.SpecCompiler.compile:108
FAILED	meta::protocols::pure::v1_19_0::transformation::fromPureGraph::buildBasePureModelFromPackageStr_String_1__Extension_MANY__String_1_	TypeInferenceException	in function 'meta::protocols::pure::v1_19_0::transformation::fromPureGraph::buildBasePureModelFromPackageStr': no overload of 'meta::json::toJsonBeta' accepts 2 argument(s)	compiler.spec.SpecCompiler.compile:108
FAILED	meta::protocols::pure::v1_19_0::transformation::fromPureGraph::buildDomain_AllTypes_1__Association_MANY__Function_1__Extension_MANY__PackageableElement_MANY_	TypeInferenceException	in function 'meta::protocols::pure::v1_19_0::transformation::fromPureGraph::buildDomain': 'meta::pure::functions::collection::filter' expects a lambda argument in position 1	compiler.spec.SpecCompiler.compile:108
FAILED	meta::protocols::pure::v1_19_0::transformation::fromPureGraph::context::transformContext_ExecutionContext_1__Extension_MANY__ExecutionContext_1_	TypeInferenceException	in function 'meta::protocols::pure::v1_19_0::transformation::fromPureGraph::context::transformContext': unknown function 'serializerExtension' — no function of this name in the native or user catalog (unported platform function, or a misspelling)	compiler.spec.SpecCompiler.compile:108
FAILED	meta::protocols::pure::v1_19_0::transformation::fromPureGraph::excludeTypes_Type_MANY__String_MANY__Type_MANY_	TypeInferenceException	in function 'meta::protocols::pure::v1_19_0::transformation::fromPureGraph::excludeTypes': in call to 'meta::pure::functions::collection::remove', argument 2: type variable T bound to meta::pure::metamodel::type::Type cannot also bind Class<meta::pure::metamodel::type::Any>	compiler.spec.SpecCompiler.compile:108
FAILED	meta::protocols::pure::v1_19_0::transformation::fromPureGraph::executionPlan::transformNode_ExecutionNode_1__Mapping_1__Extension_MANY__ExecutionNode_1_	TypeInferenceException	in function 'meta::protocols::pure::v1_19_0::transformation::fromPureGraph::executionPlan::transformNode': unknown function 'serializerExtension' — no function of this name in the native or user catalog (unported platform function, or a misspelling)	compiler.spec.SpecCompiler.compile:108
FAILED	meta::protocols::pure::v1_19_0::transformation::fromPureGraph::executionPlan::transformResultType_ResultType_1__Mapping_1__Extension_MANY__ResultType_1_	TypeInferenceException	in function 'meta::protocols::pure::v1_19_0::transformation::fromPureGraph::executionPlan::transformResultType': unknown function 'serializerExtension' — no function of this name in the native or user catalog (unported platform function, or a misspelling)	compiler.spec.SpecCompiler.compile:108
FAILED	meta::protocols::pure::v1_19_0::transformation::fromPureGraph::executionPlan::transformSetImplementation_SetImplementation_1__Extension_MANY__SetImplementationInfo_1_	TypeInferenceException	in function 'meta::protocols::pure::v1_19_0::transformation::fromPureGraph::executionPlan::transformSetImplementation': unknown function 'serializerExtension' — no function of this name in the native or user catalog (unported platform function, or a misspelling)	compiler.spec.SpecCompiler.compile:108
FAILED	meta::protocols::pure::v1_19_0::transformation::fromPureGraph::extractStores_SetImplementation_1__Mapping_1__Extension_MANY__Store_MANY_	TypeInferenceException	in function 'meta::protocols::pure::v1_19_0::transformation::fromPureGraph::extractStores': unknown function 'serializerExtension' — no function of this name in the native or user catalog (unported platform function, or a misspelling)	compiler.spec.SpecCompiler.compile:108
FAILED	meta::protocols::pure::v1_19_0::transformation::fromPureGraph::findAllTypes_Type_MANY__String_MANY__AllTypes_1_	TypeInferenceException	in function 'meta::protocols::pure::v1_19_0::transformation::fromPureGraph::findAllTypes': in call to 'meta::pure::functions::collection::remove', argument 2: type variable T bound to meta::pure::metamodel::type::Type cannot also bind Class<meta::pure::metamodel::type::Any>	compiler.spec.SpecCompiler.compile:108
FAILED	meta::protocols::pure::v1_19_0::transformation::fromPureGraph::findAllTypesFromMapping_Mapping_1__Extension_MANY__AllTypes_1_	TypeInferenceException	in function 'meta::protocols::pure::v1_19_0::transformation::fromPureGraph::findAllTypesFromMapping': unknown function 'serializerExtension' — no function of this name in the native or user catalog (unported platform function, or a misspelling)	compiler.spec.SpecCompiler.compile:108
FAILED	meta::protocols::pure::v1_19_0::transformation::fromPureGraph::findInheritedTypes_Class_MANY__Type_MANY_	TypeInferenceException	in function 'meta::protocols::pure::v1_19_0::transformation::fromPureGraph::findInheritedTypes': in call to 'meta::pure::functions::collection::concatenate', argument 2: type variable T bound to Class<meta::pure::metamodel::type::Any> cannot also bind meta::pure::metamodel::type::Type	compiler.spec.SpecCompiler.compile:108
FAILED	meta::protocols::pure::v1_19_0::transformation::fromPureGraph::findTypesFromPureInstanceSetImplementation_PureInstanceSetImplementation_1__Type_MANY_	TypeInferenceException	in function 'meta::protocols::pure::v1_19_0::transformation::fromPureGraph::findTypesFromPureInstanceSetImplementation': in call to 'meta::pure::functions::collection::concatenate', argument 2: type variable T bound to Class<meta::pure::metamodel::type::Any> cannot also bind meta::pure::metamodel::type::Type	compiler.spec.SpecCompiler.compile:108
FAILED	meta::protocols::pure::v1_19_0::transformation::fromPureGraph::getAllElementsFromMapping_Mapping_MANY__Extension_MANY__PackageableElement_MANY_	TypeInferenceException	in function 'meta::protocols::pure::v1_19_0::transformation::fromPureGraph::getAllElementsFromMapping': unknown function 'serializerExtension' — no function of this name in the native or user catalog (unported platform function, or a misspelling)	compiler.spec.SpecCompiler.compile:108
FAILED	meta::protocols::pure::v1_19_0::transformation::fromPureGraph::getCorrectedElementSourceInformation_PackageableElement_1__Extension_MANY__SourceInformation_$0_1$_	TypeInferenceException	in function 'meta::protocols::pure::v1_19_0::transformation::fromPureGraph::getCorrectedElementSourceInformation': unknown function 'serializerExtension' — no function of this name in the native or user catalog (unported platform function, or a misspelling)	compiler.spec.SpecCompiler.compile:108
FAILED	meta::protocols::pure::v1_19_0::transformation::fromPureGraph::mapping::transformAssociationImplementation_AssociationImplementation_1__Mapping_1__Extension_MANY__AssociationMapping_1_	TypeInferenceException	in function 'meta::protocols::pure::v1_19_0::transformation::fromPureGraph::mapping::transformAssociationImplementation': unknown function 'serializerExtension' — no function of this name in the native or user catalog (unported platform function, or a misspelling)	compiler.spec.SpecCompiler.compile:108
FAILED	meta::protocols::pure::v1_19_0::transformation::fromPureGraph::mapping::transformMapping_Mapping_1__Extension_MANY__Mapping_1_	TypeInferenceException	in function 'meta::protocols::pure::v1_19_0::transformation::fromPureGraph::mapping::transformMapping': unknown function 'serializerExtension' — no function of this name in the native or user catalog (unported platform function, or a misspelling)	compiler.spec.SpecCompiler.compile:108
FAILED	meta::protocols::pure::v1_19_0::transformation::fromPureGraph::mapping::transformSetImplementation_SetImplementation_1__Mapping_1__Extension_MANY__ClassMapping_1_	TypeInferenceException	in function 'meta::protocols::pure::v1_19_0::transformation::fromPureGraph::mapping::transformSetImplementation': unknown function 'serializerExtension' — no function of this name in the native or user catalog (unported platform function, or a misspelling)	compiler.spec.SpecCompiler.compile:108
FAILED	meta::protocols::pure::v1_19_0::transformation::fromPureGraph::navigateAssos_Type_MANY__Type_MANY__String_MANY__Type_MANY_	TypeInferenceException	in function 'meta::protocols::pure::v1_19_0::transformation::fromPureGraph::navigateAssos': in call to 'meta::pure::functions::collection::concatenate', argument 2: type variable T bound to Class<meta::pure::metamodel::type::Any> cannot also bind meta::pure::metamodel::type::Type	compiler.spec.SpecCompiler.compile:108
FAILED	meta::protocols::pure::v1_19_0::transformation::fromPureGraph::processProperties_PropertyMappingsImplementation_1__Mapping_1__Extension_MANY__Store_MANY_	TypeInferenceException	in function 'meta::protocols::pure::v1_19_0::transformation::fromPureGraph::processProperties': unknown function 'serializerExtension' — no function of this name in the native or user catalog (unported platform function, or a misspelling)	compiler.spec.SpecCompiler.compile:108
FAILED	meta::protocols::pure::v1_19_0::transformation::fromPureGraph::runtime::transformConnection_Connection_1__Extension_MANY__Connection_1_	TypeInferenceException	in function 'meta::protocols::pure::v1_19_0::transformation::fromPureGraph::runtime::transformConnection': unknown function 'serializerExtension' — no function of this name in the native or user catalog (unported platform function, or a misspelling)	compiler.spec.SpecCompiler.compile:108
FAILED	meta::protocols::pure::v1_19_0::transformation::fromPureGraph::scan_Any_1__FunctionDefinition_MANY__Type_MANY_	TypeInferenceException	in function 'meta::protocols::pure::v1_19_0::transformation::fromPureGraph::scan': in call to 'meta::pure::functions::collection::concatenate', argument 2: type variable T bound to FunctionDefinition<meta::pure::metamodel::type::Any> cannot also bind ConcreteFunctionDefinition<meta::pure::metamodel::type::Any>	compiler.spec.SpecCompiler.compile:108
FAILED	meta::protocols::pure::v1_19_0::transformation::fromPureGraph::store::transformStore_Store_1__Extension_MANY__Store_1_	TypeInferenceException	in function 'meta::protocols::pure::v1_19_0::transformation::fromPureGraph::store::transformStore': unknown function 'serializerExtension' — no function of this name in the native or user catalog (unported platform function, or a misspelling)	compiler.spec.SpecCompiler.compile:108
FAILED	meta::protocols::pure::v1_19_0::transformation::fromPureGraph::valueSpecification::transformAny_Any_MANY__String_MANY__Map_1__Multiplicity_1__Integer_1__FunctionExpression_$0_1$__Boolean_1__Extension_MANY__ValueSpecification_1_	TypeInferenceException	in function 'meta::protocols::pure::v1_19_0::transformation::fromPureGraph::valueSpecification::transformAny': unknown function 'serializerExtension' — no function of this name in the native or user catalog (unported platform function, or a misspelling)	compiler.spec.SpecCompiler.compile:108
FAILED	meta::protocols::pure::v1_19_0::transformation::fromPureGraph::valueSpecification::transformValueSpecification_ValueSpecification_1__String_MANY__Map_1__Boolean_1__Boolean_1__Extension_MANY__ValueSpecification_1_	ResolutionException	'new_Class_1__String_1__KeyExpression_MANY__T_1_' is not a known class, mapping, runtime, connection, or database — user elements in a query need a fully qualified name	compiler.spec.Typer.classReference:982
FAILED	meta::protocols::pure::v1_20_0::invocation::execution::execute::legendExecute_FunctionDefinition_1__Mapping_1__Runtime_1__ExecutionContext_$0_1$__String_1__Integer_1__String_1__String_1__String_1__Extension_MANY__Result_1_	TypeInferenceException	in function 'meta::protocols::pure::v1_20_0::invocation::execution::execute::legendExecute': unknown function 'serializerExtension' — no function of this name in the native or user catalog (unported platform function, or a misspelling)	compiler.spec.SpecCompiler.compile:108
FAILED	meta::protocols::pure::v1_20_0::invocation::execution::execute::processCSV_M2M_String_1__Class_1__JSONObject_1__Pair_1_	TypeInferenceException	in function 'meta::protocols::pure::v1_20_0::invocation::execution::execute::processCSV_M2M': JSONKeyValue.key reads only inside keyValuePairs->filter(kv|$kv.key.value == <key>) — the member access (a member is represented by its value)	compiler.spec.SpecCompiler.compile:108
FAILED	meta::protocols::pure::v1_20_0::invocation::execution::execute::transformActivities_ExecutionActivity_MANY__Extension_MANY__Activity_MANY_	TypeInferenceException	in function 'meta::protocols::pure::v1_20_0::invocation::execution::execute::transformActivities': match expects a collection of branch lambdas	compiler.spec.SpecCompiler.compile:108
FAILED	meta::protocols::pure::v1_20_0::transformation::fromPureGraph::buildBasePureModelFromMapping_Mapping_MANY__Function_1__Extension_MANY__Pair_1_	TypeInferenceException	in function 'meta::protocols::pure::v1_20_0::transformation::fromPureGraph::buildBasePureModelFromMapping': unknown function 'serializerExtension' — no function of this name in the native or user catalog (unported platform function, or a misspelling)	compiler.spec.SpecCompiler.compile:108
FAILED	meta::protocols::pure::v1_20_0::transformation::fromPureGraph::buildBasePureModelFromMappingStr_String_1__Extension_MANY__String_1_	TypeInferenceException	in function 'meta::protocols::pure::v1_20_0::transformation::fromPureGraph::buildBasePureModelFromMappingStr': no overload of 'meta::json::toJsonBeta' accepts 2 argument(s)	compiler.spec.SpecCompiler.compile:108
FAILED	meta::protocols::pure::v1_20_0::transformation::fromPureGraph::buildBasePureModelFromPackageStr_String_1__Extension_MANY__String_1_	TypeInferenceException	in function 'meta::protocols::pure::v1_20_0::transformation::fromPureGraph::buildBasePureModelFromPackageStr': no overload of 'meta::json::toJsonBeta' accepts 2 argument(s)	compiler.spec.SpecCompiler.compile:108
FAILED	meta::protocols::pure::v1_20_0::transformation::fromPureGraph::buildBasePureModelFromStoreStr_String_1__Extension_MANY__String_1_	TypeInferenceException	in function 'meta::protocols::pure::v1_20_0::transformation::fromPureGraph::buildBasePureModelFromStoreStr': no overload of 'meta::json::toJsonBeta' accepts 2 argument(s)	compiler.spec.SpecCompiler.compile:108
FAILED	meta::protocols::pure::v1_20_0::transformation::fromPureGraph::buildDomain_AllTypes_1__Association_MANY__Function_1__Extension_MANY__PackageableElement_MANY_	TypeInferenceException	in function 'meta::protocols::pure::v1_20_0::transformation::fromPureGraph::buildDomain': 'meta::pure::functions::collection::filter' expects a lambda argument in position 1	compiler.spec.SpecCompiler.compile:108
FAILED	meta::protocols::pure::v1_20_0::transformation::fromPureGraph::connection::transformAuthenticationStrategy_AuthenticationStrategy_1__Extension_MANY__AuthenticationStrategy_1_	TypeInferenceException	in function 'meta::protocols::pure::v1_20_0::transformation::fromPureGraph::connection::transformAuthenticationStrategy': unknown function 'serializerExtension' — no function of this name in the native or user catalog (unported platform function, or a misspelling)	compiler.spec.SpecCompiler.compile:108
FAILED	meta::protocols::pure::v1_20_0::transformation::fromPureGraph::connection::transformDatabaseConnection_DatabaseConnection_1__Extension_MANY__DatabaseConnection_1_	TypeInferenceException	in function 'meta::protocols::pure::v1_20_0::transformation::fromPureGraph::connection::transformDatabaseConnection': unknown function 'serializerExtension' — no function of this name in the native or user catalog (unported platform function, or a misspelling)	compiler.spec.SpecCompiler.compile:108
FAILED	meta::protocols::pure::v1_20_0::transformation::fromPureGraph::connection::transformDatasourceSpecification_DatasourceSpecification_1__Extension_MANY__DatasourceSpecification_1_	TypeInferenceException	in function 'meta::protocols::pure::v1_20_0::transformation::fromPureGraph::connection::transformDatasourceSpecification': unknown function 'serializerExtension' — no function of this name in the native or user catalog (unported platform function, or a misspelling)	compiler.spec.SpecCompiler.compile:108
FAILED	meta::protocols::pure::v1_20_0::transformation::fromPureGraph::connection::transformPostProcessorParameters_PostProcessorParameter_MANY__Extension_MANY__PostProcessorParameter_MANY_	TypeInferenceException	in function 'meta::protocols::pure::v1_20_0::transformation::fromPureGraph::connection::transformPostProcessorParameters': match expects a collection of branch lambdas	compiler.spec.SpecCompiler.compile:108
FAILED	meta::protocols::pure::v1_20_0::transformation::fromPureGraph::connection::transformPostProcessors_PostProcessor_MANY__Extension_MANY__PostProcessor_MANY_	TypeInferenceException	in function 'meta::protocols::pure::v1_20_0::transformation::fromPureGraph::connection::transformPostProcessors': match expects a collection of branch lambdas	compiler.spec.SpecCompiler.compile:108
FAILED	meta::protocols::pure::v1_20_0::transformation::fromPureGraph::context::transformContext_ExecutionContext_1__Extension_MANY__ExecutionContext_1_	TypeInferenceException	in function 'meta::protocols::pure::v1_20_0::transformation::fromPureGraph::context::transformContext': unknown function 'serializerExtension' — no function of this name in the native or user catalog (unported platform function, or a misspelling)	compiler.spec.SpecCompiler.compile:108
FAILED	meta::protocols::pure::v1_20_0::transformation::fromPureGraph::excludeTypes_Type_MANY__String_MANY__Type_MANY_	TypeInferenceException	in function 'meta::protocols::pure::v1_20_0::transformation::fromPureGraph::excludeTypes': in call to 'meta::pure::functions::collection::remove', argument 2: type variable T bound to meta::pure::metamodel::type::Type cannot also bind Class<meta::pure::metamodel::type::Any>	compiler.spec.SpecCompiler.compile:108
FAILED	meta::protocols::pure::v1_20_0::transformation::fromPureGraph::executionPlan::transformNode_ExecutionNode_1__Mapping_1__Extension_MANY__ExecutionNode_1_	TypeInferenceException	in function 'meta::protocols::pure::v1_20_0::transformation::fromPureGraph::executionPlan::transformNode': unknown function 'serializerExtension' — no function of this name in the native or user catalog (unported platform function, or a misspelling)	compiler.spec.SpecCompiler.compile:108
FAILED	meta::protocols::pure::v1_20_0::transformation::fromPureGraph::executionPlan::transformResultType_ResultType_1__Mapping_1__Extension_MANY__ResultType_1_	TypeInferenceException	in function 'meta::protocols::pure::v1_20_0::transformation::fromPureGraph::executionPlan::transformResultType': unknown function 'serializerExtension' — no function of this name in the native or user catalog (unported platform function, or a misspelling)	compiler.spec.SpecCompiler.compile:108
FAILED	meta::protocols::pure::v1_20_0::transformation::fromPureGraph::executionPlan::transformSetImplementation_SetImplementation_1__Extension_MANY__SetImplementationInfo_1_	TypeInferenceException	in function 'meta::protocols::pure::v1_20_0::transformation::fromPureGraph::executionPlan::transformSetImplementation': unknown function 'serializerExtension' — no function of this name in the native or user catalog (unported platform function, or a misspelling)	compiler.spec.SpecCompiler.compile:108
FAILED	meta::protocols::pure::v1_20_0::transformation::fromPureGraph::extractStores_SetImplementation_1__Mapping_1__Extension_MANY__Store_MANY_	TypeInferenceException	in function 'meta::protocols::pure::v1_20_0::transformation::fromPureGraph::extractStores': unknown function 'serializerExtension' — no function of this name in the native or user catalog (unported platform function, or a misspelling)	compiler.spec.SpecCompiler.compile:108
FAILED	meta::protocols::pure::v1_20_0::transformation::fromPureGraph::findAllTypes_Type_MANY__String_MANY__AllTypes_1_	TypeInferenceException	in function 'meta::protocols::pure::v1_20_0::transformation::fromPureGraph::findAllTypes': in call to 'meta::pure::functions::collection::remove', argument 2: type variable T bound to meta::pure::metamodel::type::Type cannot also bind Class<meta::pure::metamodel::type::Any>	compiler.spec.SpecCompiler.compile:108
FAILED	meta::protocols::pure::v1_20_0::transformation::fromPureGraph::findAllTypesFromMapping_Mapping_1__Extension_MANY__AllTypes_1_	TypeInferenceException	in function 'meta::protocols::pure::v1_20_0::transformation::fromPureGraph::findAllTypesFromMapping': unknown function 'serializerExtension' — no function of this name in the native or user catalog (unported platform function, or a misspelling)	compiler.spec.SpecCompiler.compile:108
FAILED	meta::protocols::pure::v1_20_0::transformation::fromPureGraph::findInheritedTypes_Class_MANY__Type_MANY_	TypeInferenceException	in function 'meta::protocols::pure::v1_20_0::transformation::fromPureGraph::findInheritedTypes': in call to 'meta::pure::functions::collection::concatenate', argument 2: type variable T bound to Class<meta::pure::metamodel::type::Any> cannot also bind meta::pure::metamodel::type::Type	compiler.spec.SpecCompiler.compile:108
FAILED	meta::protocols::pure::v1_20_0::transformation::fromPureGraph::findTypesFromPureInstanceSetImplementation_PureInstanceSetImplementation_1__Type_MANY_	TypeInferenceException	in function 'meta::protocols::pure::v1_20_0::transformation::fromPureGraph::findTypesFromPureInstanceSetImplementation': in call to 'meta::pure::functions::collection::concatenate', argument 2: type variable T bound to Class<meta::pure::metamodel::type::Any> cannot also bind meta::pure::metamodel::type::Type	compiler.spec.SpecCompiler.compile:108
FAILED	meta::protocols::pure::v1_20_0::transformation::fromPureGraph::getAllElementsFromMapping_Mapping_MANY__Extension_MANY__PackageableElement_MANY_	TypeInferenceException	in function 'meta::protocols::pure::v1_20_0::transformation::fromPureGraph::getAllElementsFromMapping': unknown function 'serializerExtension' — no function of this name in the native or user catalog (unported platform function, or a misspelling)	compiler.spec.SpecCompiler.compile:108
FAILED	meta::protocols::pure::v1_20_0::transformation::fromPureGraph::getCorrectedElementSourceInformation_PackageableElement_1__Extension_MANY__SourceInformation_$0_1$_	TypeInferenceException	in function 'meta::protocols::pure::v1_20_0::transformation::fromPureGraph::getCorrectedElementSourceInformation': unknown function 'serializerExtension' — no function of this name in the native or user catalog (unported platform function, or a misspelling)	compiler.spec.SpecCompiler.compile:108
FAILED	meta::protocols::pure::v1_20_0::transformation::fromPureGraph::mapping::transformAssociationImplementation_AssociationImplementation_1__Mapping_1__Extension_MANY__AssociationMapping_1_	TypeInferenceException	in function 'meta::protocols::pure::v1_20_0::transformation::fromPureGraph::mapping::transformAssociationImplementation': unknown function 'serializerExtension' — no function of this name in the native or user catalog (unported platform function, or a misspelling)	compiler.spec.SpecCompiler.compile:108
FAILED	meta::protocols::pure::v1_20_0::transformation::fromPureGraph::mapping::transformMapping_Mapping_1__Extension_MANY__Mapping_1_	TypeInferenceException	in function 'meta::protocols::pure::v1_20_0::transformation::fromPureGraph::mapping::transformMapping': unknown function 'serializerExtension' — no function of this name in the native or user catalog (unported platform function, or a misspelling)	compiler.spec.SpecCompiler.compile:108
FAILED	meta::protocols::pure::v1_20_0::transformation::fromPureGraph::mapping::transformSetImplementation_SetImplementation_1__Mapping_1__Extension_MANY__ClassMapping_1_	TypeInferenceException	in function 'meta::protocols::pure::v1_20_0::transformation::fromPureGraph::mapping::transformSetImplementation': unknown function 'serializerExtension' — no function of this name in the native or user catalog (unported platform function, or a misspelling)	compiler.spec.SpecCompiler.compile:108
FAILED	meta::protocols::pure::v1_20_0::transformation::fromPureGraph::navigateAssos_Type_MANY__Type_MANY__String_MANY__Type_MANY_	TypeInferenceException	in function 'meta::protocols::pure::v1_20_0::transformation::fromPureGraph::navigateAssos': in call to 'meta::pure::functions::collection::concatenate', argument 2: type variable T bound to Class<meta::pure::metamodel::type::Any> cannot also bind meta::pure::metamodel::type::Type	compiler.spec.SpecCompiler.compile:108
FAILED	meta::protocols::pure::v1_20_0::transformation::fromPureGraph::processProperties_PropertyMappingsImplementation_1__Mapping_1__Extension_MANY__Store_MANY_	TypeInferenceException	in function 'meta::protocols::pure::v1_20_0::transformation::fromPureGraph::processProperties': unknown function 'serializerExtension' — no function of this name in the native or user catalog (unported platform function, or a misspelling)	compiler.spec.SpecCompiler.compile:108
FAILED	meta::protocols::pure::v1_20_0::transformation::fromPureGraph::runtime::transformConnection_Connection_1__Extension_MANY__Connection_1_	TypeInferenceException	in function 'meta::protocols::pure::v1_20_0::transformation::fromPureGraph::runtime::transformConnection': unknown function 'serializerExtension' — no function of this name in the native or user catalog (unported platform function, or a misspelling)	compiler.spec.SpecCompiler.compile:108
FAILED	meta::protocols::pure::v1_20_0::transformation::fromPureGraph::scan_Any_1__FunctionDefinition_MANY__Type_MANY_	TypeInferenceException	in function 'meta::protocols::pure::v1_20_0::transformation::fromPureGraph::scan': in call to 'meta::pure::functions::collection::concatenate', argument 2: type variable T bound to FunctionDefinition<meta::pure::metamodel::type::Any> cannot also bind ConcreteFunctionDefinition<meta::pure::metamodel::type::Any>	compiler.spec.SpecCompiler.compile:108
FAILED	meta::protocols::pure::v1_20_0::transformation::fromPureGraph::store::relational::transformMilestoning_Milestoning_1__Extension_MANY__Milestoning_1_	TypeInferenceException	in function 'meta::protocols::pure::v1_20_0::transformation::fromPureGraph::store::relational::transformMilestoning': unknown function 'serializerExtension' — no function of this name in the native or user catalog (unported platform function, or a misspelling)	compiler.spec.SpecCompiler.compile:108
FAILED	meta::protocols::pure::v1_20_0::transformation::fromPureGraph::store::transformStore_Store_1__Extension_MANY__Store_1_	TypeInferenceException	in function 'meta::protocols::pure::v1_20_0::transformation::fromPureGraph::store::transformStore': unknown function 'serializerExtension' — no function of this name in the native or user catalog (unported platform function, or a misspelling)	compiler.spec.SpecCompiler.compile:108
FAILED	meta::protocols::pure::v1_20_0::transformation::fromPureGraph::valueSpecification::transformAny_Any_MANY__String_MANY__Map_1__Multiplicity_1__Integer_1__FunctionExpression_$0_1$__Boolean_1__Extension_MANY__ValueSpecification_1_	TypeInferenceException	in function 'meta::protocols::pure::v1_20_0::transformation::fromPureGraph::valueSpecification::transformAny': unknown function 'serializerExtension' — no function of this name in the native or user catalog (unported platform function, or a misspelling)	compiler.spec.SpecCompiler.compile:108
FAILED	meta::protocols::pure::v1_20_0::transformation::fromPureGraph::valueSpecification::transformValueSpecification_ValueSpecification_1__String_MANY__Map_1__Boolean_1__Boolean_1__Extension_MANY__ValueSpecification_1_	ResolutionException	'new_Class_1__String_1__KeyExpression_MANY__T_1_' is not a known class, mapping, runtime, connection, or database — user elements in a query need a fully qualified name	compiler.spec.Typer.classReference:982
FAILED	meta::protocols::pure::v1_21_0::invocation::execution::execute::legendExecute_FunctionDefinition_1__Mapping_1__Runtime_1__ExecutionContext_$0_1$__String_1__Integer_1__String_1__String_1__String_1__Extension_MANY__Result_1_	TypeInferenceException	in function 'meta::protocols::pure::v1_21_0::invocation::execution::execute::legendExecute': unknown function 'serializerExtension' — no function of this name in the native or user catalog (unported platform function, or a misspelling)	compiler.spec.SpecCompiler.compile:108
FAILED	meta::protocols::pure::v1_21_0::invocation::execution::execute::processCSV_M2M_String_1__Class_1__JSONObject_1__Pair_1_	TypeInferenceException	in function 'meta::protocols::pure::v1_21_0::invocation::execution::execute::processCSV_M2M': JSONKeyValue.key reads only inside keyValuePairs->filter(kv|$kv.key.value == <key>) — the member access (a member is represented by its value)	compiler.spec.SpecCompiler.compile:108
FAILED	meta::protocols::pure::v1_21_0::invocation::execution::execute::transformActivities_ExecutionActivity_MANY__Extension_MANY__Activity_MANY_	TypeInferenceException	in function 'meta::protocols::pure::v1_21_0::invocation::execution::execute::transformActivities': match expects a collection of branch lambdas	compiler.spec.SpecCompiler.compile:108
FAILED	meta::protocols::pure::v1_21_0::transformation::fromPureGraph::buildBasePureModelFromMapping_Mapping_MANY__Function_1__Extension_MANY__Pair_1_	TypeInferenceException	in function 'meta::protocols::pure::v1_21_0::transformation::fromPureGraph::buildBasePureModelFromMapping': unknown function 'serializerExtension' — no function of this name in the native or user catalog (unported platform function, or a misspelling)	compiler.spec.SpecCompiler.compile:108
FAILED	meta::protocols::pure::v1_21_0::transformation::fromPureGraph::buildBasePureModelFromMappingStr_String_1__Extension_MANY__String_1_	TypeInferenceException	in function 'meta::protocols::pure::v1_21_0::transformation::fromPureGraph::buildBasePureModelFromMappingStr': no overload of 'meta::json::toJsonBeta' accepts 2 argument(s)	compiler.spec.SpecCompiler.compile:108
FAILED	meta::protocols::pure::v1_21_0::transformation::fromPureGraph::buildBasePureModelFromPackageStr_String_1__Extension_MANY__String_1_	TypeInferenceException	in function 'meta::protocols::pure::v1_21_0::transformation::fromPureGraph::buildBasePureModelFromPackageStr': no overload of 'meta::json::toJsonBeta' accepts 2 argument(s)	compiler.spec.SpecCompiler.compile:108
FAILED	meta::protocols::pure::v1_21_0::transformation::fromPureGraph::buildBasePureModelFromStoreStr_String_1__Extension_MANY__String_1_	TypeInferenceException	in function 'meta::protocols::pure::v1_21_0::transformation::fromPureGraph::buildBasePureModelFromStoreStr': no overload of 'meta::json::toJsonBeta' accepts 2 argument(s)	compiler.spec.SpecCompiler.compile:108
FAILED	meta::protocols::pure::v1_21_0::transformation::fromPureGraph::buildDomain_AllTypes_1__Association_MANY__Function_1__Extension_MANY__PackageableElement_MANY_	TypeInferenceException	in function 'meta::protocols::pure::v1_21_0::transformation::fromPureGraph::buildDomain': 'meta::pure::functions::collection::filter' expects a lambda argument in position 1	compiler.spec.SpecCompiler.compile:108
FAILED	meta::protocols::pure::v1_21_0::transformation::fromPureGraph::connection::transformAuthenticationStrategy_AuthenticationStrategy_1__Extension_MANY__AuthenticationStrategy_1_	TypeInferenceException	in function 'meta::protocols::pure::v1_21_0::transformation::fromPureGraph::connection::transformAuthenticationStrategy': unknown function 'serializerExtension' — no function of this name in the native or user catalog (unported platform function, or a misspelling)	compiler.spec.SpecCompiler.compile:108
FAILED	meta::protocols::pure::v1_21_0::transformation::fromPureGraph::connection::transformDatabaseConnection_DatabaseConnection_1__Extension_MANY__DatabaseConnection_1_	TypeInferenceException	in function 'meta::protocols::pure::v1_21_0::transformation::fromPureGraph::connection::transformDatabaseConnection': unknown function 'serializerExtension' — no function of this name in the native or user catalog (unported platform function, or a misspelling)	compiler.spec.SpecCompiler.compile:108
FAILED	meta::protocols::pure::v1_21_0::transformation::fromPureGraph::connection::transformDatasourceSpecification_DatasourceSpecification_1__Extension_MANY__DatasourceSpecification_1_	TypeInferenceException	in function 'meta::protocols::pure::v1_21_0::transformation::fromPureGraph::connection::transformDatasourceSpecification': unknown function 'serializerExtension' — no function of this name in the native or user catalog (unported platform function, or a misspelling)	compiler.spec.SpecCompiler.compile:108
FAILED	meta::protocols::pure::v1_21_0::transformation::fromPureGraph::connection::transformPostProcessorParameters_PostProcessorParameter_MANY__Extension_MANY__PostProcessorParameter_MANY_	TypeInferenceException	in function 'meta::protocols::pure::v1_21_0::transformation::fromPureGraph::connection::transformPostProcessorParameters': match expects a collection of branch lambdas	compiler.spec.SpecCompiler.compile:108
FAILED	meta::protocols::pure::v1_21_0::transformation::fromPureGraph::connection::transformPostProcessors_PostProcessor_MANY__Extension_MANY__PostProcessor_MANY_	TypeInferenceException	in function 'meta::protocols::pure::v1_21_0::transformation::fromPureGraph::connection::transformPostProcessors': match expects a collection of branch lambdas	compiler.spec.SpecCompiler.compile:108
FAILED	meta::protocols::pure::v1_21_0::transformation::fromPureGraph::context::transformContext_ExecutionContext_1__Extension_MANY__ExecutionContext_1_	TypeInferenceException	in function 'meta::protocols::pure::v1_21_0::transformation::fromPureGraph::context::transformContext': unknown function 'serializerExtension' — no function of this name in the native or user catalog (unported platform function, or a misspelling)	compiler.spec.SpecCompiler.compile:108
FAILED	meta::protocols::pure::v1_21_0::transformation::fromPureGraph::excludeTypes_Type_MANY__String_MANY__Type_MANY_	TypeInferenceException	in function 'meta::protocols::pure::v1_21_0::transformation::fromPureGraph::excludeTypes': in call to 'meta::pure::functions::collection::remove', argument 2: type variable T bound to meta::pure::metamodel::type::Type cannot also bind Class<meta::pure::metamodel::type::Any>	compiler.spec.SpecCompiler.compile:108
FAILED	meta::protocols::pure::v1_21_0::transformation::fromPureGraph::executionPlan::transformNode_ExecutionNode_1__Mapping_1__Extension_MANY__ExecutionNode_1_	TypeInferenceException	in function 'meta::protocols::pure::v1_21_0::transformation::fromPureGraph::executionPlan::transformNode': unknown function 'serializerExtension' — no function of this name in the native or user catalog (unported platform function, or a misspelling)	compiler.spec.SpecCompiler.compile:108
FAILED	meta::protocols::pure::v1_21_0::transformation::fromPureGraph::executionPlan::transformResultType_ResultType_1__Mapping_1__Extension_MANY__ResultType_1_	TypeInferenceException	in function 'meta::protocols::pure::v1_21_0::transformation::fromPureGraph::executionPlan::transformResultType': unknown function 'serializerExtension' — no function of this name in the native or user catalog (unported platform function, or a misspelling)	compiler.spec.SpecCompiler.compile:108
FAILED	meta::protocols::pure::v1_21_0::transformation::fromPureGraph::executionPlan::transformSetImplementation_SetImplementation_1__Extension_MANY__SetImplementationInfo_1_	TypeInferenceException	in function 'meta::protocols::pure::v1_21_0::transformation::fromPureGraph::executionPlan::transformSetImplementation': unknown function 'serializerExtension' — no function of this name in the native or user catalog (unported platform function, or a misspelling)	compiler.spec.SpecCompiler.compile:108
FAILED	meta::protocols::pure::v1_21_0::transformation::fromPureGraph::extractStores_SetImplementation_1__Mapping_1__Extension_MANY__Store_MANY_	TypeInferenceException	in function 'meta::protocols::pure::v1_21_0::transformation::fromPureGraph::extractStores': unknown function 'serializerExtension' — no function of this name in the native or user catalog (unported platform function, or a misspelling)	compiler.spec.SpecCompiler.compile:108
FAILED	meta::protocols::pure::v1_21_0::transformation::fromPureGraph::findAllTypes_Type_MANY__String_MANY__AllTypes_1_	TypeInferenceException	in function 'meta::protocols::pure::v1_21_0::transformation::fromPureGraph::findAllTypes': in call to 'meta::pure::functions::collection::remove', argument 2: type variable T bound to meta::pure::metamodel::type::Type cannot also bind Class<meta::pure::metamodel::type::Any>	compiler.spec.SpecCompiler.compile:108
FAILED	meta::protocols::pure::v1_21_0::transformation::fromPureGraph::findAllTypesFromMapping_Mapping_1__Extension_MANY__AllTypes_1_	TypeInferenceException	in function 'meta::protocols::pure::v1_21_0::transformation::fromPureGraph::findAllTypesFromMapping': unknown function 'serializerExtension' — no function of this name in the native or user catalog (unported platform function, or a misspelling)	compiler.spec.SpecCompiler.compile:108
FAILED	meta::protocols::pure::v1_21_0::transformation::fromPureGraph::findInheritedTypes_Class_MANY__Type_MANY_	TypeInferenceException	in function 'meta::protocols::pure::v1_21_0::transformation::fromPureGraph::findInheritedTypes': in call to 'meta::pure::functions::collection::concatenate', argument 2: type variable T bound to Class<meta::pure::metamodel::type::Any> cannot also bind meta::pure::metamodel::type::Type	compiler.spec.SpecCompiler.compile:108
FAILED	meta::protocols::pure::v1_21_0::transformation::fromPureGraph::findTypesFromPureInstanceSetImplementation_PureInstanceSetImplementation_1__Type_MANY_	TypeInferenceException	in function 'meta::protocols::pure::v1_21_0::transformation::fromPureGraph::findTypesFromPureInstanceSetImplementation': in call to 'meta::pure::functions::collection::concatenate', argument 2: type variable T bound to Class<meta::pure::metamodel::type::Any> cannot also bind meta::pure::metamodel::type::Type	compiler.spec.SpecCompiler.compile:108
FAILED	meta::protocols::pure::v1_21_0::transformation::fromPureGraph::getAllElementsFromMapping_Mapping_MANY__Extension_MANY__PackageableElement_MANY_	TypeInferenceException	in function 'meta::protocols::pure::v1_21_0::transformation::fromPureGraph::getAllElementsFromMapping': unknown function 'serializerExtension' — no function of this name in the native or user catalog (unported platform function, or a misspelling)	compiler.spec.SpecCompiler.compile:108
FAILED	meta::protocols::pure::v1_21_0::transformation::fromPureGraph::getCorrectedElementSourceInformation_PackageableElement_1__Extension_MANY__SourceInformation_$0_1$_	TypeInferenceException	in function 'meta::protocols::pure::v1_21_0::transformation::fromPureGraph::getCorrectedElementSourceInformation': unknown function 'serializerExtension' — no function of this name in the native or user catalog (unported platform function, or a misspelling)	compiler.spec.SpecCompiler.compile:108
FAILED	meta::protocols::pure::v1_21_0::transformation::fromPureGraph::mapping::transformAssociationImplementation_AssociationImplementation_1__Mapping_1__Extension_MANY__AssociationMapping_1_	TypeInferenceException	in function 'meta::protocols::pure::v1_21_0::transformation::fromPureGraph::mapping::transformAssociationImplementation': unknown function 'serializerExtension' — no function of this name in the native or user catalog (unported platform function, or a misspelling)	compiler.spec.SpecCompiler.compile:108
FAILED	meta::protocols::pure::v1_21_0::transformation::fromPureGraph::mapping::transformMapping_Mapping_1__Extension_MANY__Mapping_1_	TypeInferenceException	in function 'meta::protocols::pure::v1_21_0::transformation::fromPureGraph::mapping::transformMapping': unknown function 'serializerExtension' — no function of this name in the native or user catalog (unported platform function, or a misspelling)	compiler.spec.SpecCompiler.compile:108
FAILED	meta::protocols::pure::v1_21_0::transformation::fromPureGraph::mapping::transformSetImplementation_SetImplementation_1__Mapping_1__Extension_MANY__ClassMapping_1_	TypeInferenceException	in function 'meta::protocols::pure::v1_21_0::transformation::fromPureGraph::mapping::transformSetImplementation': unknown function 'serializerExtension' — no function of this name in the native or user catalog (unported platform function, or a misspelling)	compiler.spec.SpecCompiler.compile:108
FAILED	meta::protocols::pure::v1_21_0::transformation::fromPureGraph::navigateAssos_Type_MANY__Type_MANY__String_MANY__Type_MANY_	TypeInferenceException	in function 'meta::protocols::pure::v1_21_0::transformation::fromPureGraph::navigateAssos': in call to 'meta::pure::functions::collection::concatenate', argument 2: type variable T bound to Class<meta::pure::metamodel::type::Any> cannot also bind meta::pure::metamodel::type::Type	compiler.spec.SpecCompiler.compile:108
FAILED	meta::protocols::pure::v1_21_0::transformation::fromPureGraph::processProperties_PropertyMappingsImplementation_1__Mapping_1__Extension_MANY__Store_MANY_	TypeInferenceException	in function 'meta::protocols::pure::v1_21_0::transformation::fromPureGraph::processProperties': unknown function 'serializerExtension' — no function of this name in the native or user catalog (unported platform function, or a misspelling)	compiler.spec.SpecCompiler.compile:108
FAILED	meta::protocols::pure::v1_21_0::transformation::fromPureGraph::runtime::transformConnection_Connection_1__Extension_MANY__Connection_1_	TypeInferenceException	in function 'meta::protocols::pure::v1_21_0::transformation::fromPureGraph::runtime::transformConnection': unknown function 'serializerExtension' — no function of this name in the native or user catalog (unported platform function, or a misspelling)	compiler.spec.SpecCompiler.compile:108
FAILED	meta::protocols::pure::v1_21_0::transformation::fromPureGraph::scan_Any_1__FunctionDefinition_MANY__Type_MANY_	TypeInferenceException	in function 'meta::protocols::pure::v1_21_0::transformation::fromPureGraph::scan': in call to 'meta::pure::functions::collection::concatenate', argument 2: type variable T bound to FunctionDefinition<meta::pure::metamodel::type::Any> cannot also bind ConcreteFunctionDefinition<meta::pure::metamodel::type::Any>	compiler.spec.SpecCompiler.compile:108
FAILED	meta::protocols::pure::v1_21_0::transformation::fromPureGraph::store::relational::transformMilestoning_Milestoning_1__Extension_MANY__Milestoning_1_	TypeInferenceException	in function 'meta::protocols::pure::v1_21_0::transformation::fromPureGraph::store::relational::transformMilestoning': unknown function 'serializerExtension' — no function of this name in the native or user catalog (unported platform function, or a misspelling)	compiler.spec.SpecCompiler.compile:108
FAILED	meta::protocols::pure::v1_21_0::transformation::fromPureGraph::store::transformStore_Store_1__Extension_MANY__Store_1_	TypeInferenceException	in function 'meta::protocols::pure::v1_21_0::transformation::fromPureGraph::store::transformStore': unknown function 'serializerExtension' — no function of this name in the native or user catalog (unported platform function, or a misspelling)	compiler.spec.SpecCompiler.compile:108
FAILED	meta::protocols::pure::v1_21_0::transformation::fromPureGraph::valueSpecification::transformAny_Any_MANY__String_MANY__Map_1__Multiplicity_1__Integer_1__FunctionExpression_$0_1$__Boolean_1__Extension_MANY__ValueSpecification_1_	TypeInferenceException	in function 'meta::protocols::pure::v1_21_0::transformation::fromPureGraph::valueSpecification::transformAny': unknown function 'serializerExtension' — no function of this name in the native or user catalog (unported platform function, or a misspelling)	compiler.spec.SpecCompiler.compile:108
FAILED	meta::protocols::pure::v1_21_0::transformation::fromPureGraph::valueSpecification::transformValueSpecification_ValueSpecification_1__String_MANY__Map_1__Boolean_1__Boolean_1__Extension_MANY__ValueSpecification_1_	ResolutionException	'new_Class_1__String_1__KeyExpression_MANY__T_1_' is not a known class, mapping, runtime, connection, or database — user elements in a query need a fully qualified name	compiler.spec.Typer.classReference:982
FAILED	meta::protocols::pure::v1_22_0::invocation::execution::execute::legendExecute_FunctionDefinition_1__Mapping_1__Runtime_1__ExecutionContext_$0_1$__String_1__Integer_1__String_1__String_1__String_1__Extension_MANY__Result_1_	TypeInferenceException	in function 'meta::protocols::pure::v1_22_0::invocation::execution::execute::legendExecute': unknown function 'serializerExtension' — no function of this name in the native or user catalog (unported platform function, or a misspelling)	compiler.spec.SpecCompiler.compile:108
FAILED	meta::protocols::pure::v1_22_0::invocation::execution::execute::processCSV_M2M_String_1__Class_1__JSONObject_1__Pair_1_	TypeInferenceException	in function 'meta::protocols::pure::v1_22_0::invocation::execution::execute::processCSV_M2M': JSONKeyValue.key reads only inside keyValuePairs->filter(kv|$kv.key.value == <key>) — the member access (a member is represented by its value)	compiler.spec.SpecCompiler.compile:108
FAILED	meta::protocols::pure::v1_22_0::invocation::execution::execute::transformActivities_ExecutionActivity_MANY__Extension_MANY__Activity_MANY_	TypeInferenceException	in function 'meta::protocols::pure::v1_22_0::invocation::execution::execute::transformActivities': match expects a collection of branch lambdas	compiler.spec.SpecCompiler.compile:108
FAILED	meta::protocols::pure::v1_22_0::transformation::fromPureGraph::buildBasePureModelFromMapping_Mapping_MANY__Function_1__Extension_MANY__Pair_1_	TypeInferenceException	in function 'meta::protocols::pure::v1_22_0::transformation::fromPureGraph::buildBasePureModelFromMapping': unknown function 'serializerExtension' — no function of this name in the native or user catalog (unported platform function, or a misspelling)	compiler.spec.SpecCompiler.compile:108
FAILED	meta::protocols::pure::v1_22_0::transformation::fromPureGraph::buildBasePureModelFromMappingStr_String_1__Extension_MANY__String_1_	TypeInferenceException	in function 'meta::protocols::pure::v1_22_0::transformation::fromPureGraph::buildBasePureModelFromMappingStr': no overload of 'meta::json::toJsonBeta' accepts 2 argument(s)	compiler.spec.SpecCompiler.compile:108
FAILED	meta::protocols::pure::v1_22_0::transformation::fromPureGraph::buildBasePureModelFromPackageStr_String_1__Extension_MANY__String_1_	TypeInferenceException	in function 'meta::protocols::pure::v1_22_0::transformation::fromPureGraph::buildBasePureModelFromPackageStr': no overload of 'meta::json::toJsonBeta' accepts 2 argument(s)	compiler.spec.SpecCompiler.compile:108
FAILED	meta::protocols::pure::v1_22_0::transformation::fromPureGraph::buildBasePureModelFromStoreStr_String_1__Extension_MANY__String_1_	TypeInferenceException	in function 'meta::protocols::pure::v1_22_0::transformation::fromPureGraph::buildBasePureModelFromStoreStr': no overload of 'meta::json::toJsonBeta' accepts 2 argument(s)	compiler.spec.SpecCompiler.compile:108
FAILED	meta::protocols::pure::v1_22_0::transformation::fromPureGraph::buildDomain_AllTypes_1__Association_MANY__Function_1__Extension_MANY__PackageableElement_MANY_	TypeInferenceException	in function 'meta::protocols::pure::v1_22_0::transformation::fromPureGraph::buildDomain': 'meta::pure::functions::collection::filter' expects a lambda argument in position 1	compiler.spec.SpecCompiler.compile:108
FAILED	meta::protocols::pure::v1_22_0::transformation::fromPureGraph::connection::transformAuthenticationStrategy_AuthenticationStrategy_1__Extension_MANY__AuthenticationStrategy_1_	TypeInferenceException	in function 'meta::protocols::pure::v1_22_0::transformation::fromPureGraph::connection::transformAuthenticationStrategy': unknown function 'serializerExtension' — no function of this name in the native or user catalog (unported platform function, or a misspelling)	compiler.spec.SpecCompiler.compile:108
FAILED	meta::protocols::pure::v1_22_0::transformation::fromPureGraph::connection::transformDatabaseConnection_DatabaseConnection_1__Extension_MANY__DatabaseConnection_1_	TypeInferenceException	in function 'meta::protocols::pure::v1_22_0::transformation::fromPureGraph::connection::transformDatabaseConnection': unknown function 'serializerExtension' — no function of this name in the native or user catalog (unported platform function, or a misspelling)	compiler.spec.SpecCompiler.compile:108
FAILED	meta::protocols::pure::v1_22_0::transformation::fromPureGraph::connection::transformDatasourceSpecification_DatasourceSpecification_1__Extension_MANY__DatasourceSpecification_1_	TypeInferenceException	in function 'meta::protocols::pure::v1_22_0::transformation::fromPureGraph::connection::transformDatasourceSpecification': unknown function 'serializerExtension' — no function of this name in the native or user catalog (unported platform function, or a misspelling)	compiler.spec.SpecCompiler.compile:108
FAILED	meta::protocols::pure::v1_22_0::transformation::fromPureGraph::connection::transformPostProcessorParameters_PostProcessorParameter_MANY__Extension_MANY__PostProcessorParameter_MANY_	TypeInferenceException	in function 'meta::protocols::pure::v1_22_0::transformation::fromPureGraph::connection::transformPostProcessorParameters': match expects a collection of branch lambdas	compiler.spec.SpecCompiler.compile:108
FAILED	meta::protocols::pure::v1_22_0::transformation::fromPureGraph::connection::transformPostProcessors_PostProcessor_MANY__Extension_MANY__PostProcessor_MANY_	TypeInferenceException	in function 'meta::protocols::pure::v1_22_0::transformation::fromPureGraph::connection::transformPostProcessors': match expects a collection of branch lambdas	compiler.spec.SpecCompiler.compile:108
FAILED	meta::protocols::pure::v1_22_0::transformation::fromPureGraph::context::transformContext_ExecutionContext_1__Extension_MANY__ExecutionContext_1_	TypeInferenceException	in function 'meta::protocols::pure::v1_22_0::transformation::fromPureGraph::context::transformContext': unknown function 'serializerExtension' — no function of this name in the native or user catalog (unported platform function, or a misspelling)	compiler.spec.SpecCompiler.compile:108
FAILED	meta::protocols::pure::v1_22_0::transformation::fromPureGraph::excludeTypes_Type_MANY__String_MANY__Type_MANY_	TypeInferenceException	in function 'meta::protocols::pure::v1_22_0::transformation::fromPureGraph::excludeTypes': in call to 'meta::pure::functions::collection::remove', argument 2: type variable T bound to meta::pure::metamodel::type::Type cannot also bind Class<meta::pure::metamodel::type::Any>	compiler.spec.SpecCompiler.compile:108
FAILED	meta::protocols::pure::v1_22_0::transformation::fromPureGraph::executionPlan::transformNode_ExecutionNode_1__Mapping_1__Extension_MANY__ExecutionNode_1_	TypeInferenceException	in function 'meta::protocols::pure::v1_22_0::transformation::fromPureGraph::executionPlan::transformNode': unknown function 'serializerExtension' — no function of this name in the native or user catalog (unported platform function, or a misspelling)	compiler.spec.SpecCompiler.compile:108
FAILED	meta::protocols::pure::v1_22_0::transformation::fromPureGraph::executionPlan::transformResultType_ResultType_1__Mapping_1__Extension_MANY__ResultType_1_	TypeInferenceException	in function 'meta::protocols::pure::v1_22_0::transformation::fromPureGraph::executionPlan::transformResultType': unknown function 'serializerExtension' — no function of this name in the native or user catalog (unported platform function, or a misspelling)	compiler.spec.SpecCompiler.compile:108
FAILED	meta::protocols::pure::v1_22_0::transformation::fromPureGraph::executionPlan::transformSetImplementation_SetImplementation_1__Extension_MANY__SetImplementationInfo_1_	TypeInferenceException	in function 'meta::protocols::pure::v1_22_0::transformation::fromPureGraph::executionPlan::transformSetImplementation': unknown function 'serializerExtension' — no function of this name in the native or user catalog (unported platform function, or a misspelling)	compiler.spec.SpecCompiler.compile:108
FAILED	meta::protocols::pure::v1_22_0::transformation::fromPureGraph::extractStores_SetImplementation_1__Mapping_1__Extension_MANY__Store_MANY_	TypeInferenceException	in function 'meta::protocols::pure::v1_22_0::transformation::fromPureGraph::extractStores': unknown function 'serializerExtension' — no function of this name in the native or user catalog (unported platform function, or a misspelling)	compiler.spec.SpecCompiler.compile:108
FAILED	meta::protocols::pure::v1_22_0::transformation::fromPureGraph::findAllTypes_Type_MANY__String_MANY__AllTypes_1_	TypeInferenceException	in function 'meta::protocols::pure::v1_22_0::transformation::fromPureGraph::findAllTypes': in call to 'meta::pure::functions::collection::remove', argument 2: type variable T bound to meta::pure::metamodel::type::Type cannot also bind Class<meta::pure::metamodel::type::Any>	compiler.spec.SpecCompiler.compile:108
FAILED	meta::protocols::pure::v1_22_0::transformation::fromPureGraph::findAllTypesFromMapping_Mapping_1__Extension_MANY__AllTypes_1_	TypeInferenceException	in function 'meta::protocols::pure::v1_22_0::transformation::fromPureGraph::findAllTypesFromMapping': unknown function 'serializerExtension' — no function of this name in the native or user catalog (unported platform function, or a misspelling)	compiler.spec.SpecCompiler.compile:108
FAILED	meta::protocols::pure::v1_22_0::transformation::fromPureGraph::findInheritedTypes_Class_MANY__Type_MANY_	TypeInferenceException	in function 'meta::protocols::pure::v1_22_0::transformation::fromPureGraph::findInheritedTypes': in call to 'meta::pure::functions::collection::concatenate', argument 2: type variable T bound to Class<meta::pure::metamodel::type::Any> cannot also bind meta::pure::metamodel::type::Type	compiler.spec.SpecCompiler.compile:108
FAILED	meta::protocols::pure::v1_22_0::transformation::fromPureGraph::findTypesFromPureInstanceSetImplementation_PureInstanceSetImplementation_1__Type_MANY_	TypeInferenceException	in function 'meta::protocols::pure::v1_22_0::transformation::fromPureGraph::findTypesFromPureInstanceSetImplementation': in call to 'meta::pure::functions::collection::concatenate', argument 2: type variable T bound to Class<meta::pure::metamodel::type::Any> cannot also bind meta::pure::metamodel::type::Type	compiler.spec.SpecCompiler.compile:108
FAILED	meta::protocols::pure::v1_22_0::transformation::fromPureGraph::getAllElementsFromMapping_Mapping_MANY__Extension_MANY__PackageableElement_MANY_	TypeInferenceException	in function 'meta::protocols::pure::v1_22_0::transformation::fromPureGraph::getAllElementsFromMapping': unknown function 'serializerExtension' — no function of this name in the native or user catalog (unported platform function, or a misspelling)	compiler.spec.SpecCompiler.compile:108
FAILED	meta::protocols::pure::v1_22_0::transformation::fromPureGraph::getCorrectedElementSourceInformation_PackageableElement_1__Extension_MANY__SourceInformation_$0_1$_	TypeInferenceException	in function 'meta::protocols::pure::v1_22_0::transformation::fromPureGraph::getCorrectedElementSourceInformation': unknown function 'serializerExtension' — no function of this name in the native or user catalog (unported platform function, or a misspelling)	compiler.spec.SpecCompiler.compile:108
FAILED	meta::protocols::pure::v1_22_0::transformation::fromPureGraph::mapping::transformAssociationImplementation_AssociationImplementation_1__Mapping_1__Extension_MANY__AssociationMapping_1_	TypeInferenceException	in function 'meta::protocols::pure::v1_22_0::transformation::fromPureGraph::mapping::transformAssociationImplementation': unknown function 'serializerExtension' — no function of this name in the native or user catalog (unported platform function, or a misspelling)	compiler.spec.SpecCompiler.compile:108
FAILED	meta::protocols::pure::v1_22_0::transformation::fromPureGraph::mapping::transformMapping_Mapping_1__Extension_MANY__Mapping_1_	TypeInferenceException	in function 'meta::protocols::pure::v1_22_0::transformation::fromPureGraph::mapping::transformMapping': unknown function 'serializerExtension' — no function of this name in the native or user catalog (unported platform function, or a misspelling)	compiler.spec.SpecCompiler.compile:108
FAILED	meta::protocols::pure::v1_22_0::transformation::fromPureGraph::mapping::transformSetImplementation_SetImplementation_1__Mapping_1__Extension_MANY__ClassMapping_1_	TypeInferenceException	in function 'meta::protocols::pure::v1_22_0::transformation::fromPureGraph::mapping::transformSetImplementation': unknown function 'serializerExtension' — no function of this name in the native or user catalog (unported platform function, or a misspelling)	compiler.spec.SpecCompiler.compile:108
FAILED	meta::protocols::pure::v1_22_0::transformation::fromPureGraph::navigateAssos_Type_MANY__Type_MANY__String_MANY__Type_MANY_	TypeInferenceException	in function 'meta::protocols::pure::v1_22_0::transformation::fromPureGraph::navigateAssos': in call to 'meta::pure::functions::collection::concatenate', argument 2: type variable T bound to Class<meta::pure::metamodel::type::Any> cannot also bind meta::pure::metamodel::type::Type	compiler.spec.SpecCompiler.compile:108
FAILED	meta::protocols::pure::v1_22_0::transformation::fromPureGraph::processProperties_PropertyMappingsImplementation_1__Mapping_1__Extension_MANY__Store_MANY_	TypeInferenceException	in function 'meta::protocols::pure::v1_22_0::transformation::fromPureGraph::processProperties': unknown function 'serializerExtension' — no function of this name in the native or user catalog (unported platform function, or a misspelling)	compiler.spec.SpecCompiler.compile:108
FAILED	meta::protocols::pure::v1_22_0::transformation::fromPureGraph::runtime::transformConnection_Connection_1__Extension_MANY__Connection_1_	TypeInferenceException	in function 'meta::protocols::pure::v1_22_0::transformation::fromPureGraph::runtime::transformConnection': unknown function 'serializerExtension' — no function of this name in the native or user catalog (unported platform function, or a misspelling)	compiler.spec.SpecCompiler.compile:108
FAILED	meta::protocols::pure::v1_22_0::transformation::fromPureGraph::scan_Any_1__FunctionDefinition_MANY__Type_MANY_	TypeInferenceException	in function 'meta::protocols::pure::v1_22_0::transformation::fromPureGraph::scan': in call to 'meta::pure::functions::collection::concatenate', argument 2: type variable T bound to FunctionDefinition<meta::pure::metamodel::type::Any> cannot also bind ConcreteFunctionDefinition<meta::pure::metamodel::type::Any>	compiler.spec.SpecCompiler.compile:108
FAILED	meta::protocols::pure::v1_22_0::transformation::fromPureGraph::store::relational::transformMilestoning_Milestoning_1__Extension_MANY__Milestoning_1_	TypeInferenceException	in function 'meta::protocols::pure::v1_22_0::transformation::fromPureGraph::store::relational::transformMilestoning': unknown function 'serializerExtension' — no function of this name in the native or user catalog (unported platform function, or a misspelling)	compiler.spec.SpecCompiler.compile:108
FAILED	meta::protocols::pure::v1_22_0::transformation::fromPureGraph::store::transformStore_Store_1__Extension_MANY__Store_1_	TypeInferenceException	in function 'meta::protocols::pure::v1_22_0::transformation::fromPureGraph::store::transformStore': unknown function 'serializerExtension' — no function of this name in the native or user catalog (unported platform function, or a misspelling)	compiler.spec.SpecCompiler.compile:108
FAILED	meta::protocols::pure::v1_22_0::transformation::fromPureGraph::valueSpecification::transformAny_Any_MANY__String_MANY__Map_1__Multiplicity_1__Integer_1__FunctionExpression_$0_1$__Boolean_1__Extension_MANY__ValueSpecification_1_	TypeInferenceException	in function 'meta::protocols::pure::v1_22_0::transformation::fromPureGraph::valueSpecification::transformAny': unknown function 'serializerExtension' — no function of this name in the native or user catalog (unported platform function, or a misspelling)	compiler.spec.SpecCompiler.compile:108
FAILED	meta::protocols::pure::v1_22_0::transformation::fromPureGraph::valueSpecification::transformValueSpecification_ValueSpecification_1__String_MANY__Map_1__Boolean_1__Boolean_1__Extension_MANY__ValueSpecification_1_	ResolutionException	'new_Class_1__String_1__KeyExpression_MANY__T_1_' is not a known class, mapping, runtime, connection, or database — user elements in a query need a fully qualified name	compiler.spec.Typer.classReference:982
FAILED	meta::protocols::pure::v1_23_0::invocation::execution::execute::legendExecute_FunctionDefinition_1__Mapping_1__Runtime_1__ExecutionContext_$0_1$__String_1__Integer_1__String_1__String_1__String_1__Extension_MANY__Result_1_	TypeInferenceException	in function 'meta::protocols::pure::v1_23_0::invocation::execution::execute::legendExecute': unknown function 'serializerExtension' — no function of this name in the native or user catalog (unported platform function, or a misspelling)	compiler.spec.SpecCompiler.compile:108
FAILED	meta::protocols::pure::v1_23_0::invocation::execution::execute::processCSV_M2M_String_1__Class_1__JSONObject_1__Pair_1_	TypeInferenceException	in function 'meta::protocols::pure::v1_23_0::invocation::execution::execute::processCSV_M2M': JSONKeyValue.key reads only inside keyValuePairs->filter(kv|$kv.key.value == <key>) — the member access (a member is represented by its value)	compiler.spec.SpecCompiler.compile:108
FAILED	meta::protocols::pure::v1_23_0::invocation::execution::execute::transformActivities_ExecutionActivity_MANY__Extension_MANY__Activity_MANY_	TypeInferenceException	in function 'meta::protocols::pure::v1_23_0::invocation::execution::execute::transformActivities': match expects a collection of branch lambdas	compiler.spec.SpecCompiler.compile:108
FAILED	meta::protocols::pure::v1_23_0::transformation::fromPureGraph::buildBasePureModelFromMapping_Mapping_MANY__Function_1__Extension_MANY__Pair_1_	TypeInferenceException	in function 'meta::protocols::pure::v1_23_0::transformation::fromPureGraph::buildBasePureModelFromMapping': unknown function 'serializerExtension' — no function of this name in the native or user catalog (unported platform function, or a misspelling)	compiler.spec.SpecCompiler.compile:108
FAILED	meta::protocols::pure::v1_23_0::transformation::fromPureGraph::buildBasePureModelFromMappingStr_String_1__Extension_MANY__String_1_	TypeInferenceException	in function 'meta::protocols::pure::v1_23_0::transformation::fromPureGraph::buildBasePureModelFromMappingStr': no overload of 'meta::json::toJsonBeta' accepts 2 argument(s)	compiler.spec.SpecCompiler.compile:108
FAILED	meta::protocols::pure::v1_23_0::transformation::fromPureGraph::buildBasePureModelFromPackageStr_String_1__Extension_MANY__String_1_	TypeInferenceException	in function 'meta::protocols::pure::v1_23_0::transformation::fromPureGraph::buildBasePureModelFromPackageStr': no overload of 'meta::json::toJsonBeta' accepts 2 argument(s)	compiler.spec.SpecCompiler.compile:108
FAILED	meta::protocols::pure::v1_23_0::transformation::fromPureGraph::buildBasePureModelFromStoreStr_String_1__Extension_MANY__String_1_	TypeInferenceException	in function 'meta::protocols::pure::v1_23_0::transformation::fromPureGraph::buildBasePureModelFromStoreStr': no overload of 'meta::json::toJsonBeta' accepts 2 argument(s)	compiler.spec.SpecCompiler.compile:108
FAILED	meta::protocols::pure::v1_23_0::transformation::fromPureGraph::buildDomain_AllTypes_1__Association_MANY__Function_1__Extension_MANY__PackageableElement_MANY_	TypeInferenceException	in function 'meta::protocols::pure::v1_23_0::transformation::fromPureGraph::buildDomain': 'meta::pure::functions::collection::filter' expects a lambda argument in position 1	compiler.spec.SpecCompiler.compile:108
FAILED	meta::protocols::pure::v1_23_0::transformation::fromPureGraph::connection::transformAuthenticationStrategy_AuthenticationStrategy_1__Extension_MANY__AuthenticationStrategy_1_	TypeInferenceException	in function 'meta::protocols::pure::v1_23_0::transformation::fromPureGraph::connection::transformAuthenticationStrategy': unknown function 'serializerExtension' — no function of this name in the native or user catalog (unported platform function, or a misspelling)	compiler.spec.SpecCompiler.compile:108
FAILED	meta::protocols::pure::v1_23_0::transformation::fromPureGraph::connection::transformDatabaseConnection_DatabaseConnection_1__Extension_MANY__DatabaseConnection_1_	TypeInferenceException	in function 'meta::protocols::pure::v1_23_0::transformation::fromPureGraph::connection::transformDatabaseConnection': unknown function 'serializerExtension' — no function of this name in the native or user catalog (unported platform function, or a misspelling)	compiler.spec.SpecCompiler.compile:108
FAILED	meta::protocols::pure::v1_23_0::transformation::fromPureGraph::connection::transformDatasourceSpecification_DatasourceSpecification_1__Extension_MANY__DatasourceSpecification_1_	TypeInferenceException	in function 'meta::protocols::pure::v1_23_0::transformation::fromPureGraph::connection::transformDatasourceSpecification': unknown function 'serializerExtension' — no function of this name in the native or user catalog (unported platform function, or a misspelling)	compiler.spec.SpecCompiler.compile:108
FAILED	meta::protocols::pure::v1_23_0::transformation::fromPureGraph::connection::transformPostProcessorParameters_PostProcessorParameter_MANY__Extension_MANY__PostProcessorParameter_MANY_	TypeInferenceException	in function 'meta::protocols::pure::v1_23_0::transformation::fromPureGraph::connection::transformPostProcessorParameters': match expects a collection of branch lambdas	compiler.spec.SpecCompiler.compile:108
FAILED	meta::protocols::pure::v1_23_0::transformation::fromPureGraph::connection::transformPostProcessors_PostProcessor_MANY__Extension_MANY__PostProcessor_MANY_	TypeInferenceException	in function 'meta::protocols::pure::v1_23_0::transformation::fromPureGraph::connection::transformPostProcessors': match expects a collection of branch lambdas	compiler.spec.SpecCompiler.compile:108
FAILED	meta::protocols::pure::v1_23_0::transformation::fromPureGraph::context::transformContext_ExecutionContext_1__Extension_MANY__ExecutionContext_1_	TypeInferenceException	in function 'meta::protocols::pure::v1_23_0::transformation::fromPureGraph::context::transformContext': unknown function 'serializerExtension' — no function of this name in the native or user catalog (unported platform function, or a misspelling)	compiler.spec.SpecCompiler.compile:108
FAILED	meta::protocols::pure::v1_23_0::transformation::fromPureGraph::excludeTypes_Type_MANY__String_MANY__Type_MANY_	TypeInferenceException	in function 'meta::protocols::pure::v1_23_0::transformation::fromPureGraph::excludeTypes': in call to 'meta::pure::functions::collection::remove', argument 2: type variable T bound to meta::pure::metamodel::type::Type cannot also bind Class<meta::pure::metamodel::type::Any>	compiler.spec.SpecCompiler.compile:108
FAILED	meta::protocols::pure::v1_23_0::transformation::fromPureGraph::executionPlan::transformNode_ExecutionNode_1__Mapping_1__Extension_MANY__ExecutionNode_1_	TypeInferenceException	in function 'meta::protocols::pure::v1_23_0::transformation::fromPureGraph::executionPlan::transformNode': unknown function 'serializerExtension' — no function of this name in the native or user catalog (unported platform function, or a misspelling)	compiler.spec.SpecCompiler.compile:108
FAILED	meta::protocols::pure::v1_23_0::transformation::fromPureGraph::executionPlan::transformResultType_ResultType_1__Mapping_1__Extension_MANY__ResultType_1_	TypeInferenceException	in function 'meta::protocols::pure::v1_23_0::transformation::fromPureGraph::executionPlan::transformResultType': unknown function 'serializerExtension' — no function of this name in the native or user catalog (unported platform function, or a misspelling)	compiler.spec.SpecCompiler.compile:108
FAILED	meta::protocols::pure::v1_23_0::transformation::fromPureGraph::executionPlan::transformSetImplementation_SetImplementation_1__Extension_MANY__SetImplementationInfo_1_	TypeInferenceException	in function 'meta::protocols::pure::v1_23_0::transformation::fromPureGraph::executionPlan::transformSetImplementation': unknown function 'serializerExtension' — no function of this name in the native or user catalog (unported platform function, or a misspelling)	compiler.spec.SpecCompiler.compile:108
FAILED	meta::protocols::pure::v1_23_0::transformation::fromPureGraph::extractStores_SetImplementation_1__Mapping_1__Extension_MANY__Store_MANY_	TypeInferenceException	in function 'meta::protocols::pure::v1_23_0::transformation::fromPureGraph::extractStores': unknown function 'serializerExtension' — no function of this name in the native or user catalog (unported platform function, or a misspelling)	compiler.spec.SpecCompiler.compile:108
FAILED	meta::protocols::pure::v1_23_0::transformation::fromPureGraph::findAllTypes_Type_MANY__String_MANY__AllTypes_1_	TypeInferenceException	in function 'meta::protocols::pure::v1_23_0::transformation::fromPureGraph::findAllTypes': in call to 'meta::pure::functions::collection::remove', argument 2: type variable T bound to meta::pure::metamodel::type::Type cannot also bind Class<meta::pure::metamodel::type::Any>	compiler.spec.SpecCompiler.compile:108
FAILED	meta::protocols::pure::v1_23_0::transformation::fromPureGraph::findAllTypesFromMapping_Mapping_1__Extension_MANY__AllTypes_1_	TypeInferenceException	in function 'meta::protocols::pure::v1_23_0::transformation::fromPureGraph::findAllTypesFromMapping': unknown function 'serializerExtension' — no function of this name in the native or user catalog (unported platform function, or a misspelling)	compiler.spec.SpecCompiler.compile:108
FAILED	meta::protocols::pure::v1_23_0::transformation::fromPureGraph::findInheritedTypes_Class_MANY__Type_MANY_	TypeInferenceException	in function 'meta::protocols::pure::v1_23_0::transformation::fromPureGraph::findInheritedTypes': in call to 'meta::pure::functions::collection::concatenate', argument 2: type variable T bound to Class<meta::pure::metamodel::type::Any> cannot also bind meta::pure::metamodel::type::Type	compiler.spec.SpecCompiler.compile:108
FAILED	meta::protocols::pure::v1_23_0::transformation::fromPureGraph::findTypesFromPureInstanceSetImplementation_PureInstanceSetImplementation_1__Type_MANY_	TypeInferenceException	in function 'meta::protocols::pure::v1_23_0::transformation::fromPureGraph::findTypesFromPureInstanceSetImplementation': in call to 'meta::pure::functions::collection::concatenate', argument 2: type variable T bound to Class<meta::pure::metamodel::type::Any> cannot also bind meta::pure::metamodel::type::Type	compiler.spec.SpecCompiler.compile:108
FAILED	meta::protocols::pure::v1_23_0::transformation::fromPureGraph::getAllElementsFromMapping_Mapping_MANY__Extension_MANY__PackageableElement_MANY_	TypeInferenceException	in function 'meta::protocols::pure::v1_23_0::transformation::fromPureGraph::getAllElementsFromMapping': unknown function 'serializerExtension' — no function of this name in the native or user catalog (unported platform function, or a misspelling)	compiler.spec.SpecCompiler.compile:108
FAILED	meta::protocols::pure::v1_23_0::transformation::fromPureGraph::getCorrectedElementSourceInformation_PackageableElement_1__Extension_MANY__SourceInformation_$0_1$_	TypeInferenceException	in function 'meta::protocols::pure::v1_23_0::transformation::fromPureGraph::getCorrectedElementSourceInformation': unknown function 'serializerExtension' — no function of this name in the native or user catalog (unported platform function, or a misspelling)	compiler.spec.SpecCompiler.compile:108
FAILED	meta::protocols::pure::v1_23_0::transformation::fromPureGraph::mapping::transformAssociationImplementation_AssociationImplementation_1__Mapping_1__Extension_MANY__AssociationMapping_1_	TypeInferenceException	in function 'meta::protocols::pure::v1_23_0::transformation::fromPureGraph::mapping::transformAssociationImplementation': unknown function 'serializerExtension' — no function of this name in the native or user catalog (unported platform function, or a misspelling)	compiler.spec.SpecCompiler.compile:108
FAILED	meta::protocols::pure::v1_23_0::transformation::fromPureGraph::mapping::transformMapping_Mapping_1__Extension_MANY__Mapping_1_	TypeInferenceException	in function 'meta::protocols::pure::v1_23_0::transformation::fromPureGraph::mapping::transformMapping': unknown function 'serializerExtension' — no function of this name in the native or user catalog (unported platform function, or a misspelling)	compiler.spec.SpecCompiler.compile:108
FAILED	meta::protocols::pure::v1_23_0::transformation::fromPureGraph::mapping::transformSetImplementation_SetImplementation_1__Mapping_1__Extension_MANY__ClassMapping_1_	TypeInferenceException	in function 'meta::protocols::pure::v1_23_0::transformation::fromPureGraph::mapping::transformSetImplementation': unknown function 'serializerExtension' — no function of this name in the native or user catalog (unported platform function, or a misspelling)	compiler.spec.SpecCompiler.compile:108
FAILED	meta::protocols::pure::v1_23_0::transformation::fromPureGraph::navigateAssos_Type_MANY__Type_MANY__String_MANY__Type_MANY_	TypeInferenceException	in function 'meta::protocols::pure::v1_23_0::transformation::fromPureGraph::navigateAssos': in call to 'meta::pure::functions::collection::concatenate', argument 2: type variable T bound to Class<meta::pure::metamodel::type::Any> cannot also bind meta::pure::metamodel::type::Type	compiler.spec.SpecCompiler.compile:108
FAILED	meta::protocols::pure::v1_23_0::transformation::fromPureGraph::processProperties_PropertyMappingsImplementation_1__Mapping_1__Extension_MANY__Store_MANY_	TypeInferenceException	in function 'meta::protocols::pure::v1_23_0::transformation::fromPureGraph::processProperties': unknown function 'serializerExtension' — no function of this name in the native or user catalog (unported platform function, or a misspelling)	compiler.spec.SpecCompiler.compile:108
FAILED	meta::protocols::pure::v1_23_0::transformation::fromPureGraph::runtime::transformConnection_Connection_1__Extension_MANY__Connection_1_	TypeInferenceException	in function 'meta::protocols::pure::v1_23_0::transformation::fromPureGraph::runtime::transformConnection': unknown function 'serializerExtension' — no function of this name in the native or user catalog (unported platform function, or a misspelling)	compiler.spec.SpecCompiler.compile:108
FAILED	meta::protocols::pure::v1_23_0::transformation::fromPureGraph::scan_Any_1__FunctionDefinition_MANY__Type_MANY_	TypeInferenceException	in function 'meta::protocols::pure::v1_23_0::transformation::fromPureGraph::scan': in call to 'meta::pure::functions::collection::concatenate', argument 2: type variable T bound to FunctionDefinition<meta::pure::metamodel::type::Any> cannot also bind ConcreteFunctionDefinition<meta::pure::metamodel::type::Any>	compiler.spec.SpecCompiler.compile:108
FAILED	meta::protocols::pure::v1_23_0::transformation::fromPureGraph::store::relational::transformMilestoning_Milestoning_1__Extension_MANY__Milestoning_1_	TypeInferenceException	in function 'meta::protocols::pure::v1_23_0::transformation::fromPureGraph::store::relational::transformMilestoning': unknown function 'serializerExtension' — no function of this name in the native or user catalog (unported platform function, or a misspelling)	compiler.spec.SpecCompiler.compile:108
FAILED	meta::protocols::pure::v1_23_0::transformation::fromPureGraph::store::transformStore_Store_1__Extension_MANY__Store_1_	TypeInferenceException	in function 'meta::protocols::pure::v1_23_0::transformation::fromPureGraph::store::transformStore': unknown function 'serializerExtension' — no function of this name in the native or user catalog (unported platform function, or a misspelling)	compiler.spec.SpecCompiler.compile:108
FAILED	meta::protocols::pure::v1_23_0::transformation::fromPureGraph::valueSpecification::transformAny_Any_MANY__String_MANY__Map_1__Multiplicity_1__Integer_1__FunctionExpression_$0_1$__Boolean_1__Extension_MANY__ValueSpecification_1_	TypeInferenceException	in function 'meta::protocols::pure::v1_23_0::transformation::fromPureGraph::valueSpecification::transformAny': unknown function 'serializerExtension' — no function of this name in the native or user catalog (unported platform function, or a misspelling)	compiler.spec.SpecCompiler.compile:108
FAILED	meta::protocols::pure::v1_23_0::transformation::fromPureGraph::valueSpecification::transformValueSpecification_ValueSpecification_1__String_MANY__Map_1__Boolean_1__Boolean_1__Extension_MANY__ValueSpecification_1_	ResolutionException	'new_Class_1__String_1__KeyExpression_MANY__T_1_' is not a known class, mapping, runtime, connection, or database — user elements in a query need a fully qualified name	compiler.spec.Typer.classReference:982
FAILED	meta::protocols::pure::v1_24_0::invocation::execution::execute::legendBuildResultFromJSON_String_1__Any_1__Mapping_1__Runtime_1__ExecutionContext_$0_1$__Extension_MANY__Result_1_	TypeInferenceException	in function 'meta::protocols::pure::v1_24_0::invocation::execution::execute::legendBuildResultFromJSON': unknown function 'serializerExtension' — no function of this name in the native or user catalog (unported platform function, or a misspelling)	compiler.spec.SpecCompiler.compile:108
FAILED	meta::protocols::pure::v1_24_0::invocation::execution::execute::legendExecute_FunctionDefinition_1__Mapping_1__Runtime_1__ExecutionContext_$0_1$__String_1__Integer_1__String_1__String_1__String_1__Extension_MANY__Result_1_	TypeInferenceException	in function 'meta::protocols::pure::v1_24_0::invocation::execution::execute::legendExecute': unknown function 'serializerExtension' — no function of this name in the native or user catalog (unported platform function, or a misspelling)	compiler.spec.SpecCompiler.compile:108
FAILED	meta::protocols::pure::v1_24_0::invocation::execution::execute::processCSV_M2M_String_1__Class_1__JSONObject_1__Pair_1_	TypeInferenceException	in function 'meta::protocols::pure::v1_24_0::invocation::execution::execute::processCSV_M2M': JSONKeyValue.key reads only inside keyValuePairs->filter(kv|$kv.key.value == <key>) — the member access (a member is represented by its value)	compiler.spec.SpecCompiler.compile:108
FAILED	meta::protocols::pure::v1_24_0::invocation::execution::execute::transformActivities_ExecutionActivity_MANY__Extension_MANY__Activity_MANY_	TypeInferenceException	in function 'meta::protocols::pure::v1_24_0::invocation::execution::execute::transformActivities': match expects a collection of branch lambdas	compiler.spec.SpecCompiler.compile:108
FAILED	meta::protocols::pure::v1_24_0::transformation::fromPureGraph::buildBasePureModelFromMapping_Mapping_MANY__Function_1__Extension_MANY__Pair_1_	TypeInferenceException	in function 'meta::protocols::pure::v1_24_0::transformation::fromPureGraph::buildBasePureModelFromMapping': unknown function 'serializerExtension' — no function of this name in the native or user catalog (unported platform function, or a misspelling)	compiler.spec.SpecCompiler.compile:108
FAILED	meta::protocols::pure::v1_24_0::transformation::fromPureGraph::buildBasePureModelFromMappingStr_String_1__Extension_MANY__String_1_	TypeInferenceException	in function 'meta::protocols::pure::v1_24_0::transformation::fromPureGraph::buildBasePureModelFromMappingStr': no overload of 'meta::json::toJsonBeta' accepts 2 argument(s)	compiler.spec.SpecCompiler.compile:108
FAILED	meta::protocols::pure::v1_24_0::transformation::fromPureGraph::buildBasePureModelFromPackageStr_String_1__Extension_MANY__String_1_	TypeInferenceException	in function 'meta::protocols::pure::v1_24_0::transformation::fromPureGraph::buildBasePureModelFromPackageStr': no overload of 'meta::json::toJsonBeta' accepts 2 argument(s)	compiler.spec.SpecCompiler.compile:108
FAILED	meta::protocols::pure::v1_24_0::transformation::fromPureGraph::buildBasePureModelFromStoreStr_String_1__Extension_MANY__String_1_	TypeInferenceException	in function 'meta::protocols::pure::v1_24_0::transformation::fromPureGraph::buildBasePureModelFromStoreStr': no overload of 'meta::json::toJsonBeta' accepts 2 argument(s)	compiler.spec.SpecCompiler.compile:108
FAILED	meta::protocols::pure::v1_24_0::transformation::fromPureGraph::buildDomain_AllTypes_1__Association_MANY__Function_1__Extension_MANY__PackageableElement_MANY_	TypeInferenceException	in function 'meta::protocols::pure::v1_24_0::transformation::fromPureGraph::buildDomain': 'meta::pure::functions::collection::filter' expects a lambda argument in position 1	compiler.spec.SpecCompiler.compile:108
FAILED	meta::protocols::pure::v1_24_0::transformation::fromPureGraph::connection::transformAuthenticationStrategy_AuthenticationStrategy_1__Extension_MANY__AuthenticationStrategy_1_	TypeInferenceException	in function 'meta::protocols::pure::v1_24_0::transformation::fromPureGraph::connection::transformAuthenticationStrategy': unknown function 'serializerExtension' — no function of this name in the native or user catalog (unported platform function, or a misspelling)	compiler.spec.SpecCompiler.compile:108
FAILED	meta::protocols::pure::v1_24_0::transformation::fromPureGraph::connection::transformDatabaseConnection_DatabaseConnection_1__Extension_MANY__DatabaseConnection_1_	TypeInferenceException	in function 'meta::protocols::pure::v1_24_0::transformation::fromPureGraph::connection::transformDatabaseConnection': unknown function 'serializerExtension' — no function of this name in the native or user catalog (unported platform function, or a misspelling)	compiler.spec.SpecCompiler.compile:108
FAILED	meta::protocols::pure::v1_24_0::transformation::fromPureGraph::connection::transformDatasourceSpecification_DatasourceSpecification_1__Extension_MANY__DatasourceSpecification_1_	TypeInferenceException	in function 'meta::protocols::pure::v1_24_0::transformation::fromPureGraph::connection::transformDatasourceSpecification': unknown function 'serializerExtension' — no function of this name in the native or user catalog (unported platform function, or a misspelling)	compiler.spec.SpecCompiler.compile:108
FAILED	meta::protocols::pure::v1_24_0::transformation::fromPureGraph::connection::transformPostProcessorParameters_PostProcessorParameter_MANY__Extension_MANY__PostProcessorParameter_MANY_	TypeInferenceException	in function 'meta::protocols::pure::v1_24_0::transformation::fromPureGraph::connection::transformPostProcessorParameters': match expects a collection of branch lambdas	compiler.spec.SpecCompiler.compile:108
FAILED	meta::protocols::pure::v1_24_0::transformation::fromPureGraph::connection::transformPostProcessors_PostProcessor_MANY__Extension_MANY__PostProcessor_MANY_	TypeInferenceException	in function 'meta::protocols::pure::v1_24_0::transformation::fromPureGraph::connection::transformPostProcessors': match expects a collection of branch lambdas	compiler.spec.SpecCompiler.compile:108
FAILED	meta::protocols::pure::v1_24_0::transformation::fromPureGraph::context::transformContext_ExecutionContext_1__Extension_MANY__ExecutionContext_1_	TypeInferenceException	in function 'meta::protocols::pure::v1_24_0::transformation::fromPureGraph::context::transformContext': unknown function 'serializerExtension' — no function of this name in the native or user catalog (unported platform function, or a misspelling)	compiler.spec.SpecCompiler.compile:108
FAILED	meta::protocols::pure::v1_24_0::transformation::fromPureGraph::excludeTypes_Type_MANY__String_MANY__Type_MANY_	TypeInferenceException	in function 'meta::protocols::pure::v1_24_0::transformation::fromPureGraph::excludeTypes': in call to 'meta::pure::functions::collection::remove', argument 2: type variable T bound to meta::pure::metamodel::type::Type cannot also bind Class<meta::pure::metamodel::type::Any>	compiler.spec.SpecCompiler.compile:108
FAILED	meta::protocols::pure::v1_24_0::transformation::fromPureGraph::executionPlan::transformNode_ExecutionNode_1__Mapping_1__Extension_MANY__ExecutionNode_1_	TypeInferenceException	in function 'meta::protocols::pure::v1_24_0::transformation::fromPureGraph::executionPlan::transformNode': unknown function 'serializerExtension' — no function of this name in the native or user catalog (unported platform function, or a misspelling)	compiler.spec.SpecCompiler.compile:108
FAILED	meta::protocols::pure::v1_24_0::transformation::fromPureGraph::executionPlan::transformResultType_ResultType_1__Mapping_1__Extension_MANY__ResultType_1_	TypeInferenceException	in function 'meta::protocols::pure::v1_24_0::transformation::fromPureGraph::executionPlan::transformResultType': unknown function 'serializerExtension' — no function of this name in the native or user catalog (unported platform function, or a misspelling)	compiler.spec.SpecCompiler.compile:108
FAILED	meta::protocols::pure::v1_24_0::transformation::fromPureGraph::executionPlan::transformSetImplementation_SetImplementation_1__Extension_MANY__SetImplementationInfo_1_	TypeInferenceException	in function 'meta::protocols::pure::v1_24_0::transformation::fromPureGraph::executionPlan::transformSetImplementation': unknown function 'serializerExtension' — no function of this name in the native or user catalog (unported platform function, or a misspelling)	compiler.spec.SpecCompiler.compile:108
FAILED	meta::protocols::pure::v1_24_0::transformation::fromPureGraph::extractStores_SetImplementation_1__Mapping_1__Extension_MANY__Store_MANY_	TypeInferenceException	in function 'meta::protocols::pure::v1_24_0::transformation::fromPureGraph::extractStores': unknown function 'serializerExtension' — no function of this name in the native or user catalog (unported platform function, or a misspelling)	compiler.spec.SpecCompiler.compile:108
FAILED	meta::protocols::pure::v1_24_0::transformation::fromPureGraph::findAllTypes_Type_MANY__String_MANY__AllTypes_1_	TypeInferenceException	in function 'meta::protocols::pure::v1_24_0::transformation::fromPureGraph::findAllTypes': in call to 'meta::pure::functions::collection::remove', argument 2: type variable T bound to meta::pure::metamodel::type::Type cannot also bind Class<meta::pure::metamodel::type::Any>	compiler.spec.SpecCompiler.compile:108
FAILED	meta::protocols::pure::v1_24_0::transformation::fromPureGraph::findAllTypesFromMapping_Mapping_1__Extension_MANY__AllTypes_1_	TypeInferenceException	in function 'meta::protocols::pure::v1_24_0::transformation::fromPureGraph::findAllTypesFromMapping': unknown function 'serializerExtension' — no function of this name in the native or user catalog (unported platform function, or a misspelling)	compiler.spec.SpecCompiler.compile:108
FAILED	meta::protocols::pure::v1_24_0::transformation::fromPureGraph::findInheritedTypes_Class_MANY__Type_MANY_	TypeInferenceException	in function 'meta::protocols::pure::v1_24_0::transformation::fromPureGraph::findInheritedTypes': in call to 'meta::pure::functions::collection::concatenate', argument 2: type variable T bound to Class<meta::pure::metamodel::type::Any> cannot also bind meta::pure::metamodel::type::Type	compiler.spec.SpecCompiler.compile:108
FAILED	meta::protocols::pure::v1_24_0::transformation::fromPureGraph::findTypesFromPureInstanceSetImplementation_PureInstanceSetImplementation_1__Type_MANY_	TypeInferenceException	in function 'meta::protocols::pure::v1_24_0::transformation::fromPureGraph::findTypesFromPureInstanceSetImplementation': in call to 'meta::pure::functions::collection::concatenate', argument 2: type variable T bound to Class<meta::pure::metamodel::type::Any> cannot also bind meta::pure::metamodel::type::Type	compiler.spec.SpecCompiler.compile:108
FAILED	meta::protocols::pure::v1_24_0::transformation::fromPureGraph::getAllElementsFromMapping_Mapping_MANY__Extension_MANY__PackageableElement_MANY_	TypeInferenceException	in function 'meta::protocols::pure::v1_24_0::transformation::fromPureGraph::getAllElementsFromMapping': unknown function 'serializerExtension' — no function of this name in the native or user catalog (unported platform function, or a misspelling)	compiler.spec.SpecCompiler.compile:108
FAILED	meta::protocols::pure::v1_24_0::transformation::fromPureGraph::getCorrectedElementSourceInformation_PackageableElement_1__Extension_MANY__SourceInformation_$0_1$_	TypeInferenceException	in function 'meta::protocols::pure::v1_24_0::transformation::fromPureGraph::getCorrectedElementSourceInformation': unknown function 'serializerExtension' — no function of this name in the native or user catalog (unported platform function, or a misspelling)	compiler.spec.SpecCompiler.compile:108
FAILED	meta::protocols::pure::v1_24_0::transformation::fromPureGraph::mapping::transformAssociationImplementation_AssociationImplementation_1__Mapping_1__Extension_MANY__AssociationMapping_1_	TypeInferenceException	in function 'meta::protocols::pure::v1_24_0::transformation::fromPureGraph::mapping::transformAssociationImplementation': unknown function 'serializerExtension' — no function of this name in the native or user catalog (unported platform function, or a misspelling)	compiler.spec.SpecCompiler.compile:108
FAILED	meta::protocols::pure::v1_24_0::transformation::fromPureGraph::mapping::transformMapping_Mapping_1__Extension_MANY__Mapping_1_	TypeInferenceException	in function 'meta::protocols::pure::v1_24_0::transformation::fromPureGraph::mapping::transformMapping': unknown function 'serializerExtension' — no function of this name in the native or user catalog (unported platform function, or a misspelling)	compiler.spec.SpecCompiler.compile:108
FAILED	meta::protocols::pure::v1_24_0::transformation::fromPureGraph::mapping::transformSetImplementation_SetImplementation_1__Mapping_1__Extension_MANY__ClassMapping_1_	TypeInferenceException	in function 'meta::protocols::pure::v1_24_0::transformation::fromPureGraph::mapping::transformSetImplementation': unknown function 'serializerExtension' — no function of this name in the native or user catalog (unported platform function, or a misspelling)	compiler.spec.SpecCompiler.compile:108
FAILED	meta::protocols::pure::v1_24_0::transformation::fromPureGraph::navigateAssos_Type_MANY__Type_MANY__String_MANY__Type_MANY_	TypeInferenceException	in function 'meta::protocols::pure::v1_24_0::transformation::fromPureGraph::navigateAssos': in call to 'meta::pure::functions::collection::concatenate', argument 2: type variable T bound to Class<meta::pure::metamodel::type::Any> cannot also bind meta::pure::metamodel::type::Type	compiler.spec.SpecCompiler.compile:108
FAILED	meta::protocols::pure::v1_24_0::transformation::fromPureGraph::processProperties_PropertyMappingsImplementation_1__Mapping_1__Extension_MANY__Store_MANY_	TypeInferenceException	in function 'meta::protocols::pure::v1_24_0::transformation::fromPureGraph::processProperties': unknown function 'serializerExtension' — no function of this name in the native or user catalog (unported platform function, or a misspelling)	compiler.spec.SpecCompiler.compile:108
FAILED	meta::protocols::pure::v1_24_0::transformation::fromPureGraph::runtime::transformConnection_Connection_1__Extension_MANY__Connection_1_	TypeInferenceException	in function 'meta::protocols::pure::v1_24_0::transformation::fromPureGraph::runtime::transformConnection': unknown function 'serializerExtension' — no function of this name in the native or user catalog (unported platform function, or a misspelling)	compiler.spec.SpecCompiler.compile:108
FAILED	meta::protocols::pure::v1_24_0::transformation::fromPureGraph::scan_Any_1__FunctionDefinition_MANY__Type_MANY_	TypeInferenceException	in function 'meta::protocols::pure::v1_24_0::transformation::fromPureGraph::scan': in call to 'meta::pure::functions::collection::concatenate', argument 2: type variable T bound to FunctionDefinition<meta::pure::metamodel::type::Any> cannot also bind ConcreteFunctionDefinition<meta::pure::metamodel::type::Any>	compiler.spec.SpecCompiler.compile:108
FAILED	meta::protocols::pure::v1_24_0::transformation::fromPureGraph::store::relational::transformMilestoning_Milestoning_1__Extension_MANY__Milestoning_1_	TypeInferenceException	in function 'meta::protocols::pure::v1_24_0::transformation::fromPureGraph::store::relational::transformMilestoning': unknown function 'serializerExtension' — no function of this name in the native or user catalog (unported platform function, or a misspelling)	compiler.spec.SpecCompiler.compile:108
FAILED	meta::protocols::pure::v1_24_0::transformation::fromPureGraph::store::transformStore_Store_1__Extension_MANY__Store_1_	TypeInferenceException	in function 'meta::protocols::pure::v1_24_0::transformation::fromPureGraph::store::transformStore': unknown function 'serializerExtension' — no function of this name in the native or user catalog (unported platform function, or a misspelling)	compiler.spec.SpecCompiler.compile:108
FAILED	meta::protocols::pure::v1_24_0::transformation::fromPureGraph::valueSpecification::transformAny_Any_MANY__String_MANY__Map_1__Multiplicity_1__Integer_1__FunctionExpression_$0_1$__Boolean_1__Extension_MANY__ValueSpecification_1_	TypeInferenceException	in function 'meta::protocols::pure::v1_24_0::transformation::fromPureGraph::valueSpecification::transformAny': unknown function 'serializerExtension' — no function of this name in the native or user catalog (unported platform function, or a misspelling)	compiler.spec.SpecCompiler.compile:108
FAILED	meta::protocols::pure::v1_24_0::transformation::fromPureGraph::valueSpecification::transformValueSpecification_ValueSpecification_1__String_MANY__Map_1__Boolean_1__Boolean_1__Extension_MANY__ValueSpecification_1_	ResolutionException	'new_Class_1__String_1__KeyExpression_MANY__T_1_' is not a known class, mapping, runtime, connection, or database — user elements in a query need a fully qualified name	compiler.spec.Typer.classReference:982
FAILED	meta::protocols::pure::v1_24_0::transformation::toPureGraph::connection::buildRelationalDatabaseConnection_String_1__Extension_MANY__ConnectionStore_$0_1$_	TypeInferenceException	in function 'meta::protocols::pure::v1_24_0::transformation::toPureGraph::connection::buildRelationalDatabaseConnection': unknown function 'serializerExtension' — no function of this name in the native or user catalog (unported platform function, or a misspelling)	compiler.spec.SpecCompiler.compile:108
FAILED	meta::protocols::pure::v1_24_0::transformation::toPureGraph::connection::transformAuthenticationStrategy_AuthenticationStrategy_1__Extension_MANY__AuthenticationStrategy_1_	TypeInferenceException	in function 'meta::protocols::pure::v1_24_0::transformation::toPureGraph::connection::transformAuthenticationStrategy': unknown function 'serializerExtension' — no function of this name in the native or user catalog (unported platform function, or a misspelling)	compiler.spec.SpecCompiler.compile:108
FAILED	meta::protocols::pure::v1_24_0::transformation::toPureGraph::connection::transformDatasourceSpecification_DatasourceSpecification_1__Extension_MANY__DatasourceSpecification_1_	TypeInferenceException	in function 'meta::protocols::pure::v1_24_0::transformation::toPureGraph::connection::transformDatasourceSpecification': unknown function 'serializerExtension' — no function of this name in the native or user catalog (unported platform function, or a misspelling)	compiler.spec.SpecCompiler.compile:108
FAILED	meta::protocols::pure::v1_25_0::invocation::execution::execute::legendBuildResultFromJSON_String_1__Any_1__Mapping_1__Runtime_1__ExecutionContext_$0_1$__Extension_MANY__Result_1_	TypeInferenceException	in function 'meta::protocols::pure::v1_25_0::invocation::execution::execute::legendBuildResultFromJSON': unknown function 'serializerExtension' — no function of this name in the native or user catalog (unported platform function, or a misspelling)	compiler.spec.SpecCompiler.compile:108
FAILED	meta::protocols::pure::v1_25_0::invocation::execution::execute::legendExecute_FunctionDefinition_1__Mapping_1__Runtime_1__ExecutionContext_$0_1$__String_1__Integer_1__String_1__String_1__String_1__Extension_MANY__Result_1_	TypeInferenceException	in function 'meta::protocols::pure::v1_25_0::invocation::execution::execute::legendExecute': unknown function 'serializerExtension' — no function of this name in the native or user catalog (unported platform function, or a misspelling)	compiler.spec.SpecCompiler.compile:108
FAILED	meta::protocols::pure::v1_25_0::invocation::execution::execute::processCSV_M2M_String_1__Class_1__JSONObject_1__Pair_1_	TypeInferenceException	in function 'meta::protocols::pure::v1_25_0::invocation::execution::execute::processCSV_M2M': JSONKeyValue.key reads only inside keyValuePairs->filter(kv|$kv.key.value == <key>) — the member access (a member is represented by its value)	compiler.spec.SpecCompiler.compile:108
FAILED	meta::protocols::pure::v1_25_0::invocation::execution::execute::transformActivities_ExecutionActivity_MANY__Extension_MANY__Activity_MANY_	TypeInferenceException	in function 'meta::protocols::pure::v1_25_0::invocation::execution::execute::transformActivities': match expects a collection of branch lambdas	compiler.spec.SpecCompiler.compile:108
FAILED	meta::protocols::pure::v1_25_0::transformation::fromPureGraph::buildBasePureModelFromMapping_Mapping_MANY__Function_1__Extension_MANY__Pair_1_	TypeInferenceException	in function 'meta::protocols::pure::v1_25_0::transformation::fromPureGraph::buildBasePureModelFromMapping': unknown function 'serializerExtension' — no function of this name in the native or user catalog (unported platform function, or a misspelling)	compiler.spec.SpecCompiler.compile:108
FAILED	meta::protocols::pure::v1_25_0::transformation::fromPureGraph::buildBasePureModelFromMappingStr_String_1__Extension_MANY__String_1_	TypeInferenceException	in function 'meta::protocols::pure::v1_25_0::transformation::fromPureGraph::buildBasePureModelFromMappingStr': no overload of 'meta::json::toJsonBeta' accepts 2 argument(s)	compiler.spec.SpecCompiler.compile:108
FAILED	meta::protocols::pure::v1_25_0::transformation::fromPureGraph::buildBasePureModelFromPackageStr_String_1__Extension_MANY__String_1_	TypeInferenceException	in function 'meta::protocols::pure::v1_25_0::transformation::fromPureGraph::buildBasePureModelFromPackageStr': no overload of 'meta::json::toJsonBeta' accepts 2 argument(s)	compiler.spec.SpecCompiler.compile:108
FAILED	meta::protocols::pure::v1_25_0::transformation::fromPureGraph::buildBasePureModelFromStoreStr_String_1__Extension_MANY__String_1_	TypeInferenceException	in function 'meta::protocols::pure::v1_25_0::transformation::fromPureGraph::buildBasePureModelFromStoreStr': no overload of 'meta::json::toJsonBeta' accepts 2 argument(s)	compiler.spec.SpecCompiler.compile:108
FAILED	meta::protocols::pure::v1_25_0::transformation::fromPureGraph::buildDomain_AllTypes_1__Association_MANY__Function_1__Extension_MANY__PackageableElement_MANY_	TypeInferenceException	in function 'meta::protocols::pure::v1_25_0::transformation::fromPureGraph::buildDomain': 'meta::pure::functions::collection::filter' expects a lambda argument in position 1	compiler.spec.SpecCompiler.compile:108
FAILED	meta::protocols::pure::v1_25_0::transformation::fromPureGraph::connection::transformAuthenticationStrategy_AuthenticationStrategy_1__Extension_MANY__AuthenticationStrategy_1_	TypeInferenceException	in function 'meta::protocols::pure::v1_25_0::transformation::fromPureGraph::connection::transformAuthenticationStrategy': unknown function 'serializerExtension' — no function of this name in the native or user catalog (unported platform function, or a misspelling)	compiler.spec.SpecCompiler.compile:108
FAILED	meta::protocols::pure::v1_25_0::transformation::fromPureGraph::connection::transformDatabaseConnection_DatabaseConnection_1__Extension_MANY__DatabaseConnection_1_	TypeInferenceException	in function 'meta::protocols::pure::v1_25_0::transformation::fromPureGraph::connection::transformDatabaseConnection': unknown function 'serializerExtension' — no function of this name in the native or user catalog (unported platform function, or a misspelling)	compiler.spec.SpecCompiler.compile:108
FAILED	meta::protocols::pure::v1_25_0::transformation::fromPureGraph::connection::transformDatasourceSpecification_DatasourceSpecification_1__Extension_MANY__DatasourceSpecification_1_	TypeInferenceException	in function 'meta::protocols::pure::v1_25_0::transformation::fromPureGraph::connection::transformDatasourceSpecification': unknown function 'serializerExtension' — no function of this name in the native or user catalog (unported platform function, or a misspelling)	compiler.spec.SpecCompiler.compile:108
FAILED	meta::protocols::pure::v1_25_0::transformation::fromPureGraph::connection::transformPostProcessorParameters_PostProcessorParameter_MANY__Extension_MANY__PostProcessorParameter_MANY_	TypeInferenceException	in function 'meta::protocols::pure::v1_25_0::transformation::fromPureGraph::connection::transformPostProcessorParameters': match expects a collection of branch lambdas	compiler.spec.SpecCompiler.compile:108
FAILED	meta::protocols::pure::v1_25_0::transformation::fromPureGraph::connection::transformPostProcessors_PostProcessor_MANY__Extension_MANY__PostProcessor_MANY_	TypeInferenceException	in function 'meta::protocols::pure::v1_25_0::transformation::fromPureGraph::connection::transformPostProcessors': match expects a collection of branch lambdas	compiler.spec.SpecCompiler.compile:108
FAILED	meta::protocols::pure::v1_25_0::transformation::fromPureGraph::context::transformContext_ExecutionContext_1__Extension_MANY__ExecutionContext_1_	TypeInferenceException	in function 'meta::protocols::pure::v1_25_0::transformation::fromPureGraph::context::transformContext': unknown function 'serializerExtension' — no function of this name in the native or user catalog (unported platform function, or a misspelling)	compiler.spec.SpecCompiler.compile:108
FAILED	meta::protocols::pure::v1_25_0::transformation::fromPureGraph::excludeTypes_Type_MANY__String_MANY__Type_MANY_	TypeInferenceException	in function 'meta::protocols::pure::v1_25_0::transformation::fromPureGraph::excludeTypes': in call to 'meta::pure::functions::collection::remove', argument 2: type variable T bound to meta::pure::metamodel::type::Type cannot also bind Class<meta::pure::metamodel::type::Any>	compiler.spec.SpecCompiler.compile:108
FAILED	meta::protocols::pure::v1_25_0::transformation::fromPureGraph::executionPlan::transformNode_ExecutionNode_1__Mapping_1__Extension_MANY__ExecutionNode_1_	TypeInferenceException	in function 'meta::protocols::pure::v1_25_0::transformation::fromPureGraph::executionPlan::transformNode': unknown function 'serializerExtension' — no function of this name in the native or user catalog (unported platform function, or a misspelling)	compiler.spec.SpecCompiler.compile:108
FAILED	meta::protocols::pure::v1_25_0::transformation::fromPureGraph::executionPlan::transformResultType_ResultType_1__Mapping_1__Extension_MANY__ResultType_1_	TypeInferenceException	in function 'meta::protocols::pure::v1_25_0::transformation::fromPureGraph::executionPlan::transformResultType': unknown function 'serializerExtension' — no function of this name in the native or user catalog (unported platform function, or a misspelling)	compiler.spec.SpecCompiler.compile:108
FAILED	meta::protocols::pure::v1_25_0::transformation::fromPureGraph::executionPlan::transformSetImplementation_SetImplementation_1__Extension_MANY__SetImplementationInfo_1_	TypeInferenceException	in function 'meta::protocols::pure::v1_25_0::transformation::fromPureGraph::executionPlan::transformSetImplementation': unknown function 'serializerExtension' — no function of this name in the native or user catalog (unported platform function, or a misspelling)	compiler.spec.SpecCompiler.compile:108
FAILED	meta::protocols::pure::v1_25_0::transformation::fromPureGraph::extractStores_SetImplementation_1__Mapping_1__Extension_MANY__Store_MANY_	TypeInferenceException	in function 'meta::protocols::pure::v1_25_0::transformation::fromPureGraph::extractStores': unknown function 'serializerExtension' — no function of this name in the native or user catalog (unported platform function, or a misspelling)	compiler.spec.SpecCompiler.compile:108
FAILED	meta::protocols::pure::v1_25_0::transformation::fromPureGraph::findAllTypes_Type_MANY__String_MANY__AllTypes_1_	TypeInferenceException	in function 'meta::protocols::pure::v1_25_0::transformation::fromPureGraph::findAllTypes': in call to 'meta::pure::functions::collection::remove', argument 2: type variable T bound to meta::pure::metamodel::type::Type cannot also bind Class<meta::pure::metamodel::type::Any>	compiler.spec.SpecCompiler.compile:108
FAILED	meta::protocols::pure::v1_25_0::transformation::fromPureGraph::findAllTypesFromMapping_Mapping_1__Extension_MANY__AllTypes_1_	TypeInferenceException	in function 'meta::protocols::pure::v1_25_0::transformation::fromPureGraph::findAllTypesFromMapping': unknown function 'serializerExtension' — no function of this name in the native or user catalog (unported platform function, or a misspelling)	compiler.spec.SpecCompiler.compile:108
FAILED	meta::protocols::pure::v1_25_0::transformation::fromPureGraph::findInheritedTypes_Class_MANY__Type_MANY_	TypeInferenceException	in function 'meta::protocols::pure::v1_25_0::transformation::fromPureGraph::findInheritedTypes': in call to 'meta::pure::functions::collection::concatenate', argument 2: type variable T bound to Class<meta::pure::metamodel::type::Any> cannot also bind meta::pure::metamodel::type::Type	compiler.spec.SpecCompiler.compile:108
FAILED	meta::protocols::pure::v1_25_0::transformation::fromPureGraph::findTypesFromPureInstanceSetImplementation_PureInstanceSetImplementation_1__Type_MANY_	TypeInferenceException	in function 'meta::protocols::pure::v1_25_0::transformation::fromPureGraph::findTypesFromPureInstanceSetImplementation': in call to 'meta::pure::functions::collection::concatenate', argument 2: type variable T bound to Class<meta::pure::metamodel::type::Any> cannot also bind meta::pure::metamodel::type::Type	compiler.spec.SpecCompiler.compile:108
FAILED	meta::protocols::pure::v1_25_0::transformation::fromPureGraph::getAllElementsFromMapping_Mapping_MANY__Extension_MANY__PackageableElement_MANY_	TypeInferenceException	in function 'meta::protocols::pure::v1_25_0::transformation::fromPureGraph::getAllElementsFromMapping': unknown function 'serializerExtension' — no function of this name in the native or user catalog (unported platform function, or a misspelling)	compiler.spec.SpecCompiler.compile:108
FAILED	meta::protocols::pure::v1_25_0::transformation::fromPureGraph::getCorrectedElementSourceInformation_PackageableElement_1__Extension_MANY__SourceInformation_$0_1$_	TypeInferenceException	in function 'meta::protocols::pure::v1_25_0::transformation::fromPureGraph::getCorrectedElementSourceInformation': unknown function 'serializerExtension' — no function of this name in the native or user catalog (unported platform function, or a misspelling)	compiler.spec.SpecCompiler.compile:108
FAILED	meta::protocols::pure::v1_25_0::transformation::fromPureGraph::mapping::transformAssociationImplementation_AssociationImplementation_1__Mapping_1__Extension_MANY__AssociationMapping_1_	TypeInferenceException	in function 'meta::protocols::pure::v1_25_0::transformation::fromPureGraph::mapping::transformAssociationImplementation': unknown function 'serializerExtension' — no function of this name in the native or user catalog (unported platform function, or a misspelling)	compiler.spec.SpecCompiler.compile:108
FAILED	meta::protocols::pure::v1_25_0::transformation::fromPureGraph::mapping::transformMapping_Mapping_1__Extension_MANY__Mapping_1_	TypeInferenceException	in function 'meta::protocols::pure::v1_25_0::transformation::fromPureGraph::mapping::transformMapping': unknown function 'serializerExtension' — no function of this name in the native or user catalog (unported platform function, or a misspelling)	compiler.spec.SpecCompiler.compile:108
FAILED	meta::protocols::pure::v1_25_0::transformation::fromPureGraph::mapping::transformSetImplementation_SetImplementation_1__Mapping_1__Extension_MANY__ClassMapping_1_	TypeInferenceException	in function 'meta::protocols::pure::v1_25_0::transformation::fromPureGraph::mapping::transformSetImplementation': unknown function 'serializerExtension' — no function of this name in the native or user catalog (unported platform function, or a misspelling)	compiler.spec.SpecCompiler.compile:108
FAILED	meta::protocols::pure::v1_25_0::transformation::fromPureGraph::navigateAssos_Type_MANY__Type_MANY__String_MANY__Type_MANY_	TypeInferenceException	in function 'meta::protocols::pure::v1_25_0::transformation::fromPureGraph::navigateAssos': in call to 'meta::pure::functions::collection::concatenate', argument 2: type variable T bound to Class<meta::pure::metamodel::type::Any> cannot also bind meta::pure::metamodel::type::Type	compiler.spec.SpecCompiler.compile:108
FAILED	meta::protocols::pure::v1_25_0::transformation::fromPureGraph::processProperties_PropertyMappingsImplementation_1__Mapping_1__Extension_MANY__Store_MANY_	TypeInferenceException	in function 'meta::protocols::pure::v1_25_0::transformation::fromPureGraph::processProperties': unknown function 'serializerExtension' — no function of this name in the native or user catalog (unported platform function, or a misspelling)	compiler.spec.SpecCompiler.compile:108
FAILED	meta::protocols::pure::v1_25_0::transformation::fromPureGraph::runtime::transformConnection_Connection_1__Extension_MANY__Connection_1_	TypeInferenceException	in function 'meta::protocols::pure::v1_25_0::transformation::fromPureGraph::runtime::transformConnection': unknown function 'serializerExtension' — no function of this name in the native or user catalog (unported platform function, or a misspelling)	compiler.spec.SpecCompiler.compile:108
FAILED	meta::protocols::pure::v1_25_0::transformation::fromPureGraph::scan_Any_1__FunctionDefinition_MANY__Type_MANY_	TypeInferenceException	in function 'meta::protocols::pure::v1_25_0::transformation::fromPureGraph::scan': in call to 'meta::pure::functions::collection::concatenate', argument 2: type variable T bound to FunctionDefinition<meta::pure::metamodel::type::Any> cannot also bind ConcreteFunctionDefinition<meta::pure::metamodel::type::Any>	compiler.spec.SpecCompiler.compile:108
FAILED	meta::protocols::pure::v1_25_0::transformation::fromPureGraph::store::relational::transformMilestoning_Milestoning_1__Extension_MANY__Milestoning_1_	TypeInferenceException	in function 'meta::protocols::pure::v1_25_0::transformation::fromPureGraph::store::relational::transformMilestoning': unknown function 'serializerExtension' — no function of this name in the native or user catalog (unported platform function, or a misspelling)	compiler.spec.SpecCompiler.compile:108
FAILED	meta::protocols::pure::v1_25_0::transformation::fromPureGraph::store::transformStore_Store_1__Extension_MANY__Store_1_	TypeInferenceException	in function 'meta::protocols::pure::v1_25_0::transformation::fromPureGraph::store::transformStore': unknown function 'serializerExtension' — no function of this name in the native or user catalog (unported platform function, or a misspelling)	compiler.spec.SpecCompiler.compile:108
FAILED	meta::protocols::pure::v1_25_0::transformation::fromPureGraph::valueSpecification::transformAny_Any_MANY__String_MANY__Map_1__Multiplicity_1__Integer_1__FunctionExpression_$0_1$__Boolean_1__Extension_MANY__ValueSpecification_1_	TypeInferenceException	in function 'meta::protocols::pure::v1_25_0::transformation::fromPureGraph::valueSpecification::transformAny': unknown function 'serializerExtension' — no function of this name in the native or user catalog (unported platform function, or a misspelling)	compiler.spec.SpecCompiler.compile:108
FAILED	meta::protocols::pure::v1_25_0::transformation::fromPureGraph::valueSpecification::transformValueSpecification_ValueSpecification_1__String_MANY__Map_1__Boolean_1__Boolean_1__Extension_MANY__ValueSpecification_1_	ResolutionException	'new_Class_1__String_1__KeyExpression_MANY__T_1_' is not a known class, mapping, runtime, connection, or database — user elements in a query need a fully qualified name	compiler.spec.Typer.classReference:982
FAILED	meta::protocols::pure::v1_25_0::transformation::toPureGraph::connection::buildRelationalDatabaseConnection_String_1__Extension_MANY__ConnectionStore_$0_1$_	TypeInferenceException	in function 'meta::protocols::pure::v1_25_0::transformation::toPureGraph::connection::buildRelationalDatabaseConnection': unknown function 'serializerExtension' — no function of this name in the native or user catalog (unported platform function, or a misspelling)	compiler.spec.SpecCompiler.compile:108
FAILED	meta::protocols::pure::v1_25_0::transformation::toPureGraph::connection::transformAuthenticationStrategy_AuthenticationStrategy_1__Extension_MANY__AuthenticationStrategy_1_	TypeInferenceException	in function 'meta::protocols::pure::v1_25_0::transformation::toPureGraph::connection::transformAuthenticationStrategy': unknown function 'serializerExtension' — no function of this name in the native or user catalog (unported platform function, or a misspelling)	compiler.spec.SpecCompiler.compile:108
FAILED	meta::protocols::pure::v1_25_0::transformation::toPureGraph::connection::transformDatasourceSpecification_DatasourceSpecification_1__Extension_MANY__DatasourceSpecification_1_	TypeInferenceException	in function 'meta::protocols::pure::v1_25_0::transformation::toPureGraph::connection::transformDatasourceSpecification': unknown function 'serializerExtension' — no function of this name in the native or user catalog (unported platform function, or a misspelling)	compiler.spec.SpecCompiler.compile:108
FAILED	meta::protocols::pure::v1_26_0::invocation::execution::execute::legendBuildResultFromJSON_String_1__Any_1__Mapping_1__Runtime_1__ExecutionContext_$0_1$__Extension_MANY__Result_1_	TypeInferenceException	in function 'meta::protocols::pure::v1_26_0::invocation::execution::execute::legendBuildResultFromJSON': unknown function 'serializerExtension' — no function of this name in the native or user catalog (unported platform function, or a misspelling)	compiler.spec.SpecCompiler.compile:108
FAILED	meta::protocols::pure::v1_26_0::invocation::execution::execute::legendExecute_FunctionDefinition_1__Mapping_1__Runtime_1__ExecutionContext_$0_1$__String_1__Integer_1__String_1__String_1__String_1__Extension_MANY__Result_1_	TypeInferenceException	in function 'meta::protocols::pure::v1_26_0::invocation::execution::execute::legendExecute': unknown function 'serializerExtension' — no function of this name in the native or user catalog (unported platform function, or a misspelling)	compiler.spec.SpecCompiler.compile:108
FAILED	meta::protocols::pure::v1_26_0::invocation::execution::execute::processCSV_M2M_String_1__Class_1__JSONObject_1__Pair_1_	TypeInferenceException	in function 'meta::protocols::pure::v1_26_0::invocation::execution::execute::processCSV_M2M': JSONKeyValue.key reads only inside keyValuePairs->filter(kv|$kv.key.value == <key>) — the member access (a member is represented by its value)	compiler.spec.SpecCompiler.compile:108
FAILED	meta::protocols::pure::v1_26_0::invocation::execution::execute::transformActivities_ExecutionActivity_MANY__Extension_MANY__Activity_MANY_	TypeInferenceException	in function 'meta::protocols::pure::v1_26_0::invocation::execution::execute::transformActivities': match expects a collection of branch lambdas	compiler.spec.SpecCompiler.compile:108
FAILED	meta::protocols::pure::v1_26_0::transformation::fromPureGraph::buildBasePureModelFromMapping_Mapping_MANY__Function_1__Extension_MANY__Pair_1_	TypeInferenceException	in function 'meta::protocols::pure::v1_26_0::transformation::fromPureGraph::buildBasePureModelFromMapping': unknown function 'serializerExtension' — no function of this name in the native or user catalog (unported platform function, or a misspelling)	compiler.spec.SpecCompiler.compile:108
FAILED	meta::protocols::pure::v1_26_0::transformation::fromPureGraph::buildBasePureModelFromMappingStr_String_1__Extension_MANY__String_1_	TypeInferenceException	in function 'meta::protocols::pure::v1_26_0::transformation::fromPureGraph::buildBasePureModelFromMappingStr': no overload of 'meta::json::toJsonBeta' accepts 2 argument(s)	compiler.spec.SpecCompiler.compile:108
FAILED	meta::protocols::pure::v1_26_0::transformation::fromPureGraph::buildBasePureModelFromPackageStr_String_1__Extension_MANY__String_1_	TypeInferenceException	in function 'meta::protocols::pure::v1_26_0::transformation::fromPureGraph::buildBasePureModelFromPackageStr': no overload of 'meta::json::toJsonBeta' accepts 2 argument(s)	compiler.spec.SpecCompiler.compile:108
FAILED	meta::protocols::pure::v1_26_0::transformation::fromPureGraph::buildBasePureModelFromStoreStr_String_1__Extension_MANY__String_1_	TypeInferenceException	in function 'meta::protocols::pure::v1_26_0::transformation::fromPureGraph::buildBasePureModelFromStoreStr': no overload of 'meta::json::toJsonBeta' accepts 2 argument(s)	compiler.spec.SpecCompiler.compile:108
FAILED	meta::protocols::pure::v1_26_0::transformation::fromPureGraph::buildDomain_AllTypes_1__Association_MANY__Function_1__Extension_MANY__PackageableElement_MANY_	TypeInferenceException	in function 'meta::protocols::pure::v1_26_0::transformation::fromPureGraph::buildDomain': 'meta::pure::functions::collection::filter' expects a lambda argument in position 1	compiler.spec.SpecCompiler.compile:108
FAILED	meta::protocols::pure::v1_26_0::transformation::fromPureGraph::connection::transformAuthenticationStrategy_AuthenticationStrategy_1__Extension_MANY__AuthenticationStrategy_1_	TypeInferenceException	in function 'meta::protocols::pure::v1_26_0::transformation::fromPureGraph::connection::transformAuthenticationStrategy': unknown function 'serializerExtension' — no function of this name in the native or user catalog (unported platform function, or a misspelling)	compiler.spec.SpecCompiler.compile:108
FAILED	meta::protocols::pure::v1_26_0::transformation::fromPureGraph::connection::transformDatabaseConnection_DatabaseConnection_1__Extension_MANY__DatabaseConnection_1_	TypeInferenceException	in function 'meta::protocols::pure::v1_26_0::transformation::fromPureGraph::connection::transformDatabaseConnection': unknown function 'serializerExtension' — no function of this name in the native or user catalog (unported platform function, or a misspelling)	compiler.spec.SpecCompiler.compile:108
FAILED	meta::protocols::pure::v1_26_0::transformation::fromPureGraph::connection::transformDatasourceSpecification_DatasourceSpecification_1__Extension_MANY__DatasourceSpecification_1_	TypeInferenceException	in function 'meta::protocols::pure::v1_26_0::transformation::fromPureGraph::connection::transformDatasourceSpecification': unknown function 'serializerExtension' — no function of this name in the native or user catalog (unported platform function, or a misspelling)	compiler.spec.SpecCompiler.compile:108
FAILED	meta::protocols::pure::v1_26_0::transformation::fromPureGraph::connection::transformPostProcessorParameters_PostProcessorParameter_MANY__Extension_MANY__PostProcessorParameter_MANY_	TypeInferenceException	in function 'meta::protocols::pure::v1_26_0::transformation::fromPureGraph::connection::transformPostProcessorParameters': match expects a collection of branch lambdas	compiler.spec.SpecCompiler.compile:108
FAILED	meta::protocols::pure::v1_26_0::transformation::fromPureGraph::connection::transformPostProcessors_PostProcessor_MANY__Extension_MANY__PostProcessor_MANY_	TypeInferenceException	in function 'meta::protocols::pure::v1_26_0::transformation::fromPureGraph::connection::transformPostProcessors': match expects a collection of branch lambdas	compiler.spec.SpecCompiler.compile:108
FAILED	meta::protocols::pure::v1_26_0::transformation::fromPureGraph::context::transformContext_ExecutionContext_1__Extension_MANY__ExecutionContext_1_	TypeInferenceException	in function 'meta::protocols::pure::v1_26_0::transformation::fromPureGraph::context::transformContext': unknown function 'serializerExtension' — no function of this name in the native or user catalog (unported platform function, or a misspelling)	compiler.spec.SpecCompiler.compile:108
FAILED	meta::protocols::pure::v1_26_0::transformation::fromPureGraph::excludeTypes_Type_MANY__String_MANY__Type_MANY_	TypeInferenceException	in function 'meta::protocols::pure::v1_26_0::transformation::fromPureGraph::excludeTypes': in call to 'meta::pure::functions::collection::remove', argument 2: type variable T bound to meta::pure::metamodel::type::Type cannot also bind Class<meta::pure::metamodel::type::Any>	compiler.spec.SpecCompiler.compile:108
FAILED	meta::protocols::pure::v1_26_0::transformation::fromPureGraph::executionPlan::transformNode_ExecutionNode_1__Mapping_1__Extension_MANY__ExecutionNode_1_	TypeInferenceException	in function 'meta::protocols::pure::v1_26_0::transformation::fromPureGraph::executionPlan::transformNode': unknown function 'serializerExtension' — no function of this name in the native or user catalog (unported platform function, or a misspelling)	compiler.spec.SpecCompiler.compile:108
FAILED	meta::protocols::pure::v1_26_0::transformation::fromPureGraph::executionPlan::transformResultType_ResultType_1__Mapping_1__Extension_MANY__ResultType_1_	TypeInferenceException	in function 'meta::protocols::pure::v1_26_0::transformation::fromPureGraph::executionPlan::transformResultType': unknown function 'serializerExtension' — no function of this name in the native or user catalog (unported platform function, or a misspelling)	compiler.spec.SpecCompiler.compile:108
FAILED	meta::protocols::pure::v1_26_0::transformation::fromPureGraph::executionPlan::transformSetImplementation_SetImplementation_1__Extension_MANY__SetImplementationInfo_1_	TypeInferenceException	in function 'meta::protocols::pure::v1_26_0::transformation::fromPureGraph::executionPlan::transformSetImplementation': unknown function 'serializerExtension' — no function of this name in the native or user catalog (unported platform function, or a misspelling)	compiler.spec.SpecCompiler.compile:108
FAILED	meta::protocols::pure::v1_26_0::transformation::fromPureGraph::extractStores_SetImplementation_1__Mapping_1__Extension_MANY__Store_MANY_	TypeInferenceException	in function 'meta::protocols::pure::v1_26_0::transformation::fromPureGraph::extractStores': unknown function 'serializerExtension' — no function of this name in the native or user catalog (unported platform function, or a misspelling)	compiler.spec.SpecCompiler.compile:108
FAILED	meta::protocols::pure::v1_26_0::transformation::fromPureGraph::findAllTypes_Type_MANY__String_MANY__AllTypes_1_	TypeInferenceException	in function 'meta::protocols::pure::v1_26_0::transformation::fromPureGraph::findAllTypes': in call to 'meta::pure::functions::collection::remove', argument 2: type variable T bound to meta::pure::metamodel::type::Type cannot also bind Class<meta::pure::metamodel::type::Any>	compiler.spec.SpecCompiler.compile:108
FAILED	meta::protocols::pure::v1_26_0::transformation::fromPureGraph::findAllTypesFromMapping_Mapping_1__Extension_MANY__AllTypes_1_	TypeInferenceException	in function 'meta::protocols::pure::v1_26_0::transformation::fromPureGraph::findAllTypesFromMapping': unknown function 'serializerExtension' — no function of this name in the native or user catalog (unported platform function, or a misspelling)	compiler.spec.SpecCompiler.compile:108
FAILED	meta::protocols::pure::v1_26_0::transformation::fromPureGraph::findInheritedTypes_Class_MANY__Type_MANY_	TypeInferenceException	in function 'meta::protocols::pure::v1_26_0::transformation::fromPureGraph::findInheritedTypes': in call to 'meta::pure::functions::collection::concatenate', argument 2: type variable T bound to Class<meta::pure::metamodel::type::Any> cannot also bind meta::pure::metamodel::type::Type	compiler.spec.SpecCompiler.compile:108
FAILED	meta::protocols::pure::v1_26_0::transformation::fromPureGraph::findTypesFromPureInstanceSetImplementation_PureInstanceSetImplementation_1__Type_MANY_	TypeInferenceException	in function 'meta::protocols::pure::v1_26_0::transformation::fromPureGraph::findTypesFromPureInstanceSetImplementation': in call to 'meta::pure::functions::collection::concatenate', argument 2: type variable T bound to Class<meta::pure::metamodel::type::Any> cannot also bind meta::pure::metamodel::type::Type	compiler.spec.SpecCompiler.compile:108
FAILED	meta::protocols::pure::v1_26_0::transformation::fromPureGraph::getAllElementsFromMapping_Mapping_MANY__Extension_MANY__PackageableElement_MANY_	TypeInferenceException	in function 'meta::protocols::pure::v1_26_0::transformation::fromPureGraph::getAllElementsFromMapping': unknown function 'serializerExtension' — no function of this name in the native or user catalog (unported platform function, or a misspelling)	compiler.spec.SpecCompiler.compile:108
FAILED	meta::protocols::pure::v1_26_0::transformation::fromPureGraph::getCorrectedElementSourceInformation_PackageableElement_1__Extension_MANY__SourceInformation_$0_1$_	TypeInferenceException	in function 'meta::protocols::pure::v1_26_0::transformation::fromPureGraph::getCorrectedElementSourceInformation': unknown function 'serializerExtension' — no function of this name in the native or user catalog (unported platform function, or a misspelling)	compiler.spec.SpecCompiler.compile:108
FAILED	meta::protocols::pure::v1_26_0::transformation::fromPureGraph::mapping::transformAssociationImplementation_AssociationImplementation_1__Mapping_1__Extension_MANY__AssociationMapping_1_	TypeInferenceException	in function 'meta::protocols::pure::v1_26_0::transformation::fromPureGraph::mapping::transformAssociationImplementation': unknown function 'serializerExtension' — no function of this name in the native or user catalog (unported platform function, or a misspelling)	compiler.spec.SpecCompiler.compile:108
FAILED	meta::protocols::pure::v1_26_0::transformation::fromPureGraph::mapping::transformMapping_Mapping_1__Extension_MANY__Mapping_1_	TypeInferenceException	in function 'meta::protocols::pure::v1_26_0::transformation::fromPureGraph::mapping::transformMapping': unknown function 'serializerExtension' — no function of this name in the native or user catalog (unported platform function, or a misspelling)	compiler.spec.SpecCompiler.compile:108
FAILED	meta::protocols::pure::v1_26_0::transformation::fromPureGraph::mapping::transformSetImplementation_SetImplementation_1__Mapping_1__Extension_MANY__ClassMapping_1_	TypeInferenceException	in function 'meta::protocols::pure::v1_26_0::transformation::fromPureGraph::mapping::transformSetImplementation': unknown function 'serializerExtension' — no function of this name in the native or user catalog (unported platform function, or a misspelling)	compiler.spec.SpecCompiler.compile:108
FAILED	meta::protocols::pure::v1_26_0::transformation::fromPureGraph::navigateAssos_Type_MANY__Type_MANY__String_MANY__Type_MANY_	TypeInferenceException	in function 'meta::protocols::pure::v1_26_0::transformation::fromPureGraph::navigateAssos': in call to 'meta::pure::functions::collection::concatenate', argument 2: type variable T bound to Class<meta::pure::metamodel::type::Any> cannot also bind meta::pure::metamodel::type::Type	compiler.spec.SpecCompiler.compile:108
FAILED	meta::protocols::pure::v1_26_0::transformation::fromPureGraph::processProperties_PropertyMappingsImplementation_1__Mapping_1__Extension_MANY__Store_MANY_	TypeInferenceException	in function 'meta::protocols::pure::v1_26_0::transformation::fromPureGraph::processProperties': unknown function 'serializerExtension' — no function of this name in the native or user catalog (unported platform function, or a misspelling)	compiler.spec.SpecCompiler.compile:108
FAILED	meta::protocols::pure::v1_26_0::transformation::fromPureGraph::runtime::transformConnection_Connection_1__Extension_MANY__Connection_1_	TypeInferenceException	in function 'meta::protocols::pure::v1_26_0::transformation::fromPureGraph::runtime::transformConnection': unknown function 'serializerExtension' — no function of this name in the native or user catalog (unported platform function, or a misspelling)	compiler.spec.SpecCompiler.compile:108
FAILED	meta::protocols::pure::v1_26_0::transformation::fromPureGraph::scan_Any_1__FunctionDefinition_MANY__Type_MANY_	TypeInferenceException	in function 'meta::protocols::pure::v1_26_0::transformation::fromPureGraph::scan': in call to 'meta::pure::functions::collection::concatenate', argument 2: type variable T bound to FunctionDefinition<meta::pure::metamodel::type::Any> cannot also bind ConcreteFunctionDefinition<meta::pure::metamodel::type::Any>	compiler.spec.SpecCompiler.compile:108
FAILED	meta::protocols::pure::v1_26_0::transformation::fromPureGraph::store::relational::transformMilestoning_Milestoning_1__Extension_MANY__Milestoning_1_	TypeInferenceException	in function 'meta::protocols::pure::v1_26_0::transformation::fromPureGraph::store::relational::transformMilestoning': unknown function 'serializerExtension' — no function of this name in the native or user catalog (unported platform function, or a misspelling)	compiler.spec.SpecCompiler.compile:108
FAILED	meta::protocols::pure::v1_26_0::transformation::fromPureGraph::store::transformStore_Store_1__Extension_MANY__Store_1_	TypeInferenceException	in function 'meta::protocols::pure::v1_26_0::transformation::fromPureGraph::store::transformStore': unknown function 'serializerExtension' — no function of this name in the native or user catalog (unported platform function, or a misspelling)	compiler.spec.SpecCompiler.compile:108
FAILED	meta::protocols::pure::v1_26_0::transformation::fromPureGraph::valueSpecification::transformAny_Any_MANY__String_MANY__Map_1__Multiplicity_1__Integer_1__FunctionExpression_$0_1$__Boolean_1__Extension_MANY__ValueSpecification_1_	TypeInferenceException	in function 'meta::protocols::pure::v1_26_0::transformation::fromPureGraph::valueSpecification::transformAny': unknown function 'serializerExtension' — no function of this name in the native or user catalog (unported platform function, or a misspelling)	compiler.spec.SpecCompiler.compile:108
FAILED	meta::protocols::pure::v1_26_0::transformation::fromPureGraph::valueSpecification::transformValueSpecification_ValueSpecification_1__String_MANY__Map_1__Boolean_1__Boolean_1__Extension_MANY__ValueSpecification_1_	ResolutionException	'new_Class_1__String_1__KeyExpression_MANY__T_1_' is not a known class, mapping, runtime, connection, or database — user elements in a query need a fully qualified name	compiler.spec.Typer.classReference:982
FAILED	meta::protocols::pure::v1_26_0::transformation::toPureGraph::connection::buildRelationalDatabaseConnection_String_1__Extension_MANY__ConnectionStore_$0_1$_	TypeInferenceException	in function 'meta::protocols::pure::v1_26_0::transformation::toPureGraph::connection::buildRelationalDatabaseConnection': unknown function 'serializerExtension' — no function of this name in the native or user catalog (unported platform function, or a misspelling)	compiler.spec.SpecCompiler.compile:108
FAILED	meta::protocols::pure::v1_26_0::transformation::toPureGraph::connection::transformAuthenticationStrategy_AuthenticationStrategy_1__Extension_MANY__AuthenticationStrategy_1_	TypeInferenceException	in function 'meta::protocols::pure::v1_26_0::transformation::toPureGraph::connection::transformAuthenticationStrategy': unknown function 'serializerExtension' — no function of this name in the native or user catalog (unported platform function, or a misspelling)	compiler.spec.SpecCompiler.compile:108
FAILED	meta::protocols::pure::v1_26_0::transformation::toPureGraph::connection::transformDatasourceSpecification_DatasourceSpecification_1__Extension_MANY__DatasourceSpecification_1_	TypeInferenceException	in function 'meta::protocols::pure::v1_26_0::transformation::toPureGraph::connection::transformDatasourceSpecification': unknown function 'serializerExtension' — no function of this name in the native or user catalog (unported platform function, or a misspelling)	compiler.spec.SpecCompiler.compile:108
FAILED	meta::protocols::pure::v1_27_0::invocation::execution::execute::legendBuildResultFromJSON_String_1__Any_1__Mapping_1__Runtime_1__ExecutionContext_$0_1$__Extension_MANY__Result_1_	TypeInferenceException	in function 'meta::protocols::pure::v1_27_0::invocation::execution::execute::legendBuildResultFromJSON': unknown function 'serializerExtension' — no function of this name in the native or user catalog (unported platform function, or a misspelling)	compiler.spec.SpecCompiler.compile:108
FAILED	meta::protocols::pure::v1_27_0::invocation::execution::execute::legendExecute_FunctionDefinition_1__Mapping_1__Runtime_1__ExecutionContext_$0_1$__String_1__Integer_1__String_1__String_1__String_1__Extension_MANY__Result_1_	TypeInferenceException	in function 'meta::protocols::pure::v1_27_0::invocation::execution::execute::legendExecute': unknown function 'serializerExtension' — no function of this name in the native or user catalog (unported platform function, or a misspelling)	compiler.spec.SpecCompiler.compile:108
FAILED	meta::protocols::pure::v1_27_0::invocation::execution::execute::processCSV_M2M_String_1__Class_1__JSONObject_1__Pair_1_	TypeInferenceException	in function 'meta::protocols::pure::v1_27_0::invocation::execution::execute::processCSV_M2M': JSONKeyValue.key reads only inside keyValuePairs->filter(kv|$kv.key.value == <key>) — the member access (a member is represented by its value)	compiler.spec.SpecCompiler.compile:108
FAILED	meta::protocols::pure::v1_27_0::invocation::execution::execute::transformActivities_ExecutionActivity_MANY__Extension_MANY__Activity_MANY_	TypeInferenceException	in function 'meta::protocols::pure::v1_27_0::invocation::execution::execute::transformActivities': match expects a collection of branch lambdas	compiler.spec.SpecCompiler.compile:108
FAILED	meta::protocols::pure::v1_27_0::transformation::fromPureGraph::buildBasePureModelFromMapping_Mapping_MANY__Function_1__Extension_MANY__Pair_1_	TypeInferenceException	in function 'meta::protocols::pure::v1_27_0::transformation::fromPureGraph::buildBasePureModelFromMapping': unknown function 'serializerExtension' — no function of this name in the native or user catalog (unported platform function, or a misspelling)	compiler.spec.SpecCompiler.compile:108
FAILED	meta::protocols::pure::v1_27_0::transformation::fromPureGraph::buildBasePureModelFromMappingStr_String_1__Extension_MANY__String_1_	TypeInferenceException	in function 'meta::protocols::pure::v1_27_0::transformation::fromPureGraph::buildBasePureModelFromMappingStr': no overload of 'meta::json::toJsonBeta' accepts 2 argument(s)	compiler.spec.SpecCompiler.compile:108
FAILED	meta::protocols::pure::v1_27_0::transformation::fromPureGraph::buildBasePureModelFromPackageStr_String_1__Extension_MANY__String_1_	TypeInferenceException	in function 'meta::protocols::pure::v1_27_0::transformation::fromPureGraph::buildBasePureModelFromPackageStr': no overload of 'meta::json::toJsonBeta' accepts 2 argument(s)	compiler.spec.SpecCompiler.compile:108
FAILED	meta::protocols::pure::v1_27_0::transformation::fromPureGraph::buildBasePureModelFromStoreStr_String_1__Extension_MANY__String_1_	TypeInferenceException	in function 'meta::protocols::pure::v1_27_0::transformation::fromPureGraph::buildBasePureModelFromStoreStr': no overload of 'meta::json::toJsonBeta' accepts 2 argument(s)	compiler.spec.SpecCompiler.compile:108
FAILED	meta::protocols::pure::v1_27_0::transformation::fromPureGraph::buildDomain_AllTypes_1__Association_MANY__Function_1__Extension_MANY__PackageableElement_MANY_	TypeInferenceException	in function 'meta::protocols::pure::v1_27_0::transformation::fromPureGraph::buildDomain': 'meta::pure::functions::collection::filter' expects a lambda argument in position 1	compiler.spec.SpecCompiler.compile:108
FAILED	meta::protocols::pure::v1_27_0::transformation::fromPureGraph::connection::transformAuthenticationStrategy_AuthenticationStrategy_1__Extension_MANY__AuthenticationStrategy_1_	TypeInferenceException	in function 'meta::protocols::pure::v1_27_0::transformation::fromPureGraph::connection::transformAuthenticationStrategy': unknown function 'serializerExtension' — no function of this name in the native or user catalog (unported platform function, or a misspelling)	compiler.spec.SpecCompiler.compile:108
FAILED	meta::protocols::pure::v1_27_0::transformation::fromPureGraph::connection::transformDatabaseConnection_DatabaseConnection_1__Extension_MANY__DatabaseConnection_1_	TypeInferenceException	in function 'meta::protocols::pure::v1_27_0::transformation::fromPureGraph::connection::transformDatabaseConnection': unknown function 'serializerExtension' — no function of this name in the native or user catalog (unported platform function, or a misspelling)	compiler.spec.SpecCompiler.compile:108
FAILED	meta::protocols::pure::v1_27_0::transformation::fromPureGraph::connection::transformDatasourceSpecification_DatasourceSpecification_1__Extension_MANY__DatasourceSpecification_1_	TypeInferenceException	in function 'meta::protocols::pure::v1_27_0::transformation::fromPureGraph::connection::transformDatasourceSpecification': unknown function 'serializerExtension' — no function of this name in the native or user catalog (unported platform function, or a misspelling)	compiler.spec.SpecCompiler.compile:108
FAILED	meta::protocols::pure::v1_27_0::transformation::fromPureGraph::connection::transformPostProcessorParameters_PostProcessorParameter_MANY__Extension_MANY__PostProcessorParameter_MANY_	TypeInferenceException	in function 'meta::protocols::pure::v1_27_0::transformation::fromPureGraph::connection::transformPostProcessorParameters': match expects a collection of branch lambdas	compiler.spec.SpecCompiler.compile:108
FAILED	meta::protocols::pure::v1_27_0::transformation::fromPureGraph::connection::transformPostProcessors_PostProcessor_MANY__Extension_MANY__PostProcessor_MANY_	TypeInferenceException	in function 'meta::protocols::pure::v1_27_0::transformation::fromPureGraph::connection::transformPostProcessors': match expects a collection of branch lambdas	compiler.spec.SpecCompiler.compile:108
FAILED	meta::protocols::pure::v1_27_0::transformation::fromPureGraph::context::transformContext_ExecutionContext_1__Extension_MANY__ExecutionContext_1_	TypeInferenceException	in function 'meta::protocols::pure::v1_27_0::transformation::fromPureGraph::context::transformContext': unknown function 'serializerExtension' — no function of this name in the native or user catalog (unported platform function, or a misspelling)	compiler.spec.SpecCompiler.compile:108
FAILED	meta::protocols::pure::v1_27_0::transformation::fromPureGraph::excludeTypes_Type_MANY__String_MANY__Type_MANY_	TypeInferenceException	in function 'meta::protocols::pure::v1_27_0::transformation::fromPureGraph::excludeTypes': in call to 'meta::pure::functions::collection::remove', argument 2: type variable T bound to meta::pure::metamodel::type::Type cannot also bind Class<meta::pure::metamodel::type::Any>	compiler.spec.SpecCompiler.compile:108
FAILED	meta::protocols::pure::v1_27_0::transformation::fromPureGraph::executionPlan::transformNode_ExecutionNode_1__Mapping_1__Extension_MANY__ExecutionNode_1_	TypeInferenceException	in function 'meta::protocols::pure::v1_27_0::transformation::fromPureGraph::executionPlan::transformNode': unknown function 'serializerExtension' — no function of this name in the native or user catalog (unported platform function, or a misspelling)	compiler.spec.SpecCompiler.compile:108
FAILED	meta::protocols::pure::v1_27_0::transformation::fromPureGraph::executionPlan::transformResultType_ResultType_1__Mapping_1__Extension_MANY__ResultType_1_	TypeInferenceException	in function 'meta::protocols::pure::v1_27_0::transformation::fromPureGraph::executionPlan::transformResultType': unknown function 'serializerExtension' — no function of this name in the native or user catalog (unported platform function, or a misspelling)	compiler.spec.SpecCompiler.compile:108
FAILED	meta::protocols::pure::v1_27_0::transformation::fromPureGraph::executionPlan::transformSetImplementation_SetImplementation_1__Extension_MANY__SetImplementationInfo_1_	TypeInferenceException	in function 'meta::protocols::pure::v1_27_0::transformation::fromPureGraph::executionPlan::transformSetImplementation': unknown function 'serializerExtension' — no function of this name in the native or user catalog (unported platform function, or a misspelling)	compiler.spec.SpecCompiler.compile:108
FAILED	meta::protocols::pure::v1_27_0::transformation::fromPureGraph::extractStores_SetImplementation_1__Mapping_1__Extension_MANY__Store_MANY_	TypeInferenceException	in function 'meta::protocols::pure::v1_27_0::transformation::fromPureGraph::extractStores': unknown function 'serializerExtension' — no function of this name in the native or user catalog (unported platform function, or a misspelling)	compiler.spec.SpecCompiler.compile:108
FAILED	meta::protocols::pure::v1_27_0::transformation::fromPureGraph::findAllTypes_Type_MANY__String_MANY__AllTypes_1_	TypeInferenceException	in function 'meta::protocols::pure::v1_27_0::transformation::fromPureGraph::findAllTypes': in call to 'meta::pure::functions::collection::remove', argument 2: type variable T bound to meta::pure::metamodel::type::Type cannot also bind Class<meta::pure::metamodel::type::Any>	compiler.spec.SpecCompiler.compile:108
FAILED	meta::protocols::pure::v1_27_0::transformation::fromPureGraph::findAllTypesFromMapping_Mapping_1__Extension_MANY__AllTypes_1_	TypeInferenceException	in function 'meta::protocols::pure::v1_27_0::transformation::fromPureGraph::findAllTypesFromMapping': unknown function 'serializerExtension' — no function of this name in the native or user catalog (unported platform function, or a misspelling)	compiler.spec.SpecCompiler.compile:108
FAILED	meta::protocols::pure::v1_27_0::transformation::fromPureGraph::findInheritedTypes_Class_MANY__Type_MANY_	TypeInferenceException	in function 'meta::protocols::pure::v1_27_0::transformation::fromPureGraph::findInheritedTypes': in call to 'meta::pure::functions::collection::concatenate', argument 2: type variable T bound to Class<meta::pure::metamodel::type::Any> cannot also bind meta::pure::metamodel::type::Type	compiler.spec.SpecCompiler.compile:108
FAILED	meta::protocols::pure::v1_27_0::transformation::fromPureGraph::findTypesFromPureInstanceSetImplementation_PureInstanceSetImplementation_1__Type_MANY_	TypeInferenceException	in function 'meta::protocols::pure::v1_27_0::transformation::fromPureGraph::findTypesFromPureInstanceSetImplementation': in call to 'meta::pure::functions::collection::concatenate', argument 2: type variable T bound to Class<meta::pure::metamodel::type::Any> cannot also bind meta::pure::metamodel::type::Type	compiler.spec.SpecCompiler.compile:108
FAILED	meta::protocols::pure::v1_27_0::transformation::fromPureGraph::getAllElementsFromMapping_Mapping_MANY__Extension_MANY__PackageableElement_MANY_	TypeInferenceException	in function 'meta::protocols::pure::v1_27_0::transformation::fromPureGraph::getAllElementsFromMapping': unknown function 'serializerExtension' — no function of this name in the native or user catalog (unported platform function, or a misspelling)	compiler.spec.SpecCompiler.compile:108
FAILED	meta::protocols::pure::v1_27_0::transformation::fromPureGraph::getCorrectedElementSourceInformation_PackageableElement_1__Extension_MANY__SourceInformation_$0_1$_	TypeInferenceException	in function 'meta::protocols::pure::v1_27_0::transformation::fromPureGraph::getCorrectedElementSourceInformation': unknown function 'serializerExtension' — no function of this name in the native or user catalog (unported platform function, or a misspelling)	compiler.spec.SpecCompiler.compile:108
FAILED	meta::protocols::pure::v1_27_0::transformation::fromPureGraph::mapping::transformAssociationImplementation_AssociationImplementation_1__Mapping_1__Extension_MANY__AssociationMapping_1_	TypeInferenceException	in function 'meta::protocols::pure::v1_27_0::transformation::fromPureGraph::mapping::transformAssociationImplementation': unknown function 'serializerExtension' — no function of this name in the native or user catalog (unported platform function, or a misspelling)	compiler.spec.SpecCompiler.compile:108
FAILED	meta::protocols::pure::v1_27_0::transformation::fromPureGraph::mapping::transformMapping_Mapping_1__Extension_MANY__Mapping_1_	TypeInferenceException	in function 'meta::protocols::pure::v1_27_0::transformation::fromPureGraph::mapping::transformMapping': unknown function 'serializerExtension' — no function of this name in the native or user catalog (unported platform function, or a misspelling)	compiler.spec.SpecCompiler.compile:108
FAILED	meta::protocols::pure::v1_27_0::transformation::fromPureGraph::mapping::transformSetImplementation_SetImplementation_1__Mapping_1__Extension_MANY__ClassMapping_1_	TypeInferenceException	in function 'meta::protocols::pure::v1_27_0::transformation::fromPureGraph::mapping::transformSetImplementation': unknown function 'serializerExtension' — no function of this name in the native or user catalog (unported platform function, or a misspelling)	compiler.spec.SpecCompiler.compile:108
FAILED	meta::protocols::pure::v1_27_0::transformation::fromPureGraph::navigateAssos_Type_MANY__Type_MANY__String_MANY__Type_MANY_	TypeInferenceException	in function 'meta::protocols::pure::v1_27_0::transformation::fromPureGraph::navigateAssos': in call to 'meta::pure::functions::collection::concatenate', argument 2: type variable T bound to Class<meta::pure::metamodel::type::Any> cannot also bind meta::pure::metamodel::type::Type	compiler.spec.SpecCompiler.compile:108
FAILED	meta::protocols::pure::v1_27_0::transformation::fromPureGraph::processProperties_PropertyMappingsImplementation_1__Mapping_1__Extension_MANY__Store_MANY_	TypeInferenceException	in function 'meta::protocols::pure::v1_27_0::transformation::fromPureGraph::processProperties': unknown function 'serializerExtension' — no function of this name in the native or user catalog (unported platform function, or a misspelling)	compiler.spec.SpecCompiler.compile:108
FAILED	meta::protocols::pure::v1_27_0::transformation::fromPureGraph::runtime::transformConnection_Connection_1__Extension_MANY__Connection_1_	TypeInferenceException	in function 'meta::protocols::pure::v1_27_0::transformation::fromPureGraph::runtime::transformConnection': unknown function 'serializerExtension' — no function of this name in the native or user catalog (unported platform function, or a misspelling)	compiler.spec.SpecCompiler.compile:108
FAILED	meta::protocols::pure::v1_27_0::transformation::fromPureGraph::scan_Any_1__FunctionDefinition_MANY__Type_MANY_	TypeInferenceException	in function 'meta::protocols::pure::v1_27_0::transformation::fromPureGraph::scan': in call to 'meta::pure::functions::collection::concatenate', argument 2: type variable T bound to FunctionDefinition<meta::pure::metamodel::type::Any> cannot also bind ConcreteFunctionDefinition<meta::pure::metamodel::type::Any>	compiler.spec.SpecCompiler.compile:108
FAILED	meta::protocols::pure::v1_27_0::transformation::fromPureGraph::store::relational::transformMilestoning_Milestoning_1__Extension_MANY__Milestoning_1_	TypeInferenceException	in function 'meta::protocols::pure::v1_27_0::transformation::fromPureGraph::store::relational::transformMilestoning': unknown function 'serializerExtension' — no function of this name in the native or user catalog (unported platform function, or a misspelling)	compiler.spec.SpecCompiler.compile:108
FAILED	meta::protocols::pure::v1_27_0::transformation::fromPureGraph::store::transformStore_Store_1__Extension_MANY__Store_1_	TypeInferenceException	in function 'meta::protocols::pure::v1_27_0::transformation::fromPureGraph::store::transformStore': unknown function 'serializerExtension' — no function of this name in the native or user catalog (unported platform function, or a misspelling)	compiler.spec.SpecCompiler.compile:108
FAILED	meta::protocols::pure::v1_27_0::transformation::fromPureGraph::valueSpecification::transformAny_Any_MANY__String_MANY__Map_1__Multiplicity_1__Integer_1__FunctionExpression_$0_1$__Boolean_1__Extension_MANY__ValueSpecification_1_	TypeInferenceException	in function 'meta::protocols::pure::v1_27_0::transformation::fromPureGraph::valueSpecification::transformAny': unknown function 'serializerExtension' — no function of this name in the native or user catalog (unported platform function, or a misspelling)	compiler.spec.SpecCompiler.compile:108
FAILED	meta::protocols::pure::v1_27_0::transformation::fromPureGraph::valueSpecification::transformValueSpecification_ValueSpecification_1__String_MANY__Map_1__Boolean_1__Boolean_1__Extension_MANY__ValueSpecification_1_	ResolutionException	'new_Class_1__String_1__KeyExpression_MANY__T_1_' is not a known class, mapping, runtime, connection, or database — user elements in a query need a fully qualified name	compiler.spec.Typer.classReference:982
FAILED	meta::protocols::pure::v1_27_0::transformation::toPureGraph::connection::buildRelationalDatabaseConnection_String_1__Extension_MANY__ConnectionStore_$0_1$_	TypeInferenceException	in function 'meta::protocols::pure::v1_27_0::transformation::toPureGraph::connection::buildRelationalDatabaseConnection': unknown function 'serializerExtension' — no function of this name in the native or user catalog (unported platform function, or a misspelling)	compiler.spec.SpecCompiler.compile:108
FAILED	meta::protocols::pure::v1_27_0::transformation::toPureGraph::connection::transformAuthenticationStrategy_AuthenticationStrategy_1__Extension_MANY__AuthenticationStrategy_1_	TypeInferenceException	in function 'meta::protocols::pure::v1_27_0::transformation::toPureGraph::connection::transformAuthenticationStrategy': unknown function 'serializerExtension' — no function of this name in the native or user catalog (unported platform function, or a misspelling)	compiler.spec.SpecCompiler.compile:108
FAILED	meta::protocols::pure::v1_27_0::transformation::toPureGraph::connection::transformDatasourceSpecification_DatasourceSpecification_1__Extension_MANY__DatasourceSpecification_1_	TypeInferenceException	in function 'meta::protocols::pure::v1_27_0::transformation::toPureGraph::connection::transformDatasourceSpecification': unknown function 'serializerExtension' — no function of this name in the native or user catalog (unported platform function, or a misspelling)	compiler.spec.SpecCompiler.compile:108
FAILED	meta::protocols::pure::v1_28_0::invocation::execution::execute::legendBuildResultFromJSON_String_1__Any_1__Mapping_1__Runtime_1__ExecutionContext_$0_1$__Extension_MANY__Result_1_	TypeInferenceException	in function 'meta::protocols::pure::v1_28_0::invocation::execution::execute::legendBuildResultFromJSON': unknown function 'serializerExtension' — no function of this name in the native or user catalog (unported platform function, or a misspelling)	compiler.spec.SpecCompiler.compile:108
FAILED	meta::protocols::pure::v1_28_0::invocation::execution::execute::legendExecute_FunctionDefinition_1__Mapping_1__Runtime_1__ExecutionContext_$0_1$__String_1__Integer_1__String_1__String_1__String_1__Extension_MANY__Result_1_	TypeInferenceException	in function 'meta::protocols::pure::v1_28_0::invocation::execution::execute::legendExecute': unknown function 'serializerExtension' — no function of this name in the native or user catalog (unported platform function, or a misspelling)	compiler.spec.SpecCompiler.compile:108
FAILED	meta::protocols::pure::v1_28_0::invocation::execution::execute::processCSV_M2M_String_1__Class_1__JSONObject_1__Pair_1_	TypeInferenceException	in function 'meta::protocols::pure::v1_28_0::invocation::execution::execute::processCSV_M2M': JSONKeyValue.key reads only inside keyValuePairs->filter(kv|$kv.key.value == <key>) — the member access (a member is represented by its value)	compiler.spec.SpecCompiler.compile:108
FAILED	meta::protocols::pure::v1_28_0::invocation::execution::execute::transformActivities_ExecutionActivity_MANY__Extension_MANY__Activity_MANY_	TypeInferenceException	in function 'meta::protocols::pure::v1_28_0::invocation::execution::execute::transformActivities': match expects a collection of branch lambdas	compiler.spec.SpecCompiler.compile:108
FAILED	meta::protocols::pure::v1_28_0::transformation::fromPureGraph::buildBasePureModelFromMapping_Mapping_MANY__Function_1__Extension_MANY__Pair_1_	TypeInferenceException	in function 'meta::protocols::pure::v1_28_0::transformation::fromPureGraph::buildBasePureModelFromMapping': unknown function 'serializerExtension' — no function of this name in the native or user catalog (unported platform function, or a misspelling)	compiler.spec.SpecCompiler.compile:108
FAILED	meta::protocols::pure::v1_28_0::transformation::fromPureGraph::buildBasePureModelFromMappingStr_String_1__Extension_MANY__String_1_	TypeInferenceException	in function 'meta::protocols::pure::v1_28_0::transformation::fromPureGraph::buildBasePureModelFromMappingStr': no overload of 'meta::json::toJsonBeta' accepts 2 argument(s)	compiler.spec.SpecCompiler.compile:108
FAILED	meta::protocols::pure::v1_28_0::transformation::fromPureGraph::buildBasePureModelFromPackageStr_String_1__Extension_MANY__String_1_	TypeInferenceException	in function 'meta::protocols::pure::v1_28_0::transformation::fromPureGraph::buildBasePureModelFromPackageStr': no overload of 'meta::json::toJsonBeta' accepts 2 argument(s)	compiler.spec.SpecCompiler.compile:108
FAILED	meta::protocols::pure::v1_28_0::transformation::fromPureGraph::buildBasePureModelFromStoreStr_String_1__Extension_MANY__String_1_	TypeInferenceException	in function 'meta::protocols::pure::v1_28_0::transformation::fromPureGraph::buildBasePureModelFromStoreStr': no overload of 'meta::json::toJsonBeta' accepts 2 argument(s)	compiler.spec.SpecCompiler.compile:108
FAILED	meta::protocols::pure::v1_28_0::transformation::fromPureGraph::buildDomain_AllTypes_1__Association_MANY__Function_1__Extension_MANY__PackageableElement_MANY_	TypeInferenceException	in function 'meta::protocols::pure::v1_28_0::transformation::fromPureGraph::buildDomain': 'meta::pure::functions::collection::filter' expects a lambda argument in position 1	compiler.spec.SpecCompiler.compile:108
FAILED	meta::protocols::pure::v1_28_0::transformation::fromPureGraph::connection::transformAuthenticationStrategy_AuthenticationStrategy_1__Extension_MANY__AuthenticationStrategy_1_	TypeInferenceException	in function 'meta::protocols::pure::v1_28_0::transformation::fromPureGraph::connection::transformAuthenticationStrategy': unknown function 'serializerExtension' — no function of this name in the native or user catalog (unported platform function, or a misspelling)	compiler.spec.SpecCompiler.compile:108
FAILED	meta::protocols::pure::v1_28_0::transformation::fromPureGraph::connection::transformDatabaseConnection_DatabaseConnection_1__Extension_MANY__DatabaseConnection_1_	TypeInferenceException	in function 'meta::protocols::pure::v1_28_0::transformation::fromPureGraph::connection::transformDatabaseConnection': unknown function 'serializerExtension' — no function of this name in the native or user catalog (unported platform function, or a misspelling)	compiler.spec.SpecCompiler.compile:108
FAILED	meta::protocols::pure::v1_28_0::transformation::fromPureGraph::connection::transformDatasourceSpecification_DatasourceSpecification_1__Extension_MANY__DatasourceSpecification_1_	TypeInferenceException	in function 'meta::protocols::pure::v1_28_0::transformation::fromPureGraph::connection::transformDatasourceSpecification': unknown function 'serializerExtension' — no function of this name in the native or user catalog (unported platform function, or a misspelling)	compiler.spec.SpecCompiler.compile:108
FAILED	meta::protocols::pure::v1_28_0::transformation::fromPureGraph::connection::transformPostProcessorParameters_PostProcessorParameter_MANY__Extension_MANY__PostProcessorParameter_MANY_	TypeInferenceException	in function 'meta::protocols::pure::v1_28_0::transformation::fromPureGraph::connection::transformPostProcessorParameters': match expects a collection of branch lambdas	compiler.spec.SpecCompiler.compile:108
FAILED	meta::protocols::pure::v1_28_0::transformation::fromPureGraph::connection::transformPostProcessors_PostProcessor_MANY__Extension_MANY__PostProcessor_MANY_	TypeInferenceException	in function 'meta::protocols::pure::v1_28_0::transformation::fromPureGraph::connection::transformPostProcessors': match expects a collection of branch lambdas	compiler.spec.SpecCompiler.compile:108
FAILED	meta::protocols::pure::v1_28_0::transformation::fromPureGraph::context::transformContext_ExecutionContext_1__Extension_MANY__ExecutionContext_1_	TypeInferenceException	in function 'meta::protocols::pure::v1_28_0::transformation::fromPureGraph::context::transformContext': unknown function 'serializerExtension' — no function of this name in the native or user catalog (unported platform function, or a misspelling)	compiler.spec.SpecCompiler.compile:108
FAILED	meta::protocols::pure::v1_28_0::transformation::fromPureGraph::excludeTypes_Type_MANY__String_MANY__Type_MANY_	TypeInferenceException	in function 'meta::protocols::pure::v1_28_0::transformation::fromPureGraph::excludeTypes': in call to 'meta::pure::functions::collection::remove', argument 2: type variable T bound to meta::pure::metamodel::type::Type cannot also bind Class<meta::pure::metamodel::type::Any>	compiler.spec.SpecCompiler.compile:108
FAILED	meta::protocols::pure::v1_28_0::transformation::fromPureGraph::executionPlan::transformNode_ExecutionNode_1__Mapping_1__Extension_MANY__ExecutionNode_1_	TypeInferenceException	in function 'meta::protocols::pure::v1_28_0::transformation::fromPureGraph::executionPlan::transformNode': unknown function 'serializerExtension' — no function of this name in the native or user catalog (unported platform function, or a misspelling)	compiler.spec.SpecCompiler.compile:108
FAILED	meta::protocols::pure::v1_28_0::transformation::fromPureGraph::executionPlan::transformResultType_ResultType_1__Mapping_1__Extension_MANY__ResultType_1_	TypeInferenceException	in function 'meta::protocols::pure::v1_28_0::transformation::fromPureGraph::executionPlan::transformResultType': unknown function 'serializerExtension' — no function of this name in the native or user catalog (unported platform function, or a misspelling)	compiler.spec.SpecCompiler.compile:108
FAILED	meta::protocols::pure::v1_28_0::transformation::fromPureGraph::executionPlan::transformSetImplementation_SetImplementation_1__Extension_MANY__SetImplementationInfo_1_	TypeInferenceException	in function 'meta::protocols::pure::v1_28_0::transformation::fromPureGraph::executionPlan::transformSetImplementation': unknown function 'serializerExtension' — no function of this name in the native or user catalog (unported platform function, or a misspelling)	compiler.spec.SpecCompiler.compile:108
FAILED	meta::protocols::pure::v1_28_0::transformation::fromPureGraph::extractStores_SetImplementation_1__Mapping_1__Extension_MANY__Store_MANY_	TypeInferenceException	in function 'meta::protocols::pure::v1_28_0::transformation::fromPureGraph::extractStores': unknown function 'serializerExtension' — no function of this name in the native or user catalog (unported platform function, or a misspelling)	compiler.spec.SpecCompiler.compile:108
FAILED	meta::protocols::pure::v1_28_0::transformation::fromPureGraph::findAllTypes_Type_MANY__String_MANY__AllTypes_1_	TypeInferenceException	in function 'meta::protocols::pure::v1_28_0::transformation::fromPureGraph::findAllTypes': in call to 'meta::pure::functions::collection::remove', argument 2: type variable T bound to meta::pure::metamodel::type::Type cannot also bind Class<meta::pure::metamodel::type::Any>	compiler.spec.SpecCompiler.compile:108
FAILED	meta::protocols::pure::v1_28_0::transformation::fromPureGraph::findAllTypesFromMapping_Mapping_1__Extension_MANY__AllTypes_1_	TypeInferenceException	in function 'meta::protocols::pure::v1_28_0::transformation::fromPureGraph::findAllTypesFromMapping': unknown function 'serializerExtension' — no function of this name in the native or user catalog (unported platform function, or a misspelling)	compiler.spec.SpecCompiler.compile:108
FAILED	meta::protocols::pure::v1_28_0::transformation::fromPureGraph::findInheritedTypes_Class_MANY__Type_MANY_	TypeInferenceException	in function 'meta::protocols::pure::v1_28_0::transformation::fromPureGraph::findInheritedTypes': in call to 'meta::pure::functions::collection::concatenate', argument 2: type variable T bound to Class<meta::pure::metamodel::type::Any> cannot also bind meta::pure::metamodel::type::Type	compiler.spec.SpecCompiler.compile:108
FAILED	meta::protocols::pure::v1_28_0::transformation::fromPureGraph::findTypesFromPureInstanceSetImplementation_PureInstanceSetImplementation_1__Type_MANY_	TypeInferenceException	in function 'meta::protocols::pure::v1_28_0::transformation::fromPureGraph::findTypesFromPureInstanceSetImplementation': in call to 'meta::pure::functions::collection::concatenate', argument 2: type variable T bound to Class<meta::pure::metamodel::type::Any> cannot also bind meta::pure::metamodel::type::Type	compiler.spec.SpecCompiler.compile:108
FAILED	meta::protocols::pure::v1_28_0::transformation::fromPureGraph::getAllElementsFromMapping_Mapping_MANY__Extension_MANY__PackageableElement_MANY_	TypeInferenceException	in function 'meta::protocols::pure::v1_28_0::transformation::fromPureGraph::getAllElementsFromMapping': unknown function 'serializerExtension' — no function of this name in the native or user catalog (unported platform function, or a misspelling)	compiler.spec.SpecCompiler.compile:108
FAILED	meta::protocols::pure::v1_28_0::transformation::fromPureGraph::getCorrectedElementSourceInformation_PackageableElement_1__Extension_MANY__SourceInformation_$0_1$_	TypeInferenceException	in function 'meta::protocols::pure::v1_28_0::transformation::fromPureGraph::getCorrectedElementSourceInformation': unknown function 'serializerExtension' — no function of this name in the native or user catalog (unported platform function, or a misspelling)	compiler.spec.SpecCompiler.compile:108
FAILED	meta::protocols::pure::v1_28_0::transformation::fromPureGraph::mapping::transformAssociationImplementation_AssociationImplementation_1__Mapping_1__Extension_MANY__AssociationMapping_1_	TypeInferenceException	in function 'meta::protocols::pure::v1_28_0::transformation::fromPureGraph::mapping::transformAssociationImplementation': unknown function 'serializerExtension' — no function of this name in the native or user catalog (unported platform function, or a misspelling)	compiler.spec.SpecCompiler.compile:108
FAILED	meta::protocols::pure::v1_28_0::transformation::fromPureGraph::mapping::transformMapping_Mapping_1__Extension_MANY__Mapping_1_	TypeInferenceException	in function 'meta::protocols::pure::v1_28_0::transformation::fromPureGraph::mapping::transformMapping': unknown function 'serializerExtension' — no function of this name in the native or user catalog (unported platform function, or a misspelling)	compiler.spec.SpecCompiler.compile:108
FAILED	meta::protocols::pure::v1_28_0::transformation::fromPureGraph::mapping::transformSetImplementation_SetImplementation_1__Mapping_1__Extension_MANY__ClassMapping_1_	TypeInferenceException	in function 'meta::protocols::pure::v1_28_0::transformation::fromPureGraph::mapping::transformSetImplementation': unknown function 'serializerExtension' — no function of this name in the native or user catalog (unported platform function, or a misspelling)	compiler.spec.SpecCompiler.compile:108
FAILED	meta::protocols::pure::v1_28_0::transformation::fromPureGraph::navigateAssos_Type_MANY__Type_MANY__String_MANY__Type_MANY_	TypeInferenceException	in function 'meta::protocols::pure::v1_28_0::transformation::fromPureGraph::navigateAssos': in call to 'meta::pure::functions::collection::concatenate', argument 2: type variable T bound to Class<meta::pure::metamodel::type::Any> cannot also bind meta::pure::metamodel::type::Type	compiler.spec.SpecCompiler.compile:108
FAILED	meta::protocols::pure::v1_28_0::transformation::fromPureGraph::processProperties_PropertyMappingsImplementation_1__Mapping_1__Extension_MANY__Store_MANY_	TypeInferenceException	in function 'meta::protocols::pure::v1_28_0::transformation::fromPureGraph::processProperties': unknown function 'serializerExtension' — no function of this name in the native or user catalog (unported platform function, or a misspelling)	compiler.spec.SpecCompiler.compile:108
FAILED	meta::protocols::pure::v1_28_0::transformation::fromPureGraph::runtime::transformConnection_Connection_1__Extension_MANY__Connection_1_	TypeInferenceException	in function 'meta::protocols::pure::v1_28_0::transformation::fromPureGraph::runtime::transformConnection': unknown function 'serializerExtension' — no function of this name in the native or user catalog (unported platform function, or a misspelling)	compiler.spec.SpecCompiler.compile:108
FAILED	meta::protocols::pure::v1_28_0::transformation::fromPureGraph::scan_Any_1__FunctionDefinition_MANY__Type_MANY_	TypeInferenceException	in function 'meta::protocols::pure::v1_28_0::transformation::fromPureGraph::scan': in call to 'meta::pure::functions::collection::concatenate', argument 2: type variable T bound to FunctionDefinition<meta::pure::metamodel::type::Any> cannot also bind ConcreteFunctionDefinition<meta::pure::metamodel::type::Any>	compiler.spec.SpecCompiler.compile:108
FAILED	meta::protocols::pure::v1_28_0::transformation::fromPureGraph::store::relational::transformMilestoning_Milestoning_1__Extension_MANY__Milestoning_1_	TypeInferenceException	in function 'meta::protocols::pure::v1_28_0::transformation::fromPureGraph::store::relational::transformMilestoning': unknown function 'serializerExtension' — no function of this name in the native or user catalog (unported platform function, or a misspelling)	compiler.spec.SpecCompiler.compile:108
FAILED	meta::protocols::pure::v1_28_0::transformation::fromPureGraph::store::transformStore_Store_1__Extension_MANY__Store_1_	TypeInferenceException	in function 'meta::protocols::pure::v1_28_0::transformation::fromPureGraph::store::transformStore': unknown function 'serializerExtension' — no function of this name in the native or user catalog (unported platform function, or a misspelling)	compiler.spec.SpecCompiler.compile:108
FAILED	meta::protocols::pure::v1_28_0::transformation::fromPureGraph::valueSpecification::transformAny_Any_MANY__String_MANY__Map_1__Multiplicity_1__Integer_1__FunctionExpression_$0_1$__Boolean_1__Extension_MANY__ValueSpecification_1_	TypeInferenceException	in function 'meta::protocols::pure::v1_28_0::transformation::fromPureGraph::valueSpecification::transformAny': unknown function 'serializerExtension' — no function of this name in the native or user catalog (unported platform function, or a misspelling)	compiler.spec.SpecCompiler.compile:108
FAILED	meta::protocols::pure::v1_28_0::transformation::fromPureGraph::valueSpecification::transformValueSpecification_ValueSpecification_1__String_MANY__Map_1__Boolean_1__Boolean_1__Extension_MANY__ValueSpecification_1_	ResolutionException	'new_Class_1__String_1__KeyExpression_MANY__T_1_' is not a known class, mapping, runtime, connection, or database — user elements in a query need a fully qualified name	compiler.spec.Typer.classReference:982
FAILED	meta::protocols::pure::v1_28_0::transformation::toPureGraph::connection::buildRelationalDatabaseConnection_String_1__Extension_MANY__ConnectionStore_$0_1$_	TypeInferenceException	in function 'meta::protocols::pure::v1_28_0::transformation::toPureGraph::connection::buildRelationalDatabaseConnection': unknown function 'serializerExtension' — no function of this name in the native or user catalog (unported platform function, or a misspelling)	compiler.spec.SpecCompiler.compile:108
FAILED	meta::protocols::pure::v1_28_0::transformation::toPureGraph::connection::transformAuthenticationStrategy_AuthenticationStrategy_1__Extension_MANY__AuthenticationStrategy_1_	TypeInferenceException	in function 'meta::protocols::pure::v1_28_0::transformation::toPureGraph::connection::transformAuthenticationStrategy': unknown function 'serializerExtension' — no function of this name in the native or user catalog (unported platform function, or a misspelling)	compiler.spec.SpecCompiler.compile:108
FAILED	meta::protocols::pure::v1_28_0::transformation::toPureGraph::connection::transformDatasourceSpecification_DatasourceSpecification_1__Extension_MANY__DatasourceSpecification_1_	TypeInferenceException	in function 'meta::protocols::pure::v1_28_0::transformation::toPureGraph::connection::transformDatasourceSpecification': unknown function 'serializerExtension' — no function of this name in the native or user catalog (unported platform function, or a misspelling)	compiler.spec.SpecCompiler.compile:108
FAILED	meta::protocols::pure::v1_29_0::invocation::execution::execute::legendBuildResultFromJSON_String_1__Any_1__Mapping_1__Runtime_1__ExecutionContext_$0_1$__Extension_MANY__Result_1_	TypeInferenceException	in function 'meta::protocols::pure::v1_29_0::invocation::execution::execute::legendBuildResultFromJSON': unknown function 'serializerExtension' — no function of this name in the native or user catalog (unported platform function, or a misspelling)	compiler.spec.SpecCompiler.compile:108
FAILED	meta::protocols::pure::v1_29_0::invocation::execution::execute::legendExecute_FunctionDefinition_1__Mapping_1__Runtime_1__ExecutionContext_$0_1$__String_1__Integer_1__String_1__String_1__String_1__Extension_MANY__Result_1_	TypeInferenceException	in function 'meta::protocols::pure::v1_29_0::invocation::execution::execute::legendExecute': unknown function 'serializerExtension' — no function of this name in the native or user catalog (unported platform function, or a misspelling)	compiler.spec.SpecCompiler.compile:108
FAILED	meta::protocols::pure::v1_29_0::invocation::execution::execute::processCSV_M2M_String_1__Class_1__JSONObject_1__Pair_1_	TypeInferenceException	in function 'meta::protocols::pure::v1_29_0::invocation::execution::execute::processCSV_M2M': JSONKeyValue.key reads only inside keyValuePairs->filter(kv|$kv.key.value == <key>) — the member access (a member is represented by its value)	compiler.spec.SpecCompiler.compile:108
FAILED	meta::protocols::pure::v1_29_0::invocation::execution::execute::transformActivities_ExecutionActivity_MANY__Extension_MANY__Activity_MANY_	TypeInferenceException	in function 'meta::protocols::pure::v1_29_0::invocation::execution::execute::transformActivities': match expects a collection of branch lambdas	compiler.spec.SpecCompiler.compile:108
FAILED	meta::protocols::pure::v1_29_0::transformation::fromPureGraph::buildBasePureModelFromMapping_Mapping_MANY__Function_1__Extension_MANY__Pair_1_	TypeInferenceException	in function 'meta::protocols::pure::v1_29_0::transformation::fromPureGraph::buildBasePureModelFromMapping': unknown function 'serializerExtension' — no function of this name in the native or user catalog (unported platform function, or a misspelling)	compiler.spec.SpecCompiler.compile:108
FAILED	meta::protocols::pure::v1_29_0::transformation::fromPureGraph::buildBasePureModelFromMappingStr_String_1__Extension_MANY__String_1_	TypeInferenceException	in function 'meta::protocols::pure::v1_29_0::transformation::fromPureGraph::buildBasePureModelFromMappingStr': no overload of 'meta::json::toJsonBeta' accepts 2 argument(s)	compiler.spec.SpecCompiler.compile:108
FAILED	meta::protocols::pure::v1_29_0::transformation::fromPureGraph::buildBasePureModelFromPackageStr_String_1__Extension_MANY__String_1_	TypeInferenceException	in function 'meta::protocols::pure::v1_29_0::transformation::fromPureGraph::buildBasePureModelFromPackageStr': no overload of 'meta::json::toJsonBeta' accepts 2 argument(s)	compiler.spec.SpecCompiler.compile:108
FAILED	meta::protocols::pure::v1_29_0::transformation::fromPureGraph::buildBasePureModelFromStoreStr_String_1__Extension_MANY__String_1_	TypeInferenceException	in function 'meta::protocols::pure::v1_29_0::transformation::fromPureGraph::buildBasePureModelFromStoreStr': no overload of 'meta::json::toJsonBeta' accepts 2 argument(s)	compiler.spec.SpecCompiler.compile:108
FAILED	meta::protocols::pure::v1_29_0::transformation::fromPureGraph::buildDomain_AllTypes_1__Association_MANY__Function_1__Extension_MANY__PackageableElement_MANY_	TypeInferenceException	in function 'meta::protocols::pure::v1_29_0::transformation::fromPureGraph::buildDomain': 'meta::pure::functions::collection::filter' expects a lambda argument in position 1	compiler.spec.SpecCompiler.compile:108
FAILED	meta::protocols::pure::v1_29_0::transformation::fromPureGraph::connection::transformAuthenticationStrategy_AuthenticationStrategy_1__Extension_MANY__AuthenticationStrategy_1_	TypeInferenceException	in function 'meta::protocols::pure::v1_29_0::transformation::fromPureGraph::connection::transformAuthenticationStrategy': unknown function 'serializerExtension' — no function of this name in the native or user catalog (unported platform function, or a misspelling)	compiler.spec.SpecCompiler.compile:108
FAILED	meta::protocols::pure::v1_29_0::transformation::fromPureGraph::connection::transformDatabaseConnection_DatabaseConnection_1__Extension_MANY__DatabaseConnection_1_	TypeInferenceException	in function 'meta::protocols::pure::v1_29_0::transformation::fromPureGraph::connection::transformDatabaseConnection': unknown function 'serializerExtension' — no function of this name in the native or user catalog (unported platform function, or a misspelling)	compiler.spec.SpecCompiler.compile:108
FAILED	meta::protocols::pure::v1_29_0::transformation::fromPureGraph::connection::transformDatasourceSpecification_DatasourceSpecification_1__Extension_MANY__DatasourceSpecification_1_	TypeInferenceException	in function 'meta::protocols::pure::v1_29_0::transformation::fromPureGraph::connection::transformDatasourceSpecification': unknown function 'serializerExtension' — no function of this name in the native or user catalog (unported platform function, or a misspelling)	compiler.spec.SpecCompiler.compile:108
FAILED	meta::protocols::pure::v1_29_0::transformation::fromPureGraph::connection::transformPostProcessorParameters_PostProcessorParameter_MANY__Extension_MANY__PostProcessorParameter_MANY_	TypeInferenceException	in function 'meta::protocols::pure::v1_29_0::transformation::fromPureGraph::connection::transformPostProcessorParameters': match expects a collection of branch lambdas	compiler.spec.SpecCompiler.compile:108
FAILED	meta::protocols::pure::v1_29_0::transformation::fromPureGraph::connection::transformPostProcessors_PostProcessor_MANY__Extension_MANY__PostProcessor_MANY_	TypeInferenceException	in function 'meta::protocols::pure::v1_29_0::transformation::fromPureGraph::connection::transformPostProcessors': match expects a collection of branch lambdas	compiler.spec.SpecCompiler.compile:108
FAILED	meta::protocols::pure::v1_29_0::transformation::fromPureGraph::context::transformContext_ExecutionContext_1__Extension_MANY__ExecutionContext_1_	TypeInferenceException	in function 'meta::protocols::pure::v1_29_0::transformation::fromPureGraph::context::transformContext': unknown function 'serializerExtension' — no function of this name in the native or user catalog (unported platform function, or a misspelling)	compiler.spec.SpecCompiler.compile:108
FAILED	meta::protocols::pure::v1_29_0::transformation::fromPureGraph::excludeTypes_Type_MANY__String_MANY__Type_MANY_	TypeInferenceException	in function 'meta::protocols::pure::v1_29_0::transformation::fromPureGraph::excludeTypes': in call to 'meta::pure::functions::collection::remove', argument 2: type variable T bound to meta::pure::metamodel::type::Type cannot also bind Class<meta::pure::metamodel::type::Any>	compiler.spec.SpecCompiler.compile:108
FAILED	meta::protocols::pure::v1_29_0::transformation::fromPureGraph::executionPlan::transformNode_ExecutionNode_1__Mapping_1__Extension_MANY__ExecutionNode_1_	TypeInferenceException	in function 'meta::protocols::pure::v1_29_0::transformation::fromPureGraph::executionPlan::transformNode': unknown function 'serializerExtension' — no function of this name in the native or user catalog (unported platform function, or a misspelling)	compiler.spec.SpecCompiler.compile:108
FAILED	meta::protocols::pure::v1_29_0::transformation::fromPureGraph::executionPlan::transformResultType_ResultType_1__Mapping_1__Extension_MANY__ResultType_1_	TypeInferenceException	in function 'meta::protocols::pure::v1_29_0::transformation::fromPureGraph::executionPlan::transformResultType': unknown function 'serializerExtension' — no function of this name in the native or user catalog (unported platform function, or a misspelling)	compiler.spec.SpecCompiler.compile:108
FAILED	meta::protocols::pure::v1_29_0::transformation::fromPureGraph::executionPlan::transformSetImplementation_SetImplementation_1__Extension_MANY__SetImplementationInfo_1_	TypeInferenceException	in function 'meta::protocols::pure::v1_29_0::transformation::fromPureGraph::executionPlan::transformSetImplementation': unknown function 'serializerExtension' — no function of this name in the native or user catalog (unported platform function, or a misspelling)	compiler.spec.SpecCompiler.compile:108
FAILED	meta::protocols::pure::v1_29_0::transformation::fromPureGraph::extractStores_SetImplementation_1__Mapping_1__Extension_MANY__Store_MANY_	TypeInferenceException	in function 'meta::protocols::pure::v1_29_0::transformation::fromPureGraph::extractStores': unknown function 'serializerExtension' — no function of this name in the native or user catalog (unported platform function, or a misspelling)	compiler.spec.SpecCompiler.compile:108
FAILED	meta::protocols::pure::v1_29_0::transformation::fromPureGraph::findAllTypes_Type_MANY__String_MANY__AllTypes_1_	TypeInferenceException	in function 'meta::protocols::pure::v1_29_0::transformation::fromPureGraph::findAllTypes': in call to 'meta::pure::functions::collection::remove', argument 2: type variable T bound to meta::pure::metamodel::type::Type cannot also bind Class<meta::pure::metamodel::type::Any>	compiler.spec.SpecCompiler.compile:108
FAILED	meta::protocols::pure::v1_29_0::transformation::fromPureGraph::findAllTypesFromMapping_Mapping_1__Extension_MANY__AllTypes_1_	TypeInferenceException	in function 'meta::protocols::pure::v1_29_0::transformation::fromPureGraph::findAllTypesFromMapping': unknown function 'serializerExtension' — no function of this name in the native or user catalog (unported platform function, or a misspelling)	compiler.spec.SpecCompiler.compile:108
FAILED	meta::protocols::pure::v1_29_0::transformation::fromPureGraph::findInheritedTypes_Class_MANY__Type_MANY_	TypeInferenceException	in function 'meta::protocols::pure::v1_29_0::transformation::fromPureGraph::findInheritedTypes': in call to 'meta::pure::functions::collection::concatenate', argument 2: type variable T bound to Class<meta::pure::metamodel::type::Any> cannot also bind meta::pure::metamodel::type::Type	compiler.spec.SpecCompiler.compile:108
FAILED	meta::protocols::pure::v1_29_0::transformation::fromPureGraph::findTypesFromPureInstanceSetImplementation_PureInstanceSetImplementation_1__Type_MANY_	TypeInferenceException	in function 'meta::protocols::pure::v1_29_0::transformation::fromPureGraph::findTypesFromPureInstanceSetImplementation': in call to 'meta::pure::functions::collection::concatenate', argument 2: type variable T bound to Class<meta::pure::metamodel::type::Any> cannot also bind meta::pure::metamodel::type::Type	compiler.spec.SpecCompiler.compile:108
FAILED	meta::protocols::pure::v1_29_0::transformation::fromPureGraph::getAllElementsFromMapping_Mapping_MANY__Extension_MANY__PackageableElement_MANY_	TypeInferenceException	in function 'meta::protocols::pure::v1_29_0::transformation::fromPureGraph::getAllElementsFromMapping': unknown function 'serializerExtension' — no function of this name in the native or user catalog (unported platform function, or a misspelling)	compiler.spec.SpecCompiler.compile:108
FAILED	meta::protocols::pure::v1_29_0::transformation::fromPureGraph::getCorrectedElementSourceInformation_PackageableElement_1__Extension_MANY__SourceInformation_$0_1$_	TypeInferenceException	in function 'meta::protocols::pure::v1_29_0::transformation::fromPureGraph::getCorrectedElementSourceInformation': unknown function 'serializerExtension' — no function of this name in the native or user catalog (unported platform function, or a misspelling)	compiler.spec.SpecCompiler.compile:108
FAILED	meta::protocols::pure::v1_29_0::transformation::fromPureGraph::mapping::transformAssociationImplementation_AssociationImplementation_1__Mapping_1__Extension_MANY__AssociationMapping_1_	TypeInferenceException	in function 'meta::protocols::pure::v1_29_0::transformation::fromPureGraph::mapping::transformAssociationImplementation': unknown function 'serializerExtension' — no function of this name in the native or user catalog (unported platform function, or a misspelling)	compiler.spec.SpecCompiler.compile:108
FAILED	meta::protocols::pure::v1_29_0::transformation::fromPureGraph::mapping::transformMapping_Mapping_1__Extension_MANY__Mapping_1_	TypeInferenceException	in function 'meta::protocols::pure::v1_29_0::transformation::fromPureGraph::mapping::transformMapping': unknown function 'serializerExtension' — no function of this name in the native or user catalog (unported platform function, or a misspelling)	compiler.spec.SpecCompiler.compile:108
FAILED	meta::protocols::pure::v1_29_0::transformation::fromPureGraph::mapping::transformSetImplementation_SetImplementation_1__Mapping_1__Extension_MANY__ClassMapping_1_	TypeInferenceException	in function 'meta::protocols::pure::v1_29_0::transformation::fromPureGraph::mapping::transformSetImplementation': unknown function 'serializerExtension' — no function of this name in the native or user catalog (unported platform function, or a misspelling)	compiler.spec.SpecCompiler.compile:108
FAILED	meta::protocols::pure::v1_29_0::transformation::fromPureGraph::navigateAssos_Type_MANY__Type_MANY__String_MANY__Type_MANY_	TypeInferenceException	in function 'meta::protocols::pure::v1_29_0::transformation::fromPureGraph::navigateAssos': in call to 'meta::pure::functions::collection::concatenate', argument 2: type variable T bound to Class<meta::pure::metamodel::type::Any> cannot also bind meta::pure::metamodel::type::Type	compiler.spec.SpecCompiler.compile:108
FAILED	meta::protocols::pure::v1_29_0::transformation::fromPureGraph::processProperties_PropertyMappingsImplementation_1__Mapping_1__Extension_MANY__Store_MANY_	TypeInferenceException	in function 'meta::protocols::pure::v1_29_0::transformation::fromPureGraph::processProperties': unknown function 'serializerExtension' — no function of this name in the native or user catalog (unported platform function, or a misspelling)	compiler.spec.SpecCompiler.compile:108
FAILED	meta::protocols::pure::v1_29_0::transformation::fromPureGraph::runtime::transformConnection_Connection_1__Extension_MANY__Connection_1_	TypeInferenceException	in function 'meta::protocols::pure::v1_29_0::transformation::fromPureGraph::runtime::transformConnection': unknown function 'serializerExtension' — no function of this name in the native or user catalog (unported platform function, or a misspelling)	compiler.spec.SpecCompiler.compile:108
FAILED	meta::protocols::pure::v1_29_0::transformation::fromPureGraph::scan_Any_1__FunctionDefinition_MANY__Type_MANY_	TypeInferenceException	in function 'meta::protocols::pure::v1_29_0::transformation::fromPureGraph::scan': in call to 'meta::pure::functions::collection::concatenate', argument 2: type variable T bound to FunctionDefinition<meta::pure::metamodel::type::Any> cannot also bind ConcreteFunctionDefinition<meta::pure::metamodel::type::Any>	compiler.spec.SpecCompiler.compile:108
FAILED	meta::protocols::pure::v1_29_0::transformation::fromPureGraph::store::relational::transformMilestoning_Milestoning_1__Extension_MANY__Milestoning_1_	TypeInferenceException	in function 'meta::protocols::pure::v1_29_0::transformation::fromPureGraph::store::relational::transformMilestoning': unknown function 'serializerExtension' — no function of this name in the native or user catalog (unported platform function, or a misspelling)	compiler.spec.SpecCompiler.compile:108
FAILED	meta::protocols::pure::v1_29_0::transformation::fromPureGraph::store::transformStore_Store_1__Extension_MANY__Store_1_	TypeInferenceException	in function 'meta::protocols::pure::v1_29_0::transformation::fromPureGraph::store::transformStore': unknown function 'serializerExtension' — no function of this name in the native or user catalog (unported platform function, or a misspelling)	compiler.spec.SpecCompiler.compile:108
FAILED	meta::protocols::pure::v1_29_0::transformation::fromPureGraph::valueSpecification::transformAny_Any_MANY__String_MANY__Map_1__Multiplicity_1__Integer_1__FunctionExpression_$0_1$__Boolean_1__Extension_MANY__ValueSpecification_1_	TypeInferenceException	in function 'meta::protocols::pure::v1_29_0::transformation::fromPureGraph::valueSpecification::transformAny': unknown function 'serializerExtension' — no function of this name in the native or user catalog (unported platform function, or a misspelling)	compiler.spec.SpecCompiler.compile:108
FAILED	meta::protocols::pure::v1_29_0::transformation::fromPureGraph::valueSpecification::transformValueSpecification_ValueSpecification_1__String_MANY__Map_1__Boolean_1__Boolean_1__Extension_MANY__ValueSpecification_1_	ResolutionException	'new_Class_1__String_1__KeyExpression_MANY__T_1_' is not a known class, mapping, runtime, connection, or database — user elements in a query need a fully qualified name	compiler.spec.Typer.classReference:982
FAILED	meta::protocols::pure::v1_29_0::transformation::toPureGraph::connection::buildRelationalDatabaseConnection_String_1__Extension_MANY__ConnectionStore_$0_1$_	TypeInferenceException	in function 'meta::protocols::pure::v1_29_0::transformation::toPureGraph::connection::buildRelationalDatabaseConnection': unknown function 'serializerExtension' — no function of this name in the native or user catalog (unported platform function, or a misspelling)	compiler.spec.SpecCompiler.compile:108
FAILED	meta::protocols::pure::v1_29_0::transformation::toPureGraph::connection::transformAuthenticationStrategy_AuthenticationStrategy_1__Extension_MANY__AuthenticationStrategy_1_	TypeInferenceException	in function 'meta::protocols::pure::v1_29_0::transformation::toPureGraph::connection::transformAuthenticationStrategy': unknown function 'serializerExtension' — no function of this name in the native or user catalog (unported platform function, or a misspelling)	compiler.spec.SpecCompiler.compile:108
FAILED	meta::protocols::pure::v1_29_0::transformation::toPureGraph::connection::transformDatasourceSpecification_DatasourceSpecification_1__Extension_MANY__DatasourceSpecification_1_	TypeInferenceException	in function 'meta::protocols::pure::v1_29_0::transformation::toPureGraph::connection::transformDatasourceSpecification': unknown function 'serializerExtension' — no function of this name in the native or user catalog (unported platform function, or a misspelling)	compiler.spec.SpecCompiler.compile:108
FAILED	meta::protocols::pure::v1_30_0::invocation::execution::execute::legendBuildResultFromJSON_String_1__Any_1__Mapping_1__Runtime_1__ExecutionContext_$0_1$__Extension_MANY__Result_1_	TypeInferenceException	in function 'meta::protocols::pure::v1_30_0::invocation::execution::execute::legendBuildResultFromJSON': unknown function 'serializerExtension' — no function of this name in the native or user catalog (unported platform function, or a misspelling)	compiler.spec.SpecCompiler.compile:108
FAILED	meta::protocols::pure::v1_30_0::invocation::execution::execute::legendExecute_FunctionDefinition_1__Mapping_1__Runtime_1__ExecutionContext_$0_1$__String_1__Integer_1__String_1__String_1__String_1__Extension_MANY__Result_1_	TypeInferenceException	in function 'meta::protocols::pure::v1_30_0::invocation::execution::execute::legendExecute': unknown function 'serializerExtension' — no function of this name in the native or user catalog (unported platform function, or a misspelling)	compiler.spec.SpecCompiler.compile:108
FAILED	meta::protocols::pure::v1_30_0::invocation::execution::execute::processCSV_M2M_String_1__Class_1__JSONObject_1__Pair_1_	TypeInferenceException	in function 'meta::protocols::pure::v1_30_0::invocation::execution::execute::processCSV_M2M': JSONKeyValue.key reads only inside keyValuePairs->filter(kv|$kv.key.value == <key>) — the member access (a member is represented by its value)	compiler.spec.SpecCompiler.compile:108
FAILED	meta::protocols::pure::v1_30_0::invocation::execution::execute::transformActivities_ExecutionActivity_MANY__Extension_MANY__Activity_MANY_	TypeInferenceException	in function 'meta::protocols::pure::v1_30_0::invocation::execution::execute::transformActivities': match expects a collection of branch lambdas	compiler.spec.SpecCompiler.compile:108
FAILED	meta::protocols::pure::v1_30_0::transformation::fromPureGraph::buildBasePureModelFromMapping_Mapping_MANY__Function_1__Extension_MANY__Pair_1_	TypeInferenceException	in function 'meta::protocols::pure::v1_30_0::transformation::fromPureGraph::buildBasePureModelFromMapping': unknown function 'serializerExtension' — no function of this name in the native or user catalog (unported platform function, or a misspelling)	compiler.spec.SpecCompiler.compile:108
FAILED	meta::protocols::pure::v1_30_0::transformation::fromPureGraph::buildBasePureModelFromMappingStr_String_1__Extension_MANY__String_1_	TypeInferenceException	in function 'meta::protocols::pure::v1_30_0::transformation::fromPureGraph::buildBasePureModelFromMappingStr': no overload of 'meta::json::toJsonBeta' accepts 2 argument(s)	compiler.spec.SpecCompiler.compile:108
FAILED	meta::protocols::pure::v1_30_0::transformation::fromPureGraph::buildBasePureModelFromPackageStr_String_1__Extension_MANY__String_1_	TypeInferenceException	in function 'meta::protocols::pure::v1_30_0::transformation::fromPureGraph::buildBasePureModelFromPackageStr': no overload of 'meta::json::toJsonBeta' accepts 2 argument(s)	compiler.spec.SpecCompiler.compile:108
FAILED	meta::protocols::pure::v1_30_0::transformation::fromPureGraph::buildBasePureModelFromStoreStr_String_1__Extension_MANY__String_1_	TypeInferenceException	in function 'meta::protocols::pure::v1_30_0::transformation::fromPureGraph::buildBasePureModelFromStoreStr': no overload of 'meta::json::toJsonBeta' accepts 2 argument(s)	compiler.spec.SpecCompiler.compile:108
FAILED	meta::protocols::pure::v1_30_0::transformation::fromPureGraph::buildDomain_AllTypes_1__Association_MANY__Function_1__Extension_MANY__PackageableElement_MANY_	TypeInferenceException	in function 'meta::protocols::pure::v1_30_0::transformation::fromPureGraph::buildDomain': 'meta::pure::functions::collection::filter' expects a lambda argument in position 1	compiler.spec.SpecCompiler.compile:108
FAILED	meta::protocols::pure::v1_30_0::transformation::fromPureGraph::connection::transformAuthenticationStrategy_AuthenticationStrategy_1__Extension_MANY__AuthenticationStrategy_1_	TypeInferenceException	in function 'meta::protocols::pure::v1_30_0::transformation::fromPureGraph::connection::transformAuthenticationStrategy': unknown function 'serializerExtension' — no function of this name in the native or user catalog (unported platform function, or a misspelling)	compiler.spec.SpecCompiler.compile:108
FAILED	meta::protocols::pure::v1_30_0::transformation::fromPureGraph::connection::transformDatabaseConnection_DatabaseConnection_1__Extension_MANY__DatabaseConnection_1_	TypeInferenceException	in function 'meta::protocols::pure::v1_30_0::transformation::fromPureGraph::connection::transformDatabaseConnection': unknown function 'serializerExtension' — no function of this name in the native or user catalog (unported platform function, or a misspelling)	compiler.spec.SpecCompiler.compile:108
FAILED	meta::protocols::pure::v1_30_0::transformation::fromPureGraph::connection::transformDatasourceSpecification_DatasourceSpecification_1__Extension_MANY__DatasourceSpecification_1_	TypeInferenceException	in function 'meta::protocols::pure::v1_30_0::transformation::fromPureGraph::connection::transformDatasourceSpecification': unknown function 'serializerExtension' — no function of this name in the native or user catalog (unported platform function, or a misspelling)	compiler.spec.SpecCompiler.compile:108
FAILED	meta::protocols::pure::v1_30_0::transformation::fromPureGraph::connection::transformPostProcessorParameters_PostProcessorParameter_MANY__Extension_MANY__PostProcessorParameter_MANY_	TypeInferenceException	in function 'meta::protocols::pure::v1_30_0::transformation::fromPureGraph::connection::transformPostProcessorParameters': match expects a collection of branch lambdas	compiler.spec.SpecCompiler.compile:108
FAILED	meta::protocols::pure::v1_30_0::transformation::fromPureGraph::connection::transformPostProcessors_PostProcessor_MANY__Extension_MANY__PostProcessor_MANY_	TypeInferenceException	in function 'meta::protocols::pure::v1_30_0::transformation::fromPureGraph::connection::transformPostProcessors': match expects a collection of branch lambdas	compiler.spec.SpecCompiler.compile:108
FAILED	meta::protocols::pure::v1_30_0::transformation::fromPureGraph::context::transformContext_ExecutionContext_1__Extension_MANY__ExecutionContext_1_	TypeInferenceException	in function 'meta::protocols::pure::v1_30_0::transformation::fromPureGraph::context::transformContext': unknown function 'serializerExtension' — no function of this name in the native or user catalog (unported platform function, or a misspelling)	compiler.spec.SpecCompiler.compile:108
FAILED	meta::protocols::pure::v1_30_0::transformation::fromPureGraph::excludeTypes_Type_MANY__String_MANY__Type_MANY_	TypeInferenceException	in function 'meta::protocols::pure::v1_30_0::transformation::fromPureGraph::excludeTypes': in call to 'meta::pure::functions::collection::remove', argument 2: type variable T bound to meta::pure::metamodel::type::Type cannot also bind Class<meta::pure::metamodel::type::Any>	compiler.spec.SpecCompiler.compile:108
FAILED	meta::protocols::pure::v1_30_0::transformation::fromPureGraph::executionPlan::transformNode_ExecutionNode_1__Mapping_1__Extension_MANY__ExecutionNode_1_	TypeInferenceException	in function 'meta::protocols::pure::v1_30_0::transformation::fromPureGraph::executionPlan::transformNode': unknown function 'serializerExtension' — no function of this name in the native or user catalog (unported platform function, or a misspelling)	compiler.spec.SpecCompiler.compile:108
FAILED	meta::protocols::pure::v1_30_0::transformation::fromPureGraph::executionPlan::transformResultType_ResultType_1__Mapping_1__Extension_MANY__ResultType_1_	TypeInferenceException	in function 'meta::protocols::pure::v1_30_0::transformation::fromPureGraph::executionPlan::transformResultType': unknown function 'serializerExtension' — no function of this name in the native or user catalog (unported platform function, or a misspelling)	compiler.spec.SpecCompiler.compile:108
FAILED	meta::protocols::pure::v1_30_0::transformation::fromPureGraph::executionPlan::transformSetImplementation_SetImplementation_1__Extension_MANY__SetImplementationInfo_1_	TypeInferenceException	in function 'meta::protocols::pure::v1_30_0::transformation::fromPureGraph::executionPlan::transformSetImplementation': unknown function 'serializerExtension' — no function of this name in the native or user catalog (unported platform function, or a misspelling)	compiler.spec.SpecCompiler.compile:108
FAILED	meta::protocols::pure::v1_30_0::transformation::fromPureGraph::extractStores_SetImplementation_1__Mapping_1__Extension_MANY__Store_MANY_	TypeInferenceException	in function 'meta::protocols::pure::v1_30_0::transformation::fromPureGraph::extractStores': unknown function 'serializerExtension' — no function of this name in the native or user catalog (unported platform function, or a misspelling)	compiler.spec.SpecCompiler.compile:108
FAILED	meta::protocols::pure::v1_30_0::transformation::fromPureGraph::findAllTypes_Type_MANY__String_MANY__AllTypes_1_	TypeInferenceException	in function 'meta::protocols::pure::v1_30_0::transformation::fromPureGraph::findAllTypes': in call to 'meta::pure::functions::collection::remove', argument 2: type variable T bound to meta::pure::metamodel::type::Type cannot also bind Class<meta::pure::metamodel::type::Any>	compiler.spec.SpecCompiler.compile:108
FAILED	meta::protocols::pure::v1_30_0::transformation::fromPureGraph::findAllTypesFromMapping_Mapping_1__Extension_MANY__AllTypes_1_	TypeInferenceException	in function 'meta::protocols::pure::v1_30_0::transformation::fromPureGraph::findAllTypesFromMapping': unknown function 'serializerExtension' — no function of this name in the native or user catalog (unported platform function, or a misspelling)	compiler.spec.SpecCompiler.compile:108
FAILED	meta::protocols::pure::v1_30_0::transformation::fromPureGraph::findInheritedTypes_Class_MANY__Type_MANY_	TypeInferenceException	in function 'meta::protocols::pure::v1_30_0::transformation::fromPureGraph::findInheritedTypes': in call to 'meta::pure::functions::collection::concatenate', argument 2: type variable T bound to Class<meta::pure::metamodel::type::Any> cannot also bind meta::pure::metamodel::type::Type	compiler.spec.SpecCompiler.compile:108
FAILED	meta::protocols::pure::v1_30_0::transformation::fromPureGraph::findTypesFromPureInstanceSetImplementation_PureInstanceSetImplementation_1__Type_MANY_	TypeInferenceException	in function 'meta::protocols::pure::v1_30_0::transformation::fromPureGraph::findTypesFromPureInstanceSetImplementation': in call to 'meta::pure::functions::collection::concatenate', argument 2: type variable T bound to Class<meta::pure::metamodel::type::Any> cannot also bind meta::pure::metamodel::type::Type	compiler.spec.SpecCompiler.compile:108
FAILED	meta::protocols::pure::v1_30_0::transformation::fromPureGraph::getAllElementsFromMapping_Mapping_MANY__Extension_MANY__PackageableElement_MANY_	TypeInferenceException	in function 'meta::protocols::pure::v1_30_0::transformation::fromPureGraph::getAllElementsFromMapping': unknown function 'serializerExtension' — no function of this name in the native or user catalog (unported platform function, or a misspelling)	compiler.spec.SpecCompiler.compile:108
FAILED	meta::protocols::pure::v1_30_0::transformation::fromPureGraph::getCorrectedElementSourceInformation_PackageableElement_1__Extension_MANY__SourceInformation_$0_1$_	TypeInferenceException	in function 'meta::protocols::pure::v1_30_0::transformation::fromPureGraph::getCorrectedElementSourceInformation': unknown function 'serializerExtension' — no function of this name in the native or user catalog (unported platform function, or a misspelling)	compiler.spec.SpecCompiler.compile:108
FAILED	meta::protocols::pure::v1_30_0::transformation::fromPureGraph::mapping::transformAssociationImplementation_AssociationImplementation_1__Mapping_1__Extension_MANY__AssociationMapping_1_	TypeInferenceException	in function 'meta::protocols::pure::v1_30_0::transformation::fromPureGraph::mapping::transformAssociationImplementation': unknown function 'serializerExtension' — no function of this name in the native or user catalog (unported platform function, or a misspelling)	compiler.spec.SpecCompiler.compile:108
FAILED	meta::protocols::pure::v1_30_0::transformation::fromPureGraph::mapping::transformMapping_Mapping_1__Extension_MANY__Mapping_1_	TypeInferenceException	in function 'meta::protocols::pure::v1_30_0::transformation::fromPureGraph::mapping::transformMapping': unknown function 'serializerExtension' — no function of this name in the native or user catalog (unported platform function, or a misspelling)	compiler.spec.SpecCompiler.compile:108
FAILED	meta::protocols::pure::v1_30_0::transformation::fromPureGraph::mapping::transformSetImplementation_SetImplementation_1__Mapping_1__Extension_MANY__ClassMapping_1_	TypeInferenceException	in function 'meta::protocols::pure::v1_30_0::transformation::fromPureGraph::mapping::transformSetImplementation': unknown function 'serializerExtension' — no function of this name in the native or user catalog (unported platform function, or a misspelling)	compiler.spec.SpecCompiler.compile:108
FAILED	meta::protocols::pure::v1_30_0::transformation::fromPureGraph::navigateAssos_Type_MANY__Type_MANY__String_MANY__Type_MANY_	TypeInferenceException	in function 'meta::protocols::pure::v1_30_0::transformation::fromPureGraph::navigateAssos': in call to 'meta::pure::functions::collection::concatenate', argument 2: type variable T bound to Class<meta::pure::metamodel::type::Any> cannot also bind meta::pure::metamodel::type::Type	compiler.spec.SpecCompiler.compile:108
FAILED	meta::protocols::pure::v1_30_0::transformation::fromPureGraph::processProperties_PropertyMappingsImplementation_1__Mapping_1__Extension_MANY__Store_MANY_	TypeInferenceException	in function 'meta::protocols::pure::v1_30_0::transformation::fromPureGraph::processProperties': unknown function 'serializerExtension' — no function of this name in the native or user catalog (unported platform function, or a misspelling)	compiler.spec.SpecCompiler.compile:108
FAILED	meta::protocols::pure::v1_30_0::transformation::fromPureGraph::runtime::transformConnection_Connection_1__Extension_MANY__Connection_1_	TypeInferenceException	in function 'meta::protocols::pure::v1_30_0::transformation::fromPureGraph::runtime::transformConnection': unknown function 'serializerExtension' — no function of this name in the native or user catalog (unported platform function, or a misspelling)	compiler.spec.SpecCompiler.compile:108
FAILED	meta::protocols::pure::v1_30_0::transformation::fromPureGraph::scan_Any_1__FunctionDefinition_MANY__Type_MANY_	TypeInferenceException	in function 'meta::protocols::pure::v1_30_0::transformation::fromPureGraph::scan': in call to 'meta::pure::functions::collection::concatenate', argument 2: type variable T bound to FunctionDefinition<meta::pure::metamodel::type::Any> cannot also bind ConcreteFunctionDefinition<meta::pure::metamodel::type::Any>	compiler.spec.SpecCompiler.compile:108
FAILED	meta::protocols::pure::v1_30_0::transformation::fromPureGraph::store::relational::transformMilestoning_Milestoning_1__Extension_MANY__Milestoning_1_	TypeInferenceException	in function 'meta::protocols::pure::v1_30_0::transformation::fromPureGraph::store::relational::transformMilestoning': unknown function 'serializerExtension' — no function of this name in the native or user catalog (unported platform function, or a misspelling)	compiler.spec.SpecCompiler.compile:108
FAILED	meta::protocols::pure::v1_30_0::transformation::fromPureGraph::store::transformStore_Store_1__Extension_MANY__Store_1_	TypeInferenceException	in function 'meta::protocols::pure::v1_30_0::transformation::fromPureGraph::store::transformStore': unknown function 'serializerExtension' — no function of this name in the native or user catalog (unported platform function, or a misspelling)	compiler.spec.SpecCompiler.compile:108
FAILED	meta::protocols::pure::v1_30_0::transformation::fromPureGraph::toPureGrammar::defaultAlloyToPureState_Extension_MANY__AlloyToPureState_1_	TypeInferenceException	in function 'meta::protocols::pure::v1_30_0::transformation::fromPureGraph::toPureGrammar::defaultAlloyToPureState': unknown enumeration 'system::imports::coreImport'	compiler.spec.SpecCompiler.compile:108
FAILED	meta::protocols::pure::v1_30_0::transformation::fromPureGraph::toPureGrammar::getSignFunctions__Pair_MANY_	TypeInferenceException	in function 'meta::protocols::pure::v1_30_0::transformation::fromPureGraph::toPureGrammar::getSignFunctions': declares return type Any>, String> but body returns Any, String> (expected meta::pure::metamodel::function::Function, got meta::pure::metamodel::type::Any)	compiler.spec.SpecCompiler.compile:108
FAILED	meta::protocols::pure::v1_30_0::transformation::fromPureGraph::toPureGrammar::toPure_AlloyToPureState_1__ValueSpecification_MANY__String_1_	IllegalStateException	cannot union multiplicities [1] and [m] (an unresolved variable met a different bound)	compiler.element.type.Multiplicity.union:94
FAILED	meta::protocols::pure::v1_30_0::transformation::fromPureGraph::valueSpecification::transformAny_Any_MANY__String_MANY__Map_1__Multiplicity_1__Integer_1__FunctionExpression_$0_1$__Boolean_1__Extension_MANY__ValueSpecification_1_	TypeInferenceException	in function 'meta::protocols::pure::v1_30_0::transformation::fromPureGraph::valueSpecification::transformAny': unknown function 'serializerExtension' — no function of this name in the native or user catalog (unported platform function, or a misspelling)	compiler.spec.SpecCompiler.compile:108
FAILED	meta::protocols::pure::v1_30_0::transformation::fromPureGraph::valueSpecification::transformValueSpecification_ValueSpecification_1__String_MANY__Map_1__Boolean_1__Boolean_1__Extension_MANY__ValueSpecification_1_	ResolutionException	'new_Class_1__String_1__KeyExpression_MANY__T_1_' is not a known class, mapping, runtime, connection, or database — user elements in a query need a fully qualified name	compiler.spec.Typer.classReference:982
FAILED	meta::protocols::pure::v1_30_0::transformation::toPureGraph::connection::buildRelationalDatabaseConnection_String_1__Extension_MANY__ConnectionStore_$0_1$_	TypeInferenceException	in function 'meta::protocols::pure::v1_30_0::transformation::toPureGraph::connection::buildRelationalDatabaseConnection': unknown function 'serializerExtension' — no function of this name in the native or user catalog (unported platform function, or a misspelling)	compiler.spec.SpecCompiler.compile:108
FAILED	meta::protocols::pure::v1_30_0::transformation::toPureGraph::connection::transformAuthenticationStrategy_AuthenticationStrategy_1__Extension_MANY__AuthenticationStrategy_1_	TypeInferenceException	in function 'meta::protocols::pure::v1_30_0::transformation::toPureGraph::connection::transformAuthenticationStrategy': unknown function 'serializerExtension' — no function of this name in the native or user catalog (unported platform function, or a misspelling)	compiler.spec.SpecCompiler.compile:108
FAILED	meta::protocols::pure::v1_30_0::transformation::toPureGraph::connection::transformDatasourceSpecification_DatasourceSpecification_1__Extension_MANY__DatasourceSpecification_1_	TypeInferenceException	in function 'meta::protocols::pure::v1_30_0::transformation::toPureGraph::connection::transformDatasourceSpecification': unknown function 'serializerExtension' — no function of this name in the native or user catalog (unported platform function, or a misspelling)	compiler.spec.SpecCompiler.compile:108
FAILED	meta::protocols::pure::v1_31_0::invocation::execution::execute::legendBuildResultFromJSON_String_1__Any_1__Mapping_1__Runtime_1__ExecutionContext_$0_1$__Extension_MANY__Result_1_	TypeInferenceException	in function 'meta::protocols::pure::v1_31_0::invocation::execution::execute::legendBuildResultFromJSON': unknown function 'serializerExtension' — no function of this name in the native or user catalog (unported platform function, or a misspelling)	compiler.spec.SpecCompiler.compile:108
FAILED	meta::protocols::pure::v1_31_0::invocation::execution::execute::legendExecute_FunctionDefinition_1__Mapping_1__Runtime_1__ExecutionContext_$0_1$__String_1__Integer_1__String_1__String_1__String_1__Extension_MANY__Result_1_	TypeInferenceException	in function 'meta::protocols::pure::v1_31_0::invocation::execution::execute::legendExecute': unknown function 'serializerExtension' — no function of this name in the native or user catalog (unported platform function, or a misspelling)	compiler.spec.SpecCompiler.compile:108
FAILED	meta::protocols::pure::v1_31_0::invocation::execution::execute::processCSV_M2M_String_1__Class_1__JSONObject_1__Pair_1_	TypeInferenceException	in function 'meta::protocols::pure::v1_31_0::invocation::execution::execute::processCSV_M2M': JSONKeyValue.key reads only inside keyValuePairs->filter(kv|$kv.key.value == <key>) — the member access (a member is represented by its value)	compiler.spec.SpecCompiler.compile:108
FAILED	meta::protocols::pure::v1_31_0::invocation::execution::execute::transformActivities_ExecutionActivity_MANY__Extension_MANY__Activity_MANY_	TypeInferenceException	in function 'meta::protocols::pure::v1_31_0::invocation::execution::execute::transformActivities': match expects a collection of branch lambdas	compiler.spec.SpecCompiler.compile:108
FAILED	meta::protocols::pure::v1_31_0::transformation::fromPureGraph::buildBasePureModelFromMapping_Mapping_MANY__Function_1__Extension_MANY__Pair_1_	TypeInferenceException	in function 'meta::protocols::pure::v1_31_0::transformation::fromPureGraph::buildBasePureModelFromMapping': unknown function 'serializerExtension' — no function of this name in the native or user catalog (unported platform function, or a misspelling)	compiler.spec.SpecCompiler.compile:108
FAILED	meta::protocols::pure::v1_31_0::transformation::fromPureGraph::buildBasePureModelFromMappingStr_String_1__Extension_MANY__String_1_	TypeInferenceException	in function 'meta::protocols::pure::v1_31_0::transformation::fromPureGraph::buildBasePureModelFromMappingStr': no overload of 'meta::json::toJsonBeta' accepts 2 argument(s)	compiler.spec.SpecCompiler.compile:108
FAILED	meta::protocols::pure::v1_31_0::transformation::fromPureGraph::buildBasePureModelFromPackageStr_String_1__Extension_MANY__String_1_	TypeInferenceException	in function 'meta::protocols::pure::v1_31_0::transformation::fromPureGraph::buildBasePureModelFromPackageStr': no overload of 'meta::json::toJsonBeta' accepts 2 argument(s)	compiler.spec.SpecCompiler.compile:108
FAILED	meta::protocols::pure::v1_31_0::transformation::fromPureGraph::buildBasePureModelFromStoreStr_String_1__Extension_MANY__String_1_	TypeInferenceException	in function 'meta::protocols::pure::v1_31_0::transformation::fromPureGraph::buildBasePureModelFromStoreStr': no overload of 'meta::json::toJsonBeta' accepts 2 argument(s)	compiler.spec.SpecCompiler.compile:108
FAILED	meta::protocols::pure::v1_31_0::transformation::fromPureGraph::buildDomain_AllTypes_1__Association_MANY__Function_1__Extension_MANY__PackageableElement_MANY_	TypeInferenceException	in function 'meta::protocols::pure::v1_31_0::transformation::fromPureGraph::buildDomain': 'meta::pure::functions::collection::filter' expects a lambda argument in position 1	compiler.spec.SpecCompiler.compile:108
FAILED	meta::protocols::pure::v1_31_0::transformation::fromPureGraph::connection::transformAuthenticationStrategy_AuthenticationStrategy_1__Extension_MANY__AuthenticationStrategy_1_	TypeInferenceException	in function 'meta::protocols::pure::v1_31_0::transformation::fromPureGraph::connection::transformAuthenticationStrategy': unknown function 'serializerExtension' — no function of this name in the native or user catalog (unported platform function, or a misspelling)	compiler.spec.SpecCompiler.compile:108
FAILED	meta::protocols::pure::v1_31_0::transformation::fromPureGraph::connection::transformDatabaseConnection_DatabaseConnection_1__Extension_MANY__DatabaseConnection_1_	TypeInferenceException	in function 'meta::protocols::pure::v1_31_0::transformation::fromPureGraph::connection::transformDatabaseConnection': unknown function 'serializerExtension' — no function of this name in the native or user catalog (unported platform function, or a misspelling)	compiler.spec.SpecCompiler.compile:108
FAILED	meta::protocols::pure::v1_31_0::transformation::fromPureGraph::connection::transformDatasourceSpecification_DatasourceSpecification_1__Extension_MANY__DatasourceSpecification_1_	TypeInferenceException	in function 'meta::protocols::pure::v1_31_0::transformation::fromPureGraph::connection::transformDatasourceSpecification': unknown function 'serializerExtension' — no function of this name in the native or user catalog (unported platform function, or a misspelling)	compiler.spec.SpecCompiler.compile:108
FAILED	meta::protocols::pure::v1_31_0::transformation::fromPureGraph::connection::transformPostProcessorParameters_PostProcessorParameter_MANY__Extension_MANY__PostProcessorParameter_MANY_	TypeInferenceException	in function 'meta::protocols::pure::v1_31_0::transformation::fromPureGraph::connection::transformPostProcessorParameters': match expects a collection of branch lambdas	compiler.spec.SpecCompiler.compile:108
FAILED	meta::protocols::pure::v1_31_0::transformation::fromPureGraph::connection::transformPostProcessors_PostProcessor_MANY__Extension_MANY__PostProcessor_MANY_	TypeInferenceException	in function 'meta::protocols::pure::v1_31_0::transformation::fromPureGraph::connection::transformPostProcessors': match expects a collection of branch lambdas	compiler.spec.SpecCompiler.compile:108
FAILED	meta::protocols::pure::v1_31_0::transformation::fromPureGraph::context::transformContext_ExecutionContext_1__Extension_MANY__ExecutionContext_1_	TypeInferenceException	in function 'meta::protocols::pure::v1_31_0::transformation::fromPureGraph::context::transformContext': unknown function 'serializerExtension' — no function of this name in the native or user catalog (unported platform function, or a misspelling)	compiler.spec.SpecCompiler.compile:108
FAILED	meta::protocols::pure::v1_31_0::transformation::fromPureGraph::excludeTypes_Type_MANY__String_MANY__Type_MANY_	TypeInferenceException	in function 'meta::protocols::pure::v1_31_0::transformation::fromPureGraph::excludeTypes': in call to 'meta::pure::functions::collection::remove', argument 2: type variable T bound to meta::pure::metamodel::type::Type cannot also bind Class<meta::pure::metamodel::type::Any>	compiler.spec.SpecCompiler.compile:108
FAILED	meta::protocols::pure::v1_31_0::transformation::fromPureGraph::executionPlan::transformNode_ExecutionNode_1__Mapping_1__Extension_MANY__ExecutionNode_1_	TypeInferenceException	in function 'meta::protocols::pure::v1_31_0::transformation::fromPureGraph::executionPlan::transformNode': unknown function 'serializerExtension' — no function of this name in the native or user catalog (unported platform function, or a misspelling)	compiler.spec.SpecCompiler.compile:108
FAILED	meta::protocols::pure::v1_31_0::transformation::fromPureGraph::executionPlan::transformResultType_ResultType_1__Mapping_1__Extension_MANY__ResultType_1_	TypeInferenceException	in function 'meta::protocols::pure::v1_31_0::transformation::fromPureGraph::executionPlan::transformResultType': unknown function 'serializerExtension' — no function of this name in the native or user catalog (unported platform function, or a misspelling)	compiler.spec.SpecCompiler.compile:108
FAILED	meta::protocols::pure::v1_31_0::transformation::fromPureGraph::executionPlan::transformSetImplementation_SetImplementation_1__Extension_MANY__SetImplementationInfo_1_	TypeInferenceException	in function 'meta::protocols::pure::v1_31_0::transformation::fromPureGraph::executionPlan::transformSetImplementation': unknown function 'serializerExtension' — no function of this name in the native or user catalog (unported platform function, or a misspelling)	compiler.spec.SpecCompiler.compile:108
FAILED	meta::protocols::pure::v1_31_0::transformation::fromPureGraph::extractStores_SetImplementation_1__Mapping_1__Extension_MANY__Store_MANY_	TypeInferenceException	in function 'meta::protocols::pure::v1_31_0::transformation::fromPureGraph::extractStores': unknown function 'serializerExtension' — no function of this name in the native or user catalog (unported platform function, or a misspelling)	compiler.spec.SpecCompiler.compile:108
FAILED	meta::protocols::pure::v1_31_0::transformation::fromPureGraph::findAllTypes_Type_MANY__String_MANY__AllTypes_1_	TypeInferenceException	in function 'meta::protocols::pure::v1_31_0::transformation::fromPureGraph::findAllTypes': in call to 'meta::pure::functions::collection::remove', argument 2: type variable T bound to meta::pure::metamodel::type::Type cannot also bind Class<meta::pure::metamodel::type::Any>	compiler.spec.SpecCompiler.compile:108
FAILED	meta::protocols::pure::v1_31_0::transformation::fromPureGraph::findAllTypesFromMapping_Mapping_1__Extension_MANY__AllTypes_1_	TypeInferenceException	in function 'meta::protocols::pure::v1_31_0::transformation::fromPureGraph::findAllTypesFromMapping': unknown function 'serializerExtension' — no function of this name in the native or user catalog (unported platform function, or a misspelling)	compiler.spec.SpecCompiler.compile:108
FAILED	meta::protocols::pure::v1_31_0::transformation::fromPureGraph::findInheritedTypes_Class_MANY__Type_MANY_	TypeInferenceException	in function 'meta::protocols::pure::v1_31_0::transformation::fromPureGraph::findInheritedTypes': in call to 'meta::pure::functions::collection::concatenate', argument 2: type variable T bound to Class<meta::pure::metamodel::type::Any> cannot also bind meta::pure::metamodel::type::Type	compiler.spec.SpecCompiler.compile:108
FAILED	meta::protocols::pure::v1_31_0::transformation::fromPureGraph::findTypesFromPureInstanceSetImplementation_PureInstanceSetImplementation_1__Type_MANY_	TypeInferenceException	in function 'meta::protocols::pure::v1_31_0::transformation::fromPureGraph::findTypesFromPureInstanceSetImplementation': in call to 'meta::pure::functions::collection::concatenate', argument 2: type variable T bound to Class<meta::pure::metamodel::type::Any> cannot also bind meta::pure::metamodel::type::Type	compiler.spec.SpecCompiler.compile:108
FAILED	meta::protocols::pure::v1_31_0::transformation::fromPureGraph::getAllElementsFromMapping_Mapping_MANY__Extension_MANY__PackageableElement_MANY_	TypeInferenceException	in function 'meta::protocols::pure::v1_31_0::transformation::fromPureGraph::getAllElementsFromMapping': unknown function 'serializerExtension' — no function of this name in the native or user catalog (unported platform function, or a misspelling)	compiler.spec.SpecCompiler.compile:108
FAILED	meta::protocols::pure::v1_31_0::transformation::fromPureGraph::getCorrectedElementSourceInformation_PackageableElement_1__Extension_MANY__SourceInformation_$0_1$_	TypeInferenceException	in function 'meta::protocols::pure::v1_31_0::transformation::fromPureGraph::getCorrectedElementSourceInformation': unknown function 'serializerExtension' — no function of this name in the native or user catalog (unported platform function, or a misspelling)	compiler.spec.SpecCompiler.compile:108
FAILED	meta::protocols::pure::v1_31_0::transformation::fromPureGraph::mapping::transformAssociationImplementation_AssociationImplementation_1__Mapping_1__Extension_MANY__AssociationMapping_1_	TypeInferenceException	in function 'meta::protocols::pure::v1_31_0::transformation::fromPureGraph::mapping::transformAssociationImplementation': unknown function 'serializerExtension' — no function of this name in the native or user catalog (unported platform function, or a misspelling)	compiler.spec.SpecCompiler.compile:108
FAILED	meta::protocols::pure::v1_31_0::transformation::fromPureGraph::mapping::transformMapping_Mapping_1__Extension_MANY__Mapping_1_	TypeInferenceException	in function 'meta::protocols::pure::v1_31_0::transformation::fromPureGraph::mapping::transformMapping': unknown function 'serializerExtension' — no function of this name in the native or user catalog (unported platform function, or a misspelling)	compiler.spec.SpecCompiler.compile:108
FAILED	meta::protocols::pure::v1_31_0::transformation::fromPureGraph::mapping::transformSetImplementation_SetImplementation_1__Mapping_1__Extension_MANY__ClassMapping_1_	TypeInferenceException	in function 'meta::protocols::pure::v1_31_0::transformation::fromPureGraph::mapping::transformSetImplementation': unknown function 'serializerExtension' — no function of this name in the native or user catalog (unported platform function, or a misspelling)	compiler.spec.SpecCompiler.compile:108
FAILED	meta::protocols::pure::v1_31_0::transformation::fromPureGraph::navigateAssos_Type_MANY__Type_MANY__String_MANY__Type_MANY_	TypeInferenceException	in function 'meta::protocols::pure::v1_31_0::transformation::fromPureGraph::navigateAssos': in call to 'meta::pure::functions::collection::concatenate', argument 2: type variable T bound to Class<meta::pure::metamodel::type::Any> cannot also bind meta::pure::metamodel::type::Type	compiler.spec.SpecCompiler.compile:108
FAILED	meta::protocols::pure::v1_31_0::transformation::fromPureGraph::processProperties_PropertyMappingsImplementation_1__Mapping_1__Extension_MANY__Store_MANY_	TypeInferenceException	in function 'meta::protocols::pure::v1_31_0::transformation::fromPureGraph::processProperties': unknown function 'serializerExtension' — no function of this name in the native or user catalog (unported platform function, or a misspelling)	compiler.spec.SpecCompiler.compile:108
FAILED	meta::protocols::pure::v1_31_0::transformation::fromPureGraph::runtime::transformConnection_Connection_1__Extension_MANY__Connection_1_	TypeInferenceException	in function 'meta::protocols::pure::v1_31_0::transformation::fromPureGraph::runtime::transformConnection': unknown function 'serializerExtension' — no function of this name in the native or user catalog (unported platform function, or a misspelling)	compiler.spec.SpecCompiler.compile:108
FAILED	meta::protocols::pure::v1_31_0::transformation::fromPureGraph::scan_Any_1__FunctionDefinition_MANY__Type_MANY_	TypeInferenceException	in function 'meta::protocols::pure::v1_31_0::transformation::fromPureGraph::scan': in call to 'meta::pure::functions::collection::concatenate', argument 2: type variable T bound to FunctionDefinition<meta::pure::metamodel::type::Any> cannot also bind ConcreteFunctionDefinition<meta::pure::metamodel::type::Any>	compiler.spec.SpecCompiler.compile:108
FAILED	meta::protocols::pure::v1_31_0::transformation::fromPureGraph::store::relational::transformMilestoning_Milestoning_1__Extension_MANY__Milestoning_1_	TypeInferenceException	in function 'meta::protocols::pure::v1_31_0::transformation::fromPureGraph::store::relational::transformMilestoning': unknown function 'serializerExtension' — no function of this name in the native or user catalog (unported platform function, or a misspelling)	compiler.spec.SpecCompiler.compile:108
FAILED	meta::protocols::pure::v1_31_0::transformation::fromPureGraph::store::transformStore_Store_1__Extension_MANY__Store_1_	TypeInferenceException	in function 'meta::protocols::pure::v1_31_0::transformation::fromPureGraph::store::transformStore': unknown function 'serializerExtension' — no function of this name in the native or user catalog (unported platform function, or a misspelling)	compiler.spec.SpecCompiler.compile:108
FAILED	meta::protocols::pure::v1_31_0::transformation::fromPureGraph::toPureGrammar::defaultAlloyToPureState_Extension_MANY__AlloyToPureState_1_	TypeInferenceException	in function 'meta::protocols::pure::v1_31_0::transformation::fromPureGraph::toPureGrammar::defaultAlloyToPureState': unknown enumeration 'system::imports::coreImport'	compiler.spec.SpecCompiler.compile:108
FAILED	meta::protocols::pure::v1_31_0::transformation::fromPureGraph::toPureGrammar::getSignFunctions__Pair_MANY_	TypeInferenceException	in function 'meta::protocols::pure::v1_31_0::transformation::fromPureGraph::toPureGrammar::getSignFunctions': declares return type Any>, String> but body returns Any, String> (expected meta::pure::metamodel::function::Function, got meta::pure::metamodel::type::Any)	compiler.spec.SpecCompiler.compile:108
FAILED	meta::protocols::pure::v1_31_0::transformation::fromPureGraph::toPureGrammar::toPure_AlloyToPureState_1__ValueSpecification_MANY__String_1_	IllegalStateException	cannot union multiplicities [1] and [m] (an unresolved variable met a different bound)	compiler.element.type.Multiplicity.union:94
FAILED	meta::protocols::pure::v1_31_0::transformation::fromPureGraph::valueSpecification::transformAny_Any_MANY__String_MANY__Map_1__Multiplicity_1__Integer_1__FunctionExpression_$0_1$__Boolean_1__Extension_MANY__ValueSpecification_1_	TypeInferenceException	in function 'meta::protocols::pure::v1_31_0::transformation::fromPureGraph::valueSpecification::transformAny': unknown function 'serializerExtension' — no function of this name in the native or user catalog (unported platform function, or a misspelling)	compiler.spec.SpecCompiler.compile:108
FAILED	meta::protocols::pure::v1_31_0::transformation::fromPureGraph::valueSpecification::transformValueSpecification_ValueSpecification_1__String_MANY__Map_1__Boolean_1__Boolean_1__Extension_MANY__ValueSpecification_1_	ResolutionException	'new_Class_1__String_1__KeyExpression_MANY__T_1_' is not a known class, mapping, runtime, connection, or database — user elements in a query need a fully qualified name	compiler.spec.Typer.classReference:982
FAILED	meta::protocols::pure::v1_31_0::transformation::toPureGraph::connection::buildRelationalDatabaseConnection_String_1__Extension_MANY__ConnectionStore_$0_1$_	TypeInferenceException	in function 'meta::protocols::pure::v1_31_0::transformation::toPureGraph::connection::buildRelationalDatabaseConnection': unknown function 'serializerExtension' — no function of this name in the native or user catalog (unported platform function, or a misspelling)	compiler.spec.SpecCompiler.compile:108
FAILED	meta::protocols::pure::v1_31_0::transformation::toPureGraph::connection::transformAuthenticationStrategy_AuthenticationStrategy_1__Extension_MANY__AuthenticationStrategy_1_	TypeInferenceException	in function 'meta::protocols::pure::v1_31_0::transformation::toPureGraph::connection::transformAuthenticationStrategy': unknown function 'serializerExtension' — no function of this name in the native or user catalog (unported platform function, or a misspelling)	compiler.spec.SpecCompiler.compile:108
FAILED	meta::protocols::pure::v1_31_0::transformation::toPureGraph::connection::transformDatasourceSpecification_DatasourceSpecification_1__Extension_MANY__DatasourceSpecification_1_	TypeInferenceException	in function 'meta::protocols::pure::v1_31_0::transformation::toPureGraph::connection::transformDatasourceSpecification': unknown function 'serializerExtension' — no function of this name in the native or user catalog (unported platform function, or a misspelling)	compiler.spec.SpecCompiler.compile:108
FAILED	meta::protocols::pure::v1_32_0::invocation::execution::execute::legendBuildResultFromJSON_String_1__Any_1__Mapping_1__Runtime_1__ExecutionContext_$0_1$__Extension_MANY__Result_1_	TypeInferenceException	in function 'meta::protocols::pure::v1_32_0::invocation::execution::execute::legendBuildResultFromJSON': unknown function 'serializerExtension' — no function of this name in the native or user catalog (unported platform function, or a misspelling)	compiler.spec.SpecCompiler.compile:108
FAILED	meta::protocols::pure::v1_32_0::invocation::execution::execute::legendExecute_FunctionDefinition_1__Mapping_1__Runtime_1__ExecutionContext_$0_1$__String_1__Integer_1__String_1__String_1__String_1__Extension_MANY__Result_1_	TypeInferenceException	in function 'meta::protocols::pure::v1_32_0::invocation::execution::execute::legendExecute': unknown function 'serializerExtension' — no function of this name in the native or user catalog (unported platform function, or a misspelling)	compiler.spec.SpecCompiler.compile:108
FAILED	meta::protocols::pure::v1_32_0::invocation::execution::execute::processCSV_M2M_String_1__Class_1__JSONObject_1__Pair_1_	TypeInferenceException	in function 'meta::protocols::pure::v1_32_0::invocation::execution::execute::processCSV_M2M': JSONKeyValue.key reads only inside keyValuePairs->filter(kv|$kv.key.value == <key>) — the member access (a member is represented by its value)	compiler.spec.SpecCompiler.compile:108
FAILED	meta::protocols::pure::v1_32_0::invocation::execution::execute::transformActivities_ExecutionActivity_MANY__Extension_MANY__Activity_MANY_	TypeInferenceException	in function 'meta::protocols::pure::v1_32_0::invocation::execution::execute::transformActivities': match expects a collection of branch lambdas	compiler.spec.SpecCompiler.compile:108
FAILED	meta::protocols::pure::v1_32_0::transformation::fromPureGraph::buildBasePureModelFromMapping_Mapping_MANY__Function_1__Extension_MANY__Pair_1_	TypeInferenceException	in function 'meta::protocols::pure::v1_32_0::transformation::fromPureGraph::buildBasePureModelFromMapping': unknown function 'serializerExtension' — no function of this name in the native or user catalog (unported platform function, or a misspelling)	compiler.spec.SpecCompiler.compile:108
FAILED	meta::protocols::pure::v1_32_0::transformation::fromPureGraph::buildBasePureModelFromMappingStr_String_1__Extension_MANY__String_1_	TypeInferenceException	in function 'meta::protocols::pure::v1_32_0::transformation::fromPureGraph::buildBasePureModelFromMappingStr': no overload of 'meta::json::toJsonBeta' accepts 2 argument(s)	compiler.spec.SpecCompiler.compile:108
FAILED	meta::protocols::pure::v1_32_0::transformation::fromPureGraph::buildBasePureModelFromPackageStr_String_1__Extension_MANY__String_1_	TypeInferenceException	in function 'meta::protocols::pure::v1_32_0::transformation::fromPureGraph::buildBasePureModelFromPackageStr': no overload of 'meta::json::toJsonBeta' accepts 2 argument(s)	compiler.spec.SpecCompiler.compile:108
FAILED	meta::protocols::pure::v1_32_0::transformation::fromPureGraph::buildBasePureModelFromStoreStr_String_1__Extension_MANY__String_1_	TypeInferenceException	in function 'meta::protocols::pure::v1_32_0::transformation::fromPureGraph::buildBasePureModelFromStoreStr': no overload of 'meta::json::toJsonBeta' accepts 2 argument(s)	compiler.spec.SpecCompiler.compile:108
FAILED	meta::protocols::pure::v1_32_0::transformation::fromPureGraph::buildDomain_AllTypes_1__Association_MANY__Function_1__Extension_MANY__PackageableElement_MANY_	TypeInferenceException	in function 'meta::protocols::pure::v1_32_0::transformation::fromPureGraph::buildDomain': 'meta::pure::functions::collection::filter' expects a lambda argument in position 1	compiler.spec.SpecCompiler.compile:108
FAILED	meta::protocols::pure::v1_32_0::transformation::fromPureGraph::connection::transformAuthenticationStrategy_AuthenticationStrategy_1__Extension_MANY__AuthenticationStrategy_1_	TypeInferenceException	in function 'meta::protocols::pure::v1_32_0::transformation::fromPureGraph::connection::transformAuthenticationStrategy': unknown function 'serializerExtension' — no function of this name in the native or user catalog (unported platform function, or a misspelling)	compiler.spec.SpecCompiler.compile:108
FAILED	meta::protocols::pure::v1_32_0::transformation::fromPureGraph::connection::transformDatabaseConnection_DatabaseConnection_1__Extension_MANY__DatabaseConnection_1_	TypeInferenceException	in function 'meta::protocols::pure::v1_32_0::transformation::fromPureGraph::connection::transformDatabaseConnection': unknown function 'serializerExtension' — no function of this name in the native or user catalog (unported platform function, or a misspelling)	compiler.spec.SpecCompiler.compile:108
FAILED	meta::protocols::pure::v1_32_0::transformation::fromPureGraph::connection::transformDatasourceSpecification_DatasourceSpecification_1__Extension_MANY__DatasourceSpecification_1_	TypeInferenceException	in function 'meta::protocols::pure::v1_32_0::transformation::fromPureGraph::connection::transformDatasourceSpecification': unknown function 'serializerExtension' — no function of this name in the native or user catalog (unported platform function, or a misspelling)	compiler.spec.SpecCompiler.compile:108
FAILED	meta::protocols::pure::v1_32_0::transformation::fromPureGraph::connection::transformPostProcessorParameters_PostProcessorParameter_MANY__Extension_MANY__PostProcessorParameter_MANY_	TypeInferenceException	in function 'meta::protocols::pure::v1_32_0::transformation::fromPureGraph::connection::transformPostProcessorParameters': match expects a collection of branch lambdas	compiler.spec.SpecCompiler.compile:108
FAILED	meta::protocols::pure::v1_32_0::transformation::fromPureGraph::connection::transformPostProcessors_PostProcessor_MANY__Extension_MANY__PostProcessor_MANY_	TypeInferenceException	in function 'meta::protocols::pure::v1_32_0::transformation::fromPureGraph::connection::transformPostProcessors': match expects a collection of branch lambdas	compiler.spec.SpecCompiler.compile:108
FAILED	meta::protocols::pure::v1_32_0::transformation::fromPureGraph::context::transformContext_ExecutionContext_1__Extension_MANY__ExecutionContext_1_	TypeInferenceException	in function 'meta::protocols::pure::v1_32_0::transformation::fromPureGraph::context::transformContext': unknown function 'serializerExtension' — no function of this name in the native or user catalog (unported platform function, or a misspelling)	compiler.spec.SpecCompiler.compile:108
FAILED	meta::protocols::pure::v1_32_0::transformation::fromPureGraph::excludeTypes_Type_MANY__String_MANY__Type_MANY_	TypeInferenceException	in function 'meta::protocols::pure::v1_32_0::transformation::fromPureGraph::excludeTypes': in call to 'meta::pure::functions::collection::remove', argument 2: type variable T bound to meta::pure::metamodel::type::Type cannot also bind Class<meta::pure::metamodel::type::Any>	compiler.spec.SpecCompiler.compile:108
FAILED	meta::protocols::pure::v1_32_0::transformation::fromPureGraph::executionPlan::transformNode_ExecutionNode_1__Mapping_1__Extension_MANY__ExecutionNode_1_	TypeInferenceException	in function 'meta::protocols::pure::v1_32_0::transformation::fromPureGraph::executionPlan::transformNode': unknown function 'serializerExtension' — no function of this name in the native or user catalog (unported platform function, or a misspelling)	compiler.spec.SpecCompiler.compile:108
FAILED	meta::protocols::pure::v1_32_0::transformation::fromPureGraph::executionPlan::transformResultType_ResultType_1__Mapping_1__Extension_MANY__ResultType_1_	TypeInferenceException	in function 'meta::protocols::pure::v1_32_0::transformation::fromPureGraph::executionPlan::transformResultType': unknown function 'serializerExtension' — no function of this name in the native or user catalog (unported platform function, or a misspelling)	compiler.spec.SpecCompiler.compile:108
FAILED	meta::protocols::pure::v1_32_0::transformation::fromPureGraph::executionPlan::transformSetImplementation_SetImplementation_1__Extension_MANY__SetImplementationInfo_1_	TypeInferenceException	in function 'meta::protocols::pure::v1_32_0::transformation::fromPureGraph::executionPlan::transformSetImplementation': unknown function 'serializerExtension' — no function of this name in the native or user catalog (unported platform function, or a misspelling)	compiler.spec.SpecCompiler.compile:108
FAILED	meta::protocols::pure::v1_32_0::transformation::fromPureGraph::extractStores_SetImplementation_1__Mapping_1__Extension_MANY__Store_MANY_	TypeInferenceException	in function 'meta::protocols::pure::v1_32_0::transformation::fromPureGraph::extractStores': unknown function 'serializerExtension' — no function of this name in the native or user catalog (unported platform function, or a misspelling)	compiler.spec.SpecCompiler.compile:108
FAILED	meta::protocols::pure::v1_32_0::transformation::fromPureGraph::findAllTypes_Type_MANY__String_MANY__AllTypes_1_	TypeInferenceException	in function 'meta::protocols::pure::v1_32_0::transformation::fromPureGraph::findAllTypes': in call to 'meta::pure::functions::collection::remove', argument 2: type variable T bound to meta::pure::metamodel::type::Type cannot also bind Class<meta::pure::metamodel::type::Any>	compiler.spec.SpecCompiler.compile:108
FAILED	meta::protocols::pure::v1_32_0::transformation::fromPureGraph::findAllTypesFromMapping_Mapping_1__Extension_MANY__AllTypes_1_	TypeInferenceException	in function 'meta::protocols::pure::v1_32_0::transformation::fromPureGraph::findAllTypesFromMapping': unknown function 'serializerExtension' — no function of this name in the native or user catalog (unported platform function, or a misspelling)	compiler.spec.SpecCompiler.compile:108
FAILED	meta::protocols::pure::v1_32_0::transformation::fromPureGraph::findInheritedTypes_Class_MANY__Type_MANY_	TypeInferenceException	in function 'meta::protocols::pure::v1_32_0::transformation::fromPureGraph::findInheritedTypes': in call to 'meta::pure::functions::collection::concatenate', argument 2: type variable T bound to Class<meta::pure::metamodel::type::Any> cannot also bind meta::pure::metamodel::type::Type	compiler.spec.SpecCompiler.compile:108
FAILED	meta::protocols::pure::v1_32_0::transformation::fromPureGraph::findTypesFromPureInstanceSetImplementation_PureInstanceSetImplementation_1__Type_MANY_	TypeInferenceException	in function 'meta::protocols::pure::v1_32_0::transformation::fromPureGraph::findTypesFromPureInstanceSetImplementation': in call to 'meta::pure::functions::collection::concatenate', argument 2: type variable T bound to Class<meta::pure::metamodel::type::Any> cannot also bind meta::pure::metamodel::type::Type	compiler.spec.SpecCompiler.compile:108
FAILED	meta::protocols::pure::v1_32_0::transformation::fromPureGraph::getAllElementsFromMapping_Mapping_MANY__Extension_MANY__PackageableElement_MANY_	TypeInferenceException	in function 'meta::protocols::pure::v1_32_0::transformation::fromPureGraph::getAllElementsFromMapping': unknown function 'serializerExtension' — no function of this name in the native or user catalog (unported platform function, or a misspelling)	compiler.spec.SpecCompiler.compile:108
FAILED	meta::protocols::pure::v1_32_0::transformation::fromPureGraph::getCorrectedElementSourceInformation_PackageableElement_1__Extension_MANY__SourceInformation_$0_1$_	TypeInferenceException	in function 'meta::protocols::pure::v1_32_0::transformation::fromPureGraph::getCorrectedElementSourceInformation': unknown function 'serializerExtension' — no function of this name in the native or user catalog (unported platform function, or a misspelling)	compiler.spec.SpecCompiler.compile:108
FAILED	meta::protocols::pure::v1_32_0::transformation::fromPureGraph::mapping::transformAssociationImplementation_AssociationImplementation_1__Mapping_1__Extension_MANY__AssociationMapping_1_	TypeInferenceException	in function 'meta::protocols::pure::v1_32_0::transformation::fromPureGraph::mapping::transformAssociationImplementation': unknown function 'serializerExtension' — no function of this name in the native or user catalog (unported platform function, or a misspelling)	compiler.spec.SpecCompiler.compile:108
FAILED	meta::protocols::pure::v1_32_0::transformation::fromPureGraph::mapping::transformMapping_Mapping_1__Extension_MANY__Mapping_1_	TypeInferenceException	in function 'meta::protocols::pure::v1_32_0::transformation::fromPureGraph::mapping::transformMapping': unknown function 'serializerExtension' — no function of this name in the native or user catalog (unported platform function, or a misspelling)	compiler.spec.SpecCompiler.compile:108
FAILED	meta::protocols::pure::v1_32_0::transformation::fromPureGraph::mapping::transformSetImplementation_SetImplementation_1__Mapping_1__Extension_MANY__ClassMapping_1_	TypeInferenceException	in function 'meta::protocols::pure::v1_32_0::transformation::fromPureGraph::mapping::transformSetImplementation': unknown function 'serializerExtension' — no function of this name in the native or user catalog (unported platform function, or a misspelling)	compiler.spec.SpecCompiler.compile:108
FAILED	meta::protocols::pure::v1_32_0::transformation::fromPureGraph::navigateAssos_Type_MANY__Type_MANY__String_MANY__Type_MANY_	TypeInferenceException	in function 'meta::protocols::pure::v1_32_0::transformation::fromPureGraph::navigateAssos': in call to 'meta::pure::functions::collection::concatenate', argument 2: type variable T bound to Class<meta::pure::metamodel::type::Any> cannot also bind meta::pure::metamodel::type::Type	compiler.spec.SpecCompiler.compile:108
FAILED	meta::protocols::pure::v1_32_0::transformation::fromPureGraph::processProperties_PropertyMappingsImplementation_1__Mapping_1__Extension_MANY__Store_MANY_	TypeInferenceException	in function 'meta::protocols::pure::v1_32_0::transformation::fromPureGraph::processProperties': unknown function 'serializerExtension' — no function of this name in the native or user catalog (unported platform function, or a misspelling)	compiler.spec.SpecCompiler.compile:108
FAILED	meta::protocols::pure::v1_32_0::transformation::fromPureGraph::runtime::transformConnection_Connection_1__Extension_MANY__Connection_1_	TypeInferenceException	in function 'meta::protocols::pure::v1_32_0::transformation::fromPureGraph::runtime::transformConnection': unknown function 'serializerExtension' — no function of this name in the native or user catalog (unported platform function, or a misspelling)	compiler.spec.SpecCompiler.compile:108
FAILED	meta::protocols::pure::v1_32_0::transformation::fromPureGraph::scan_Any_1__FunctionDefinition_MANY__Type_MANY_	TypeInferenceException	in function 'meta::protocols::pure::v1_32_0::transformation::fromPureGraph::scan': in call to 'meta::pure::functions::collection::concatenate', argument 2: type variable T bound to FunctionDefinition<meta::pure::metamodel::type::Any> cannot also bind ConcreteFunctionDefinition<meta::pure::metamodel::type::Any>	compiler.spec.SpecCompiler.compile:108
FAILED	meta::protocols::pure::v1_32_0::transformation::fromPureGraph::store::relational::transformMilestoning_Milestoning_1__Extension_MANY__Milestoning_1_	TypeInferenceException	in function 'meta::protocols::pure::v1_32_0::transformation::fromPureGraph::store::relational::transformMilestoning': unknown function 'serializerExtension' — no function of this name in the native or user catalog (unported platform function, or a misspelling)	compiler.spec.SpecCompiler.compile:108
FAILED	meta::protocols::pure::v1_32_0::transformation::fromPureGraph::store::transformStore_Store_1__Extension_MANY__Store_1_	TypeInferenceException	in function 'meta::protocols::pure::v1_32_0::transformation::fromPureGraph::store::transformStore': unknown function 'serializerExtension' — no function of this name in the native or user catalog (unported platform function, or a misspelling)	compiler.spec.SpecCompiler.compile:108
FAILED	meta::protocols::pure::v1_32_0::transformation::fromPureGraph::toPureGrammar::defaultAlloyToPureState_Extension_MANY__AlloyToPureState_1_	TypeInferenceException	in function 'meta::protocols::pure::v1_32_0::transformation::fromPureGraph::toPureGrammar::defaultAlloyToPureState': unknown enumeration 'system::imports::coreImport'	compiler.spec.SpecCompiler.compile:108
FAILED	meta::protocols::pure::v1_32_0::transformation::fromPureGraph::toPureGrammar::getSignFunctions__Pair_MANY_	TypeInferenceException	in function 'meta::protocols::pure::v1_32_0::transformation::fromPureGraph::toPureGrammar::getSignFunctions': declares return type Any>, String> but body returns Any, String> (expected meta::pure::metamodel::function::Function, got meta::pure::metamodel::type::Any)	compiler.spec.SpecCompiler.compile:108
FAILED	meta::protocols::pure::v1_32_0::transformation::fromPureGraph::toPureGrammar::toPure_AlloyToPureState_1__ValueSpecification_MANY__String_1_	IllegalStateException	cannot union multiplicities [1] and [m] (an unresolved variable met a different bound)	compiler.element.type.Multiplicity.union:94
FAILED	meta::protocols::pure::v1_32_0::transformation::fromPureGraph::valueSpecification::transformAny_Any_MANY__String_MANY__Map_1__Multiplicity_1__Integer_1__FunctionExpression_$0_1$__Boolean_1__Extension_MANY__ValueSpecification_1_	TypeInferenceException	in function 'meta::protocols::pure::v1_32_0::transformation::fromPureGraph::valueSpecification::transformAny': unknown function 'serializerExtension' — no function of this name in the native or user catalog (unported platform function, or a misspelling)	compiler.spec.SpecCompiler.compile:108
FAILED	meta::protocols::pure::v1_32_0::transformation::fromPureGraph::valueSpecification::transformValueSpecification_ValueSpecification_1__String_MANY__Map_1__Boolean_1__Boolean_1__Extension_MANY__ValueSpecification_1_	ResolutionException	'new_Class_1__String_1__KeyExpression_MANY__T_1_' is not a known class, mapping, runtime, connection, or database — user elements in a query need a fully qualified name	compiler.spec.Typer.classReference:982
FAILED	meta::protocols::pure::v1_32_0::transformation::toPureGraph::connection::buildRelationalDatabaseConnection_String_1__Extension_MANY__ConnectionStore_$0_1$_	TypeInferenceException	in function 'meta::protocols::pure::v1_32_0::transformation::toPureGraph::connection::buildRelationalDatabaseConnection': unknown function 'serializerExtension' — no function of this name in the native or user catalog (unported platform function, or a misspelling)	compiler.spec.SpecCompiler.compile:108
FAILED	meta::protocols::pure::v1_32_0::transformation::toPureGraph::connection::transformAuthenticationStrategy_AuthenticationStrategy_1__Extension_MANY__AuthenticationStrategy_1_	TypeInferenceException	in function 'meta::protocols::pure::v1_32_0::transformation::toPureGraph::connection::transformAuthenticationStrategy': unknown function 'serializerExtension' — no function of this name in the native or user catalog (unported platform function, or a misspelling)	compiler.spec.SpecCompiler.compile:108
FAILED	meta::protocols::pure::v1_32_0::transformation::toPureGraph::connection::transformDatasourceSpecification_DatasourceSpecification_1__Extension_MANY__DatasourceSpecification_1_	TypeInferenceException	in function 'meta::protocols::pure::v1_32_0::transformation::toPureGraph::connection::transformDatasourceSpecification': unknown function 'serializerExtension' — no function of this name in the native or user catalog (unported platform function, or a misspelling)	compiler.spec.SpecCompiler.compile:108
FAILED	meta::protocols::pure::v1_33_0::invocation::execution::execute::legendBuildResultFromJSON_String_1__Any_1__Mapping_1__Runtime_1__ExecutionContext_$0_1$__Extension_MANY__Result_1_	TypeInferenceException	in function 'meta::protocols::pure::v1_33_0::invocation::execution::execute::legendBuildResultFromJSON': unknown function 'serializerExtension' — no function of this name in the native or user catalog (unported platform function, or a misspelling)	compiler.spec.SpecCompiler.compile:108
FAILED	meta::protocols::pure::v1_33_0::invocation::execution::execute::legendExecute_FunctionDefinition_1__Mapping_1__Runtime_1__ExecutionContext_$0_1$__String_1__Integer_1__String_1__String_1__String_1__Extension_MANY__Result_1_	TypeInferenceException	in function 'meta::protocols::pure::v1_33_0::invocation::execution::execute::legendExecute': unknown function 'serializerExtension' — no function of this name in the native or user catalog (unported platform function, or a misspelling)	compiler.spec.SpecCompiler.compile:108
FAILED	meta::protocols::pure::v1_33_0::invocation::execution::execute::processCSV_M2M_String_1__Class_1__JSONObject_1__Pair_1_	TypeInferenceException	in function 'meta::protocols::pure::v1_33_0::invocation::execution::execute::processCSV_M2M': JSONKeyValue.key reads only inside keyValuePairs->filter(kv|$kv.key.value == <key>) — the member access (a member is represented by its value)	compiler.spec.SpecCompiler.compile:108
FAILED	meta::protocols::pure::v1_33_0::invocation::execution::execute::transformActivities_ExecutionActivity_MANY__Extension_MANY__Activity_MANY_	TypeInferenceException	in function 'meta::protocols::pure::v1_33_0::invocation::execution::execute::transformActivities': match expects a collection of branch lambdas	compiler.spec.SpecCompiler.compile:108
FAILED	meta::protocols::pure::v1_33_0::transformation::fromPureGraph::buildBasePureModelFromMapping_Mapping_MANY__Function_1__Extension_MANY__Pair_1_	TypeInferenceException	in function 'meta::protocols::pure::v1_33_0::transformation::fromPureGraph::buildBasePureModelFromMapping': unknown function 'serializerExtension' — no function of this name in the native or user catalog (unported platform function, or a misspelling)	compiler.spec.SpecCompiler.compile:108
FAILED	meta::protocols::pure::v1_33_0::transformation::fromPureGraph::buildBasePureModelFromMappingStr_String_1__Extension_MANY__String_1_	TypeInferenceException	in function 'meta::protocols::pure::v1_33_0::transformation::fromPureGraph::buildBasePureModelFromMappingStr': no overload of 'meta::json::toJsonBeta' accepts 2 argument(s)	compiler.spec.SpecCompiler.compile:108
FAILED	meta::protocols::pure::v1_33_0::transformation::fromPureGraph::buildBasePureModelFromPackageStr_String_1__Extension_MANY__String_1_	TypeInferenceException	in function 'meta::protocols::pure::v1_33_0::transformation::fromPureGraph::buildBasePureModelFromPackageStr': no overload of 'meta::json::toJsonBeta' accepts 2 argument(s)	compiler.spec.SpecCompiler.compile:108
FAILED	meta::protocols::pure::v1_33_0::transformation::fromPureGraph::buildBasePureModelFromStoreStr_String_1__Extension_MANY__String_1_	TypeInferenceException	in function 'meta::protocols::pure::v1_33_0::transformation::fromPureGraph::buildBasePureModelFromStoreStr': no overload of 'meta::json::toJsonBeta' accepts 2 argument(s)	compiler.spec.SpecCompiler.compile:108
FAILED	meta::protocols::pure::v1_33_0::transformation::fromPureGraph::buildDomain_AllTypes_1__Association_MANY__Function_1__Extension_MANY__PackageableElement_MANY_	TypeInferenceException	in function 'meta::protocols::pure::v1_33_0::transformation::fromPureGraph::buildDomain': 'meta::pure::functions::collection::filter' expects a lambda argument in position 1	compiler.spec.SpecCompiler.compile:108
FAILED	meta::protocols::pure::v1_33_0::transformation::fromPureGraph::connection::transformAuthenticationStrategy_AuthenticationStrategy_1__Extension_MANY__AuthenticationStrategy_1_	TypeInferenceException	in function 'meta::protocols::pure::v1_33_0::transformation::fromPureGraph::connection::transformAuthenticationStrategy': unknown function 'serializerExtension' — no function of this name in the native or user catalog (unported platform function, or a misspelling)	compiler.spec.SpecCompiler.compile:108
FAILED	meta::protocols::pure::v1_33_0::transformation::fromPureGraph::connection::transformDatabaseConnection_DatabaseConnection_1__Extension_MANY__DatabaseConnection_1_	TypeInferenceException	in function 'meta::protocols::pure::v1_33_0::transformation::fromPureGraph::connection::transformDatabaseConnection': unknown function 'serializerExtension' — no function of this name in the native or user catalog (unported platform function, or a misspelling)	compiler.spec.SpecCompiler.compile:108
FAILED	meta::protocols::pure::v1_33_0::transformation::fromPureGraph::connection::transformDatasourceSpecification_DatasourceSpecification_1__Extension_MANY__DatasourceSpecification_1_	TypeInferenceException	in function 'meta::protocols::pure::v1_33_0::transformation::fromPureGraph::connection::transformDatasourceSpecification': unknown function 'serializerExtension' — no function of this name in the native or user catalog (unported platform function, or a misspelling)	compiler.spec.SpecCompiler.compile:108
FAILED	meta::protocols::pure::v1_33_0::transformation::fromPureGraph::connection::transformPostProcessorParameters_PostProcessorParameter_MANY__Extension_MANY__PostProcessorParameter_MANY_	TypeInferenceException	in function 'meta::protocols::pure::v1_33_0::transformation::fromPureGraph::connection::transformPostProcessorParameters': match expects a collection of branch lambdas	compiler.spec.SpecCompiler.compile:108
FAILED	meta::protocols::pure::v1_33_0::transformation::fromPureGraph::connection::transformPostProcessors_PostProcessor_MANY__Extension_MANY__PostProcessor_MANY_	TypeInferenceException	in function 'meta::protocols::pure::v1_33_0::transformation::fromPureGraph::connection::transformPostProcessors': match expects a collection of branch lambdas	compiler.spec.SpecCompiler.compile:108
FAILED	meta::protocols::pure::v1_33_0::transformation::fromPureGraph::context::transformContext_ExecutionContext_1__Extension_MANY__ExecutionContext_1_	TypeInferenceException	in function 'meta::protocols::pure::v1_33_0::transformation::fromPureGraph::context::transformContext': unknown function 'serializerExtension' — no function of this name in the native or user catalog (unported platform function, or a misspelling)	compiler.spec.SpecCompiler.compile:108
FAILED	meta::protocols::pure::v1_33_0::transformation::fromPureGraph::excludeTypes_Type_MANY__String_MANY__Type_MANY_	TypeInferenceException	in function 'meta::protocols::pure::v1_33_0::transformation::fromPureGraph::excludeTypes': in call to 'meta::pure::functions::collection::remove', argument 2: type variable T bound to meta::pure::metamodel::type::Type cannot also bind Class<meta::pure::metamodel::type::Any>	compiler.spec.SpecCompiler.compile:108
FAILED	meta::protocols::pure::v1_33_0::transformation::fromPureGraph::executionPlan::transformNode_ExecutionNode_1__Mapping_1__Extension_MANY__ExecutionNode_1_	TypeInferenceException	in function 'meta::protocols::pure::v1_33_0::transformation::fromPureGraph::executionPlan::transformNode': unknown function 'serializerExtension' — no function of this name in the native or user catalog (unported platform function, or a misspelling)	compiler.spec.SpecCompiler.compile:108
FAILED	meta::protocols::pure::v1_33_0::transformation::fromPureGraph::executionPlan::transformResultType_ResultType_1__Mapping_1__Extension_MANY__ResultType_1_	TypeInferenceException	in function 'meta::protocols::pure::v1_33_0::transformation::fromPureGraph::executionPlan::transformResultType': unknown function 'serializerExtension' — no function of this name in the native or user catalog (unported platform function, or a misspelling)	compiler.spec.SpecCompiler.compile:108
FAILED	meta::protocols::pure::v1_33_0::transformation::fromPureGraph::executionPlan::transformSetImplementation_SetImplementation_1__Extension_MANY__SetImplementationInfo_1_	TypeInferenceException	in function 'meta::protocols::pure::v1_33_0::transformation::fromPureGraph::executionPlan::transformSetImplementation': unknown function 'serializerExtension' — no function of this name in the native or user catalog (unported platform function, or a misspelling)	compiler.spec.SpecCompiler.compile:108
FAILED	meta::protocols::pure::v1_33_0::transformation::fromPureGraph::extractStores_SetImplementation_1__Mapping_1__Extension_MANY__Store_MANY_	TypeInferenceException	in function 'meta::protocols::pure::v1_33_0::transformation::fromPureGraph::extractStores': unknown function 'serializerExtension' — no function of this name in the native or user catalog (unported platform function, or a misspelling)	compiler.spec.SpecCompiler.compile:108
FAILED	meta::protocols::pure::v1_33_0::transformation::fromPureGraph::findAllTypes_Type_MANY__String_MANY__AllTypes_1_	TypeInferenceException	in function 'meta::protocols::pure::v1_33_0::transformation::fromPureGraph::findAllTypes': in call to 'meta::pure::functions::collection::remove', argument 2: type variable T bound to meta::pure::metamodel::type::Type cannot also bind Class<meta::pure::metamodel::type::Any>	compiler.spec.SpecCompiler.compile:108
FAILED	meta::protocols::pure::v1_33_0::transformation::fromPureGraph::findAllTypesFromMapping_Mapping_1__Extension_MANY__AllTypes_1_	TypeInferenceException	in function 'meta::protocols::pure::v1_33_0::transformation::fromPureGraph::findAllTypesFromMapping': unknown function 'serializerExtension' — no function of this name in the native or user catalog (unported platform function, or a misspelling)	compiler.spec.SpecCompiler.compile:108
FAILED	meta::protocols::pure::v1_33_0::transformation::fromPureGraph::findInheritedTypes_Class_MANY__Type_MANY_	TypeInferenceException	in function 'meta::protocols::pure::v1_33_0::transformation::fromPureGraph::findInheritedTypes': in call to 'meta::pure::functions::collection::concatenate', argument 2: type variable T bound to Class<meta::pure::metamodel::type::Any> cannot also bind meta::pure::metamodel::type::Type	compiler.spec.SpecCompiler.compile:108
FAILED	meta::protocols::pure::v1_33_0::transformation::fromPureGraph::findTypesFromPureInstanceSetImplementation_PureInstanceSetImplementation_1__Type_MANY_	TypeInferenceException	in function 'meta::protocols::pure::v1_33_0::transformation::fromPureGraph::findTypesFromPureInstanceSetImplementation': in call to 'meta::pure::functions::collection::concatenate', argument 2: type variable T bound to Class<meta::pure::metamodel::type::Any> cannot also bind meta::pure::metamodel::type::Type	compiler.spec.SpecCompiler.compile:108
FAILED	meta::protocols::pure::v1_33_0::transformation::fromPureGraph::getAllElementsFromMapping_Mapping_MANY__Extension_MANY__PackageableElement_MANY_	TypeInferenceException	in function 'meta::protocols::pure::v1_33_0::transformation::fromPureGraph::getAllElementsFromMapping': unknown function 'serializerExtension' — no function of this name in the native or user catalog (unported platform function, or a misspelling)	compiler.spec.SpecCompiler.compile:108
FAILED	meta::protocols::pure::v1_33_0::transformation::fromPureGraph::getCorrectedElementSourceInformation_PackageableElement_1__Extension_MANY__SourceInformation_$0_1$_	TypeInferenceException	in function 'meta::protocols::pure::v1_33_0::transformation::fromPureGraph::getCorrectedElementSourceInformation': unknown function 'serializerExtension' — no function of this name in the native or user catalog (unported platform function, or a misspelling)	compiler.spec.SpecCompiler.compile:108
FAILED	meta::protocols::pure::v1_33_0::transformation::fromPureGraph::mapping::transformAssociationImplementation_AssociationImplementation_1__Mapping_1__Extension_MANY__AssociationMapping_1_	TypeInferenceException	in function 'meta::protocols::pure::v1_33_0::transformation::fromPureGraph::mapping::transformAssociationImplementation': unknown function 'serializerExtension' — no function of this name in the native or user catalog (unported platform function, or a misspelling)	compiler.spec.SpecCompiler.compile:108
FAILED	meta::protocols::pure::v1_33_0::transformation::fromPureGraph::mapping::transformMapping_Mapping_1__Extension_MANY__Mapping_1_	TypeInferenceException	in function 'meta::protocols::pure::v1_33_0::transformation::fromPureGraph::mapping::transformMapping': unknown function 'serializerExtension' — no function of this name in the native or user catalog (unported platform function, or a misspelling)	compiler.spec.SpecCompiler.compile:108
FAILED	meta::protocols::pure::v1_33_0::transformation::fromPureGraph::mapping::transformSetImplementation_SetImplementation_1__Mapping_1__Extension_MANY__ClassMapping_1_	TypeInferenceException	in function 'meta::protocols::pure::v1_33_0::transformation::fromPureGraph::mapping::transformSetImplementation': unknown function 'serializerExtension' — no function of this name in the native or user catalog (unported platform function, or a misspelling)	compiler.spec.SpecCompiler.compile:108
FAILED	meta::protocols::pure::v1_33_0::transformation::fromPureGraph::navigateAssos_Type_MANY__Type_MANY__String_MANY__Type_MANY_	TypeInferenceException	in function 'meta::protocols::pure::v1_33_0::transformation::fromPureGraph::navigateAssos': in call to 'meta::pure::functions::collection::concatenate', argument 2: type variable T bound to Class<meta::pure::metamodel::type::Any> cannot also bind meta::pure::metamodel::type::Type	compiler.spec.SpecCompiler.compile:108
FAILED	meta::protocols::pure::v1_33_0::transformation::fromPureGraph::processProperties_PropertyMappingsImplementation_1__Mapping_1__Extension_MANY__Store_MANY_	TypeInferenceException	in function 'meta::protocols::pure::v1_33_0::transformation::fromPureGraph::processProperties': unknown function 'serializerExtension' — no function of this name in the native or user catalog (unported platform function, or a misspelling)	compiler.spec.SpecCompiler.compile:108
FAILED	meta::protocols::pure::v1_33_0::transformation::fromPureGraph::runtime::transformConnection_Connection_1__Extension_MANY__Connection_1_	TypeInferenceException	in function 'meta::protocols::pure::v1_33_0::transformation::fromPureGraph::runtime::transformConnection': unknown function 'serializerExtension' — no function of this name in the native or user catalog (unported platform function, or a misspelling)	compiler.spec.SpecCompiler.compile:108
FAILED	meta::protocols::pure::v1_33_0::transformation::fromPureGraph::scan_Any_1__FunctionDefinition_MANY__Type_MANY_	TypeInferenceException	in function 'meta::protocols::pure::v1_33_0::transformation::fromPureGraph::scan': in call to 'meta::pure::functions::collection::concatenate', argument 2: type variable T bound to FunctionDefinition<meta::pure::metamodel::type::Any> cannot also bind ConcreteFunctionDefinition<meta::pure::metamodel::type::Any>	compiler.spec.SpecCompiler.compile:108
FAILED	meta::protocols::pure::v1_33_0::transformation::fromPureGraph::store::relational::transformMilestoning_Milestoning_1__Extension_MANY__Milestoning_1_	TypeInferenceException	in function 'meta::protocols::pure::v1_33_0::transformation::fromPureGraph::store::relational::transformMilestoning': unknown function 'serializerExtension' — no function of this name in the native or user catalog (unported platform function, or a misspelling)	compiler.spec.SpecCompiler.compile:108
FAILED	meta::protocols::pure::v1_33_0::transformation::fromPureGraph::store::transformStore_Store_1__Extension_MANY__Store_1_	TypeInferenceException	in function 'meta::protocols::pure::v1_33_0::transformation::fromPureGraph::store::transformStore': unknown function 'serializerExtension' — no function of this name in the native or user catalog (unported platform function, or a misspelling)	compiler.spec.SpecCompiler.compile:108
FAILED	meta::protocols::pure::v1_33_0::transformation::fromPureGraph::toPureGrammar::defaultAlloyToPureState_Extension_MANY__AlloyToPureState_1_	TypeInferenceException	in function 'meta::protocols::pure::v1_33_0::transformation::fromPureGraph::toPureGrammar::defaultAlloyToPureState': unknown enumeration 'system::imports::coreImport'	compiler.spec.SpecCompiler.compile:108
FAILED	meta::protocols::pure::v1_33_0::transformation::fromPureGraph::toPureGrammar::getSignFunctions__Pair_MANY_	TypeInferenceException	in function 'meta::protocols::pure::v1_33_0::transformation::fromPureGraph::toPureGrammar::getSignFunctions': declares return type Any>, String> but body returns Any, String> (expected meta::pure::metamodel::function::Function, got meta::pure::metamodel::type::Any)	compiler.spec.SpecCompiler.compile:108
FAILED	meta::protocols::pure::v1_33_0::transformation::fromPureGraph::toPureGrammar::toPure_AlloyToPureState_1__ValueSpecification_MANY__String_1_	IllegalStateException	cannot union multiplicities [1] and [m] (an unresolved variable met a different bound)	compiler.element.type.Multiplicity.union:94
FAILED	meta::protocols::pure::v1_33_0::transformation::fromPureGraph::valueSpecification::transformAny_Any_MANY__String_MANY__Map_1__Multiplicity_1__Integer_1__FunctionExpression_$0_1$__Boolean_1__Extension_MANY__ValueSpecification_1_	TypeInferenceException	in function 'meta::protocols::pure::v1_33_0::transformation::fromPureGraph::valueSpecification::transformAny': unknown function 'serializerExtension' — no function of this name in the native or user catalog (unported platform function, or a misspelling)	compiler.spec.SpecCompiler.compile:108
FAILED	meta::protocols::pure::v1_33_0::transformation::fromPureGraph::valueSpecification::transformValueSpecification_ValueSpecification_1__String_MANY__Map_1__Boolean_1__Boolean_1__Extension_MANY__ValueSpecification_1_	ResolutionException	'new_Class_1__String_1__KeyExpression_MANY__T_1_' is not a known class, mapping, runtime, connection, or database — user elements in a query need a fully qualified name	compiler.spec.Typer.classReference:982
FAILED	meta::protocols::pure::v1_33_0::transformation::toPureGraph::connection::buildRelationalDatabaseConnection_String_1__Extension_MANY__RelationalDatabaseConnection_$0_1$_	TypeInferenceException	in function 'meta::protocols::pure::v1_33_0::transformation::toPureGraph::connection::buildRelationalDatabaseConnection': unknown function 'serializerExtension' — no function of this name in the native or user catalog (unported platform function, or a misspelling)	compiler.spec.SpecCompiler.compile:108
FAILED	meta::protocols::pure::v1_33_0::transformation::toPureGraph::connection::transformAuthenticationStrategy_AuthenticationStrategy_1__Extension_MANY__AuthenticationStrategy_1_	TypeInferenceException	in function 'meta::protocols::pure::v1_33_0::transformation::toPureGraph::connection::transformAuthenticationStrategy': unknown function 'serializerExtension' — no function of this name in the native or user catalog (unported platform function, or a misspelling)	compiler.spec.SpecCompiler.compile:108
FAILED	meta::protocols::pure::v1_33_0::transformation::toPureGraph::connection::transformDatasourceSpecification_DatasourceSpecification_1__Extension_MANY__DatasourceSpecification_1_	TypeInferenceException	in function 'meta::protocols::pure::v1_33_0::transformation::toPureGraph::connection::transformDatasourceSpecification': unknown function 'serializerExtension' — no function of this name in the native or user catalog (unported platform function, or a misspelling)	compiler.spec.SpecCompiler.compile:108
FAILED	meta::protocols::pure::vX_X_X::invocation::execution::execute::legendBuildResultFromJSON_String_1__Any_1__GenericType_1__Mapping_1__Runtime_1__ExecutionContext_$0_1$__Extension_MANY__Result_1_	TypeInferenceException	in function 'meta::protocols::pure::vX_X_X::invocation::execution::execute::legendBuildResultFromJSON': unknown function 'serializerExtension' — no function of this name in the native or user catalog (unported platform function, or a misspelling)	compiler.spec.SpecCompiler.compile:108
FAILED	meta::protocols::pure::vX_X_X::invocation::execution::execute::legendExecute_FunctionDefinition_1__Mapping_1__Runtime_1__ExecutionContext_$0_1$__String_1__Integer_1__String_1__String_1__String_1__Extension_MANY__Result_1_	TypeInferenceException	in function 'meta::protocols::pure::vX_X_X::invocation::execution::execute::legendExecute': unknown function 'serializerExtension' — no function of this name in the native or user catalog (unported platform function, or a misspelling)	compiler.spec.SpecCompiler.compile:108
FAILED	meta::protocols::pure::vX_X_X::invocation::execution::execute::processCSV_M2M_String_1__Class_1__JSONObject_1__Pair_1_	TypeInferenceException	in function 'meta::protocols::pure::vX_X_X::invocation::execution::execute::processCSV_M2M': JSONKeyValue.key reads only inside keyValuePairs->filter(kv|$kv.key.value == <key>) — the member access (a member is represented by its value)	compiler.spec.SpecCompiler.compile:108
FAILED	meta::protocols::pure::vX_X_X::invocation::execution::execute::transformActivities_ExecutionActivity_MANY__Extension_MANY__Activity_MANY_	TypeInferenceException	in function 'meta::protocols::pure::vX_X_X::invocation::execution::execute::transformActivities': match expects a collection of branch lambdas	compiler.spec.SpecCompiler.compile:108
FAILED	meta::protocols::pure::vX_X_X::transformation::fromPureGraph::buildBasePureModelFromAllElementsInPackageStr_String_1__Extension_MANY__String_1_	TypeInferenceException	in function 'meta::protocols::pure::vX_X_X::transformation::fromPureGraph::buildBasePureModelFromAllElementsInPackageStr': no overload of 'meta::json::toJsonBeta' accepts 2 argument(s)	compiler.spec.SpecCompiler.compile:108
FAILED	meta::protocols::pure::vX_X_X::transformation::fromPureGraph::buildBasePureModelFromMapping_Mapping_MANY__Function_1__Extension_MANY__Pair_1_	TypeInferenceException	in function 'meta::protocols::pure::vX_X_X::transformation::fromPureGraph::buildBasePureModelFromMapping': unknown function 'serializerExtension' — no function of this name in the native or user catalog (unported platform function, or a misspelling)	compiler.spec.SpecCompiler.compile:108
FAILED	meta::protocols::pure::vX_X_X::transformation::fromPureGraph::buildBasePureModelFromMappingStr_String_1__Extension_MANY__String_1_	TypeInferenceException	in function 'meta::protocols::pure::vX_X_X::transformation::fromPureGraph::buildBasePureModelFromMappingStr': no overload of 'meta::json::toJsonBeta' accepts 2 argument(s)	compiler.spec.SpecCompiler.compile:108
FAILED	meta::protocols::pure::vX_X_X::transformation::fromPureGraph::buildBasePureModelFromPackageStr_String_1__Extension_MANY__String_1_	TypeInferenceException	in function 'meta::protocols::pure::vX_X_X::transformation::fromPureGraph::buildBasePureModelFromPackageStr': no overload of 'meta::json::toJsonBeta' accepts 2 argument(s)	compiler.spec.SpecCompiler.compile:108
FAILED	meta::protocols::pure::vX_X_X::transformation::fromPureGraph::buildBasePureModelFromStoreStr_String_1__Extension_MANY__String_1_	TypeInferenceException	in function 'meta::protocols::pure::vX_X_X::transformation::fromPureGraph::buildBasePureModelFromStoreStr': no overload of 'meta::json::toJsonBeta' accepts 2 argument(s)	compiler.spec.SpecCompiler.compile:108
FAILED	meta::protocols::pure::vX_X_X::transformation::fromPureGraph::buildDomain_AllTypes_1__Association_MANY__Function_1__Extension_MANY__PackageableElement_MANY_	TypeInferenceException	in function 'meta::protocols::pure::vX_X_X::transformation::fromPureGraph::buildDomain': 'meta::pure::functions::collection::filter' expects a lambda argument in position 1	compiler.spec.SpecCompiler.compile:108
FAILED	meta::protocols::pure::vX_X_X::transformation::fromPureGraph::connection::transformAuthenticationStrategy_AuthenticationStrategy_1__Extension_MANY__AuthenticationStrategy_1_	TypeInferenceException	in function 'meta::protocols::pure::vX_X_X::transformation::fromPureGraph::connection::transformAuthenticationStrategy': unknown function 'serializerExtension' — no function of this name in the native or user catalog (unported platform function, or a misspelling)	compiler.spec.SpecCompiler.compile:108
FAILED	meta::protocols::pure::vX_X_X::transformation::fromPureGraph::connection::transformDatabaseConnection_DatabaseConnection_1__Extension_MANY__DatabaseConnection_1_	TypeInferenceException	in function 'meta::protocols::pure::vX_X_X::transformation::fromPureGraph::connection::transformDatabaseConnection': unknown function 'serializerExtension' — no function of this name in the native or user catalog (unported platform function, or a misspelling)	compiler.spec.SpecCompiler.compile:108
FAILED	meta::protocols::pure::vX_X_X::transformation::fromPureGraph::connection::transformDatasourceSpecification_DatasourceSpecification_1__Extension_MANY__DatasourceSpecification_1_	TypeInferenceException	in function 'meta::protocols::pure::vX_X_X::transformation::fromPureGraph::connection::transformDatasourceSpecification': unknown function 'serializerExtension' — no function of this name in the native or user catalog (unported platform function, or a misspelling)	compiler.spec.SpecCompiler.compile:108
FAILED	meta::protocols::pure::vX_X_X::transformation::fromPureGraph::connection::transformPostProcessorParameters_PostProcessorParameter_MANY__Extension_MANY__PostProcessorParameter_MANY_	TypeInferenceException	in function 'meta::protocols::pure::vX_X_X::transformation::fromPureGraph::connection::transformPostProcessorParameters': match expects a collection of branch lambdas	compiler.spec.SpecCompiler.compile:108
FAILED	meta::protocols::pure::vX_X_X::transformation::fromPureGraph::connection::transformPostProcessors_PostProcessor_MANY__Extension_MANY__PostProcessor_MANY_	TypeInferenceException	in function 'meta::protocols::pure::vX_X_X::transformation::fromPureGraph::connection::transformPostProcessors': match expects a collection of branch lambdas	compiler.spec.SpecCompiler.compile:108
FAILED	meta::protocols::pure::vX_X_X::transformation::fromPureGraph::context::transformContext_ExecutionContext_1__Extension_MANY__ExecutionContext_1_	TypeInferenceException	in function 'meta::protocols::pure::vX_X_X::transformation::fromPureGraph::context::transformContext': unknown function 'serializerExtension' — no function of this name in the native or user catalog (unported platform function, or a misspelling)	compiler.spec.SpecCompiler.compile:108
FAILED	meta::protocols::pure::vX_X_X::transformation::fromPureGraph::excludeTypes_Type_MANY__String_MANY__Type_MANY_	TypeInferenceException	in function 'meta::protocols::pure::vX_X_X::transformation::fromPureGraph::excludeTypes': in call to 'meta::pure::functions::collection::remove', argument 2: type variable T bound to meta::pure::metamodel::type::Type cannot also bind Class<meta::pure::metamodel::type::Any>	compiler.spec.SpecCompiler.compile:108
FAILED	meta::protocols::pure::vX_X_X::transformation::fromPureGraph::executionPlan::transformNode_ExecutionNode_1__Extension_MANY__ExecutionNode_1_	TypeInferenceException	in function 'meta::protocols::pure::vX_X_X::transformation::fromPureGraph::executionPlan::transformNode': unknown function 'serializerExtension' — no function of this name in the native or user catalog (unported platform function, or a misspelling)	compiler.spec.SpecCompiler.compile:108
FAILED	meta::protocols::pure::vX_X_X::transformation::fromPureGraph::executionPlan::transformResultType_ResultType_1__Extension_MANY__ResultType_1_	TypeInferenceException	in function 'meta::protocols::pure::vX_X_X::transformation::fromPureGraph::executionPlan::transformResultType': unknown function 'serializerExtension' — no function of this name in the native or user catalog (unported platform function, or a misspelling)	compiler.spec.SpecCompiler.compile:108
FAILED	meta::protocols::pure::vX_X_X::transformation::fromPureGraph::executionPlan::transformSetImplementation_SetImplementation_1__Extension_MANY__SetImplementationInfo_1_	TypeInferenceException	in function 'meta::protocols::pure::vX_X_X::transformation::fromPureGraph::executionPlan::transformSetImplementation': unknown function 'serializerExtension' — no function of this name in the native or user catalog (unported platform function, or a misspelling)	compiler.spec.SpecCompiler.compile:108
FAILED	meta::protocols::pure::vX_X_X::transformation::fromPureGraph::extractStores_SetImplementation_1__Mapping_1__Extension_MANY__Store_MANY_	TypeInferenceException	in function 'meta::protocols::pure::vX_X_X::transformation::fromPureGraph::extractStores': unknown function 'serializerExtension' — no function of this name in the native or user catalog (unported platform function, or a misspelling)	compiler.spec.SpecCompiler.compile:108
FAILED	meta::protocols::pure::vX_X_X::transformation::fromPureGraph::findAllTypes_Type_MANY__String_MANY__AllTypes_1_	TypeInferenceException	in function 'meta::protocols::pure::vX_X_X::transformation::fromPureGraph::findAllTypes': in call to 'meta::pure::functions::collection::remove', argument 2: type variable T bound to meta::pure::metamodel::type::Type cannot also bind Class<meta::pure::metamodel::type::Any>	compiler.spec.SpecCompiler.compile:108
FAILED	meta::protocols::pure::vX_X_X::transformation::fromPureGraph::findAllTypesFromMapping_Mapping_1__Extension_MANY__AllTypes_1_	TypeInferenceException	in function 'meta::protocols::pure::vX_X_X::transformation::fromPureGraph::findAllTypesFromMapping': unknown function 'serializerExtension' — no function of this name in the native or user catalog (unported platform function, or a misspelling)	compiler.spec.SpecCompiler.compile:108
FAILED	meta::protocols::pure::vX_X_X::transformation::fromPureGraph::findInheritedTypes_Class_MANY__Type_MANY_	TypeInferenceException	in function 'meta::protocols::pure::vX_X_X::transformation::fromPureGraph::findInheritedTypes': in call to 'meta::pure::functions::collection::concatenate', argument 2: type variable T bound to Class<meta::pure::metamodel::type::Any> cannot also bind meta::pure::metamodel::type::Type	compiler.spec.SpecCompiler.compile:108
FAILED	meta::protocols::pure::vX_X_X::transformation::fromPureGraph::findTypesFromPureInstanceSetImplementation_PureInstanceSetImplementation_1__Type_MANY_	TypeInferenceException	in function 'meta::protocols::pure::vX_X_X::transformation::fromPureGraph::findTypesFromPureInstanceSetImplementation': in call to 'meta::pure::functions::collection::concatenate', argument 2: type variable T bound to Class<meta::pure::metamodel::type::Any> cannot also bind meta::pure::metamodel::type::Type	compiler.spec.SpecCompiler.compile:108
FAILED	meta::protocols::pure::vX_X_X::transformation::fromPureGraph::getAllElementsFromMapping_Mapping_MANY__Extension_MANY__PackageableElement_MANY_	TypeInferenceException	in function 'meta::protocols::pure::vX_X_X::transformation::fromPureGraph::getAllElementsFromMapping': unknown function 'serializerExtension' — no function of this name in the native or user catalog (unported platform function, or a misspelling)	compiler.spec.SpecCompiler.compile:108
FAILED	meta::protocols::pure::vX_X_X::transformation::fromPureGraph::getCorrectedElementSourceInformation_PackageableElement_1__Extension_MANY__SourceInformation_$0_1$_	TypeInferenceException	in function 'meta::protocols::pure::vX_X_X::transformation::fromPureGraph::getCorrectedElementSourceInformation': unknown function 'serializerExtension' — no function of this name in the native or user catalog (unported platform function, or a misspelling)	compiler.spec.SpecCompiler.compile:108
FAILED	meta::protocols::pure::vX_X_X::transformation::fromPureGraph::mapping::transformAssociationImplementation_AssociationImplementation_1__Mapping_1__Extension_MANY__AssociationMapping_1_	TypeInferenceException	in function 'meta::protocols::pure::vX_X_X::transformation::fromPureGraph::mapping::transformAssociationImplementation': unknown function 'serializerExtension' — no function of this name in the native or user catalog (unported platform function, or a misspelling)	compiler.spec.SpecCompiler.compile:108
FAILED	meta::protocols::pure::vX_X_X::transformation::fromPureGraph::mapping::transformMapping_Mapping_1__Extension_MANY__Mapping_1_	TypeInferenceException	in function 'meta::protocols::pure::vX_X_X::transformation::fromPureGraph::mapping::transformMapping': unknown function 'serializerExtension' — no function of this name in the native or user catalog (unported platform function, or a misspelling)	compiler.spec.SpecCompiler.compile:108
FAILED	meta::protocols::pure::vX_X_X::transformation::fromPureGraph::mapping::transformSetImplementation_SetImplementation_1__Mapping_1__Extension_MANY__ClassMapping_1_	TypeInferenceException	in function 'meta::protocols::pure::vX_X_X::transformation::fromPureGraph::mapping::transformSetImplementation': unknown function 'serializerExtension' — no function of this name in the native or user catalog (unported platform function, or a misspelling)	compiler.spec.SpecCompiler.compile:108
FAILED	meta::protocols::pure::vX_X_X::transformation::fromPureGraph::navigateAssos_Type_MANY__Type_MANY__String_MANY__Type_MANY_	TypeInferenceException	in function 'meta::protocols::pure::vX_X_X::transformation::fromPureGraph::navigateAssos': in call to 'meta::pure::functions::collection::concatenate', argument 2: type variable T bound to Class<meta::pure::metamodel::type::Any> cannot also bind meta::pure::metamodel::type::Type	compiler.spec.SpecCompiler.compile:108
FAILED	meta::protocols::pure::vX_X_X::transformation::fromPureGraph::processProperties_PropertyMappingsImplementation_1__Mapping_1__Extension_MANY__Store_MANY_	TypeInferenceException	in function 'meta::protocols::pure::vX_X_X::transformation::fromPureGraph::processProperties': unknown function 'serializerExtension' — no function of this name in the native or user catalog (unported platform function, or a misspelling)	compiler.spec.SpecCompiler.compile:108
FAILED	meta::protocols::pure::vX_X_X::transformation::fromPureGraph::runtime::transformConnection_Connection_1__Extension_MANY__Connection_1_	TypeInferenceException	in function 'meta::protocols::pure::vX_X_X::transformation::fromPureGraph::runtime::transformConnection': unknown function 'serializerExtension' — no function of this name in the native or user catalog (unported platform function, or a misspelling)	compiler.spec.SpecCompiler.compile:108
FAILED	meta::protocols::pure::vX_X_X::transformation::fromPureGraph::scan_Any_1__FunctionDefinition_MANY__Type_MANY_	TypeInferenceException	in function 'meta::protocols::pure::vX_X_X::transformation::fromPureGraph::scan': in call to 'meta::pure::functions::collection::concatenate', argument 2: type variable T bound to FunctionDefinition<meta::pure::metamodel::type::Any> cannot also bind ConcreteFunctionDefinition<meta::pure::metamodel::type::Any>	compiler.spec.SpecCompiler.compile:108
FAILED	meta::protocols::pure::vX_X_X::transformation::fromPureGraph::store::relational::transformMilestoning_Milestoning_1__Extension_MANY__Milestoning_1_	TypeInferenceException	in function 'meta::protocols::pure::vX_X_X::transformation::fromPureGraph::store::relational::transformMilestoning': unknown function 'serializerExtension' — no function of this name in the native or user catalog (unported platform function, or a misspelling)	compiler.spec.SpecCompiler.compile:108
FAILED	meta::protocols::pure::vX_X_X::transformation::fromPureGraph::store::transformStore_Store_1__Extension_MANY__Store_1_	TypeInferenceException	in function 'meta::protocols::pure::vX_X_X::transformation::fromPureGraph::store::transformStore': unknown function 'serializerExtension' — no function of this name in the native or user catalog (unported platform function, or a misspelling)	compiler.spec.SpecCompiler.compile:108
FAILED	meta::protocols::pure::vX_X_X::transformation::fromPureGraph::toPureGrammar::defaultAlloyToPureState_Extension_MANY__AlloyToPureState_1_	TypeInferenceException	in function 'meta::protocols::pure::vX_X_X::transformation::fromPureGraph::toPureGrammar::defaultAlloyToPureState': unknown enumeration 'system::imports::coreImport'	compiler.spec.SpecCompiler.compile:108
FAILED	meta::protocols::pure::vX_X_X::transformation::fromPureGraph::toPureGrammar::getSignFunctions__Pair_MANY_	TypeInferenceException	in function 'meta::protocols::pure::vX_X_X::transformation::fromPureGraph::toPureGrammar::getSignFunctions': declares return type Any>, String> but body returns Any, String> (expected meta::pure::metamodel::function::Function, got meta::pure::metamodel::type::Any)	compiler.spec.SpecCompiler.compile:108
FAILED	meta::protocols::pure::vX_X_X::transformation::fromPureGraph::toPureGrammar::toPure_AlloyToPureState_1__ValueSpecification_MANY__String_1_	ResolutionException	'new_Class_1__String_1__KeyExpression_MANY__T_1_' is not a known class, mapping, runtime, connection, or database — user elements in a query need a fully qualified name	compiler.spec.Typer.classReference:982
FAILED	meta::protocols::pure::vX_X_X::transformation::fromPureGraph::valueSpecification::transformAny_Any_MANY__String_MANY__Map_1__Multiplicity_1__Integer_1__FunctionExpression_$0_1$__Boolean_1__Extension_MANY__ValueSpecification_1_	TypeInferenceException	in function 'meta::protocols::pure::vX_X_X::transformation::fromPureGraph::valueSpecification::transformAny': unknown function 'serializerExtension' — no function of this name in the native or user catalog (unported platform function, or a misspelling)	compiler.spec.SpecCompiler.compile:108
FAILED	meta::protocols::pure::vX_X_X::transformation::fromPureGraph::valueSpecification::transformValueSpecification_ValueSpecification_1__String_MANY__Map_1__Boolean_1__Boolean_1__Extension_MANY__ValueSpecification_1_	ResolutionException	'new_Class_1__String_1__KeyExpression_MANY__T_1_' is not a known class, mapping, runtime, connection, or database — user elements in a query need a fully qualified name	compiler.spec.Typer.classReference:982
FAILED	meta::protocols::pure::vX_X_X::transformation::toPureGraph::connection::buildRelationalDatabaseConnection_String_1__Extension_MANY__ConnectionStore_$0_1$_	TypeInferenceException	in function 'meta::protocols::pure::vX_X_X::transformation::toPureGraph::connection::buildRelationalDatabaseConnection': unknown function 'serializerExtension' — no function of this name in the native or user catalog (unported platform function, or a misspelling)	compiler.spec.SpecCompiler.compile:108
FAILED	meta::protocols::pure::vX_X_X::transformation::toPureGraph::connection::transformAuthenticationStrategy_AuthenticationStrategy_1__Extension_MANY__AuthenticationStrategy_1_	TypeInferenceException	in function 'meta::protocols::pure::vX_X_X::transformation::toPureGraph::connection::transformAuthenticationStrategy': unknown function 'serializerExtension' — no function of this name in the native or user catalog (unported platform function, or a misspelling)	compiler.spec.SpecCompiler.compile:108
FAILED	meta::protocols::pure::vX_X_X::transformation::toPureGraph::connection::transformDatasourceSpecification_DatasourceSpecification_1__Extension_MANY__DatasourceSpecification_1_	TypeInferenceException	in function 'meta::protocols::pure::vX_X_X::transformation::toPureGraph::connection::transformDatasourceSpecification': unknown function 'serializerExtension' — no function of this name in the native or user catalog (unported platform function, or a misspelling)	compiler.spec.SpecCompiler.compile:108
FAILED	meta::pure::constraints::functions::createConstraintFailureMessage_X_1__String_1__String_$0_1$_	TypeInferenceException	in function 'meta::pure::constraints::functions::createConstraintFailureMessage': unknown type 'Z' in @Z	compiler.spec.SpecCompiler.compile:108
FAILED	meta::pure::constraints::functions::evaluateConstraints_Any_MANY__ConstraintContextInformation_MANY__Boolean_1__Any_MANY__ValidatedInstance_MANY_	TypeInferenceException	in function 'meta::pure::constraints::functions::evaluateConstraints': unbound multiplicity variable m	compiler.spec.SpecCompiler.compile:108
FAILED	meta::pure::constraints::functions::tests::pctTestCreateConstraintFailureMessage_Function_1__Boolean_1_	TypeInferenceException	in function 'meta::pure::constraints::functions::tests::pctTestCreateConstraintFailureMessage': unknown type 'Z' in @Z	compiler.spec.SpecCompiler.compile:108
FAILED	meta::pure::constraints::functions::tests::testCreateConstraintFailureMessage__Boolean_1_	TypeInferenceException	in function 'meta::pure::constraints::functions::tests::testCreateConstraintFailureMessage': unknown type 'Z' in @Z	compiler.spec.SpecCompiler.compile:108
FAILED	meta::pure::constraints::functions::tests::testEvaluateConstraint__Boolean_1_	TypeInferenceException	in function 'meta::pure::constraints::functions::tests::testEvaluateConstraint': unknown type 'Z' in @Z	compiler.spec.SpecCompiler.compile:108
FAILED	meta::pure::constraints::functions::tests::testEvaluateConstraintMessage__Boolean_1_	TypeInferenceException	in function 'meta::pure::constraints::functions::tests::testEvaluateConstraintMessage': unknown type 'Z' in @Z	compiler.spec.SpecCompiler.compile:108
FAILED	meta::pure::constraints::functions::util::extractPropertyValues_Property_MANY__Any_1__Pair_MANY_	TypeInferenceException	in function 'meta::pure::constraints::functions::util::extractPropertyValues': unbound multiplicity variable m	compiler.spec.SpecCompiler.compile:108
FAILED	meta::pure::dataQuality::defaultDefectTree__RootGraphFetchTree_1_	TypeInferenceException	in function 'meta::pure::dataQuality::defaultDefectTree': graph-fetch tree #{meta::pure::dataQuality::Defect{...}}# types only as the tree argument of graphFetch, graphFetchChecked, serialize or isDistinct	compiler.spec.SpecCompiler.compile:108
FAILED	meta::pure::executionPlan::MultiExecutionContext$prop$allContexts_MultiExecutionContext_1__ExecutionContext_MANY_	WalledBodyException	walled body 'meta::pure::executionPlan::MultiExecutionContext$prop$allContexts': the engine's plan-time context flattening — the platform reads ExecutionOptionContext's feature flags directly (ContextReading.contextFeatures)	compiler.spec.SpecCompiler.compile:92
FAILED	meta::pure::executionPlan::buildVariableTemplateString_String_1__Any_1__Type_1__Runtime_1__Extension_MANY__String_1_	TypeInferenceException	in function 'meta::pure::executionPlan::buildVariableTemplateString': match expects a collection of branch lambdas	compiler.spec.SpecCompiler.compile:108
FAILED	meta::pure::executionPlan::executionPlan_FunctionDefinition_1__ExecutionContext_1__Extension_MANY__DebugContext_1__ExecutionPlan_1_	TypeInferenceException	in function 'meta::pure::executionPlan::executionPlan': no overload of 'meta::pure::router::routeFunction' accepts 4 argument(s)	compiler.spec.SpecCompiler.compile:108
FAILED	meta::pure::executionPlan::nodeFromConnection_Connection_1__RootGraphFetchTree_$0_1$__Boolean_1__Boolean_1__Extension_MANY__Function_$1_MANY$__ExecutionNode_1_	TypeInferenceException	in function 'meta::pure::executionPlan::nodeFromConnection': match expects a collection of branch lambdas	compiler.spec.SpecCompiler.compile:108
FAILED	meta::pure::executionPlan::platformBinding::localBinding::extractClasspathExtensions__Extension_MANY_	TypeInferenceException	in function 'meta::pure::executionPlan::platformBinding::localBinding::extractClasspathExtensions': unknown enumeration 'meta::pure::extension'	compiler.spec.SpecCompiler.compile:108
FAILED	meta::pure::executionPlan::platformBinding::typeInfo::addBasicClassTypeInfo_TypeInfoSet_1__Class_1__Class_MANY__Boolean_1__TypeInfoSet_1_	TypeInferenceException	in function 'meta::pure::executionPlan::platformBinding::typeInfo::addBasicClassTypeInfo': in call to 'meta::pure::executionPlan::platformBinding::typeInfo::addBasicTypeInfoIfMissing', argument 1: expected meta::pure::executionPlan::platformBinding::typeInfo::TypeInfoSet, got Class<meta::pure::metamodel::type::Any>	compiler.spec.SpecCompiler.compile:108
FAILED	meta::pure::executionPlan::platformBinding::typeInfo::addConstraints_TypeInfoSet_1__Class_1__TypeInfoSet_1_	TypeInferenceException	in function 'meta::pure::executionPlan::platformBinding::typeInfo::addConstraints': no overload of 'meta::pure::executionPlan::platformBinding::typeInfo::addConstraint' accepts 3 argument(s)	compiler.spec.SpecCompiler.compile:108
FAILED	meta::pure::executionPlan::platformBinding::typeInfo::addForClass_TypeInfoSet_1__Class_1__Boolean_1__Boolean_1__Boolean_1__Boolean_1__TypeInfoSet_1_	TypeInferenceException	in function 'meta::pure::executionPlan::platformBinding::typeInfo::addForClass': no overload of 'meta::pure::executionPlan::platformBinding::typeInfo::addPropertyForClassIfMissing' accepts 2 argument(s)	compiler.spec.SpecCompiler.compile:108
FAILED	meta::pure::executionPlan::platformBinding::typeInfo::addForClassWithAllProperties_TypeInfoSet_1__Class_1__TypeInfoSet_1_	TypeInferenceException	in function 'meta::pure::executionPlan::platformBinding::typeInfo::addForClassWithAllProperties': no overload of 'meta::pure::executionPlan::platformBinding::typeInfo::addPropertyForClassIfMissing' accepts 2 argument(s)	compiler.spec.SpecCompiler.compile:108
FAILED	meta::pure::executionPlan::platformBinding::typeInfo::addForClassWithAllPropertiesViaAssociations_TypeInfoSet_1__Class_1__TypeInfoSet_1_	TypeInferenceException	in function 'meta::pure::executionPlan::platformBinding::typeInfo::addForClassWithAllPropertiesViaAssociations': no overload of 'meta::pure::executionPlan::platformBinding::typeInfo::addPropertyForClassIfMissing' accepts 2 argument(s)	compiler.spec.SpecCompiler.compile:108
FAILED	meta::pure::executionPlan::platformBinding::typeInfo::addForClasses_TypeInfoSet_1__Class_MANY__TypeInfoSet_1_	TypeInferenceException	in function 'meta::pure::executionPlan::platformBinding::typeInfo::addForClasses': in call to 'meta::pure::executionPlan::platformBinding::typeInfo::addForClass', argument 2: expected meta::pure::metamodel::type::Class, got meta::pure::executionPlan::platformBinding::typeInfo::TypeInfoSet	compiler.spec.SpecCompiler.compile:108
FAILED	meta::pure::executionPlan::platformBinding::typeInfo::addForClassesWithAllProperties_TypeInfoSet_1__Class_MANY__TypeInfoSet_1_	TypeInferenceException	in function 'meta::pure::executionPlan::platformBinding::typeInfo::addForClassesWithAllProperties': in call to 'meta::pure::executionPlan::platformBinding::typeInfo::addForClassWithAllProperties', argument 2: expected meta::pure::metamodel::type::Class, got meta::pure::executionPlan::platformBinding::typeInfo::TypeInfoSet	compiler.spec.SpecCompiler.compile:108
FAILED	meta::pure::executionPlan::platformBinding::typeInfo::addProperties_TypeInfoSet_1__Property_MANY__TypeInfoSet_1_	TypeInferenceException	in function 'meta::pure::executionPlan::platformBinding::typeInfo::addProperties': in call to 'meta::pure::executionPlan::platformBinding::typeInfo::addPropertyForTypeIfMissing', argument 1: expected meta::pure::executionPlan::platformBinding::typeInfo::TypeInfoSet, got Property<meta::pure::metamodel::type::Nil, meta::pure::metamodel::type::Any>	compiler.spec.SpecCompiler.compile:108
FAILED	meta::pure::executionPlan::platformBinding::typeInfo::addPropertyForClassIfDefined_TypeInfoSet_1__Class_1__String_1__Boolean_1__TypeInfoSet_1_	TypeInferenceException	in function 'meta::pure::executionPlan::platformBinding::typeInfo::addPropertyForClassIfDefined': no overload of 'meta::pure::executionPlan::platformBinding::typeInfo::addPropertyForClassIfDefined' accepts 3 argument(s)	compiler.spec.SpecCompiler.compile:108
FAILED	meta::pure::executionPlan::platformBinding::typeInfo::addPropertyForClassIfMissing_TypeInfoSet_1__Class_1__Property_1__Boolean_1__TypeInfoSet_1_	TypeInferenceException	in function 'meta::pure::executionPlan::platformBinding::typeInfo::addPropertyForClassIfMissing': no overload of 'meta::pure::executionPlan::platformBinding::typeInfo::addPropertyForClassIfDefined' accepts 3 argument(s)	compiler.spec.SpecCompiler.compile:108
FAILED	meta::pure::executionPlan::platformBinding::typeInfo::addQualifiedPropertyForClassIfMissing_TypeInfoSet_1__Class_1__QualifiedProperty_1__Boolean_1__TypeInfoSet_1_	TypeInferenceException	in function 'meta::pure::executionPlan::platformBinding::typeInfo::addQualifiedPropertyForClassIfMissing': in call to 'meta::pure::executionPlan::platformBinding::typeInfo::addBasicTypeInfoIfMissing', argument 1: expected meta::pure::executionPlan::platformBinding::typeInfo::TypeInfoSet, got meta::pure::metamodel::type::Type	compiler.spec.SpecCompiler.compile:108
FAILED	meta::pure::executionPlan::platformBinding::typeInfo::classDependenciesViaPropertiesWithSubTypes_TypeInfoSet_1__Class_1__Boolean_1__Class_MANY_	TypeInferenceException	in function 'meta::pure::executionPlan::platformBinding::typeInfo::classDependenciesViaPropertiesWithSubTypes': 'meta::pure::functions::collection::filter' expects a lambda argument in position 1	compiler.spec.SpecCompiler.compile:108
FAILED	meta::pure::executionPlan::platformBinding::typeInfo::classPropertiesRecursiveWithsubTypes_TypeInfoSet_1__Class_1__Class_MANY__AbstractProperty_MANY_	TypeInferenceException	in function 'meta::pure::executionPlan::platformBinding::typeInfo::classPropertiesRecursiveWithsubTypes': in call to 'meta::pure::functions::collection::concatenate', argument 2: type variable T bound to Property<meta::pure::metamodel::type::Nil, meta::pure::metamodel::type::Any> cannot also bind AbstractProperty<meta::pure::metamodel::type::Any>	compiler.spec.SpecCompiler.compile:108
FAILED	meta::pure::executionPlan::platformBinding::typeInfo::classesInTree_GraphFetchTree_1__Class_MANY_	TypeInferenceException	in function 'meta::pure::executionPlan::platformBinding::typeInfo::classesInTree': in call to 'meta::pure::functions::collection::concatenate', argument 2: type variable T bound to meta::pure::metamodel::type::Type cannot also bind Class<meta::pure::metamodel::type::Any>	compiler.spec.SpecCompiler.compile:108
FAILED	meta::pure::executionPlan::platformBinding::typeInfo::constraintInfoFromTree_TypeInfoSet_1__GraphFetchTree_1__TypeInfoSet_1_	TypeInferenceException	in function 'meta::pure::executionPlan::platformBinding::typeInfo::constraintInfoFromTree': in call to 'meta::pure::executionPlan::platformBinding::typeInfo::addConstraints', argument 2: expected meta::pure::metamodel::type::Class, got meta::pure::executionPlan::platformBinding::typeInfo::TypeInfoSet	compiler.spec.SpecCompiler.compile:108
FAILED	meta::pure::executionPlan::platformBinding::typeInfo::getGeneralizations_Type_1__Class_MANY_	TypeInferenceException	in function 'meta::pure::executionPlan::platformBinding::typeInfo::getGeneralizations': 'meta::pure::functions::collection::filter' expects a lambda argument in position 1	compiler.spec.SpecCompiler.compile:108
FAILED	meta::pure::executionPlan::platformBinding::typeInfo::getSpecializations_Type_1__Class_MANY_	TypeInferenceException	in function 'meta::pure::executionPlan::platformBinding::typeInfo::getSpecializations': 'meta::pure::functions::collection::filter' expects a lambda argument in position 1	compiler.spec.SpecCompiler.compile:108
FAILED	meta::pure::executionPlan::platformBinding::typeInfo::sortProperties_Property_MANY__Class_1__Property_MANY_	TypeInferenceException	in function 'meta::pure::executionPlan::platformBinding::typeInfo::sortProperties': in call to 'meta::pure::functions::string::indexOf', argument 2: type variable T bound to AbstractProperty<meta::pure::metamodel::type::Any> cannot also bind Property<meta::pure::metamodel::type::Nil, meta::pure::metamodel::type::Any>	compiler.spec.SpecCompiler.compile:108
FAILED	meta::pure::executionPlan::platformBinding::typeInfo::tests::testAddingConstraintsAddsEnum__Boolean_1_	TypeInferenceException	in function 'meta::pure::executionPlan::platformBinding::typeInfo::tests::testAddingConstraintsAddsEnum': deferred let binding '$tree' has no type outside a consuming call position (tree/colspec bindings resolve at their call sites)	compiler.spec.SpecCompiler.compile:108
FAILED	meta::pure::executionPlan::platformBinding::typeInfo::tests::testAddingConstraintsProperties__Boolean_1_	TypeInferenceException	in function 'meta::pure::executionPlan::platformBinding::typeInfo::tests::testAddingConstraintsProperties': deferred let binding '$tree' has no type outside a consuming call position (tree/colspec bindings resolve at their call sites)	compiler.spec.SpecCompiler.compile:108
FAILED	meta::pure::executionPlan::platformBinding::typeInfo::tests::testClassDependenciesViaProperties__Boolean_1_	TypeInferenceException	in function 'meta::pure::executionPlan::platformBinding::typeInfo::tests::testClassDependenciesViaProperties': graph-fetch tree #{meta::pure::executionPlan::platformBinding::typeInfo::tests::E{...}}# types only as the tree argument of graphFetch, graphFetchChecked, serialize or isDistinct	compiler.spec.SpecCompiler.compile:108
FAILED	meta::pure::executionPlan::platformBinding::typeInfo::tests::testEnumDependenciesViaProperties__Boolean_1_	TypeInferenceException	in function 'meta::pure::executionPlan::platformBinding::typeInfo::tests::testEnumDependenciesViaProperties': graph-fetch tree #{meta::pure::executionPlan::platformBinding::typeInfo::tests::E{...}}# types only as the tree argument of graphFetch, graphFetchChecked, serialize or isDistinct	compiler.spec.SpecCompiler.compile:108
FAILED	meta::pure::executionPlan::platformBinding::typeInfo::tests::testGraphAddsInheritesOnlyOnce__Boolean_1_	TypeInferenceException	in function 'meta::pure::executionPlan::platformBinding::typeInfo::tests::testGraphAddsInheritesOnlyOnce': graph-fetch tree #{meta::pure::executionPlan::platformBinding::typeInfo::tests::I{...}}# types only as the tree argument of graphFetch, graphFetchChecked, serialize or isDistinct	compiler.spec.SpecCompiler.compile:108
FAILED	meta::pure::executionPlan::platformBinding::typeInfo::tests::testGraphIncludesOnlySpecifiedAssociations__Boolean_1_	TypeInferenceException	in function 'meta::pure::executionPlan::platformBinding::typeInfo::tests::testGraphIncludesOnlySpecifiedAssociations': graph-fetch tree #{meta::pure::executionPlan::platformBinding::typeInfo::tests::E{...}}# types only as the tree argument of graphFetch, graphFetchChecked, serialize or isDistinct	compiler.spec.SpecCompiler.compile:108
FAILED	meta::pure::executionPlan::platformBinding::typeInfo::tests::testGraphIncludesOnlySpecifiedClassProperties__Boolean_1_	TypeInferenceException	in function 'meta::pure::executionPlan::platformBinding::typeInfo::tests::testGraphIncludesOnlySpecifiedClassProperties': graph-fetch tree #{meta::pure::executionPlan::platformBinding::typeInfo::tests::C{...}}# types only as the tree argument of graphFetch, graphFetchChecked, serialize or isDistinct	compiler.spec.SpecCompiler.compile:108
FAILED	meta::pure::executionPlan::platformBinding::typeInfo::tests::testGraphMergesForTrees__Boolean_1_	TypeInferenceException	in function 'meta::pure::executionPlan::platformBinding::typeInfo::tests::testGraphMergesForTrees': graph-fetch tree #{meta::pure::executionPlan::platformBinding::typeInfo::tests::C{...}}# types only as the tree argument of graphFetch, graphFetchChecked, serialize or isDistinct	compiler.spec.SpecCompiler.compile:108
FAILED	meta::pure::executionPlan::platformBinding::typeInfo::typeInfoFromTree_TypeInfoSet_1__GraphFetchTree_1__TypeInfoSet_1_	TypeInferenceException	in function 'meta::pure::executionPlan::platformBinding::typeInfo::typeInfoFromTree': in call to 'meta::pure::functions::collection::concatenate', argument 2: type variable T bound to meta::pure::metamodel::type::Type cannot also bind Class<meta::pure::metamodel::type::Any>	compiler.spec.SpecCompiler.compile:108
FAILED	meta::pure::executionPlan::processNode_ExecutionNode_1__Mapping_1__Runtime_1__Pair_MANY__Extension_MANY__Result_1_	TypeInferenceException	in function 'meta::pure::executionPlan::processNode': match expects a collection of branch lambdas	compiler.spec.SpecCompiler.compile:108
FAILED	meta::pure::executionPlan::tests::assertPlanGenerationForOptionalParameter_DatabaseType_1__String_1__Extension_MANY__Boolean_1_	TypeInferenceException	in function 'meta::pure::executionPlan::tests::assertPlanGenerationForOptionalParameter': project expects ~[…] column specifications	compiler.spec.SpecCompiler.compile:108
FAILED	meta::pure::executionPlan::tests::execution::testPureExecutionStrategyForCreateAndPopulateTempTableExecutionNode__Boolean_1_	TypeInferenceException	in function 'meta::pure::executionPlan::tests::execution::testPureExecutionStrategyForCreateAndPopulateTempTableExecutionNode': project expects ~[…] column specifications	compiler.spec.SpecCompiler.compile:108
FAILED	meta::pure::executionPlan::tests::execution::testPureExecutionStrategyForRelationalInstantiationExecutionNode__Boolean_1_	TypeInferenceException	in function 'meta::pure::executionPlan::tests::execution::testPureExecutionStrategyForRelationalInstantiationExecutionNode': project expects ~[…] column specifications	compiler.spec.SpecCompiler.compile:108
FAILED	meta::pure::executionPlan::tests::execution::testSQLCommentsInPlan__Boolean_1_	TypeInferenceException	in function 'meta::pure::executionPlan::tests::execution::testSQLCommentsInPlan': project expects ~[…] column specifications	compiler.spec.SpecCompiler.compile:108
FAILED	meta::pure::executionPlan::tests::featureFlag::testTwoFeatureFlags__Boolean_1_	TypeInferenceException	in function 'meta::pure::executionPlan::tests::featureFlag::testTwoFeatureFlags': graphFetch tree: class meta::pure::executionPlan::tests::featureFlag::Person has no property 'firstName'	compiler.spec.SpecCompiler.compile:108
FAILED	meta::pure::executionPlan::tests::featureFlag::testTwoFlagFunctions__Boolean_1_	TypeInferenceException	in function 'meta::pure::executionPlan::tests::featureFlag::testTwoFlagFunctions': graphFetch tree: class meta::pure::executionPlan::tests::featureFlag::Person has no property 'firstName'	compiler.spec.SpecCompiler.compile:108
FAILED	meta::pure::executionPlan::tests::rewriteFunction_Any_1__Any_MANY_	ResolutionException	'system::imports::coreImport' is not a known class, mapping, runtime, connection, or database	compiler.spec.Typer.classReference:982
FAILED	meta::pure::executionPlan::tests::testEnumPushDownWithExternalFormat__Boolean_1_	TypeInferenceException	in function 'meta::pure::executionPlan::tests::testEnumPushDownWithExternalFormat': NormalizeRequired function 'meta::external::format::shared::functions::externalize' has non-let intermediate statements — cannot inline	compiler.spec.SpecCompiler.compile:108
FAILED	meta::pure::executionPlan::tests::testFilterEqualsWithOptionalParameterString__Boolean_1_	TypeInferenceException	in function 'meta::pure::executionPlan::tests::testFilterEqualsWithOptionalParameterString': project expects ~[…] column specifications	compiler.spec.SpecCompiler.compile:108
FAILED	meta::pure::executionPlan::tests::testGreaterThanLessThanEqualsWithOptionalParameter_H2__Boolean_1_	TypeInferenceException	in function 'meta::pure::executionPlan::tests::testGreaterThanLessThanEqualsWithOptionalParameter_H2': project expects ~[…] column specifications	compiler.spec.SpecCompiler.compile:108
FAILED	meta::pure::executionPlan::tests::testLessThanGreaterThanEqualsWithOptionalParameter_H2__Boolean_1_	TypeInferenceException	in function 'meta::pure::executionPlan::tests::testLessThanGreaterThanEqualsWithOptionalParameter_H2': project expects ~[…] column specifications	compiler.spec.SpecCompiler.compile:108
FAILED	meta::pure::executionPlan::tests::testModelConnectionAgg__Boolean_1_	ResolutionException	'meta::pure::mapping::modelToModel::test::simple::simpleModelMapping' is not a known class, mapping, runtime, connection, or database	compiler.spec.Typer.classReference:982
FAILED	meta::pure::executionPlan::tests::testModelConnectionDeepFunction__Boolean_1_	ResolutionException	'meta::pure::mapping::modelToModel::test::simple::simpleModelMappingO' is not a known class, mapping, runtime, connection, or database	compiler.spec.Typer.classReference:982
FAILED	meta::pure::executionPlan::tests::testModelConnectionJoin__Boolean_1_	ResolutionException	'meta::pure::mapping::modelToModel::test::simple::simpleModelMappingWithAssociation' is not a known class, mapping, runtime, connection, or database	compiler.spec.Typer.classReference:982
FAILED	meta::pure::executionPlan::tests::testModelConnectionMultipleAgg__Boolean_1_	ResolutionException	'meta::pure::mapping::modelToModel::test::simple::simpleModelMapping' is not a known class, mapping, runtime, connection, or database	compiler.spec.Typer.classReference:982
FAILED	meta::pure::executionPlan::tests::testModelConnectionSimple__Boolean_1_	ResolutionException	'meta::pure::mapping::modelToModel::test::simple::simpleModelMappingWithAssociation' is not a known class, mapping, runtime, connection, or database	compiler.spec.Typer.classReference:982
FAILED	meta::pure::executionPlan::tests::testPreprocessFunctionOnRuntime__Boolean_1_	ResolutionException	'system::imports::coreImport' is not a known class, mapping, runtime, connection, or database	compiler.spec.Typer.classReference:982
FAILED	meta::pure::executionPlan::tests::testRelationalProjectionWithExternalFormat__Boolean_1_	TypeInferenceException	in function 'meta::pure::executionPlan::tests::testRelationalProjectionWithExternalFormat': NormalizeRequired function 'meta::external::format::shared::functions::externalize' has non-let intermediate statements — cannot inline	compiler.spec.SpecCompiler.compile:108
FAILED	meta::pure::executionPlan::tests::testRoutingContextBuilderFunctions__Boolean_1_	TypeInferenceException	in function 'meta::pure::executionPlan::tests::testRoutingContextBuilderFunctions': a name-less project column must be a property navigation (its leaf names the column); give explicit names for computed columns	compiler.spec.SpecCompiler.compile:108
FAILED	meta::pure::executionPlan::tests::testSupportStreamFlagFromSimple__Boolean_1_	TypeInferenceException	in function 'meta::pure::executionPlan::tests::testSupportStreamFlagFromSimple': project expects ~[…] column specifications	compiler.spec.SpecCompiler.compile:108
FAILED	meta::pure::executionPlan::tests::testSupportStreamFlagSimple__Boolean_1_	TypeInferenceException	in function 'meta::pure::executionPlan::tests::testSupportStreamFlagSimple': project expects ~[…] column specifications	compiler.spec.SpecCompiler.compile:108
FAILED	meta::pure::executionPlan::tests::testSupportStreamFlagWithGraphFetchAndFrom__Boolean_1_	TypeInferenceException	in function 'meta::pure::executionPlan::tests::testSupportStreamFlagWithGraphFetchAndFrom': deferred let binding '$targetGraph' has no type outside a consuming call position (tree/colspec bindings resolve at their call sites)	compiler.spec.SpecCompiler.compile:108
FAILED	meta::pure::executionPlan::tests::testSupportStreamFlagWithSupportedAndUnSupportedUsages__Boolean_1_	TypeInferenceException	in function 'meta::pure::executionPlan::tests::testSupportStreamFlagWithSupportedAndUnSupportedUsages': project expects ~[…] column specifications	compiler.spec.SpecCompiler.compile:108
FAILED	meta::pure::executionPlan::tests::testTemporalDateVariableAtRoot__Boolean_1_	TypeInferenceException	in function 'meta::pure::executionPlan::tests::testTemporalDateVariableAtRoot': project expects ~[…] column specifications	compiler.spec.SpecCompiler.compile:108
FAILED	meta::pure::extension::Extension$prop$fetchSerializerExtension_Extension_1__String_1__SerializerExtension_$0_1$_	WalledBodyException	walled body 'meta::pure::extension::Extension$prop$fetchSerializerExtension': the engine's serializer-extension registry lookup — the platform has its own extensions	compiler.spec.SpecCompiler.compile:92
FAILED	meta::pure::functions::collection::getPropertyValues_Any_1__String_1__Any_MANY_	TypeInferenceException	in function 'meta::pure::functions::collection::getPropertyValues': no overload of 'meta::pure::functions::collection::get' structurally matches the argument types (ExprType[type=GenericType[rawFqn=meta::pure::metamodel::function::property::Property, arguments=[ClassType[fqn=meta::pure::metamodel::type::Nil], ClassType[fqn=meta::pure::metamodel::type::Any]], multArguments=[Bounded[lower=0, upper=null]]], multiplicity=Bounded[lower=0, upper=null]], ExprType[type=STRING, multiplicity=Bounded[lower=1, upper=1]]); [TypedParameter[name=m, type=GenericType[rawFqn=meta::pure::functions::collection::Map, arguments=[TypeVar[name=U], TypeVar[name=V]], multArguments=[]], multiplicity=Bounded[lower=1, upper=1]], TypedParameter[name=key, type=TypeVar[name=U], multiplicity=Bounded[lower=1, upper=1]]]; [TypedParameter[name=l, type=GenericType[rawFqn=meta::pure::functions::collection::List, arguments=[TypeVar[name=U]], multArguments=[]], multiplicity=Bounded[lower=1, upper=1]], TypedParameter[name=index, type=INTEGER, multiplicity=Bounded[lower=1, upper=1]]]; [TypedParameter[name=variant, type=ClassType[fqn=meta::pure::metamodel::variant::Variant], multiplicity=Bounded[lower=0, upper=1]], TypedParameter[name=key, type=STRING, multiplicity=Bounded[lower=1, upper=1]]]; [TypedParameter[name=variant, type=ClassType[fqn=meta::pure::metamodel::variant::Variant], multiplicity=Bounded[lower=0, upper=1]], TypedParameter[name=index, type=INTEGER, multiplicity=Bounded[lower=1, upper=1]]]	compiler.spec.SpecCompiler.compile:108
FAILED	meta::pure::functions::collection::lookup_T_MANY__String_1__String_1__T_MANY_	TypeInferenceException	in function 'meta::pure::functions::collection::lookup': no overload of 'meta::pure::functions::collection::get' structurally matches the argument types (ExprType[type=GenericType[rawFqn=meta::pure::metamodel::function::property::Property, arguments=[ClassType[fqn=meta::pure::metamodel::type::Nil], ClassType[fqn=meta::pure::metamodel::type::Any]], multArguments=[Bounded[lower=0, upper=null]]], multiplicity=Bounded[lower=0, upper=null]], ExprType[type=STRING, multiplicity=Bounded[lower=1, upper=1]]); [TypedParameter[name=m, type=GenericType[rawFqn=meta::pure::functions::collection::Map, arguments=[TypeVar[name=U], TypeVar[name=V]], multArguments=[]], multiplicity=Bounded[lower=1, upper=1]], TypedParameter[name=key, type=TypeVar[name=U], multiplicity=Bounded[lower=1, upper=1]]]; [TypedParameter[name=l, type=GenericType[rawFqn=meta::pure::functions::collection::List, arguments=[TypeVar[name=U]], multArguments=[]], multiplicity=Bounded[lower=1, upper=1]], TypedParameter[name=index, type=INTEGER, multiplicity=Bounded[lower=1, upper=1]]]; [TypedParameter[name=variant, type=ClassType[fqn=meta::pure::metamodel::variant::Variant], multiplicity=Bounded[lower=0, upper=1]], TypedParameter[name=key, type=STRING, multiplicity=Bounded[lower=1, upper=1]]]; [TypedParameter[name=variant, type=ClassType[fqn=meta::pure::metamodel::variant::Variant], multiplicity=Bounded[lower=0, upper=1]], TypedParameter[name=index, type=INTEGER, multiplicity=Bounded[lower=1, upper=1]]]	compiler.spec.SpecCompiler.compile:108
FAILED	meta::pure::functions::collection::tests::get::testGet__Boolean_1_	TypeInferenceException	in function 'meta::pure::functions::collection::tests::get::testGet': no overload of 'meta::pure::functions::collection::get' structurally matches the argument types (ExprType[type=ClassType[fqn=meta::pure::functions::collection::tests::model::CO_Location], multiplicity=Bounded[lower=0, upper=null]], ExprType[type=STRING, multiplicity=Bounded[lower=1, upper=1]]); [TypedParameter[name=m, type=GenericType[rawFqn=meta::pure::functions::collection::Map, arguments=[TypeVar[name=U], TypeVar[name=V]], multArguments=[]], multiplicity=Bounded[lower=1, upper=1]], TypedParameter[name=key, type=TypeVar[name=U], multiplicity=Bounded[lower=1, upper=1]]]; [TypedParameter[name=l, type=GenericType[rawFqn=meta::pure::functions::collection::List, arguments=[TypeVar[name=U]], multArguments=[]], multiplicity=Bounded[lower=1, upper=1]], TypedParameter[name=index, type=INTEGER, multiplicity=Bounded[lower=1, upper=1]]]; [TypedParameter[name=variant, type=ClassType[fqn=meta::pure::metamodel::variant::Variant], multiplicity=Bounded[lower=0, upper=1]], TypedParameter[name=key, type=STRING, multiplicity=Bounded[lower=1, upper=1]]]; [TypedParameter[name=variant, type=ClassType[fqn=meta::pure::metamodel::variant::Variant], multiplicity=Bounded[lower=0, upper=1]], TypedParameter[name=index, type=INTEGER, multiplicity=Bounded[lower=1, upper=1]]]	compiler.spec.SpecCompiler.compile:108
FAILED	meta::pure::functions::collection::tests::get::testGetWithVariable__Boolean_1_	TypeInferenceException	in function 'meta::pure::functions::collection::tests::get::testGetWithVariable': no overload of 'meta::pure::functions::collection::get' structurally matches the argument types (ExprType[type=ClassType[fqn=meta::pure::functions::collection::tests::model::CO_Location], multiplicity=Bounded[lower=0, upper=null]], ExprType[type=STRING, multiplicity=Bounded[lower=1, upper=1]]); [TypedParameter[name=m, type=GenericType[rawFqn=meta::pure::functions::collection::Map, arguments=[TypeVar[name=U], TypeVar[name=V]], multArguments=[]], multiplicity=Bounded[lower=1, upper=1]], TypedParameter[name=key, type=TypeVar[name=U], multiplicity=Bounded[lower=1, upper=1]]]; [TypedParameter[name=l, type=GenericType[rawFqn=meta::pure::functions::collection::List, arguments=[TypeVar[name=U]], multArguments=[]], multiplicity=Bounded[lower=1, upper=1]], TypedParameter[name=index, type=INTEGER, multiplicity=Bounded[lower=1, upper=1]]]; [TypedParameter[name=variant, type=ClassType[fqn=meta::pure::metamodel::variant::Variant], multiplicity=Bounded[lower=0, upper=1]], TypedParameter[name=key, type=STRING, multiplicity=Bounded[lower=1, upper=1]]]; [TypedParameter[name=variant, type=ClassType[fqn=meta::pure::metamodel::variant::Variant], multiplicity=Bounded[lower=0, upper=1]], TypedParameter[name=index, type=INTEGER, multiplicity=Bounded[lower=1, upper=1]]]	compiler.spec.SpecCompiler.compile:108
FAILED	meta::pure::functions::collection::tests::map::testMapWithPathInFunction__Boolean_1_	TypeInferenceException	in function 'meta::pure::functions::collection::tests::map::testMapWithPathInFunction': in call to 'meta::pure::functions::collection::tests::map::doStuff', argument 2: expected meta::pure::metamodel::path::Path, got {meta::pure::functions::tests::model::Person[1] -> String[1]}	compiler.spec.SpecCompiler.compile:108
FAILED	meta::pure::functions::collection::tests::map::testMapWithPathInFunctionReflective__Boolean_1_	TypeInferenceException	in function 'meta::pure::functions::collection::tests::map::testMapWithPathInFunctionReflective': in call to 'meta::pure::functions::collection::tests::map::doStuff', argument 2: expected meta::pure::metamodel::path::Path, got {meta::pure::functions::tests::model::Person[1] -> String[1]}	compiler.spec.SpecCompiler.compile:108
FAILED	meta::pure::functions::collection::tests::removeDuplicates::testRemoveDuplicatesLongList__Boolean_1_	TypeInferenceException	in function 'meta::pure::functions::collection::tests::removeDuplicates::testRemoveDuplicatesLongList': in call to 'meta::pure::functions::collection::concatenate', argument 2: type variable T bound to Integer cannot also bind List<Integer>	compiler.spec.SpecCompiler.compile:108
FAILED	meta::pure::functions::lang::tests::new::testNewGenericFunc__Boolean_1_	WalledBodyException	walled body 'meta::pure::functions::lang::tests::new::testNewGenericFunc': REFLECTION: instantiation from a Class value (new(class, id)) — not modeled	compiler.spec.SpecCompiler.compile:92
FAILED	meta::pure::functions::meta::allNestedPropertyTypes_Class_1__Type_MANY_	TypeInferenceException	in function 'meta::pure::functions::meta::allNestedPropertyTypes': in call to 'meta::pure::functions::collection::concatenate', argument 2: type variable T bound to Class<meta::pure::metamodel::type::Any> cannot also bind meta::pure::metamodel::type::Type	compiler.spec.SpecCompiler.compile:108
FAILED	meta::pure::functions::meta::allProperties_Class_1__AbstractProperty_MANY_	TypeInferenceException	in function 'meta::pure::functions::meta::allProperties': in call to 'meta::pure::functions::collection::concatenate', argument 2: type variable T bound to Property<meta::pure::metamodel::type::Any, meta::pure::metamodel::type::Any> cannot also bind QualifiedProperty<meta::pure::metamodel::type::Any>	compiler.spec.SpecCompiler.compile:108
FAILED	meta::pure::functions::meta::extractMappingsFromFunctionDefinition_FunctionDefinition_1__Mapping_MANY_	IllegalStateException	cannot union multiplicities [m] and [1] (an unresolved variable met a different bound)	compiler.element.type.Multiplicity.union:94
FAILED	meta::pure::functions::meta::findExpressionsForFunctionInValueSpecification_ValueSpecification_1__Function_MANY__Function_1__FunctionDefinition_MANY__FunctionExpression_MANY_	TypeInferenceException	in function 'meta::pure::functions::meta::findExpressionsForFunctionInValueSpecification': in call to 'meta::pure::functions::lang::eval', argument 2: type variable T bound to FunctionDefinition<meta::pure::metamodel::type::Any> cannot also bind ConcreteFunctionDefinition<meta::pure::metamodel::type::Any>	compiler.spec.SpecCompiler.compile:108
FAILED	meta::pure::functions::meta::forgivingPathToElement_String_1__PackageableElement_$0_1$_	TypeInferenceException	in function 'meta::pure::functions::meta::forgivingPathToElement': expected meta::pure::metamodel::Package, got meta::pure::metamodel::PackageableElement	compiler.spec.SpecCompiler.compile:108
FAILED	meta::pure::functions::meta::hierarchicalAllProperties_Class_1__AbstractProperty_MANY_	TypeInferenceException	in function 'meta::pure::functions::meta::hierarchicalAllProperties': in call to 'meta::pure::functions::collection::concatenate', argument 2: type variable T bound to AbstractProperty<meta::pure::metamodel::type::Any> cannot also bind Property<meta::pure::metamodel::type::Nil, meta::pure::metamodel::type::Any>	compiler.spec.SpecCompiler.compile:108
FAILED	meta::pure::functions::meta::hierarchicalQualifiedProperties_Class_1__AbstractProperty_MANY_	TypeInferenceException	in function 'meta::pure::functions::meta::hierarchicalQualifiedProperties': in call to 'meta::pure::functions::collection::concatenate', argument 2: type variable T bound to QualifiedProperty<meta::pure::metamodel::type::Any> cannot also bind AbstractProperty<meta::pure::metamodel::type::Any>	compiler.spec.SpecCompiler.compile:108
FAILED	meta::pure::functions::meta::instanceValuesAtParameter_FunctionExpression_1__Integer_1__Map_$0_1$__Any_MANY_	TypeInferenceException	in function 'meta::pure::functions::meta::instanceValuesAtParameter': no overload of 'meta::pure::functions::collection::newMap' accepts 2 argument(s)	compiler.spec.SpecCompiler.compile:108
FAILED	meta::pure::functions::meta::mapVariables_PropertyPathElement_1__Map_1_	TypeInferenceException	in function 'meta::pure::functions::meta::mapVariables': no overload of 'meta::pure::functions::collection::newMap' accepts 2 argument(s)	compiler.spec.SpecCompiler.compile:108
FAILED	meta::pure::functions::meta::mapVariables_FunctionExpression_1__Map_1__Map_1__Map_1_	TypeInferenceException	in function 'meta::pure::functions::meta::mapVariables': no overload of 'meta::pure::functions::collection::newMap' accepts 2 argument(s)	compiler.spec.SpecCompiler.compile:108
FAILED	meta::pure::functions::meta::simpleToString_Any_1__String_1_	TypeInferenceException	in function 'meta::pure::functions::meta::simpleToString': in call to 'meta::pure::functions::collection::remove', argument 2: type variable T bound to meta::pure::metamodel::type::Type cannot also bind Class<meta::pure::metamodel::type::Any>	compiler.spec.SpecCompiler.compile:108
FAILED	meta::pure::functions::meta::tests::testFindExpressionsForFunctionInFunctionDefinition__Boolean_1_	ResolutionException	'new_Class_1__String_1__T_1_' is not a known class, mapping, runtime, connection, or database — user elements in a query need a fully qualified name	compiler.spec.Typer.classReference:982
FAILED	meta::pure::functions::variant::tests::convert::to::model::testToClassWithInheritanceAndInstanceOf_withTypeLookup_Function_1__Boolean_1_	TypeInferenceException	in function 'meta::pure::functions::variant::tests::convert::to::model::testToClassWithInheritanceAndInstanceOf_withTypeLookup': no overload of 'meta::pure::functions::variant::convert::toMany' accepts 4 argument(s)	compiler.spec.SpecCompiler.compile:108
FAILED	meta::pure::functions::variant::tests::convert::to::model::testToClassWithInheritanceUsingCustomTypeProperty_Function_1__Boolean_1_	TypeInferenceException	in function 'meta::pure::functions::variant::tests::convert::to::model::testToClassWithInheritanceUsingCustomTypeProperty': no overload of 'meta::pure::functions::variant::convert::to' accepts 4 argument(s)	compiler.spec.SpecCompiler.compile:108
FAILED	meta::pure::functions::variant::tests::convert::to::model::testToClassWithInheritanceUsingCustomTypePropertyAndClassToType_Function_1__Boolean_1_	TypeInferenceException	in function 'meta::pure::functions::variant::tests::convert::to::model::testToClassWithInheritanceUsingCustomTypePropertyAndClassToType': no overload of 'meta::pure::functions::variant::convert::to' accepts 4 argument(s)	compiler.spec.SpecCompiler.compile:108
FAILED	meta::pure::graphFetch::addPropertyGraphFetchTrees_GraphFetchTree_1__PropertyPathTree_1__Class_1__GraphFetchTree_1_	TypeInferenceException	in function 'meta::pure::graphFetch::addPropertyGraphFetchTrees': no overload of 'meta::pure::graphFetch::addPropertyGraphFetchTrees' accepts 2 argument(s)	compiler.spec.SpecCompiler.compile:108
FAILED	meta::pure::graphFetch::addPropertyGraphFetchTrees_GraphFetchTree_1__PropertyPathTree_1__Class_1__PropertyPathNode_1__GraphFetchTree_1_	TypeInferenceException	in function 'meta::pure::graphFetch::addPropertyGraphFetchTrees': expected meta::pure::graphFetch::SystemGeneratedPropertyGraphFetchTree, got meta::pure::graphFetch::PropertyGraphFetchTree	compiler.spec.SpecCompiler.compile:108
FAILED	meta::pure::graphFetch::addSubTrees_GraphFetchTree_1__PropertyGraphFetchTree_MANY__GraphFetchTree_1_	TypeInferenceException	in function 'meta::pure::graphFetch::addSubTrees': in call to 'meta::pure::graphFetch::addSubTree', argument 2: expected meta::pure::graphFetch::PropertyGraphFetchTree, got meta::pure::graphFetch::GraphFetchTree	compiler.spec.SpecCompiler.compile:108
FAILED	meta::pure::graphFetch::addSubTypeTrees_GraphFetchTree_1__SubTypeGraphFetchTree_MANY__GraphFetchTree_1_	TypeInferenceException	in function 'meta::pure::graphFetch::addSubTypeTrees': in call to 'meta::pure::graphFetch::addSubTypeTree', argument 2: expected meta::pure::graphFetch::SubTypeGraphFetchTree, got meta::pure::graphFetch::GraphFetchTree	compiler.spec.SpecCompiler.compile:108
FAILED	meta::pure::graphFetch::enrichSourceTreeNodeForProperty_GraphFetchTree_1__Mapping_1__PureInstanceSetImplementation_1__PropertyGraphFetchTree_1__Extension_MANY__Map_1__Pair_1_	TypeInferenceException	in function 'meta::pure::graphFetch::enrichSourceTreeNodeForProperty': no overload of 'meta::pure::graphFetch::addPassThroughSubTreesAtPath' accepts 3 argument(s)	compiler.spec.SpecCompiler.compile:108
FAILED	meta::pure::graphFetch::enrichSourceTreeNodeForPropertyPath_GraphFetchTree_1__Class_1__ScanPropertiesState_$0_1$__GraphFetchTree_1_	TypeInferenceException	in function 'meta::pure::graphFetch::enrichSourceTreeNodeForPropertyPath': in call to 'meta::pure::graphFetch::recordQualifiedProperties', argument 2: expected meta::pure::functions::collection::List, got meta::pure::graphFetch::GraphFetchTree	compiler.spec.SpecCompiler.compile:108
FAILED	meta::pure::graphFetch::ensureFunctionRequirements_GraphFetchTree_1__Class_1__Function_1__Class_MANY__Boolean_1__GraphFetchTree_1_	TypeInferenceException	in function 'meta::pure::graphFetch::ensureFunctionRequirements': in call to 'meta::pure::graphFetch::recordQualifiedProperties', argument 2: expected meta::pure::functions::collection::List, got meta::pure::graphFetch::GraphFetchTree	compiler.spec.SpecCompiler.compile:108
FAILED	meta::pure::graphFetch::ensureFunctionRequirementsFromLambda_GraphFetchTree_1__Class_1__FunctionDefinition_1__Class_MANY__Boolean_1__GraphFetchTree_1_	TypeInferenceException	in function 'meta::pure::graphFetch::ensureFunctionRequirementsFromLambda': in call to 'meta::pure::graphFetch::recordQualifiedProperties', argument 2: expected meta::pure::functions::collection::List, got meta::pure::graphFetch::GraphFetchTree	compiler.spec.SpecCompiler.compile:108
FAILED	meta::pure::graphFetch::executionPlan::planStoreUnionGraphFetchExecution_StoreQuery_1__RoutedValueSpecification_$0_1$__InstanceSetImplementation_MANY__Mapping_1__Runtime_1__ExecutionContext_1__Extension_MANY__DebugContext_1__ExecutionNode_1_	ResolutionException	'system::imports::coreImport' is not a known class, mapping, runtime, connection, or database	compiler.spec.Typer.classReference:982
FAILED	meta::pure::graphFetch::routing::createFunctionApplicationForPropertyGraphFetchTree_PropertyGraphFetchTree_1__ValueSpecification_1__FunctionExpression_1_	ResolutionException	'system::imports::coreImport' is not a known class, mapping, runtime, connection, or database	compiler.spec.Typer.classReference:982
FAILED	meta::pure::graphFetch::routing::createGetAllApplicationForRootGraphFetchTree_RootGraphFetchTree_1__SetImplementation_1__FunctionExpression_1_	ResolutionException	'system::imports::coreImport' is not a known class, mapping, runtime, connection, or database	compiler.spec.Typer.classReference:982
FAILED	meta::pure::graphFetch::routing::createGetAllApplicationForRootGraphFetchTree_RootGraphFetchTree_1__FunctionExpression_1_	ResolutionException	'system::imports::coreImport' is not a known class, mapping, runtime, connection, or database	compiler.spec.Typer.classReference:982
FAILED	meta::pure::graphFetch::routing::routePropertyGraphFetchTree_PropertyGraphFetchTree_1__ValueSpecification_1__Mapping_1__Extension_MANY__RoutedPropertyGraphFetchTree_$0_1$_	TypeInferenceException	in function 'meta::pure::graphFetch::routing::routePropertyGraphFetchTree': no overload of 'meta::pure::router::routeFunction' accepts 7 argument(s)	compiler.spec.SpecCompiler.compile:108
FAILED	meta::pure::graphFetch::routing::routeRootGraphFetchTree_RootGraphFetchTree_1__SetImplementation_1__Mapping_1__ExecutionContext_1__Extension_MANY__RoutedRootGraphFetchTree_1_	TypeInferenceException	in function 'meta::pure::graphFetch::routing::routeRootGraphFetchTree': no overload of 'meta::pure::router::routeFunction' accepts 7 argument(s)	compiler.spec.SpecCompiler.compile:108
FAILED	meta::pure::graphFetch::tests::XStore::milestoning::testCrossStoreGraphFetchWithRelationalDatePropagationForMilestonedPropertyConstraint__Boolean_1_	TypeInferenceException	in function 'meta::pure::graphFetch::tests::XStore::milestoning::testCrossStoreGraphFetchWithRelationalDatePropagationForMilestonedPropertyConstraint': in call to 'meta::legend::executeLegendQuery', argument 1: expected meta::pure::metamodel::function::FunctionDefinition, got {String[1] -> String[1]}	compiler.spec.SpecCompiler.compile:108
FAILED	meta::pure::graphFetch::tests::XStore::milestoning::testCrossStoreGraphFetchWithRelationalDatePropagationForMilestonedPropertyZeroToOne__Boolean_1_	TypeInferenceException	in function 'meta::pure::graphFetch::tests::XStore::milestoning::testCrossStoreGraphFetchWithRelationalDatePropagationForMilestonedPropertyZeroToOne': in call to 'meta::legend::executeLegendQuery', argument 1: expected meta::pure::metamodel::function::FunctionDefinition, got {String[1] -> String[1]}	compiler.spec.SpecCompiler.compile:108
FAILED	meta::pure::graphFetch::tests::m2m2r::milestoning::milestonedSourceToMilestonedTargetProperty::testWithHardcodedDate_ViaNoArgMapping__Boolean_1_	TypeInferenceException	in function 'meta::pure::graphFetch::tests::m2m2r::milestoning::milestonedSourceToMilestonedTargetProperty::testWithHardcodedDate_ViaNoArgMapping': from() argument 1 must be a mapping or runtime reference, got TypedVariable	compiler.spec.SpecCompiler.compile:108
FAILED	meta::pure::graphFetch::tests::m2m2r::milestoning::milestonedSourceToNonMilestonedTargetProperty::testFlatten_ViaNoArgMapping__Boolean_1_	TypeInferenceException	in function 'meta::pure::graphFetch::tests::m2m2r::milestoning::milestonedSourceToNonMilestonedTargetProperty::testFlatten_ViaNoArgMapping': from() argument 1 must be a mapping or runtime reference, got TypedVariable	compiler.spec.SpecCompiler.compile:108
FAILED	meta::pure::graphFetch::tests::m2m2r::milestoning::milestonedSourceToNonMilestonedTargetProperty::testFlatten_ViaNoArgMapping_ViaAssociation__Boolean_1_	TypeInferenceException	in function 'meta::pure::graphFetch::tests::m2m2r::milestoning::milestonedSourceToNonMilestonedTargetProperty::testFlatten_ViaNoArgMapping_ViaAssociation': from() argument 1 must be a mapping or runtime reference, got TypedVariable	compiler.spec.SpecCompiler.compile:108
FAILED	meta::pure::graphFetch::tests::m2m2r::milestoning::milestonedSourceToNonMilestonedTargetProperty::testWithHardcodedDate_ViaNoArgMapping__Boolean_1_	TypeInferenceException	in function 'meta::pure::graphFetch::tests::m2m2r::milestoning::milestonedSourceToNonMilestonedTargetProperty::testWithHardcodedDate_ViaNoArgMapping': from() argument 1 must be a mapping or runtime reference, got TypedVariable	compiler.spec.SpecCompiler.compile:108
FAILED	meta::pure::graphFetch::tests::m2m2r::milestoning::milestonedSourceToNonMilestonedTargetProperty::test_ViaNoArgMapping__Boolean_1_	TypeInferenceException	in function 'meta::pure::graphFetch::tests::m2m2r::milestoning::milestonedSourceToNonMilestonedTargetProperty::test_ViaNoArgMapping': from() argument 1 must be a mapping or runtime reference, got TypedVariable	compiler.spec.SpecCompiler.compile:108
FAILED	meta::pure::graphFetch::tests::propertyTreeConversion::tesSubTypeOnRoot_accessFromBaseAndMultipleSubTypes_baseAndSingleSubTypeProperties__Boolean_1_	ResolutionException	'Location' is not a known class, mapping, runtime, connection, or database — user elements in a query need a fully qualified name	compiler.spec.Typer.classReference:982
FAILED	meta::pure::graphFetch::tests::propertyTreeConversion::tesSubTypeOnRoot_accessFromBaseAndMultipleSubTypes_baseTypeProperties__Boolean_1_	ResolutionException	'Location' is not a known class, mapping, runtime, connection, or database — user elements in a query need a fully qualified name	compiler.spec.Typer.classReference:982
FAILED	meta::pure::graphFetch::tests::propertyTreeConversion::tesSubTypeOnRoot_accessFromBaseAndMultipleSubTypes_subTypeProperties__Boolean_1_	ResolutionException	'Location' is not a known class, mapping, runtime, connection, or database — user elements in a query need a fully qualified name	compiler.spec.Typer.classReference:982
FAILED	meta::pure::graphFetch::tests::propertyTreeConversion::tesSubTypeOnRoot_accessFromBaseAndSubType_baseAndSingleSubTypeProperties__Boolean_1_	ResolutionException	'Location' is not a known class, mapping, runtime, connection, or database — user elements in a query need a fully qualified name	compiler.spec.Typer.classReference:982
FAILED	meta::pure::graphFetch::tests::propertyTreeConversion::tesSubTypeOnRoot_accessFromBaseAndSubType_baseTypeProperties__Boolean_1_	ResolutionException	'Location' is not a known class, mapping, runtime, connection, or database — user elements in a query need a fully qualified name	compiler.spec.Typer.classReference:982
FAILED	meta::pure::graphFetch::tests::propertyTreeConversion::tesSubTypeOnRoot_accessFromBaseAndSubType_subTypeProperties__Boolean_1_	ResolutionException	'Location' is not a known class, mapping, runtime, connection, or database — user elements in a query need a fully qualified name	compiler.spec.Typer.classReference:982
FAILED	meta::pure::graphFetch::tests::propertyTreeConversion::tesSubTypeOnRoot_accessFromBaseType_baseTypeProperties__Boolean_1_	ResolutionException	'Location' is not a known class, mapping, runtime, connection, or database — user elements in a query need a fully qualified name	compiler.spec.Typer.classReference:982
FAILED	meta::pure::graphFetch::tests::propertyTreeConversion::tesSubTypeOnRoot_accessFromSubType_baseAndSingleSubTypeProperties__Boolean_1_	ResolutionException	'Street' is not a known class, mapping, runtime, connection, or database — user elements in a query need a fully qualified name	compiler.spec.Typer.classReference:982
FAILED	meta::pure::graphFetch::tests::propertyTreeConversion::tesSubTypeOnRoot_accessFromSubType_baseTypeProperties__Boolean_1_	ResolutionException	'Street' is not a known class, mapping, runtime, connection, or database — user elements in a query need a fully qualified name	compiler.spec.Typer.classReference:982
FAILED	meta::pure::graphFetch::tests::propertyTreeConversion::tesSubTypeOnRoot_accessFromSubType_subTypeProperties__Boolean_1_	ResolutionException	'Street' is not a known class, mapping, runtime, connection, or database — user elements in a query need a fully qualified name	compiler.spec.Typer.classReference:982
FAILED	meta::pure::graphFetch::tests::propertyTreeConversion::testPropertyTreeConversion__Boolean_1_	TypeInferenceException	in function 'meta::pure::graphFetch::tests::propertyTreeConversion::testPropertyTreeConversion': deferred let binding '$expected' has no type outside a consuming call position (tree/colspec bindings resolve at their call sites)	compiler.spec.SpecCompiler.compile:108
FAILED	meta::pure::graphFetch::tests::routing::crossStore::testM2MTreeCrossStoreRouting__Boolean_1_	ResolutionException	'meta::pure::mapping::modelToModel::test::crossStore::crossStoreModelMapping' is not a known class, mapping, runtime, connection, or database	compiler.spec.Typer.classReference:982
FAILED	meta::pure::graphFetch::tests::routing::crossStore::testM2MTreeCrossStoreRoutingWithLocalMappingProperty__Boolean_1_	ResolutionException	'meta::pure::mapping::modelToModel::test::crossStore::crossStoreModelMappingWithLocalMappingProperty' is not a known class, mapping, runtime, connection, or database	compiler.spec.Typer.classReference:982
FAILED	meta::pure::graphFetch::tests::routing::testSimpleM2MTreeRouting__Boolean_1_	ResolutionException	'meta::pure::mapping::modelToModel::test::simple::simpleModelMappingWithAssociation' is not a known class, mapping, runtime, connection, or database	compiler.spec.Typer.classReference:982
FAILED	meta::pure::graphFetch::tests::routing::testSimpleM2MTreeRoutingUsingNonRootSet__Boolean_1_	ResolutionException	'meta::pure::mapping::modelToModel::test::simple::simpleModelMappingWithMultipleClassMappings' is not a known class, mapping, runtime, connection, or database	compiler.spec.Typer.classReference:982
FAILED	meta::pure::graphFetch::tests::routing::testSimpleM2MTreeRoutingWithAssociation__Boolean_1_	ResolutionException	'meta::pure::mapping::modelToModel::test::simple::simpleModelMappingWithAssociation' is not a known class, mapping, runtime, connection, or database	compiler.spec.Typer.classReference:982
FAILED	meta::pure::lineage::scanExecutes::processFuncDef_FunctionDefinition_1__Payload_1__Boolean_1__Payload_1_	TypeInferenceException	in function 'meta::pure::lineage::scanExecutes::processFuncDef': in call to 'meta::pure::functions::relation::concatenate', argument 2: type variable T bound to Function<meta::pure::metamodel::type::Any> cannot also bind FunctionDefinition<meta::pure::metamodel::type::Any>	compiler.spec.SpecCompiler.compile:108
FAILED	meta::pure::lineage::scanExecutes::scan_Any_1__Payload_1__Payload_1_	ResolutionException	'new_Class_1__String_1__KeyExpression_MANY__T_1_' is not a known class, mapping, runtime, connection, or database — user elements in a query need a fully qualified name	compiler.spec.Typer.classReference:982
FAILED	meta::pure::lineage::scanProject::createGetAllApplicationForRootGraphFetchTree_RootGraphFetchTree_1__FunctionExpression_1_	ResolutionException	'system::imports::coreImport' is not a known class, mapping, runtime, connection, or database	compiler.spec.Typer.classReference:982
FAILED	meta::pure::lineage::scanProperties::internal_scanProperties_ValueSpecification_1__Function_MANY__Map_1__ScanConfig_1__Map_1__DebugContext_1__ScanPropertiesState_$0_1$_	TypeInferenceException	in function 'meta::pure::lineage::scanProperties::internal_scanProperties': in call to 'meta::pure::functions::collection::concatenate', argument 2: type variable T bound to Function<meta::pure::metamodel::type::Any> cannot also bind QualifiedProperty<meta::pure::metamodel::type::Any>	compiler.spec.SpecCompiler.compile:108
FAILED	meta::pure::lineage::scanProperties::processQualifier_QualifiedProperty_1__Class_1__ValueSpecification_MANY__List_1__Function_MANY__Map_1__Boolean_1__ScanConfig_1__Map_1__DebugContext_1__List_1_	TypeInferenceException	in function 'meta::pure::lineage::scanProperties::processQualifier': in call to 'meta::pure::functions::collection::concatenate', argument 2: type variable T bound to Function<meta::pure::metamodel::type::Any> cannot also bind QualifiedProperty<meta::pure::metamodel::type::Any>	compiler.spec.SpecCompiler.compile:108
FAILED	meta::pure::mapping::aggregationAware::canRewrite_ValueSpecification_1__Class_1__MappingClass_1__ProjectPath_MANY__Map_1__Map_1__Boolean_1_	IllegalStateException	cannot union multiplicities [m] and [*] (an unresolved variable met a different bound)	compiler.element.type.Multiplicity.union:94
FAILED	meta::pure::mapping::aggregationAware::contract::execution_StoreQuery_1__RoutedValueSpecification_$0_1$__Mapping_1__Runtime_1__ExecutionContext_1__Extension_MANY__DebugContext_1__Result_1_	TypeInferenceException	in function 'meta::pure::mapping::aggregationAware::contract::execution': no overload of 'meta::pure::router::printer::asString' structurally matches the argument types (ExprType[type=FunctionType[params=[], result=Param[type=ClassType[fqn=meta::pure::metamodel::type::Any], multiplicity=Bounded[lower=0, upper=null]]], multiplicity=Bounded[lower=1, upper=1]]); [TypedParameter[name=v, type=ClassType[fqn=meta::pure::metamodel::valuespecification::ValueSpecification], multiplicity=Bounded[lower=1, upper=1]]]; [TypedParameter[name=f, type=GenericType[rawFqn=meta::pure::metamodel::function::Function, arguments=[ClassType[fqn=meta::pure::metamodel::type::Any]], multArguments=[]], multiplicity=Bounded[lower=1, upper=1]]]	compiler.spec.SpecCompiler.compile:108
FAILED	meta::pure::mapping::aggregationAware::generateProjectPath_ValueSpecification_1__Map_1__Map_1__ProjectPath_1_	IllegalStateException	cannot union multiplicities [m] and [*] (an unresolved variable met a different bound)	compiler.element.type.Multiplicity.union:94
FAILED	meta::pure::mapping::aggregationAware::reprocessFunction_ValueSpecification_1__Map_1__RoutedValueSpecification_$0_1$__Mapping_1__DebugContext_1__LambdaFunction_1_	TypeInferenceException	in function 'meta::pure::mapping::aggregationAware::reprocessFunction': reflection property 'multiplicity' over deactivate is not modeled (only genericType.rawType is)	compiler.spec.SpecCompiler.compile:108
FAILED	meta::pure::mapping::aggregationAware::reprocessVS_ValueSpecification_1__ValueSpecification_1_	TypeInferenceException	in function 'meta::pure::mapping::aggregationAware::reprocessVS': meta::pure::functions::lang::cast expects (source, @Type)	compiler.spec.SpecCompiler.compile:108
FAILED	meta::pure::mapping::modelToModel::chain::createEqualFunctionExpression_VariableExpression_1__Any_1__SimpleFunctionExpression_1_	ResolutionException	'system::imports::coreImport' is not a known class, mapping, runtime, connection, or database	compiler.spec.Typer.classReference:982
FAILED	meta::pure::mapping::modelToModel::chain::createInFunctionExpression_VariableExpression_1__Any_MANY__SimpleFunctionExpression_1_	ResolutionException	'system::imports::coreImport' is not a known class, mapping, runtime, connection, or database	compiler.spec.Typer.classReference:982
FAILED	meta::pure::mapping::modelToModel::chain::createNestedIfElseFunctionExpression_EnumValueMapping_MANY__VariableExpression_1__SimpleFunctionExpression_1_	ResolutionException	'system::imports::coreImport' is not a known class, mapping, runtime, connection, or database	compiler.spec.Typer.classReference:982
FAILED	meta::pure::mapping::modelToModel::chain::executeChain_StoreQuery_1__StoreMappingRoutedValueSpecification_$0_1$__Mapping_1__ModelChainConnection_1__Runtime_1__ExecutionContext_1__Extension_MANY__DebugContext_1__Result_1_	TypeInferenceException	in function 'meta::pure::mapping::modelToModel::chain::executeChain': reflection property 'multiplicity' over deactivate is not modeled (only genericType.rawType is)	compiler.spec.SpecCompiler.compile:108
FAILED	meta::pure::mapping::modelToModel::chain::identifyTDSColumns_FunctionExpression_1__Extension_MANY__TDSColumn_MANY_	TypeInferenceException	in function 'meta::pure::mapping::modelToModel::chain::identifyTDSColumns': NormalizeRequired function 'meta::pure::tds::schema::resolveSchema' has non-let intermediate statements — cannot inline	compiler.spec.SpecCompiler.compile:108
FAILED	meta::pure::mapping::modelToModel::chain::reprocess_ValueSpecification_1__StoreMappingRoutedValueSpecification_$0_1$__Mapping_1__Mapping_MANY__FunctionRoutedValueSpecification_$0_1$__Boolean_1__Extension_MANY__Res_1_	TypeInferenceException	in function 'meta::pure::mapping::modelToModel::chain::reprocess': unknown enumeration 'system::imports'	compiler.spec.SpecCompiler.compile:108
FAILED	meta::pure::mapping::modelToModel::contract::supports_FunctionExpression_1__Boolean_1_	TypeInferenceException	in function 'meta::pure::mapping::modelToModel::contract::supports': no common supertype for T and Checked<T>	compiler.spec.SpecCompiler.compile:108
FAILED	meta::pure::mapping::modelToModel::graphFetch::executionPlan::planCrossStoreGraphFetchExecutionInMemory_StoreMappingClusteredGraphFetchTree_1__String_MANY__String_1__Map_1__Mapping_1__Runtime_1__ExecutionContext_1__Boolean_1__Boolean_1__Extension_MANY__DebugContext_1__InMemoryCrossStoreGraphFetchExecutionNode_1_	TypeInferenceException	in function 'meta::pure::mapping::modelToModel::graphFetch::executionPlan::planCrossStoreGraphFetchExecutionInMemory': in call to 'meta::pure::functions::collection::get', argument 2: type variable U bound to Class<meta::pure::metamodel::type::Any> cannot also bind meta::pure::metamodel::type::Type	compiler.spec.SpecCompiler.compile:108
FAILED	meta::pure::mapping::modelToModel::graphFetch::executionPlan::planInMemoryStoreMergeGraphFetchExecution_StoreQuery_1__RoutedValueSpecification_$0_1$__InstanceSetImplementation_MANY__Mapping_1__Runtime_1__ExecutionContext_1__Extension_MANY__DebugContext_1__ExecutionNode_1_	ResolutionException	'system::imports::coreImport' is not a known class, mapping, runtime, connection, or database	compiler.spec.Typer.classReference:982
FAILED	meta::pure::mapping::modelToModel::graphFetch::executionPlan::planModelQueryConnectionGraphFetchExecution_ModelQueryConnection_1__Store_1__RootGraphFetchTree_1__ExecutionContext_1__Map_1__Boolean_1__Boolean_1__Extension_MANY__DebugContext_1__ExecutionNode_1_	ResolutionException	'system::imports::coreImport' is not a known class, mapping, runtime, connection, or database	compiler.spec.Typer.classReference:982
FAILED	meta::pure::mapping::modelToModel::graphFetch::executionPlan::planRootGraphFetchExecutionInMemory_StoreQuery_1__RoutedValueSpecification_$0_1$__StoreMappingClusteredGraphFetchTree_1__String_MANY__Mapping_1__Runtime_1__ExecutionContext_1__Boolean_1__Boolean_1__Extension_MANY__DebugContext_1__InMemoryRootGraphFetchExecutionNode_1_	TypeInferenceException	in function 'meta::pure::mapping::modelToModel::graphFetch::executionPlan::planRootGraphFetchExecutionInMemory': in call to 'meta::pure::functions::collection::get', argument 2: type variable U bound to Class<meta::pure::metamodel::type::Any> cannot also bind meta::pure::metamodel::type::Type	compiler.spec.SpecCompiler.compile:108
FAILED	meta::pure::mapping::modelToModel::inMemory::inMemoryGetAll_PureInstanceSetImplementation_1__StoreMappingRoutedValueSpecification_1__Mapping_1__ModelConnection_1__Runtime_1__ExecutionContext_1__Extension_MANY__DebugContext_1__Any_MANY_	TypeInferenceException	in function 'meta::pure::mapping::modelToModel::inMemory::inMemoryGetAll': in call to 'meta::pure::functions::collection::get', argument 2: type variable U bound to Class<meta::pure::metamodel::type::Any> cannot also bind meta::pure::metamodel::type::Type	compiler.spec.SpecCompiler.compile:108
FAILED	meta::pure::mapping::modelToModel::test::alloy::autoMapping::testAutomappedSubtypes__Boolean_1_	TypeInferenceException	in function 'meta::pure::mapping::modelToModel::test::alloy::autoMapping::testAutomappedSubtypes': from() argument 1 must be a mapping or runtime reference, got TypedVariable	compiler.spec.SpecCompiler.compile:108
FAILED	meta::pure::mapping::modelToModel::test::alloy::autoMapping::testComplexTypePassThrougSourceTreeCalculation__Boolean_1_	TypeInferenceException	in function 'meta::pure::mapping::modelToModel::test::alloy::autoMapping::testComplexTypePassThrougSourceTreeCalculation': deferred let binding '$tree' has no type outside a consuming call position (tree/colspec bindings resolve at their call sites)	compiler.spec.SpecCompiler.compile:108
FAILED	meta::pure::mapping::modelToModel::test::alloy::autoMapping::testComplexTypePassThrougSourceTreeCalculationWithSubType__Boolean_1_	ArrayIndexOutOfBoundsException	Index 0 out of bounds for length 0	compiler.spec.InferenceKernel.lambda$resolveOverload$2:1206
FAILED	meta::pure::mapping::modelToModel::test::alloy::autoMapping::testComplexTypePassThroughAtPropertyLevel__Boolean_1_	ArrayIndexOutOfBoundsException	Index 0 out of bounds for length 0	compiler.spec.InferenceKernel.lambda$resolveOverload$2:1206
FAILED	meta::pure::mapping::modelToModel::test::alloy::autoMapping::testComplexTypePassThroughSimple__Boolean_1_	ArrayIndexOutOfBoundsException	Index 0 out of bounds for length 0	compiler.spec.InferenceKernel.lambda$resolveOverload$2:1206
FAILED	meta::pure::mapping::modelToModel::test::alloy::autoMapping::testComplexTypePassThroughViaPropertyAccess__Boolean_1_	ArrayIndexOutOfBoundsException	Index 0 out of bounds for length 0	compiler.spec.InferenceKernel.lambda$resolveOverload$2:1206
FAILED	meta::pure::mapping::modelToModel::test::alloy::autoMapping::testComplexTypePassThroughViaUserDefinedFunction__Boolean_1_	ArrayIndexOutOfBoundsException	Index 0 out of bounds for length 0	compiler.spec.InferenceKernel.lambda$resolveOverload$2:1206
FAILED	meta::pure::mapping::modelToModel::test::alloy::autoMapping::testComplexTypePassThroughWithConcatenateFunction__Boolean_1_	TypeInferenceException	in function 'meta::pure::mapping::modelToModel::test::alloy::autoMapping::testComplexTypePassThroughWithConcatenateFunction': from() argument 1 must be a mapping or runtime reference, got TypedVariable	compiler.spec.SpecCompiler.compile:108
FAILED	meta::pure::mapping::modelToModel::test::alloy::autoMapping::testComplexTypePassThroughWithNestedProperties__Boolean_1_	ArrayIndexOutOfBoundsException	Index 0 out of bounds for length 0	compiler.spec.InferenceKernel.lambda$resolveOverload$2:1206
FAILED	meta::pure::mapping::modelToModel::test::alloy::autoMapping::testComplexTypePassThroughWithNestedSubType__Boolean_1_	ArrayIndexOutOfBoundsException	Index 0 out of bounds for length 0	compiler.spec.InferenceKernel.lambda$resolveOverload$2:1206
FAILED	meta::pure::mapping::modelToModel::test::alloy::autoMapping::testComplexTypePassThroughWithSubType__Boolean_1_	ArrayIndexOutOfBoundsException	Index 0 out of bounds for length 0	compiler.spec.InferenceKernel.lambda$resolveOverload$2:1206
FAILED	meta::pure::mapping::modelToModel::test::alloy::autoMapping::testComplexTypePassThroughWithoutAnyOtherProperty__Boolean_1_	ArrayIndexOutOfBoundsException	Index 0 out of bounds for length 0	compiler.spec.InferenceKernel.lambda$resolveOverload$2:1206
FAILED	meta::pure::mapping::modelToModel::test::alloy::autoMapping::testMultipleComplexTypePassThrough__Boolean_1_	TypeInferenceException	in function 'meta::pure::mapping::modelToModel::test::alloy::autoMapping::testMultipleComplexTypePassThrough': from() argument 1 must be a mapping or runtime reference, got TypedVariable	compiler.spec.SpecCompiler.compile:108
FAILED	meta::pure::mapping::modelToModel::test::alloy::constraints::_B$constraint$0__B_1__Boolean_1_	TypeInferenceException	in function 'meta::pure::mapping::modelToModel::test::alloy::constraints::_B$constraint$0': graph-fetch tree #{meta::pure::mapping::modelToModel::test::alloy::constraints::A{...}}# types only as the tree argument of graphFetch, graphFetchChecked, serialize or isDistinct	compiler.spec.SpecCompiler.compile:108
FAILED	meta::pure::mapping::modelToModel::test::alloy::constraints::_C$constraint$0__C_1__Boolean_1_	NotImplementedException	isDistinct by a tree of 1 leaves — 2 to 6 supported (one leaf: isDistinct over the property itself)	compiler.spec.IsDistinctChecker.check:58
FAILED	meta::pure::mapping::modelToModel::test::alloy::filterGraphFetch::FilterOnEnum__Boolean_1_	ResolutionException	'meta::pure::mapping::modelToModel::test::simple::ModelMappingWithJoinToExtendedProperty' is not a known class, mapping, runtime, connection, or database	compiler.spec.Typer.classReference:982
FAILED	meta::pure::mapping::modelToModel::test::alloy::filterGraphFetch::filterOnAssociationChecked__Boolean_1_	ResolutionException	'simpleModelMappingWithAssociation' is not a known class, mapping, runtime, connection, or database — user elements in a query need a fully qualified name	compiler.spec.Typer.classReference:982
FAILED	meta::pure::mapping::modelToModel::test::alloy::filterGraphFetch::filterOnAssociationNonChecked__Boolean_1_	ResolutionException	'simpleModelMappingWithAssociation' is not a known class, mapping, runtime, connection, or database — user elements in a query need a fully qualified name	compiler.spec.Typer.classReference:982
FAILED	meta::pure::mapping::modelToModel::test::alloy::filterGraphFetch::simpleFilter__Boolean_1_	ResolutionException	'simpleModelMappingWithAssociation' is not a known class, mapping, runtime, connection, or database — user elements in a query need a fully qualified name	compiler.spec.Typer.classReference:982
FAILED	meta::pure::mapping::modelToModel::test::alloy::filterGraphFetch::simpleFilterWithParameter__Boolean_1_	ResolutionException	'simpleModelMappingWithAssociation' is not a known class, mapping, runtime, connection, or database — user elements in a query need a fully qualified name	compiler.spec.Typer.classReference:982
FAILED	meta::pure::mapping::modelToModel::test::alloy::milestoning::model::M2MMappingNestedMilestonedTargetFromMilestonedSource$class$meta::pure::mapping::modelToModel::test::alloy::milestoning::model::T_Owner__T_Owner_MANY_	TypeInferenceException	in function 'meta::pure::mapping::modelToModel::test::alloy::milestoning::model::M2MMappingNestedMilestonedTargetFromMilestonedSource$class$meta::pure::mapping::modelToModel::test::alloy::milestoning::model::T_Owner': property 'vehicle' of 'meta::pure::mapping::modelToModel::test::alloy::milestoning::model::T_Owner' declares multiplicity Bounded[lower=1, upper=1] but the value has Bounded[lower=0, upper=null]	compiler.spec.SpecCompiler.compile:108
FAILED	meta::pure::mapping::modelToModel::test::alloy::simple::TargetClassInstantiation__Boolean_1_	TypeInferenceException	in function 'meta::pure::mapping::modelToModel::test::alloy::simple::TargetClassInstantiation': in call to 'meta::legend::executeLegendQuery', argument 1: expected meta::pure::metamodel::function::FunctionDefinition, got { -> String[1]}	compiler.spec.SpecCompiler.compile:108
FAILED	meta::pure::mapping::modelToModel::test::alloy::simple::mapFunction::simpleM2MUsingMap__Boolean_1_	TypeInferenceException	in function 'meta::pure::mapping::modelToModel::test::alloy::simple::mapFunction::simpleM2MUsingMap': in call to 'meta::legend::executeLegendQuery', argument 1: expected meta::pure::metamodel::function::FunctionDefinition, got { -> String[1]}	compiler.spec.SpecCompiler.compile:108
FAILED	meta::pure::mapping::modelToModel::test::alloy::simple::withSubType::rootLevel::sourceRoot::testMultipleSubTypes_instanceOf__Boolean_1_	ResolutionException	'meta::pure::graphFetch::tests::sourceTreeCalc::withSubType::rootLevel::sourceRoot::testMappingWithMultipleSubTypes_instanceOf' is not a known class, mapping, runtime, connection, or database	compiler.spec.Typer.classReference:982
FAILED	meta::pure::mapping::modelToModel::test::alloy::simple::withSubType::rootLevel::sourceRoot::testMultipleSubTypes_instanceOf_Checked__Boolean_1_	ResolutionException	'meta::pure::graphFetch::tests::sourceTreeCalc::withSubType::rootLevel::sourceRoot::testMappingWithMultipleSubTypes_instanceOf' is not a known class, mapping, runtime, connection, or database	compiler.spec.Typer.classReference:982
FAILED	meta::pure::mapping::modelToModel::test::alloy::simple::withSubType::rootLevel::sourceRoot::testMultipleSubTypes_match__Boolean_1_	ResolutionException	'meta::pure::graphFetch::tests::sourceTreeCalc::withSubType::rootLevel::sourceRoot::testMappingWithMultipleSubTypes_match' is not a known class, mapping, runtime, connection, or database	compiler.spec.Typer.classReference:982
FAILED	meta::pure::mapping::modelToModel::test::alloy::simple::withSubType::rootLevel::sourceRoot::testMultipleSubTypes_match_functionCall__Boolean_1_	ResolutionException	'meta::pure::graphFetch::tests::sourceTreeCalc::withSubType::rootLevel::sourceRoot::testMappingWithMultipleSubTypes_match_functionCall' is not a known class, mapping, runtime, connection, or database	compiler.spec.Typer.classReference:982
FAILED	meta::pure::mapping::modelToModel::test::alloy::simple::withSubType::rootLevel::sourceRoot::testMultipleSubTypes_noPropertyAccess_instanceOf__Boolean_1_	ResolutionException	'meta::pure::graphFetch::tests::sourceTreeCalc::withSubType::rootLevel::sourceRoot::testMappingWithMultipleSubTypes_noPropertyAccess_instanceOf_returnStringValue' is not a known class, mapping, runtime, connection, or database	compiler.spec.Typer.classReference:982
FAILED	meta::pure::mapping::modelToModel::test::alloy::simple::withSubType::rootLevel::sourceRoot::testMultipleSubTypes_noPropertyAccess_instanceOf_checked__Boolean_1_	ResolutionException	'meta::pure::graphFetch::tests::sourceTreeCalc::withSubType::rootLevel::sourceRoot::testMappingWithMultipleSubTypes_noPropertyAccess_instanceOf_returnStringValue' is not a known class, mapping, runtime, connection, or database	compiler.spec.Typer.classReference:982
FAILED	meta::pure::mapping::modelToModel::test::alloy::simple::withSubType::rootLevel::sourceRoot::testMultipleSubTypes_noPropertyAccess_instanceOf_returnBooleanValue__Boolean_1_	ResolutionException	'meta::pure::graphFetch::tests::sourceTreeCalc::withSubType::rootLevel::sourceRoot::testMappingWithMultipleSubTypes_noPropertyAccess_instanceOf_returnBooleanValue' is not a known class, mapping, runtime, connection, or database	compiler.spec.Typer.classReference:982
FAILED	meta::pure::mapping::modelToModel::test::alloy::simple::withSubType::rootLevel::sourceRoot::testMultipleSubTypes_noPropertyAccess_match__Boolean_1_	ResolutionException	'meta::pure::graphFetch::tests::sourceTreeCalc::withSubType::rootLevel::sourceRoot::testMappingWithMultipleSubTypes_noPropertyAccess_match' is not a known class, mapping, runtime, connection, or database	compiler.spec.Typer.classReference:982
FAILED	meta::pure::mapping::modelToModel::test::alloy::simple::withSubType::rootLevel::sourceRoot::testMultipleSubTypes_noPropertyAccess_match_functionCall__Boolean_1_	ResolutionException	'meta::pure::graphFetch::tests::sourceTreeCalc::withSubType::rootLevel::sourceRoot::testMappingWithMultipleSubTypes_noPropertyAccess_match_functionCall' is not a known class, mapping, runtime, connection, or database	compiler.spec.Typer.classReference:982
FAILED	meta::pure::mapping::modelToModel::test::alloy::simple::withSubType::rootLevel::sourceRoot::testMultipleSubTypes_noPropertyAccess_match_functionCall_checked__Boolean_1_	ResolutionException	'meta::pure::graphFetch::tests::sourceTreeCalc::withSubType::rootLevel::sourceRoot::testMappingWithMultipleSubTypes_noPropertyAccess_match_functionCall' is not a known class, mapping, runtime, connection, or database	compiler.spec.Typer.classReference:982
FAILED	meta::pure::mapping::modelToModel::test::alloy::simple::withSubType::rootLevel::sourceRoot::testSingleSubType__Boolean_1_	ResolutionException	'Target' is not a known class, mapping, runtime, connection, or database — user elements in a query need a fully qualified name	compiler.spec.Typer.classReference:982
FAILED	meta::pure::mapping::modelToModel::test::alloy::simple::withSubType::rootLevel::sourceRoot::testSingleSubType_Checked__Boolean_1_	ResolutionException	'Target' is not a known class, mapping, runtime, connection, or database — user elements in a query need a fully qualified name	compiler.spec.Typer.classReference:982
FAILED	meta::pure::mapping::modelToModel::test::directConditionalCurrents::testDelegatedNamedDowncastsRetainSubtypeAndRootTerminals__Boolean_1_	TypeInferenceException	in function 'meta::pure::mapping::modelToModel::test::directConditionalCurrents::testDelegatedNamedDowncastsRetainSubtypeAndRootTerminals': deferred let binding '$targetTree' has no type outside a consuming call position (tree/colspec bindings resolve at their call sites)	compiler.spec.SpecCompiler.compile:108
FAILED	meta::pure::mapping::modelToModel::test::directConditionalCurrents::testDelegatedNamedFunctionRetainsEveryTerminal__Boolean_1_	TypeInferenceException	in function 'meta::pure::mapping::modelToModel::test::directConditionalCurrents::testDelegatedNamedFunctionRetainsEveryTerminal': deferred let binding '$targetTree' has no type outside a consuming call position (tree/colspec bindings resolve at their call sites)	compiler.spec.SpecCompiler.compile:108
FAILED	meta::pure::mapping::modelToModel::test::directConditionalCurrents::testDirectIfIsIndependentOfBranchOrder__Boolean_1_	TypeInferenceException	in function 'meta::pure::mapping::modelToModel::test::directConditionalCurrents::testDirectIfIsIndependentOfBranchOrder': deferred let binding '$targetTree' has no type outside a consuming call position (tree/colspec bindings resolve at their call sites)	compiler.spec.SpecCompiler.compile:108
FAILED	meta::pure::mapping::modelToModel::test::directConditionalCurrents::testDirectIfRetainsRootAndNavigationTerminals__Boolean_1_	TypeInferenceException	in function 'meta::pure::mapping::modelToModel::test::directConditionalCurrents::testDirectIfRetainsRootAndNavigationTerminals': deferred let binding '$targetTree' has no type outside a consuming call position (tree/colspec bindings resolve at their call sites)	compiler.spec.SpecCompiler.compile:108
FAILED	meta::pure::mapping::modelToModel::test::directConditionalCurrents::testFunctionCacheResolvesTerminalsAgainstEachArgument__Boolean_1_	TypeInferenceException	in function 'meta::pure::mapping::modelToModel::test::directConditionalCurrents::testFunctionCacheResolvesTerminalsAgainstEachArgument': deferred let binding '$targetTree' has no type outside a consuming call position (tree/colspec bindings resolve at their call sites)	compiler.spec.SpecCompiler.compile:108
FAILED	meta::pure::mapping::modelToModel::test::directConditionalCurrents::testNamedFunctionRetainsEveryTerminal__Boolean_1_	TypeInferenceException	in function 'meta::pure::mapping::modelToModel::test::directConditionalCurrents::testNamedFunctionRetainsEveryTerminal': deferred let binding '$targetTree' has no type outside a consuming call position (tree/colspec bindings resolve at their call sites)	compiler.spec.SpecCompiler.compile:108
FAILED	meta::pure::mapping::modelToModel::test::directConditionalCurrents::testNamedNavigationSourcedChildKeepsNavigatedTerminal__Boolean_1_	TypeInferenceException	in function 'meta::pure::mapping::modelToModel::test::directConditionalCurrents::testNamedNavigationSourcedChildKeepsNavigatedTerminal': deferred let binding '$targetTree' has no type outside a consuming call position (tree/colspec bindings resolve at their call sites)	compiler.spec.SpecCompiler.compile:108
FAILED	meta::pure::mapping::modelToModel::test::directConditionalCurrents::testNamedNilBranchDoesNotBecomeRootTerminal__Boolean_1_	TypeInferenceException	in function 'meta::pure::mapping::modelToModel::test::directConditionalCurrents::testNamedNilBranchDoesNotBecomeRootTerminal': deferred let binding '$targetTree' has no type outside a consuming call position (tree/colspec bindings resolve at their call sites)	compiler.spec.SpecCompiler.compile:108
FAILED	meta::pure::mapping::modelToModel::test::directConditionalCurrents::testNavigationSourcedChildKeepsNavigatedTerminal__Boolean_1_	TypeInferenceException	in function 'meta::pure::mapping::modelToModel::test::directConditionalCurrents::testNavigationSourcedChildKeepsNavigatedTerminal': deferred let binding '$targetTree' has no type outside a consuming call position (tree/colspec bindings resolve at their call sites)	compiler.spec.SpecCompiler.compile:108
FAILED	meta::pure::mapping::modelToModel::test::directConditionalCurrents::testNestedDirectIfRetainsEveryTerminal__Boolean_1_	TypeInferenceException	in function 'meta::pure::mapping::modelToModel::test::directConditionalCurrents::testNestedDirectIfRetainsEveryTerminal': deferred let binding '$targetTree' has no type outside a consuming call position (tree/colspec bindings resolve at their call sites)	compiler.spec.SpecCompiler.compile:108
FAILED	meta::pure::mapping::modelToModel::test::directConditionalCurrents::testNilBranchDoesNotBecomeRootTerminal__Boolean_1_	TypeInferenceException	in function 'meta::pure::mapping::modelToModel::test::directConditionalCurrents::testNilBranchDoesNotBecomeRootTerminal': deferred let binding '$targetTree' has no type outside a consuming call position (tree/colspec bindings resolve at their call sites)	compiler.spec.SpecCompiler.compile:108
FAILED	meta::pure::mapping::modelToModel::test::directConditionalCurrents::testOnlyFinalFunctionExpressionCanProvideTerminals__Boolean_1_	TypeInferenceException	in function 'meta::pure::mapping::modelToModel::test::directConditionalCurrents::testOnlyFinalFunctionExpressionCanProvideTerminals': deferred let binding '$targetTree' has no type outside a consuming call position (tree/colspec bindings resolve at their call sites)	compiler.spec.SpecCompiler.compile:108
FAILED	meta::pure::mapping::modelToModel::test::directConditionalCurrents::testOrdinaryNavigationIsUnchanged__Boolean_1_	TypeInferenceException	in function 'meta::pure::mapping::modelToModel::test::directConditionalCurrents::testOrdinaryNavigationIsUnchanged': deferred let binding '$targetTree' has no type outside a consuming call position (tree/colspec bindings resolve at their call sites)	compiler.spec.SpecCompiler.compile:108
FAILED	meta::pure::mapping::modelToModel::test::primitives::primitiveModelMapping$class$meta::pure::mapping::modelToModel::test::shared::dest::Address__Address_MANY_	TypeInferenceException	in function 'meta::pure::mapping::modelToModel::test::primitives::primitiveModelMapping$class$meta::pure::mapping::modelToModel::test::shared::dest::Address': property 'street' of 'meta::pure::mapping::modelToModel::test::shared::dest::Address': expected String, got meta::pure::metamodel::type::String (value: Variable[name=src, type=null, multiplicity=null, pos=SourceInfo[sourceId=, startLine=61, startColumn=25, endLine=61, endColumn=28]])	compiler.spec.SpecCompiler.compile:108
FAILED	meta::pure::mapping::modelToModel::test::xmlStore::simple::xmlIgnoresUnwantedValues__Boolean_1_	ResolutionException	'simpleModelMapping' is not a known class, mapping, runtime, connection, or database — user elements in a query need a fully qualified name	compiler.spec.Typer.classReference:982
FAILED	meta::pure::mapping::modelToModel::test::xmlStore::simple::xmlSerializeOfMultipleObjects__Boolean_1_	ResolutionException	'simpleModelMapping' is not a known class, mapping, runtime, connection, or database — user elements in a query need a fully qualified name	compiler.spec.Typer.classReference:982
FAILED	meta::pure::mapping::modelToModel::test::xmlStore::simple::xmlSerializeOfMultipleObjectsChecked__Boolean_1_	ResolutionException	'simpleModelMapping' is not a known class, mapping, runtime, connection, or database — user elements in a query need a fully qualified name	compiler.spec.Typer.classReference:982
FAILED	meta::pure::mapping::modelToModel::test::xmlStore::simple::xmlSerializeOfObjectWithAttributes__Boolean_1_	ResolutionException	'simpleModelMapping' is not a known class, mapping, runtime, connection, or database — user elements in a query need a fully qualified name	compiler.spec.Typer.classReference:982
FAILED	meta::pure::mapping::modelToModel::test::xmlStore::simple::xmlSerializeOfOneObject__Boolean_1_	ResolutionException	'simpleModelMapping' is not a known class, mapping, runtime, connection, or database — user elements in a query need a fully qualified name	compiler.spec.Typer.classReference:982
FAILED	meta::pure::mapping::modelToModel::test::xmlStore::simple::xmlSerializeOneObjectReverse__Boolean_1_	ResolutionException	'simpleModelMappingReverse' is not a known class, mapping, runtime, connection, or database — user elements in a query need a fully qualified name	compiler.spec.Typer.classReference:982
FAILED	meta::pure::mapping::modelToModel::test::xmlStore::simple::xmlSupportForEmptyValues__Boolean_1_	ResolutionException	'simpleDataMapping' is not a known class, mapping, runtime, connection, or database — user elements in a query need a fully qualified name	compiler.spec.Typer.classReference:982
FAILED	meta::pure::mapping::modelToModel::test::xmlStore::simple::xmlSupportForPrimitivesAndEnumerations__Boolean_1_	ResolutionException	'simpleDataMapping' is not a known class, mapping, runtime, connection, or database — user elements in a query need a fully qualified name	compiler.spec.Typer.classReference:982
FAILED	meta::pure::mapping::modelToModel::test::xmlStore::simple::xmlSupportForReplacementUnsupportedCharactersInNames__Boolean_1_	ResolutionException	'simpleDataMapping' is not a known class, mapping, runtime, connection, or database — user elements in a query need a fully qualified name	compiler.spec.Typer.classReference:982
FAILED	meta::pure::mapping::sourceClass_SetImplementation_1__Extension_MANY__Type_1_	TypeInferenceException	in function 'meta::pure::mapping::sourceClass': match expects a collection of branch lambdas	compiler.spec.SpecCompiler.compile:108
FAILED	meta::pure::mapping::with_T_m__Mapping_1__Runtime_1__T_m_	TypeInferenceException	in function 'meta::pure::mapping::with': from() argument 1 must be a mapping or runtime reference, got TypedVariable	compiler.spec.SpecCompiler.compile:108
FAILED	meta::pure::mapping::xStore::performXStoreQuery_Any_1__PropertyMapping_1__Extension_MANY__Any_MANY_	TypeInferenceException	in function 'meta::pure::mapping::xStore::performXStoreQuery': unknown enumeration 'system::imports'	compiler.spec.SpecCompiler.compile:108
FAILED	meta::pure::metamodel::constraint::ValidationResult$prop$inputValues_ValidationResult_1__Pair_MANY_	TypeInferenceException	in function 'meta::pure::metamodel::constraint::ValidationResult$prop$inputValues': unbound multiplicity variable m	compiler.spec.SpecCompiler.compile:108
FAILED	meta::pure::metamodel::serialization::grammar::noParamLambda__Function_MANY_	TypeInferenceException	in function 'meta::pure::metamodel::serialization::grammar::noParamLambda': no common supertype for T and Boolean	compiler.spec.SpecCompiler.compile:108
FAILED	meta::pure::metamodel::serialization::grammar::printPackageableElements_PackageableElement_MANY__Configuration_$0_1$__String_1_	TypeInferenceException	in function 'meta::pure::metamodel::serialization::grammar::printPackageableElements': match expects a collection of branch lambdas	compiler.spec.SpecCompiler.compile:108
FAILED	meta::pure::metamodel::tests::inference::testInferedTypesAndMulsOnFunctionExpression__Boolean_1_	TypeInferenceException	in function 'meta::pure::metamodel::tests::inference::testInferedTypesAndMulsOnFunctionExpression': unknown enumeration 'meta::pure::metamodel::tests::inference::caller__Any_MANY_'	compiler.spec.SpecCompiler.compile:108
FAILED	meta::pure::metamodel::treepath::mergeChildPropertyPathTreeNodes_PropertyPathTreeNode_MANY__PropertyPathTreeNode_1__PropertyPathTreeNode_MANY_	TypeInferenceException	in function 'meta::pure::metamodel::treepath::mergeChildPropertyPathTreeNodes': in call to 'meta::pure::metamodel::treepath::mergeChildPropertyPathTreeNodes', argument 2: multiplicity [0] is not compatible with [1]	compiler.spec.SpecCompiler.compile:108
FAILED	meta::pure::metamodel::treepath::mergePropertyPaths_PropertyPathTreeNode_MANY__PropertyPathTreeNode_1_	TypeInferenceException	in function 'meta::pure::metamodel::treepath::mergePropertyPaths': in call to 'meta::pure::metamodel::treepath::mergeChildPropertyPathTreeNodes', argument 2: multiplicity [0] is not compatible with [1]	compiler.spec.SpecCompiler.compile:108
FAILED	meta::pure::mft::tests::collection::groupBy::groupByTDS__FunctionDefinition_1_	TypeInferenceException	in function 'meta::pure::mft::tests::collection::groupBy::groupByTDS': legacy groupBy aggregate 0 must be agg(mapFn, aggFn)	compiler.spec.SpecCompiler.compile:108
FAILED	meta::pure::model::tests::unit::testElementIncludes__Boolean_1_	TypeInferenceException	in function 'meta::pure::model::tests::unit::testElementIncludes': in call to 'meta::pure::model::unit::include', argument 2: expected meta::pure::metamodel::PackageableElement, got { -> meta::pure::metamodel::type::Any[*]}	compiler.spec.SpecCompiler.compile:108
FAILED	meta::pure::model::tests::unit::testPackageInclude__Boolean_1_	ResolutionException	'meta::pure::model::tests::unit::l1::L1A_L1B' is not a known class, mapping, runtime, connection, or database	compiler.spec.Typer.classReference:982
FAILED	meta::pure::model::tests::unit::testPackageIncludeAndExclude__Boolean_1_	ResolutionException	'meta::pure::model::tests::unit::l1::L1A_L1B' is not a known class, mapping, runtime, connection, or database	compiler.spec.Typer.classReference:982
FAILED	meta::pure::model::tests::unit::testPackageIncludeWithElementExludes__Boolean_1_	TypeInferenceException	in function 'meta::pure::model::tests::unit::testPackageIncludeWithElementExludes': in call to 'meta::pure::model::unit::exclude', argument 2: expected meta::pure::metamodel::PackageableElement, got { -> meta::pure::metamodel::type::Any[*]}	compiler.spec.SpecCompiler.compile:108
FAILED	meta::pure::platform::executionPlan::generation::getFunctionProcessor_SimpleFunctionExpression_1__Extension_MANY__Function_1_	TypeInferenceException	in function 'meta::pure::platform::executionPlan::generation::getFunctionProcessor': unbound type variable U	compiler.spec.SpecCompiler.compile:108
FAILED	meta::pure::router::clustering::buildExecutionNodeForStoreClusteredVS_StoreClusteredValueSpecification_1__ValueSpecification_1__Mapping_$0_1$__Map_1__ExecutionContext_1__Extension_MANY__DebugContext_1__ExecutionNode_1_	TypeInferenceException	in function 'meta::pure::router::clustering::buildExecutionNodeForStoreClusteredVS': no overload of 'meta::pure::functions::lang::eval' accepts 8 argument(s)	compiler.spec.SpecCompiler.compile:108
FAILED	meta::pure::router::clustering::cluster_ValueSpecification_1__Mapping_$0_1$__Runtime_1__Map_1__ExecutionContext_1__Extension_MANY__DebugContext_1__ClusterResponse_1_	TypeInferenceException	in function 'meta::pure::router::clustering::cluster': in call to 'meta::pure::functions::collection::concatenate', argument 2: type variable T bound to AbstractProperty<meta::pure::metamodel::type::Any> cannot also bind Property<meta::pure::metamodel::type::Nil, meta::pure::metamodel::type::Any>	compiler.spec.SpecCompiler.compile:108
FAILED	meta::pure::router::clustering::cluster_ValueSpecification_1__Mapping_$0_1$__Map_1__ExecutionContext_1__String_1__DebugContext_1__AnalyticsDecision_$0_1$__Extension_MANY__ClusterResponse_1_	TypeInferenceException	in function 'meta::pure::router::clustering::cluster': unknown function 'clusterFunctionExpressions' — no function of this name in the native or user catalog (unported platform function, or a misspelling)	compiler.spec.SpecCompiler.compile:108
FAILED	meta::pure::router::clustering::clusteredGetAll_SetImplementation_1__Mapping_1__Runtime_1__ExecutionContext_1__Extension_MANY__ClusteredValueSpecification_1_	TypeInferenceException	in function 'meta::pure::router::clustering::clusteredGetAll': unknown enumeration 'system::imports'	compiler.spec.SpecCompiler.compile:108
FAILED	meta::pure::router::clustering::createCrossSetImplementation_SetImplementation_1__Mapping_1__Store_1__String_1__PropertyAccess_MANY__PropertyAccess_MANY__PropertyAccess_MANY__Pair_1_	TypeInferenceException	in function 'meta::pure::router::clustering::createCrossSetImplementation': in call to 'meta::pure::functions::collection::concatenate', argument 2: type variable T bound to AbstractProperty<meta::pure::metamodel::type::Any> cannot also bind Property<meta::pure::metamodel::type::Nil, meta::pure::metamodel::type::Any>	compiler.spec.SpecCompiler.compile:108
FAILED	meta::pure::router::clustering::createLetFunction_FunctionExpression_1__String_1__StoreClusteredValueSpecification_1__Extension_MANY__SimpleFunctionExpression_1_	ResolutionException	'system::imports::coreImport' is not a known class, mapping, runtime, connection, or database	compiler.spec.Typer.classReference:982
FAILED	meta::pure::router::clustering::getDistinctClusterVSByStore_ValueSpecification_MANY__Boolean_1__Extension_MANY__ClusteredValueSpecification_MANY_	TypeInferenceException	in function 'meta::pure::router::clustering::getDistinctClusterVSByStore': class meta::pure::metamodel::type::Nil has no property 'parametersValues'	compiler.spec.SpecCompiler.compile:108
FAILED	meta::pure::router::execute_FunctionDefinition_1__Mapping_1__Runtime_1__ExecutionContext_1__Extension_MANY__DebugContext_1__Result_1_	TypeInferenceException	in function 'meta::pure::router::execute': no common supertype for TabularDataSet<> and X	compiler.spec.SpecCompiler.compile:108
FAILED	meta::pure::router::executePlan_ExecutionPlan_1__ExecutionContext_1__Extension_MANY__Result_$0_1$_	TypeInferenceException	in function 'meta::pure::router::executePlan': meta::legend::test::mayExecuteLegendTest needs a zero-arg fallback thunk of lets + one expression (the engine's no-server branch is this platform's ONLY branch)	compiler.spec.SpecCompiler.compile:108
FAILED	meta::pure::router::execution::executeExpression_ClusteredValueSpecification_MANY__Map_1__Activity_MANY__ExecutionContext_$0_1$__Extension_MANY__DebugContext_1__Result_1_	TypeInferenceException	in function 'meta::pure::router::execution::executeExpression': no overload of 'meta::pure::functions::lang::eval' accepts 8 argument(s)	compiler.spec.SpecCompiler.compile:108
FAILED	meta::pure::router::execution::resolve_Container_1__Map_1__Extension_MANY__DebugContext_1__Container_1_	TypeInferenceException	in function 'meta::pure::router::execution::resolve': no overload of 'meta::pure::functions::lang::eval' accepts 8 argument(s)	compiler.spec.SpecCompiler.compile:108
FAILED	meta::pure::router::externalFormat::clustering::cluster_ValueSpecification_1__Binding_1__Map_1__ExecutionContext_1__Extension_MANY__DebugContext_1__ValueSpecification_MANY_	TypeInferenceException	in function 'meta::pure::router::externalFormat::clustering::cluster': unknown function 'clusterFunctionExpressions' — no function of this name in the native or user catalog (unported platform function, or a misspelling)	compiler.spec.SpecCompiler.compile:108
FAILED	meta::pure::router::externalFormat::clustering::externalFormatSupportsFunction_FunctionExpression_1__Boolean_1_	TypeInferenceException	in function 'meta::pure::router::externalFormat::clustering::externalFormatSupportsFunction': in call to 'meta::pure::functions::collection::concatenate', argument 2: type variable T' bound to Function<meta::pure::metamodel::type::Any> cannot also bind {T[*] -> Checked<T>[*]}	compiler.spec.SpecCompiler.compile:108
FAILED	meta::pure::router::externalFormat::routing::enrichExternalFormatRoutedValueSpecification_ValueSpecification_1__ExecutionContext_1__Extension_MANY__DebugContext_1__ValueSpecification_1_	TypeInferenceException	in function 'meta::pure::router::externalFormat::routing::enrichExternalFormatRoutedValueSpecification': unknown function 'enrichExpressionWithStrategyBasedEnrichment' — no function of this name in the native or user catalog (unported platform function, or a misspelling)	compiler.spec.SpecCompiler.compile:108
FAILED	meta::pure::router::platform::clustering::cluster_ValueSpecification_1__Map_1__ExecutionContext_1__Extension_MANY__DebugContext_1__ValueSpecification_MANY_	TypeInferenceException	in function 'meta::pure::router::platform::clustering::cluster': unknown function 'clusterFunctionExpressions' — no function of this name in the native or user catalog (unported platform function, or a misspelling)	compiler.spec.SpecCompiler.compile:108
FAILED	meta::pure::router::platform::routing::enrichPlatformRoutedValueSpecification_ValueSpecification_1__ExecutionContext_1__Extension_MANY__DebugContext_1__ValueSpecification_1_	TypeInferenceException	in function 'meta::pure::router::platform::routing::enrichPlatformRoutedValueSpecification': unknown function 'enrichExpressionWithStrategyBasedEnrichment' — no function of this name in the native or user catalog (unported platform function, or a misspelling)	compiler.spec.SpecCompiler.compile:108
FAILED	meta::pure::router::preeval::addToScope_State_1__Function_1__GenericType_MANY__ValueSpecification_MANY__Boolean_1__State_1_	TypeInferenceException	in function 'meta::pure::router::preeval::addToScope': unbound type variable U	compiler.spec.SpecCompiler.compile:108
FAILED	meta::pure::router::preeval::isSimpleType_Class_1__Class_MANY__Boolean_1_	TypeInferenceException	in function 'meta::pure::router::preeval::isSimpleType': in call to 'meta::pure::functions::collection::removeAll', argument 2: type variable T bound to meta::pure::metamodel::type::Type cannot also bind Class<meta::pure::metamodel::type::Any>	compiler.spec.SpecCompiler.compile:108
FAILED	meta::pure::router::preeval::prevalGenericFunctionExpression_FunctionExpression_1__State_1__Extension_MANY__PrevalWrapper_1_	TypeInferenceException	in function 'meta::pure::router::preeval::prevalGenericFunctionExpression': no overload of 'meta::pure::functions::meta::hasStereotype' structurally matches the argument types (ExprType[type=GenericType[rawFqn=meta::pure::metamodel::function::Function, arguments=[ClassType[fqn=meta::pure::metamodel::type::Any]], multArguments=[]], multiplicity=Bounded[lower=1, upper=1]], ExprType[type=STRING, multiplicity=Bounded[lower=1, upper=1]], ExprType[type=GenericType[rawFqn=meta::pure::metamodel::function::ConcreteFunctionDefinition, arguments=[FunctionType[params=[Param[type=GenericType[rawFqn=meta::pure::metamodel::function::Function, arguments=[ClassType[fqn=meta::pure::metamodel::type::Any]], multArguments=[]], multiplicity=Bounded[lower=1, upper=1]]], result=Param[type=ClassType[fqn=meta::pure::metamodel::type::FunctionType], multiplicity=Bounded[lower=1, upper=1]]]], multArguments=[]], multiplicity=Bounded[lower=1, upper=1]]); [TypedParameter[name=f, type=ClassType[fqn=meta::pure::metamodel::extension::ElementWithStereotypes], multiplicity=Bounded[lower=1, upper=1]], TypedParameter[name=stereotype, type=STRING, multiplicity=Bounded[lower=1, upper=1]], TypedParameter[name=profile, type=ClassType[fqn=meta::pure::metamodel::extension::Profile], multiplicity=Bounded[lower=1, upper=1]]]; [TypedParameter[name=f, type=ClassType[fqn=meta::pure::metamodel::type::Type], multiplicity=Bounded[lower=1, upper=1]], TypedParameter[name=stereotype, type=STRING, multiplicity=Bounded[lower=1, upper=1]], TypedParameter[name=profile, type=ClassType[fqn=meta::pure::metamodel::extension::Profile], multiplicity=Bounded[lower=1, upper=1]]]; [TypedParameter[name=f, type=GenericType[rawFqn=meta::pure::metamodel::function::Function, arguments=[ClassType[fqn=meta::pure::metamodel::type::Any]], multArguments=[]], multiplicity=Bounded[lower=1, upper=1]], TypedParameter[name=stereotype, type=STRING, multiplicity=Bounded[lower=1, upper=1]], TypedParameter[name=profile, type=ClassType[fqn=meta::pure::metamodel::extension::Profile], multiplicity=Bounded[lower=1, upper=1]]]	compiler.spec.SpecCompiler.compile:108
FAILED	meta::pure::router::preeval::prevalInternal_Any_1__State_1__Extension_MANY__PrevalWrapper_1_	TypeInferenceException	in function 'meta::pure::router::preeval::prevalInternal': unbound type variable U	compiler.spec.SpecCompiler.compile:108
FAILED	meta::pure::router::preeval::stopPreeval_Any_MANY__Extension_MANY__Boolean_1_	TypeInferenceException	in function 'meta::pure::router::preeval::stopPreeval': in call to 'meta::pure::functions::collection::concatenate', argument 2: type variable T' bound to {String[1], T[m] -> T[m]} cannot also bind ConcreteFunctionDefinition<meta::pure::metamodel::type::Any>	compiler.spec.SpecCompiler.compile:108
FAILED	meta::pure::router::preeval::tests::extendColumns_TabularDataSet_1__String_MANY__TabularDataSet_1_	TypeInferenceException	in function 'meta::pure::router::preeval::tests::extendColumns': unbound type variable T	compiler.spec.SpecCompiler.compile:108
FAILED	meta::pure::router::preeval::tests::filterToStringColumns_TabularDataSet_1__TabularDataSet_1_	TypeInferenceException	in function 'meta::pure::router::preeval::tests::filterToStringColumns': NormalizeRequired function 'meta::pure::tds::restrict' has non-let intermediate statements — cannot inline	compiler.spec.SpecCompiler.compile:108
FAILED	meta::pure::router::preeval::tests::testDecimalType__Boolean_1_	TypeInferenceException	in function 'meta::pure::router::preeval::tests::testDecimalType': a name-less project column must be a property navigation (its leaf names the column); give explicit names for computed columns	compiler.spec.SpecCompiler.compile:108
FAILED	meta::pure::router::preeval::tests::testEvalWithArgs2__Boolean_1_	TypeInferenceException	in function 'meta::pure::router::preeval::tests::testEvalWithArgs2': project expects ~[…] column specifications	compiler.spec.SpecCompiler.compile:108
FAILED	meta::pure::router::preeval::tests::testFromStopFunctions__Boolean_1_	TypeInferenceException	in function 'meta::pure::router::preeval::tests::testFromStopFunctions': no overload of 'meta::pure::functions::meta::hasStereotype' structurally matches the argument types (ExprType[type=GenericType[rawFqn=meta::pure::metamodel::function::FunctionDefinition, arguments=[ClassType[fqn=meta::pure::metamodel::type::Any]], multArguments=[]], multiplicity=Bounded[lower=1, upper=1]], ExprType[type=STRING, multiplicity=Bounded[lower=1, upper=1]], ExprType[type=GenericType[rawFqn=meta::pure::metamodel::function::ConcreteFunctionDefinition, arguments=[FunctionType[params=[Param[type=GenericType[rawFqn=meta::pure::metamodel::function::Function, arguments=[ClassType[fqn=meta::pure::metamodel::type::Any]], multArguments=[]], multiplicity=Bounded[lower=1, upper=1]]], result=Param[type=ClassType[fqn=meta::pure::metamodel::type::FunctionType], multiplicity=Bounded[lower=1, upper=1]]]], multArguments=[]], multiplicity=Bounded[lower=1, upper=1]]); [TypedParameter[name=f, type=ClassType[fqn=meta::pure::metamodel::extension::ElementWithStereotypes], multiplicity=Bounded[lower=1, upper=1]], TypedParameter[name=stereotype, type=STRING, multiplicity=Bounded[lower=1, upper=1]], TypedParameter[name=profile, type=ClassType[fqn=meta::pure::metamodel::extension::Profile], multiplicity=Bounded[lower=1, upper=1]]]; [TypedParameter[name=f, type=ClassType[fqn=meta::pure::metamodel::type::Type], multiplicity=Bounded[lower=1, upper=1]], TypedParameter[name=stereotype, type=STRING, multiplicity=Bounded[lower=1, upper=1]], TypedParameter[name=profile, type=ClassType[fqn=meta::pure::metamodel::extension::Profile], multiplicity=Bounded[lower=1, upper=1]]]; [TypedParameter[name=f, type=GenericType[rawFqn=meta::pure::metamodel::function::Function, arguments=[ClassType[fqn=meta::pure::metamodel::type::Any]], multArguments=[]], multiplicity=Bounded[lower=1, upper=1]], TypedParameter[name=stereotype, type=STRING, multiplicity=Bounded[lower=1, upper=1]], TypedParameter[name=profile, type=ClassType[fqn=meta::pure::metamodel::extension::Profile], multiplicity=Bounded[lower=1, upper=1]]]	compiler.spec.SpecCompiler.compile:108
FAILED	meta::pure::router::preeval::tests::testFromWith__Boolean_1_	TypeInferenceException	in function 'meta::pure::router::preeval::tests::testFromWith': from() argument 1 must be a mapping or runtime reference, got TypedVariable	compiler.spec.SpecCompiler.compile:108
FAILED	meta::pure::router::preeval::tests::testGetGenericType__Boolean_1_	TypeInferenceException	in function 'meta::pure::router::preeval::tests::testGetGenericType': a name-less project column must be a property navigation (its leaf names the column); give explicit names for computed columns	compiler.spec.SpecCompiler.compile:108
FAILED	meta::pure::router::preeval::tests::testPrerouting25a__Boolean_1_	TypeInferenceException	in function 'meta::pure::router::preeval::tests::testPrerouting25a': a name-less project column must be a property navigation (its leaf names the column); give explicit names for computed columns	compiler.spec.SpecCompiler.compile:108
FAILED	meta::pure::router::preeval::tests::testPrerouting25b__Boolean_1_	TypeInferenceException	in function 'meta::pure::router::preeval::tests::testPrerouting25b': ~ageString: mapped/aggregate column specifications need an enclosing call to type against	compiler.spec.SpecCompiler.compile:108
FAILED	meta::pure::router::preeval::tests::testPrerouting25c__Boolean_1_	TypeInferenceException	in function 'meta::pure::router::preeval::tests::testPrerouting25c': ~ageString: mapped/aggregate column specifications need an enclosing call to type against	compiler.spec.SpecCompiler.compile:108
FAILED	meta::pure::router::preeval::tests::testPrerouting31b__Boolean_1_	TypeInferenceException	in function 'meta::pure::router::preeval::tests::testPrerouting31b': project expects ~[…] column specifications	compiler.spec.SpecCompiler.compile:108
FAILED	meta::pure::router::preeval::tests::testPrerouting32a__Boolean_1_	TypeInferenceException	in function 'meta::pure::router::preeval::tests::testPrerouting32a': ~ageString: mapped/aggregate column specifications need an enclosing call to type against	compiler.spec.SpecCompiler.compile:108
FAILED	meta::pure::router::preeval::tests::testPrerouting32b__Boolean_1_	TypeInferenceException	in function 'meta::pure::router::preeval::tests::testPrerouting32b': ~ageString: mapped/aggregate column specifications need an enclosing call to type against	compiler.spec.SpecCompiler.compile:108
FAILED	meta::pure::router::preeval::tests::testPrerouting33__Boolean_1_	TypeInferenceException	in function 'meta::pure::router::preeval::tests::testPrerouting33': a name-less project column must be a property navigation (its leaf names the column); give explicit names for computed columns	compiler.spec.SpecCompiler.compile:108
FAILED	meta::pure::router::preeval::tests::testPrerouting41__Boolean_1_	TypeInferenceException	in function 'meta::pure::router::preeval::tests::testPrerouting41': from() argument 3 must be a mapping or runtime reference, got TypedVariable	compiler.spec.SpecCompiler.compile:108
FAILED	meta::pure::router::preeval::tests::testPrerouting42__Boolean_1_	TypeInferenceException	in function 'meta::pure::router::preeval::tests::testPrerouting42': a name-less project column must be a property navigation (its leaf names the column); give explicit names for computed columns	compiler.spec.SpecCompiler.compile:108
FAILED	meta::pure::router::preeval::tests::testPrerouting_OptionalLimit1__Boolean_1_	TypeInferenceException	in function 'meta::pure::router::preeval::tests::testPrerouting_OptionalLimit1': a name-less project column must be a property navigation (its leaf names the column); give explicit names for computed columns	compiler.spec.SpecCompiler.compile:108
FAILED	meta::pure::router::preeval::tests::testPrerouting_OptionalLimit2__Boolean_1_	TypeInferenceException	in function 'meta::pure::router::preeval::tests::testPrerouting_OptionalLimit2': a name-less project column must be a property navigation (its leaf names the column); give explicit names for computed columns	compiler.spec.SpecCompiler.compile:108
FAILED	meta::pure::router::preeval::tests::testPrerouting_constantInAgg__Boolean_1_	TypeInferenceException	in function 'meta::pure::router::preeval::tests::testPrerouting_constantInAgg': legacy groupBy aggregate 0 must be agg(mapFn, aggFn)	compiler.spec.SpecCompiler.compile:108
FAILED	meta::pure::router::preeval::tests::testPrerouting_mappedModelAgg__Boolean_1_	TypeInferenceException	in function 'meta::pure::router::preeval::tests::testPrerouting_mappedModelAgg': legacy groupBy alias 0 must be a string literal	compiler.spec.SpecCompiler.compile:108
FAILED	meta::pure::router::preeval::tests::testPrerouting_mappedTdsAgg__Boolean_1_	TypeInferenceException	in function 'meta::pure::router::preeval::tests::testPrerouting_mappedTdsAgg': a bare lambda has no type outside a call position (lambdas type against their call's signature)	compiler.spec.SpecCompiler.compile:108
FAILED	meta::pure::router::preeval::tests::testProjectWithInferredParameterType__Boolean_1_	TypeInferenceException	in function 'meta::pure::router::preeval::tests::testProjectWithInferredParameterType': a name-less project column must be a property navigation (its leaf names the column); give explicit names for computed columns	compiler.spec.SpecCompiler.compile:108
FAILED	meta::pure::router::preeval::tests::testRecursiveSimpleConcreteFunctionDefinition__Boolean_1_	TypeInferenceException	in function 'meta::pure::router::preeval::tests::testRecursiveSimpleConcreteFunctionDefinition': meta::pure::functions::lang::cast expects (source, @Type)	compiler.spec.SpecCompiler.compile:108
FAILED	meta::pure::router::routeFunction_FunctionDefinition_1__Mapping_1__Runtime_1__ExecutionContext_1__Extension_MANY__DebugContext_1__FunctionDefinition_1_	TypeInferenceException	in function 'meta::pure::router::routeFunction': in call to 'meta::pure::router::routeFunction', argument 2: expected meta::pure::mapping::Mapping, got meta::pure::router::store::metamodel::StoreMappingRoutingStrategy	compiler.spec.SpecCompiler.compile:108
FAILED	meta::pure::router::routing::enrichFunctionExpressions_ValueSpecification_MANY__RoutingStrategy_1__ExecutionContext_1__Map_1__Boolean_$0_1$__Extension_MANY__DebugContext_1__ExtendedRoutedValueSpecification_MANY_	TypeInferenceException	in function 'meta::pure::router::routing::enrichFunctionExpressions': no overload of 'meta::pure::functions::collection::newMap' accepts 2 argument(s)	compiler.spec.SpecCompiler.compile:108
FAILED	meta::pure::router::routing::enrichFunctionExpressions_ValueSpecification_MANY__RoutingState_1__ExecutionContext_1__Map_1__Map_1__Extension_MANY__DebugContext_1__ExtendedRoutedValueSpecification_MANY_	TypeInferenceException	in function 'meta::pure::router::routing::enrichFunctionExpressions': unknown function 'wrapValueSpec' — no function of this name in the native or user catalog (unported platform function, or a misspelling)	compiler.spec.SpecCompiler.compile:108
FAILED	meta::pure::router::routing::prevalFunctionExpressionIfRequired_FunctionExpression_1__RoutingState_1__ExecutionContext_1__Map_1__Map_1__Extension_MANY__DebugContext_1__ValueSpecification_1_	TypeInferenceException	in function 'meta::pure::router::routing::prevalFunctionExpressionIfRequired': no overload of 'meta::pure::functions::meta::hasStereotype' structurally matches the argument types (ExprType[type=GenericType[rawFqn=meta::pure::metamodel::function::FunctionDefinition, arguments=[ClassType[fqn=meta::pure::metamodel::type::Any]], multArguments=[]], multiplicity=Bounded[lower=1, upper=1]], ExprType[type=STRING, multiplicity=Bounded[lower=1, upper=1]], ExprType[type=GenericType[rawFqn=meta::pure::metamodel::function::ConcreteFunctionDefinition, arguments=[FunctionType[params=[Param[type=GenericType[rawFqn=meta::pure::metamodel::function::Function, arguments=[ClassType[fqn=meta::pure::metamodel::type::Any]], multArguments=[]], multiplicity=Bounded[lower=1, upper=1]]], result=Param[type=ClassType[fqn=meta::pure::metamodel::type::FunctionType], multiplicity=Bounded[lower=1, upper=1]]]], multArguments=[]], multiplicity=Bounded[lower=1, upper=1]]); [TypedParameter[name=f, type=ClassType[fqn=meta::pure::metamodel::extension::ElementWithStereotypes], multiplicity=Bounded[lower=1, upper=1]], TypedParameter[name=stereotype, type=STRING, multiplicity=Bounded[lower=1, upper=1]], TypedParameter[name=profile, type=ClassType[fqn=meta::pure::metamodel::extension::Profile], multiplicity=Bounded[lower=1, upper=1]]]; [TypedParameter[name=f, type=ClassType[fqn=meta::pure::metamodel::type::Type], multiplicity=Bounded[lower=1, upper=1]], TypedParameter[name=stereotype, type=STRING, multiplicity=Bounded[lower=1, upper=1]], TypedParameter[name=profile, type=ClassType[fqn=meta::pure::metamodel::extension::Profile], multiplicity=Bounded[lower=1, upper=1]]]; [TypedParameter[name=f, type=GenericType[rawFqn=meta::pure::metamodel::function::Function, arguments=[ClassType[fqn=meta::pure::metamodel::type::Any]], multArguments=[]], multiplicity=Bounded[lower=1, upper=1]], TypedParameter[name=stereotype, type=STRING, multiplicity=Bounded[lower=1, upper=1]], TypedParameter[name=profile, type=ClassType[fqn=meta::pure::metamodel::extension::Profile], multiplicity=Bounded[lower=1, upper=1]]]	compiler.spec.SpecCompiler.compile:108
FAILED	meta::pure::router::routing::processColumnSpecification_ValueSpecification_1__RoutingState_1__ExecutionContext_1__Map_1__Map_1__Extension_MANY__DebugContext_1__RoutingState_1_	TypeInferenceException	in function 'meta::pure::router::routing::processColumnSpecification': meta::pure::functions::lang::cast expects (source, @Type)	compiler.spec.SpecCompiler.compile:108
FAILED	meta::pure::router::routing::routeFunctionExpression_FunctionExpression_1__RoutingState_1__ExecutionContext_1__Map_1__Map_1__Extension_MANY__DebugContext_1__RoutingState_1_	TypeInferenceException	in function 'meta::pure::router::routing::routeFunctionExpression': unknown function 'processProperty' — no function of this name in the native or user catalog (unported platform function, or a misspelling)	compiler.spec.SpecCompiler.compile:108
FAILED	meta::pure::router::routing::routeFunctionExpressionFunctionDefinition_Function_1__FunctionExpression_1__RoutingState_1__ExecutionContext_1__Map_1__Map_1__Extension_MANY__DebugContext_1__RoutingState_1_	IllegalStateException	cannot union multiplicities [m] and [1] (an unresolved variable met a different bound)	compiler.element.type.Multiplicity.union:94
FAILED	meta::pure::router::routing::routeValueSpecification_RoutingState_1__ExecutionContext_1__Map_1__Map_1__Extension_MANY__DebugContext_1__RoutingState_1_	TypeInferenceException	in function 'meta::pure::router::routing::routeValueSpecification': unknown function 'processRelationStoreAccessor' — no function of this name in the native or user catalog (unported platform function, or a misspelling)	compiler.spec.SpecCompiler.compile:108
FAILED	meta::pure::router::routing::shouldStopFunctions_Extension_MANY__Function_MANY_	IllegalStateException	cannot union multiplicities [*] and [m] (an unresolved variable met a different bound)	compiler.element.type.Multiplicity.union:94
FAILED	meta::pure::router::routing::varToString_Any_1__String_1_	IllegalStateException	cannot union multiplicities [m] and [1] (an unresolved variable met a different bound)	compiler.element.type.Multiplicity.union:94
FAILED	meta::pure::router::store::routing::buildConcatenate_ValueSpecification_MANY__Boolean_1__GenericType_1__ValueSpecification_1_	TypeInferenceException	in function 'meta::pure::router::store::routing::buildConcatenate': unknown function 'isSerializeOnGraphFetch' — no function of this name in the native or user catalog (unported platform function, or a misspelling)	compiler.spec.SpecCompiler.compile:108
FAILED	meta::pure::router::store::routing::buildConcatenate_ValueSpecification_MANY__GenericType_1__ValueSpecification_1_	ResolutionException	'system::imports::coreImport' is not a known class, mapping, runtime, connection, or database	compiler.spec.Typer.classReference:982
FAILED	meta::pure::router::store::routing::doUnion_ValueSpecification_MANY__Boolean_1__GenericType_1__ValueSpecification_1_	ResolutionException	'system::imports::coreImport' is not a known class, mapping, runtime, connection, or database	compiler.spec.Typer.classReference:982
FAILED	meta::pure::router::store::routing::permute_PermutationSet_MANY__List_MANY_	TypeInferenceException	in function 'meta::pure::router::store::routing::permute': in call to 'meta::pure::router::store::routing::combine', argument 2: expected meta::pure::router::store::metamodel::PermutationSet, got List<meta::pure::router::store::metamodel::PermutationSet>	compiler.spec.SpecCompiler.compile:108
FAILED	meta::pure::router::store::routing::potentiallyRoutePropertyMapping_PropertyMapping_1__StoreMappingRoutedValueSpecification_1__StoreMappingRoutedValueSpecification_1__Extension_MANY__DebugContext_1__PropertyMapping_1_	TypeInferenceException	in function 'meta::pure::router::store::routing::potentiallyRoutePropertyMapping': no overload of 'meta::pure::functions::collection::newMap' accepts 2 argument(s)	compiler.spec.SpecCompiler.compile:108
FAILED	meta::pure::router::store::routing::potentiallyRouteRelationFunction_RelationFunctionInstanceSetImplementation_1__Mapping_1__Runtime_1__Extension_MANY__FunctionDefinition_1_	TypeInferenceException	in function 'meta::pure::router::store::routing::potentiallyRouteRelationFunction': in call to 'meta::pure::router::routeFunction', argument 2: expected meta::pure::mapping::Mapping, got meta::pure::router::store::metamodel::StoreMappingRoutingStrategy	compiler.spec.SpecCompiler.compile:108
FAILED	meta::pure::router::store::routing::specializedFunctionExpressionRouterProcessorForStore_Extension_MANY__Pair_MANY_	TypeInferenceException	in function 'meta::pure::router::store::routing::specializedFunctionExpressionRouterProcessorForStore': no overload of 'meta::pure::router::routeFunction' accepts 8 argument(s)	compiler.spec.SpecCompiler.compile:108
FAILED	meta::pure::router::tests::testRouterScopeCorrectlyFunctionParameters__Boolean_1_	TypeInferenceException	in function 'meta::pure::router::tests::testRouterScopeCorrectlyFunctionParameters': no overload of 'meta::pure::router::routeFunction' accepts 2 argument(s)	compiler.spec.SpecCompiler.compile:108
FAILED	meta::pure::router::tests::testRouterScopeCorrectlyWithSwappedFunctionParameters__Boolean_1_	TypeInferenceException	in function 'meta::pure::router::tests::testRouterScopeCorrectlyWithSwappedFunctionParameters': no overload of 'meta::pure::router::routeFunction' accepts 2 argument(s)	compiler.spec.SpecCompiler.compile:108
FAILED	meta::pure::router::tests::testRouterScopeDoesNotLeakAcrossExpressions__Boolean_1_	TypeInferenceException	in function 'meta::pure::router::tests::testRouterScopeDoesNotLeakAcrossExpressions': no overload of 'meta::pure::router::routeFunction' accepts 2 argument(s)	compiler.spec.SpecCompiler.compile:108
FAILED	meta::pure::tds::aggRows_TDSRow_MANY__String_MANY__AggregateValue_MANY__TabularDataSet_1__TDSRow_MANY_	TypeInferenceException	in function 'meta::pure::tds::aggRows': no common supertype for meta::pure::tds::TDSNull and Y	compiler.spec.SpecCompiler.compile:108
FAILED	meta::pure::tds::extensions::columnValueDifference_TabularDataSet_1__TabularDataSet_1__String_$1_MANY$__String_$1_MANY$__TabularDataSet_1_	TypeInferenceException	in function 'meta::pure::tds::extensions::columnValueDifference': renameColumns expects literal pair('old','new') / ^Pair(first=,second=) mappings	compiler.spec.SpecCompiler.compile:108
FAILED	meta::pure::tds::extensions::columnValueDifference_TabularDataSet_1__TabularDataSet_1__String_$1_MANY$__String_$1_MANY$__String_$1_MANY$__TabularDataSet_1_	TypeInferenceException	in function 'meta::pure::tds::extensions::columnValueDifference': renameColumns expects literal pair('old','new') / ^Pair(first=,second=) mappings	compiler.spec.SpecCompiler.compile:108
FAILED	meta::pure::tds::extensions::extendMatchColumns_TabularDataSet_1__TDSColumn_MANY__TabularDataSet_1_	TypeInferenceException	in function 'meta::pure::tds::extensions::extendMatchColumns': unbound type variable T	compiler.spec.SpecCompiler.compile:108
FAILED	meta::pure::tds::extensions::extendWithDigestOnColumns_TabularDataSet_1__String_1__TabularDataSet_1_	TypeInferenceException	in function 'meta::pure::tds::extensions::extendWithDigestOnColumns': unknown type 'T' in @T	compiler.spec.SpecCompiler.compile:108
FAILED	meta::pure::tds::extensions::extendWithDigestOnColumns_TabularDataSet_1__String_1__HashType_1__String_$1_MANY$__TabularDataSet_1_	TypeInferenceException	in function 'meta::pure::tds::extensions::extendWithDigestOnColumns': unbound type variable T	compiler.spec.SpecCompiler.compile:108
FAILED	meta::pure::tds::extensions::iqrClassify_TabularDataSet_1__String_MANY__String_$1_MANY$__String_$1_MANY$__TabularDataSet_1_	TypeInferenceException	in function 'meta::pure::tds::extensions::iqrClassify': NormalizeRequired function 'meta::pure::tds::restrict' has non-let intermediate statements — cannot inline	compiler.spec.SpecCompiler.compile:108
FAILED	meta::pure::tds::extensions::joinWithOptionalColumns_TabularDataSet_1__TabularDataSet_1__JoinType_1__String_MANY__TabularDataSet_1_	TypeInferenceException	in function 'meta::pure::tds::extensions::joinWithOptionalColumns': join expects (rel1, rel2, JoinKind, {t,v|cond} [, 'prefix'])	compiler.spec.SpecCompiler.compile:108
FAILED	meta::pure::tds::extensions::rowValueDifference_TabularDataSet_1__TabularDataSet_1__String_$1_MANY$__String_$1_MANY$__TabularDataSet_1_	TypeInferenceException	in function 'meta::pure::tds::extensions::rowValueDifference': renameColumns expects literal pair('old','new') / ^Pair(first=,second=) mappings	compiler.spec.SpecCompiler.compile:108
FAILED	meta::pure::tds::extensions::rowValueDifference_TabularDataSet_1__TabularDataSet_1__String_$1_MANY$__String_$1_MANY$__String_$1_MANY$__TabularDataSet_1_	TypeInferenceException	in function 'meta::pure::tds::extensions::rowValueDifference': renameColumns expects literal pair('old','new') / ^Pair(first=,second=) mappings	compiler.spec.SpecCompiler.compile:108
FAILED	meta::pure::tds::extensions::zScore_TabularDataSet_1__String_MANY__String_$1_MANY$__String_$1_MANY$__TabularDataSet_1_	TypeInferenceException	in function 'meta::pure::tds::extensions::zScore': NormalizeRequired function 'meta::pure::tds::restrict' has non-let intermediate statements — cannot inline	compiler.spec.SpecCompiler.compile:108
FAILED	meta::pure::tds::func_FunctionDefinition_1__FunctionDefinition_1__OlapAggregation_1_	TypeInferenceException	in function 'meta::pure::tds::func': property 'mapFn' of 'meta::pure::tds::OlapAggregation': expected Number, got meta::pure::metamodel::type::Any (value: Variable[name=map, type=null, multiplicity=null, pos=SourceInfo[sourceId=, startLine=769, startColumn=14, endLine=769, endColumn=17]])	compiler.spec.SpecCompiler.compile:108
FAILED	meta::pure::tds::join_TabularDataSet_1__TabularDataSet_1__JoinType_1__String_$1_MANY$__TabularDataSet_1_	TypeInferenceException	in function 'meta::pure::tds::join': expected a Relation, got meta::pure::tds::TabularDataSet	compiler.spec.SpecCompiler.compile:108
FAILED	meta::pure::tds::join_TabularDataSet_1__TabularDataSet_1__JoinType_1__String_$1_MANY$__String_$1_MANY$__TabularDataSet_1_	TypeInferenceException	in function 'meta::pure::tds::join': no overload of 'meta::pure::functions::collection::get' structurally matches the argument types (ExprType[type=RelationType[columns=[], dynamicColumns=[Column[name=*, type=ClassType[fqn=meta::pure::metamodel::type::Any], multiplicity=Bounded[lower=0, upper=1]]]], multiplicity=Bounded[lower=1, upper=1]], ExprType[type=STRING, multiplicity=Bounded[lower=1, upper=1]]); [TypedParameter[name=m, type=GenericType[rawFqn=meta::pure::functions::collection::Map, arguments=[TypeVar[name=U], TypeVar[name=V]], multArguments=[]], multiplicity=Bounded[lower=1, upper=1]], TypedParameter[name=key, type=TypeVar[name=U], multiplicity=Bounded[lower=1, upper=1]]]; [TypedParameter[name=l, type=GenericType[rawFqn=meta::pure::functions::collection::List, arguments=[TypeVar[name=U]], multArguments=[]], multiplicity=Bounded[lower=1, upper=1]], TypedParameter[name=index, type=INTEGER, multiplicity=Bounded[lower=1, upper=1]]]; [TypedParameter[name=variant, type=ClassType[fqn=meta::pure::metamodel::variant::Variant], multiplicity=Bounded[lower=0, upper=1]], TypedParameter[name=key, type=STRING, multiplicity=Bounded[lower=1, upper=1]]]; [TypedParameter[name=variant, type=ClassType[fqn=meta::pure::metamodel::variant::Variant], multiplicity=Bounded[lower=0, upper=1]], TypedParameter[name=index, type=INTEGER, multiplicity=Bounded[lower=1, upper=1]]]	compiler.spec.SpecCompiler.compile:108
FAILED	meta::pure::tds::multipleColumnComp_TDSRow_1__TDSRow_1__SortInformation_MANY__Integer_1_	TypeInferenceException	in function 'meta::pure::tds::multipleColumnComp': unknown function 'isNull' — no function of this name in the native or user catalog (unported platform function, or a misspelling)	compiler.spec.SpecCompiler.compile:108
FAILED	meta::pure::tds::olapGroupBy_TabularDataSet_1__String_MANY__SortInformation_$0_1$__FunctionDefinition_1__String_1__TabularDataSet_1_	TypeInferenceException	in function 'meta::pure::tds::olapGroupBy': NormalizeRequired function 'meta::pure::tds::olapGroupBy' has non-let intermediate statements — cannot inline	compiler.spec.SpecCompiler.compile:108
FAILED	meta::pure::tds::olapGroupBy_TabularDataSet_1__String_MANY__FunctionDefinition_1__String_1__TabularDataSet_1_	TypeInferenceException	in function 'meta::pure::tds::olapGroupBy': NormalizeRequired function 'meta::pure::tds::olapGroupBy' has non-let intermediate statements — cannot inline	compiler.spec.SpecCompiler.compile:108
FAILED	meta::pure::tds::olapGroupBy_TabularDataSet_1__FunctionDefinition_1__String_1__TabularDataSet_1_	TypeInferenceException	in function 'meta::pure::tds::olapGroupBy': NormalizeRequired function 'meta::pure::tds::olapGroupBy' has non-let intermediate statements — cannot inline	compiler.spec.SpecCompiler.compile:108
FAILED	meta::pure::tds::olapGroupBy_TabularDataSet_1__SortInformation_$0_1$__FunctionDefinition_1__String_1__TabularDataSet_1_	TypeInferenceException	in function 'meta::pure::tds::olapGroupBy': NormalizeRequired function 'meta::pure::tds::olapGroupBy' has non-let intermediate statements — cannot inline	compiler.spec.SpecCompiler.compile:108
FAILED	meta::pure::tds::projectWithColumnSubset_T_MANY__ColumnSpecification_MANY__String_MANY__TabularDataSet_1_	TypeInferenceException	in function 'meta::pure::tds::projectWithColumnSubset': project expects ~[…] column specifications	compiler.spec.SpecCompiler.compile:108
FAILED	meta::pure::tds::projectWithColumnSubset_T_MANY__Function_MANY__String_MANY__String_MANY__TabularDataSet_1_	TypeInferenceException	in function 'meta::pure::tds::projectWithColumnSubset': project expects ~[…] column specifications	compiler.spec.SpecCompiler.compile:108
FAILED	meta::pure::tds::renameColumn_TabularDataSet_1__String_1__String_1__TabularDataSet_1_	TypeInferenceException	in function 'meta::pure::tds::renameColumn': renameColumns expects literal pair('old','new') / ^Pair(first=,second=) mappings	compiler.spec.SpecCompiler.compile:108
FAILED	meta::pure::tds::restrictDistinct_TabularDataSet_1__String_MANY__TabularDataSet_1_	TypeInferenceException	in function 'meta::pure::tds::restrictDistinct': NormalizeRequired function 'meta::pure::tds::restrict' has non-let intermediate statements — cannot inline	compiler.spec.SpecCompiler.compile:108
FAILED	meta::pure::tds::schema::SchemaState$prop$columnValueDifference_SchemaState_1__SchemaState_1__String_$1_MANY$__String_$1_MANY$__String_MANY__SchemaState_1_	WalledBodyException	walled body 'meta::pure::tds::schema::SchemaState$prop$columnValueDifference': the engine's plan-time schema inference for TDS operations — the platform's typer infers schemas	compiler.spec.SpecCompiler.compile:92
FAILED	meta::pure::tds::schema::SchemaState$prop$extend_SchemaState_1__TDSColumn_$1_MANY$__SchemaState_1_	WalledBodyException	walled body 'meta::pure::tds::schema::SchemaState$prop$extend': the engine's plan-time schema inference for TDS operations — the platform's typer infers schemas	compiler.spec.SpecCompiler.compile:92
FAILED	meta::pure::tds::schema::SchemaState$prop$groupBy_SchemaState_1__String_MANY__TDSColumn_MANY__SchemaState_1_	WalledBodyException	walled body 'meta::pure::tds::schema::SchemaState$prop$groupBy': the engine's plan-time schema inference for TDS operations — the platform's typer infers schemas	compiler.spec.SpecCompiler.compile:92
FAILED	meta::pure::tds::schema::SchemaState$prop$join_SchemaState_1__SchemaState_1__SchemaState_1_	WalledBodyException	walled body 'meta::pure::tds::schema::SchemaState$prop$join': the engine's plan-time schema inference for TDS operations — the platform's typer infers schemas	compiler.spec.SpecCompiler.compile:92
FAILED	meta::pure::tds::schema::SchemaState$prop$join_SchemaState_1__TDSColumn_$1_MANY$__SchemaState_1_	WalledBodyException	walled body 'meta::pure::tds::schema::SchemaState$prop$join': the engine's plan-time schema inference for TDS operations — the platform's typer infers schemas	compiler.spec.SpecCompiler.compile:92
FAILED	meta::pure::tds::schema::SchemaState$prop$olap_SchemaState_1__TDSColumn_1__SchemaState_1_	WalledBodyException	walled body 'meta::pure::tds::schema::SchemaState$prop$olap': the engine's plan-time schema inference for TDS operations — the platform's typer infers schemas	compiler.spec.SpecCompiler.compile:92
FAILED	meta::pure::tds::schema::SchemaState$prop$rename_SchemaState_1__Pair_$1_MANY$__SchemaState_1_	WalledBodyException	walled body 'meta::pure::tds::schema::SchemaState$prop$rename': the engine's plan-time schema inference for TDS operations — the platform's typer infers schemas	compiler.spec.SpecCompiler.compile:92
FAILED	meta::pure::tds::schema::SchemaState$prop$restrict_SchemaState_1__String_$1_MANY$__SchemaState_1_	WalledBodyException	walled body 'meta::pure::tds::schema::SchemaState$prop$restrict': the engine's plan-time schema inference for TDS operations — the platform's typer infers schemas	compiler.spec.SpecCompiler.compile:92
FAILED	meta::pure::tds::schema::resolveSchemaImpl_FunctionExpression_1__Map_1__Extension_MANY__SchemaState_1_	TypeInferenceException	in function 'meta::pure::tds::schema::resolveSchemaImpl': unbound type variable T	compiler.spec.SpecCompiler.compile:108
FAILED	meta::pure::tds::schema::tests::addFullName_TabularDataSet_1__TabularDataSet_1_	TypeInferenceException	in function 'meta::pure::tds::schema::tests::addFullName': expected a Relation, got meta::pure::tds::TabularDataSet	compiler.spec.SpecCompiler.compile:108
FAILED	meta::pure::tds::schema::tests::addFullNameAndFilter_TabularDataSet_1__String_1__TabularDataSet_1_	TypeInferenceException	in function 'meta::pure::tds::schema::tests::addFullNameAndFilter': expected a Relation, got meta::pure::tds::TabularDataSet	compiler.spec.SpecCompiler.compile:108
FAILED	meta::pure::tds::schema::tests::assertSchemaEquality_TDSColumn_MANY__TDSColumn_MANY__Boolean_1_	TypeInferenceException	in function 'meta::pure::tds::schema::tests::assertSchemaEquality': in call to 'meta::pure::functions::collection::remove', argument 2: type variable T bound to meta::pure::metamodel::type::Type cannot also bind Class<meta::pure::metamodel::type::Any>	compiler.spec.SpecCompiler.compile:108
FAILED	meta::pure::tds::schema::tests::assertSchemaRoundTripEquality_FunctionDefinition_1__Boolean_1_	TypeInferenceException	in function 'meta::pure::tds::schema::tests::assertSchemaRoundTripEquality': NormalizeRequired function 'meta::pure::tds::schema::resolveSchema' has non-let intermediate statements — cannot inline	compiler.spec.SpecCompiler.compile:108
FAILED	meta::pure::tds::schema::tests::assertSchemaRoundTripEquality_FunctionDefinition_1__Extension_MANY__Boolean_1_	TypeInferenceException	in function 'meta::pure::tds::schema::tests::assertSchemaRoundTripEquality': NormalizeRequired function 'meta::pure::tds::schema::resolveSchema' has non-let intermediate statements — cannot inline	compiler.spec.SpecCompiler.compile:108
FAILED	meta::pure::tds::schema::tests::assertSchemaRoundTripEquality_TDSColumn_MANY__FunctionDefinition_1__Boolean_1_	TypeInferenceException	in function 'meta::pure::tds::schema::tests::assertSchemaRoundTripEquality': NormalizeRequired function 'meta::pure::tds::schema::resolveSchema' has non-let intermediate statements — cannot inline	compiler.spec.SpecCompiler.compile:108
FAILED	meta::pure::tds::schema::tests::assertSchemaRoundTripEquality_TDSColumn_MANY__FunctionDefinition_1__Extension_MANY__Boolean_1_	TypeInferenceException	in function 'meta::pure::tds::schema::tests::assertSchemaRoundTripEquality': NormalizeRequired function 'meta::pure::tds::schema::resolveSchema' has non-let intermediate statements — cannot inline	compiler.spec.SpecCompiler.compile:108
FAILED	meta::pure::tds::schema::tests::resolveSchemaTest__Boolean_1_	TypeInferenceException	in function 'meta::pure::tds::schema::tests::resolveSchemaTest': project expects ~[…] column specifications	compiler.spec.SpecCompiler.compile:108
FAILED	meta::pure::tds::tests::extensions::columnValueDifferenceTest__Boolean_1_	TypeInferenceException	in function 'meta::pure::tds::tests::extensions::columnValueDifferenceTest': legacy groupBy aggregate 0 must be agg(mapFn, aggFn)	compiler.spec.SpecCompiler.compile:108
FAILED	meta::pure::tds::tests::extensions::columnValueDifferenceWithoutPrevalTest__Boolean_1_	TypeInferenceException	in function 'meta::pure::tds::tests::extensions::columnValueDifferenceWithoutPrevalTest': legacy groupBy aggregate 0 must be agg(mapFn, aggFn)	compiler.spec.SpecCompiler.compile:108
FAILED	meta::pure::tds::tests::extensions::columnValueDifferenceWithoutPreval_DupeJoinKeys_Test__Boolean_1_	TypeInferenceException	in function 'meta::pure::tds::tests::extensions::columnValueDifferenceWithoutPreval_DupeJoinKeys_Test': legacy groupBy aggregate 0 must be agg(mapFn, aggFn)	compiler.spec.SpecCompiler.compile:108
FAILED	meta::pure::tds::tests::extensions::columnValueDifferenceWithoutPreval_ExtraCols_Test__Boolean_1_	TypeInferenceException	in function 'meta::pure::tds::tests::extensions::columnValueDifferenceWithoutPreval_ExtraCols_Test': legacy groupBy aggregate 0 must be agg(mapFn, aggFn)	compiler.spec.SpecCompiler.compile:108
FAILED	meta::pure::tds::tests::extensions::columnValueDifference_DupeJoinKeys_Test__Boolean_1_	TypeInferenceException	in function 'meta::pure::tds::tests::extensions::columnValueDifference_DupeJoinKeys_Test': legacy groupBy aggregate 0 must be agg(mapFn, aggFn)	compiler.spec.SpecCompiler.compile:108
FAILED	meta::pure::tds::tests::extensions::columnValueDifference_DuplicateNonKeyCols_Test__Boolean_1_	TypeInferenceException	in function 'meta::pure::tds::tests::extensions::columnValueDifference_DuplicateNonKeyCols_Test': legacy groupBy aggregate 0 must be agg(mapFn, aggFn)	compiler.spec.SpecCompiler.compile:108
FAILED	meta::pure::tds::tests::extensions::columnValueDifference_ExtraCols_Test__Boolean_1_	TypeInferenceException	in function 'meta::pure::tds::tests::extensions::columnValueDifference_ExtraCols_Test': legacy groupBy aggregate 0 must be agg(mapFn, aggFn)	compiler.spec.SpecCompiler.compile:108
FAILED	meta::pure::tds::tests::extensions::iqrClassifyTest__Boolean_1_	TypeInferenceException	in function 'meta::pure::tds::tests::extensions::iqrClassifyTest': a bare lambda has no type outside a call position (lambdas type against their call's signature)	compiler.spec.SpecCompiler.compile:108
FAILED	meta::pure::tds::tests::extensions::rowValueDifferenceTest__Boolean_1_	TypeInferenceException	in function 'meta::pure::tds::tests::extensions::rowValueDifferenceTest': legacy groupBy aggregate 0 must be agg(mapFn, aggFn)	compiler.spec.SpecCompiler.compile:108
FAILED	meta::pure::tds::tests::extensions::testExtendDigest_InMemory__Boolean_1_	TypeInferenceException	in function 'meta::pure::tds::tests::extensions::testExtendDigest_InMemory': unknown type 'Z' in @Z	compiler.spec.SpecCompiler.compile:108
FAILED	meta::pure::tds::tests::extensions::testExtendDigest_Relational__Boolean_1_	TypeInferenceException	in function 'meta::pure::tds::tests::extensions::testExtendDigest_Relational': a name-less project column must be a property navigation (its leaf names the column); give explicit names for computed columns	compiler.spec.SpecCompiler.compile:108
FAILED	meta::pure::tds::tests::extensions::zScoreTest__Boolean_1_	TypeInferenceException	in function 'meta::pure::tds::tests::extensions::zScoreTest': a bare lambda has no type outside a call position (lambdas type against their call's signature)	compiler.spec.SpecCompiler.compile:108
FAILED	meta::pure::tds::toRelation::tdsToRelationExtension__TdsToRelationExtension_V_X_X_1_	TypeInferenceException	in function 'meta::pure::tds::toRelation::tdsToRelationExtension': property 'transfers' of 'meta::pure::tds::toRelation::TdsToRelationExtension_V_X_X': expected meta::pure::metamodel::function::Function, got meta::pure::metamodel::type::Any (value: LambdaFunction[parameters=[Variable[name=a, type=NameRef[name=meta::protocols::pure::vX_X_X::metamodel::m3::valuespecification::AppliedFunction, pos=SourceInfo[sourceId=, startLine=24, startColumn=24, endLine=24, endColumn=104]], multiplicity=[1], pos=SourceInfo[sourceId=, startLine=24, startColumn=22, endLine=24, endColumn=107]], Variable[name=extensions, type=NameRef[name=meta::pure::extension::)	compiler.spec.SpecCompiler.compile:108
FAILED	meta::pure::tds::toRelation::testConcatenate__Boolean_1_	TypeInferenceException	in function 'meta::pure::tds::toRelation::testConcatenate': project expects ~[…] column specifications	compiler.spec.SpecCompiler.compile:108
FAILED	meta::pure::tds::toRelation::testDistinct__Boolean_1_	TypeInferenceException	in function 'meta::pure::tds::toRelation::testDistinct': project expects ~[…] column specifications	compiler.spec.SpecCompiler.compile:108
FAILED	meta::pure::tds::toRelation::testDrop__Boolean_1_	TypeInferenceException	in function 'meta::pure::tds::toRelation::testDrop': project expects ~[…] column specifications	compiler.spec.SpecCompiler.compile:108
FAILED	meta::pure::tds::toRelation::testExtendMulti__Boolean_1_	TypeInferenceException	in function 'meta::pure::tds::toRelation::testExtendMulti': project expects ~[…] column specifications	compiler.spec.SpecCompiler.compile:108
FAILED	meta::pure::tds::toRelation::testExtendSingle__Boolean_1_	TypeInferenceException	in function 'meta::pure::tds::toRelation::testExtendSingle': project expects ~[…] column specifications	compiler.spec.SpecCompiler.compile:108
FAILED	meta::pure::tds::toRelation::testFrom__Boolean_1_	TypeInferenceException	in function 'meta::pure::tds::toRelation::testFrom': from() argument 1 must be a mapping or runtime reference, got TypedNewInstance	compiler.spec.SpecCompiler.compile:108
FAILED	meta::pure::tds::toRelation::testGroupBySingle__Boolean_1_	TypeInferenceException	in function 'meta::pure::tds::toRelation::testGroupBySingle': legacy groupBy aggregate 0 must be agg(mapFn, aggFn)	compiler.spec.SpecCompiler.compile:108
FAILED	meta::pure::tds::toRelation::testOlap__Boolean_1_	TypeInferenceException	in function 'meta::pure::tds::toRelation::testOlap': NormalizeRequired function 'meta::pure::tds::olapGroupBy' has non-let intermediate statements — cannot inline	compiler.spec.SpecCompiler.compile:108
FAILED	meta::pure::tds::toRelation::testProjectMulti__Boolean_1_	TypeInferenceException	in function 'meta::pure::tds::toRelation::testProjectMulti': expected a function-typed parameter, got LambdaFunction<meta::pure::metamodel::type::Any>	compiler.spec.SpecCompiler.compile:108
FAILED	meta::pure::tds::toRelation::testProjectSingle__Boolean_1_	TypeInferenceException	in function 'meta::pure::tds::toRelation::testProjectSingle': expected a function-typed parameter, got LambdaFunction<meta::pure::metamodel::type::Any>	compiler.spec.SpecCompiler.compile:108
FAILED	meta::pure::tds::toRelation::testRenameMulti__Boolean_1_	TypeInferenceException	in function 'meta::pure::tds::toRelation::testRenameMulti': expected a function-typed parameter, got LambdaFunction<meta::pure::metamodel::type::Any>	compiler.spec.SpecCompiler.compile:108
FAILED	meta::pure::tds::toRelation::testRenameSingle__Boolean_1_	TypeInferenceException	in function 'meta::pure::tds::toRelation::testRenameSingle': expected a function-typed parameter, got LambdaFunction<meta::pure::metamodel::type::Any>	compiler.spec.SpecCompiler.compile:108
FAILED	meta::pure::tds::toRelation::testSlice__Boolean_1_	TypeInferenceException	in function 'meta::pure::tds::toRelation::testSlice': project expects ~[…] column specifications	compiler.spec.SpecCompiler.compile:108
FAILED	meta::pure::tds::toRelation::testSortSingle__Boolean_1_	TypeInferenceException	in function 'meta::pure::tds::toRelation::testSortSingle': expected a function-typed parameter, got LambdaFunction<meta::pure::metamodel::type::Any>	compiler.spec.SpecCompiler.compile:108
FAILED	meta::pure::tds::toRelation::testTDSProjectSingle__Boolean_1_	TypeInferenceException	in function 'meta::pure::tds::toRelation::testTDSProjectSingle': project expects ~[…] column specifications	compiler.spec.SpecCompiler.compile:108
FAILED	meta::pure::tds::toRelation::testTakeLimit__Boolean_1_	TypeInferenceException	in function 'meta::pure::tds::toRelation::testTakeLimit': expected a function-typed parameter, got LambdaFunction<meta::pure::metamodel::type::Any>	compiler.spec.SpecCompiler.compile:108
FAILED	meta::pure::tds::toRelation::transform_AppliedFunction_1__Extension_MANY__AppliedFunction_1_	TypeInferenceException	in function 'meta::pure::tds::toRelation::transform': unbound type variable T	compiler.spec.SpecCompiler.compile:108
FAILED	meta::pure::tds::toRelation::transformOlapFunction_ValueSpecification_1__String_1__Extension_MANY__ColSpec_1_	TypeInferenceException	in function 'meta::pure::tds::toRelation::transformOlapFunction': unknown enumeration 'meta::pure::functions::math::olap::rowNumber_Any_MANY__Map_1_'	compiler.spec.SpecCompiler.compile:108
FAILED	meta::pure::tds::toRelation::transformSortInfo_ValueSpecification_1__AppliedFunction_$0_1$_	TypeInferenceException	in function 'meta::pure::tds::toRelation::transformSortInfo': unknown enumeration 'meta::pure::tds::asc_String_1__SortInformation_1_'	compiler.spec.SpecCompiler.compile:108
FAILED	meta::pure::test::collectParameterizedTests_Package_1__String_$0_1$__Any_$0_1$__FunctionDefinition_$0_1$__Function_$0_1$__PureTestCollection_1_	TypeInferenceException	in function 'meta::pure::test::collectParameterizedTests': in call to 'meta::pure::functions::lang::eval', argument 2: type variable T bound to FunctionDefinition<meta::pure::metamodel::type::Any> cannot also bind ConcreteFunctionDefinition<meta::pure::metamodel::type::Any>	compiler.spec.SpecCompiler.compile:108
FAILED	meta::pure::test::mft::executeMFTLegendQuery_TestParameters_1__Extension_MANY__StringResult_1_	TypeInferenceException	in function 'meta::pure::test::mft::executeMFTLegendQuery': serialize expects (classCollection, #{Class{…}}#)	compiler.spec.SpecCompiler.compile:108
FAILED	meta::relational::dbTestRunner::executeInRelationalDb_String_MANY__ConnectionStore_1__Extension_MANY__Boolean_1_	TypeInferenceException	in function 'meta::relational::dbTestRunner::executeInRelationalDb': meta::legend::test::mayExecuteLegendTest needs a zero-arg fallback thunk of lets + one expression (the engine's no-server branch is this platform's ONLY branch)	compiler.spec.SpecCompiler.compile:108
FAILED	meta::relational::dbTestRunner::getTestConnection_DatabaseType_1__Extension_MANY__RelationalDatabaseConnection_$0_1$_	TypeInferenceException	in function 'meta::relational::dbTestRunner::getTestConnection': meta::legend::test::mayExecuteLegendTest needs a zero-arg fallback thunk of lets + one expression (the engine's no-server branch is this platform's ONLY branch)	compiler.spec.SpecCompiler.compile:108
FAILED	meta::relational::functions::pureToSqlQuery::calendarAggregations::getCalendarColumnType_TableAlias_1__String_1__DataType_1_	TypeInferenceException	in function 'meta::relational::functions::pureToSqlQuery::calendarAggregations::getCalendarColumnType': tableReference expects (database, ['SCHEMA',] 'TABLE'); got [PackageableElementPtr[fullPath=meta::relational::functions::pureToSqlQuery::calendarAggregations::CalendarDatabase, pos=null], CString[value=LegendCalendarSchema, pos=SourceInfo[sourceId=, startLine=34, startColumn=74, endLine=34, endColumn=95], multiLine=false], Variable[name=tableName, type=null, multiplicity=null, pos=SourceInfo[sourceId=, startLine=34, startColumn=97, endLine=34, endColumn=106]]]	compiler.spec.SpecCompiler.compile:108
FAILED	meta::relational::functions::pureToSqlQuery::calendarAggregations::insertCalendarJoins_SelectWithCursor_1__RelationalOperationElement_1__String_1__String_1__State_1__DebugContext_1__Extension_MANY__SelectWithCursor_1_	TypeInferenceException	in function 'meta::relational::functions::pureToSqlQuery::calendarAggregations::insertCalendarJoins': tableReference expects (database, ['SCHEMA',] 'TABLE'); got [PackageableElementPtr[fullPath=meta::relational::functions::pureToSqlQuery::calendarAggregations::CalendarDatabase, pos=null], CString[value=LegendCalendarSchema, pos=SourceInfo[sourceId=, startLine=35, startColumn=122, endLine=35, endColumn=143], multiLine=false], Variable[name=calendarTableName, type=null, multiplicity=null, pos=SourceInfo[sourceId=, startLine=35, startColumn=145, endLine=35, endColumn=162]]]	compiler.spec.SpecCompiler.compile:108
FAILED	meta::relational::functions::pureToSqlQuery::calendarAggregations::processCalendarAggPureToSQL_FunctionExpression_1__PropertyMapping_MANY__SelectWithCursor_1__Map_1__State_1__JoinType_1__String_1__List_1__DebugContext_1__Extension_MANY__RelationalOperationElement_1_	TypeInferenceException	in function 'meta::relational::functions::pureToSqlQuery::calendarAggregations::processCalendarAggPureToSQL': in call to 'meta::pure::functions::lang::eval', argument 4: type variable W is bound to meta::relational::metamodel::TableAliasColumn (a declared function parameter) and cannot accept meta::relational::metamodel::RelationalOperationElement	compiler.spec.SpecCompiler.compile:108
FAILED	meta::relational::functions::pureToSqlQuery::extractStore_RelationalOperationElement_$0_1$__Store_MANY_	TypeInferenceException	in function 'meta::relational::functions::pureToSqlQuery::extractStore': flatten expects (source, ~column)	compiler.spec.SpecCompiler.compile:108
FAILED	meta::relational::functions::pureToSqlQuery::findAliasMappingBySchemaName_RelationalOperationElement_1__OldAliasToNewAlias_MANY__OldAliasToNewAlias_MANY_	TypeInferenceException	in function 'meta::relational::functions::pureToSqlQuery::findAliasMappingBySchemaName': unknown function 'relation' — no function of this name in the native or user catalog (unported platform function, or a misspelling)	compiler.spec.SpecCompiler.compile:108
FAILED	meta::relational::functions::pureToSqlQuery::findSupportedFunction_FunctionExpression_1__Map_1__State_1__Function_$0_1$_	TypeInferenceException	in function 'meta::relational::functions::pureToSqlQuery::findSupportedFunction': expected Boolean, got Pair<{ -> Boolean[1]}, { -> Function<{meta::pure::metamodel::valuespecification::FunctionExpression[1], meta::pure::mapping::PropertyMapping[0..1], meta::relational::functions::pureToSqlQuery::SelectWithCursor[1], Map<meta::pure::metamodel::valuespecification::VariableExpression, meta::pure::metamodel::valuespecification::ValueSpecification>[1], meta::relational::functions::pureToSqlQuery::State[1], meta::relational::metamodel::join::JoinType[1], String[1], List<meta::relational::functions::pureToSqlQuery::ColumnGroup>[1], meta::pure::tools::DebugContext[1], meta::pure::extension::Extension[*] -> meta::relational::metamodel::RelationalOperationElement[1]}>[1]}>	compiler.spec.SpecCompiler.compile:108
FAILED	meta::relational::functions::pureToSqlQuery::flatten_JoinTreeNode_$0_1$__JoinTreeNode_MANY_	TypeInferenceException	in function 'meta::relational::functions::pureToSqlQuery::flatten': flatten expects (source, ~column)	compiler.spec.SpecCompiler.compile:108
FAILED	meta::relational::functions::pureToSqlQuery::flattenConcatenate_ValueSpecification_1__ValueSpecification_MANY_	TypeInferenceException	in function 'meta::relational::functions::pureToSqlQuery::flattenConcatenate': no common supertype for T and meta::pure::tds::TabularDataSet	compiler.spec.SpecCompiler.compile:108
FAILED	meta::relational::functions::pureToSqlQuery::getClusteringContextPredicates__Map_1_	ResolutionException	'new_Class_1__String_1__KeyExpression_MANY__T_1_' is not a known class, mapping, runtime, connection, or database — user elements in a query need a fully qualified name	compiler.spec.Typer.classReference:982
FAILED	meta::relational::functions::pureToSqlQuery::getContextBasedSupportedFunctions__Map_1_	ResolutionException	'new_Class_1__String_1__KeyExpression_MANY__T_1_' is not a known class, mapping, runtime, connection, or database — user elements in a query need a fully qualified name	compiler.spec.Typer.classReference:982
FAILED	meta::relational::functions::pureToSqlQuery::getSupportedFunctions__Map_1_	TypeInferenceException	in function 'meta::relational::functions::pureToSqlQuery::getSupportedFunctions': unbound type variable U	compiler.spec.SpecCompiler.compile:108
FAILED	meta::relational::functions::pureToSqlQuery::getVariantEmptyFunctionExpression_FunctionExpression_1__SimpleFunctionExpression_1_	ResolutionException	'system::imports::coreImport' is not a known class, mapping, runtime, connection, or database	compiler.spec.Typer.classReference:982
FAILED	meta::relational::functions::pureToSqlQuery::merge_MergeResultContainer_1__RelationalTreeNode_1__String_1__State_1__DebugContext_1__Extension_MANY__MergeResultContainer_1_	TypeInferenceException	in function 'meta::relational::functions::pureToSqlQuery::merge': in call to 'meta::relational::functions::pureToSqlQuery::findNodeWithAliasBreakOnFork', argument 2: expected meta::relational::metamodel::Alias, got V	compiler.spec.SpecCompiler.compile:108
FAILED	meta::relational::functions::pureToSqlQuery::mergeOldAliasToNewAlias_Boolean_1__OldAliasToNewAlias_MANY__OldAliasToNewAlias_MANY__OldAliasToNewAlias_MANY_	TypeInferenceException	in function 'meta::relational::functions::pureToSqlQuery::mergeOldAliasToNewAlias': cannot access 'name' on V	compiler.spec.SpecCompiler.compile:108
FAILED	meta::relational::functions::pureToSqlQuery::nestFilters_SelectSQLQuery_1__RelationalOperationElement_$0_1$__RelationalOperationElement_$0_1$__SelectSQLQuery_1_	TypeInferenceException	in function 'meta::relational::functions::pureToSqlQuery::nestFilters': meta::pure::functions::lang::cast expects (source, @Type)	compiler.spec.SpecCompiler.compile:108
FAILED	meta::relational::functions::pureToSqlQuery::processAt_FunctionExpression_1__PropertyMapping_MANY__SelectWithCursor_1__Map_1__State_1__JoinType_1__String_1__List_1__DebugContext_1__Extension_MANY__RelationalOperationElement_1_	TypeInferenceException	in function 'meta::relational::functions::pureToSqlQuery::processAt': eval argument 1: expected meta::pure::metamodel::valuespecification::ValueSpecification, got meta::pure::metamodel::type::Any	compiler.spec.SpecCompiler.compile:108
FAILED	meta::relational::functions::pureToSqlQuery::processQuery_ValueSpecification_1__State_1__DebugContext_1__Extension_MANY__SelectWithCursor_1_	TypeInferenceException	in function 'meta::relational::functions::pureToSqlQuery::processQuery': no overload of 'meta::pure::functions::collection::newMap' accepts 2 argument(s)	compiler.spec.SpecCompiler.compile:108
FAILED	meta::relational::functions::pureToSqlQuery::processTdsContains_FunctionExpression_1__PropertyMapping_MANY__SelectWithCursor_1__Map_1__State_1__JoinType_1__String_1__List_1__DebugContext_1__Extension_MANY__RelationalOperationElement_1_	ResolutionException	'system::imports::coreImport' is not a known class, mapping, runtime, connection, or database	compiler.spec.Typer.classReference:982
FAILED	meta::relational::functions::pureToSqlQuery::processTdsContainsWithLambda_FunctionExpression_1__PropertyMapping_MANY__SelectWithCursor_1__Map_1__State_1__JoinType_1__String_1__List_1__DebugContext_1__Extension_MANY__RelationalOperationElement_1_	ResolutionException	'system::imports::coreImport' is not a known class, mapping, runtime, connection, or database	compiler.spec.Typer.classReference:982
FAILED	meta::relational::functions::pureToSqlQuery::processTdsLambda_ValueSpecification_1__RelationalOperationElement_MANY__Boolean_1__Map_1__State_1__PropertyMapping_MANY__Pair_MANY__DebugContext_1__RelationalOperationElement_MANY_	TypeInferenceException	in function 'meta::relational::functions::pureToSqlQuery::processTdsLambda': eval expects a lambda, a function reference, ~col, or a function-typed value; got V	compiler.spec.SpecCompiler.compile:108
FAILED	meta::relational::functions::pureToSqlQuery::processTdsProjectExtend_FunctionExpression_1__PropertyMapping_MANY__SelectWithCursor_1__Map_1__State_1__JoinType_1__String_1__List_1__DebugContext_1__Boolean_1__Extension_MANY__RelationalOperationElement_1_	TypeInferenceException	in function 'meta::relational::functions::pureToSqlQuery::processTdsProjectExtend': a bare lambda has no type outside a call position (lambdas type against their call's signature)	compiler.spec.SpecCompiler.compile:108
FAILED	meta::relational::functions::pureToSqlQuery::renameTreeAliases_RelationalTreeNode_1__OldAliasToNewAlias_MANY__String_MANY__String_1__RelationalTreeNode_1_	TypeInferenceException	in function 'meta::relational::functions::pureToSqlQuery::renameTreeAliases': in call to 'meta::pure::functions::lang::orElse', argument 2: type variable T bound to V cannot also bind meta::relational::metamodel::TableAlias	compiler.spec.SpecCompiler.compile:108
FAILED	meta::relational::functions::pureToSqlQuery::reprocessAliases_RelationalOperationElement_1__OldAliasToNewAlias_MANY__Map_$0_1$__RelationalOperationElement_1_	TypeInferenceException	in function 'meta::relational::functions::pureToSqlQuery::reprocessAliases': expected meta::relational::metamodel::TableAlias, got V	compiler.spec.SpecCompiler.compile:108
FAILED	meta::relational::functions::pureToSqlQuery::union::canJoinTreeNodesBeSimplyMergedUsingOrOperation_RelationalPropertyMapping_MANY__Mapping_1__State_$0_1$__Boolean_1_	TypeInferenceException	in function 'meta::relational::functions::pureToSqlQuery::union::canJoinTreeNodesBeSimplyMergedUsingOrOperation': unbound variable '$a'	compiler.spec.SpecCompiler.compile:108
FAILED	meta::relational::functions::pureToSqlQuery::union::getDefaultLiteralValue_DataType_1__Literal_1_	TypeInferenceException	in function 'meta::relational::functions::pureToSqlQuery::union::getDefaultLiteralValue': in call to 'meta::pure::functions::collection::get', argument 2: type variable U bound to Class<meta::pure::metamodel::type::Any> cannot also bind meta::pure::metamodel::type::Type	compiler.spec.SpecCompiler.compile:108
FAILED	meta::relational::functions::pureToSqlQuery::union::removeUnionOrJoins_RelationalTreeNode_1__Extension_MANY__RelationalTreeNode_1_	TypeInferenceException	in function 'meta::relational::functions::pureToSqlQuery::union::removeUnionOrJoins': no overload of 'meta::relational::functions::pureToSqlQuery::union::addChildByAttemptingToRemoveUnionOrJoin' accepts 2 argument(s)	compiler.spec.SpecCompiler.compile:108
FAILED	meta::relational::functions::pureToSqlQuery::zeroToOneBasedIndex_ValueSpecification_1__ValueSpecification_1_	ResolutionException	'system::imports::coreImport' is not a known class, mapping, runtime, connection, or database	compiler.spec.Typer.classReference:982
FAILED	meta::relational::functions::sqlQueryToString::DbConfig$prop$dataTypeToSqlText_DbConfig_1__DataType_1__String_1_	WalledBodyException	walled body 'meta::relational::functions::sqlQueryToString::DbConfig$prop$dataTypeToSqlText': the engine's SQL printer — the platform's compiler is the implementation (the post-processor design session decides which passes the platform implements)	compiler.spec.SpecCompiler.compile:92
FAILED	meta::relational::functions::sqlQueryToString::DbConfig$prop$dynaFuncDispatch_DbConfig_1__DynaFunction_1__SqlGenerationContext_1__DynaFunctionToSql_1_	WalledBodyException	walled body 'meta::relational::functions::sqlQueryToString::DbConfig$prop$dynaFuncDispatch': the engine's SQL printer — the platform's compiler is the implementation (the post-processor design session decides which passes the platform implements)	compiler.spec.SpecCompiler.compile:92
FAILED	meta::relational::functions::sqlQueryToString::DbConfig$prop$joinProcessor_DbConfig_1__JoinTreeNode_1__DbConfig_1__Format_1__Extension_MANY__String_1_	WalledBodyException	walled body 'meta::relational::functions::sqlQueryToString::DbConfig$prop$joinProcessor': the engine's SQL printer — the platform's compiler is the implementation (the post-processor design session decides which passes the platform implements)	compiler.spec.SpecCompiler.compile:92
FAILED	meta::relational::functions::sqlQueryToString::DbConfig$prop$lateralJoinProcessor_DbConfig_1__JoinTreeNode_1__DbConfig_1__Format_1__Extension_MANY__String_1_	WalledBodyException	walled body 'meta::relational::functions::sqlQueryToString::DbConfig$prop$lateralJoinProcessor': the engine's SQL printer — the platform's compiler is the implementation (the post-processor design session decides which passes the platform implements)	compiler.spec.SpecCompiler.compile:92
FAILED	meta::relational::functions::sqlQueryToString::DbConfig$prop$literalProcessor_DbConfig_1__Type_1__LiteralProcessor_1_	WalledBodyException	walled body 'meta::relational::functions::sqlQueryToString::DbConfig$prop$literalProcessor': the engine's SQL printer — the platform's compiler is the implementation (the post-processor design session decides which passes the platform implements)	compiler.spec.SpecCompiler.compile:92
FAILED	meta::relational::functions::sqlQueryToString::DbConfig$prop$selectSQLQueryProcessor_DbConfig_1__SelectSQLQuery_1__SqlGenerationContext_1__Boolean_1__String_1_	WalledBodyException	walled body 'meta::relational::functions::sqlQueryToString::DbConfig$prop$selectSQLQueryProcessor': the engine's SQL printer — the platform's compiler is the implementation (the post-processor design session decides which passes the platform implements)	compiler.spec.SpecCompiler.compile:92
FAILED	meta::relational::functions::sqlQueryToString::DbConfig$prop$withinGroupProcessor_DbConfig_1__DynaFunction_1__SqlGenerationContext_1__String_1_	WalledBodyException	walled body 'meta::relational::functions::sqlQueryToString::DbConfig$prop$withinGroupProcessor': the engine's SQL printer — the platform's compiler is the implementation (the post-processor design session decides which passes the platform implements)	compiler.spec.SpecCompiler.compile:92
FAILED	meta::relational::functions::sqlQueryToString::DynaFunctionToSql$prop$toSql_DynaFunctionToSql_1__RelationalOperationElement_MANY__SqlGenerationContext_MANY__String_1_	WalledBodyException	walled body 'meta::relational::functions::sqlQueryToString::DynaFunctionToSql$prop$toSql': the engine's SQL printer — the platform's compiler is the implementation (the post-processor design session decides which passes the platform implements)	compiler.spec.SpecCompiler.compile:92
FAILED	meta::relational::functions::sqlQueryToString::NullOrderingSupport$prop$processSortItem_NullOrderingSupport_1__String_1__String_1__SortDirection_$0_1$__NullOrder_$0_1$__Boolean_1__String_1_	WalledBodyException	walled body 'meta::relational::functions::sqlQueryToString::NullOrderingSupport$prop$processSortItem': the engine's SQL printer — the platform's compiler is the implementation (the post-processor design session decides which passes the platform implements)	compiler.spec.SpecCompiler.compile:92
FAILED	meta::relational::functions::sqlQueryToString::convertStringToSQLString_LiteralReplacement_MANY__Function_1_	TypeInferenceException	in function 'meta::relational::functions::sqlQueryToString::convertStringToSQLString': no overload of 'meta::pure::functions::string::replace' accepts 2 argument(s)	compiler.spec.SpecCompiler.compile:108
FAILED	meta::relational::functions::sqlQueryToString::db2::getDynaFunctionToSqlForDB2__DynaFunctionToSql_MANY_	TypeInferenceException	in function 'meta::relational::functions::sqlQueryToString::db2::getDynaFunctionToSqlForDB2': property 'transform' of 'meta::relational::functions::sqlQueryToString::ToSql': multiplicity [*] is not compatible with [3] (value: PackageableElementPtr[fullPath=meta::relational::functions::sqlQueryToString::db2::transformAdjustDB2SQL_String_3__String_1_, pos=null])	compiler.spec.SpecCompiler.compile:108
FAILED	meta::relational::functions::sqlQueryToString::default::getDynaFunctionToSqlDefault_Function_1__DynaFunctionToSql_MANY_	TypeInferenceException	in function 'meta::relational::functions::sqlQueryToString::default::getDynaFunctionToSqlDefault': property 'transform' of 'meta::relational::functions::sqlQueryToString::ToSql': multiplicity [*] is not compatible with [1] (value: LambdaFunction[parameters=[Variable[name=p, type=NameRef[name=meta::pure::metamodel::type::String, pos=null], multiplicity=[1], pos=null]], body=[AppliedFunction[function=meta::relational::functions::sqlQueryToString::default::bracketSubQuery, parameters=[Variable[name=p, type=null, multiplicity=null, pos=SourceInfo[sourceId=, startLine=193, startColumn=115, endLine=193, endColumn=116]]], candidat)	compiler.spec.SpecCompiler.compile:108
FAILED	meta::relational::functions::sqlQueryToString::default::rewriteSliceAsWindowFunction_SelectSQLQuery_1__SelectSQLQuery_1_	TypeInferenceException	in function 'meta::relational::functions::sqlQueryToString::default::rewriteSliceAsWindowFunction': unknown enumeration 'meta::pure::functions::math::olap::rowNumber_Any_MANY__Map_1_'	compiler.spec.SpecCompiler.compile:108
FAILED	meta::relational::functions::sqlQueryToString::default::transformPercentile_String_MANY__Function_1__String_1_	TypeInferenceException	in function 'meta::relational::functions::sqlQueryToString::default::transformPercentile': in call to 'meta::pure::functions::lang::eval', argument 2: type variable T bound to meta::pure::metamodel::type::Type cannot also bind Class<meta::pure::metamodel::type::Boolean>	compiler.spec.SpecCompiler.compile:108
FAILED	meta::relational::functions::sqlQueryToString::h2::v1_4_200::getDynaFunctionToSqlForH2__DynaFunctionToSql_MANY_	TypeInferenceException	in function 'meta::relational::functions::sqlQueryToString::h2::v1_4_200::getDynaFunctionToSqlForH2': property 'transform' of 'meta::relational::functions::sqlQueryToString::ToSql': multiplicity [*] is not compatible with [3] (value: LambdaFunction[parameters=[Variable[name=p, type=NameRef[name=meta::pure::metamodel::type::String, pos=null], multiplicity=[3], pos=null]], body=[AppliedFunction[function=plus, parameters=[PureCollection[values=[AppliedFunction[function=meta::relational::functions::sqlQueryToString::default::mapToDBUnitType, parameters=[AppliedFunction[function=meta::pure::functions::collection::at, parameters=[Va)	compiler.spec.SpecCompiler.compile:108
FAILED	meta::relational::functions::sqlQueryToString::h2::v1_4_200::normalizeH2DateFormat_String_1__String_1_	TypeInferenceException	in function 'meta::relational::functions::sqlQueryToString::h2::v1_4_200::normalizeH2DateFormat': no overload of 'meta::pure::functions::string::replace' accepts 2 argument(s)	compiler.spec.SpecCompiler.compile:108
FAILED	meta::relational::functions::sqlQueryToString::h2::v2_1_214::getDynaFunctionToSqlForH2__DynaFunctionToSql_MANY_	TypeInferenceException	in function 'meta::relational::functions::sqlQueryToString::h2::v2_1_214::getDynaFunctionToSqlForH2': property 'transform' of 'meta::relational::functions::sqlQueryToString::ToSql': multiplicity [*] is not compatible with [3] (value: LambdaFunction[parameters=[Variable[name=p, type=NameRef[name=meta::pure::metamodel::type::String, pos=null], multiplicity=[3], pos=null]], body=[AppliedFunction[function=plus, parameters=[PureCollection[values=[AppliedFunction[function=meta::relational::functions::sqlQueryToString::default::mapToDBUnitType, parameters=[AppliedFunction[function=meta::pure::functions::collection::at, parameters=[Va)	compiler.spec.SpecCompiler.compile:108
FAILED	meta::relational::functions::sqlQueryToString::h2::v2_1_214::normalizeH2DateFormat_String_1__String_1_	TypeInferenceException	in function 'meta::relational::functions::sqlQueryToString::h2::v2_1_214::normalizeH2DateFormat': no overload of 'meta::pure::functions::string::replace' accepts 2 argument(s)	compiler.spec.SpecCompiler.compile:108
FAILED	meta::relational::functions::sqlQueryToString::h2::v2_1_214::normalizeH2TimeFormat_String_1__String_1_	TypeInferenceException	in function 'meta::relational::functions::sqlQueryToString::h2::v2_1_214::normalizeH2TimeFormat': no overload of 'meta::pure::functions::string::replace' accepts 2 argument(s)	compiler.spec.SpecCompiler.compile:108
FAILED	meta::relational::functions::sqlQueryToString::processDynaFunction_DynaFunction_1__SqlGenerationContext_1__String_1_	TypeInferenceException	in function 'meta::relational::functions::sqlQueryToString::processDynaFunction': unknown function 'toSql' — no function of this name in the native or user catalog (unported platform function, or a misspelling)	compiler.spec.SpecCompiler.compile:108
FAILED	meta::relational::functions::sqlQueryToString::sqlQueryToString_SQLQuery_1__DatabaseType_1__Extension_MANY__String_1_	WalledBodyException	walled body 'meta::relational::functions::sqlQueryToString::sqlQueryToString': the engine's SQL printer — the platform's compiler is the implementation (the post-processor design session decides which passes the platform implements)	compiler.spec.SpecCompiler.compile:92
FAILED	meta::relational::functions::sqlQueryToString::sqlQueryToString_SQLQuery_1__DatabaseType_1__String_$0_1$__Boolean_$0_1$__Extension_MANY__String_1_	WalledBodyException	walled body 'meta::relational::functions::sqlQueryToString::sqlQueryToString': the engine's SQL printer — the platform's compiler is the implementation (the post-processor design session decides which passes the platform implements)	compiler.spec.SpecCompiler.compile:92
FAILED	meta::relational::functions::sqlQueryToString::sqlQueryToString_SQLQuery_1__DatabaseType_1__String_$0_1$__Boolean_$0_1$__Boolean_1__Extension_MANY__String_1_	WalledBodyException	walled body 'meta::relational::functions::sqlQueryToString::sqlQueryToString': the engine's SQL printer — the platform's compiler is the implementation (the post-processor design session decides which passes the platform implements)	compiler.spec.SpecCompiler.compile:92
FAILED	meta::relational::functions::sqlQueryToString::sqlQueryToString_SQLQuery_1__DatabaseType_1__String_$0_1$__Boolean_$0_1$__Format_1__Extension_MANY__String_1_	WalledBodyException	walled body 'meta::relational::functions::sqlQueryToString::sqlQueryToString': the engine's SQL printer — the platform's compiler is the implementation (the post-processor design session decides which passes the platform implements)	compiler.spec.SpecCompiler.compile:92
FAILED	meta::relational::functions::sqlQueryToString::sqlQueryToString_SQLQuery_1__DatabaseType_1__String_$0_1$__Boolean_$0_1$__Format_1__Boolean_1__Extension_MANY__String_1_	WalledBodyException	walled body 'meta::relational::functions::sqlQueryToString::sqlQueryToString': the engine's SQL printer — the platform's compiler is the implementation (the post-processor design session decides which passes the platform implements)	compiler.spec.SpecCompiler.compile:92
FAILED	meta::relational::functions::sqlQueryToString::sqlQueryToString_SQLQuery_1__DatabaseType_1__String_$0_1$__Boolean_$0_1$__Format_1__Boolean_1__Boolean_1__Extension_MANY__String_1_	WalledBodyException	walled body 'meta::relational::functions::sqlQueryToString::sqlQueryToString': the engine's SQL printer — the platform's compiler is the implementation (the post-processor design session decides which passes the platform implements)	compiler.spec.SpecCompiler.compile:92
FAILED	meta::relational::functions::toPostgresModel::convertSemiStructuredArrayFlatten_SemiStructuredArrayFlatten_1__ModelConversionState_1__SemiStructuredArrayFlatten_1_	TypeInferenceException	in function 'meta::relational::functions::toPostgresModel::convertSemiStructuredArrayFlatten': expected meta::external::query::sql::metamodel::QuerySpecification, got meta::external::query::sql::metamodel::Union	compiler.spec.SpecCompiler.compile:108
FAILED	meta::relational::functions::typeInference::getSafeType_DataType_1__DataType_1__DataType_1_	TypeInferenceException	in function 'meta::relational::functions::typeInference::getSafeType': in call to 'meta::pure::functions::collection::get', argument 2: type variable U bound to Class<meta::pure::metamodel::type::Any> cannot also bind meta::pure::metamodel::type::Type	compiler.spec.SpecCompiler.compile:108
FAILED	meta::relational::functions::typeInference::isSafeTypePossible_DataType_1__DataType_1__Boolean_1_	TypeInferenceException	in function 'meta::relational::functions::typeInference::isSafeTypePossible': in call to 'meta::pure::functions::collection::get', argument 2: type variable U bound to Class<meta::pure::metamodel::type::Any> cannot also bind meta::pure::metamodel::type::Type	compiler.spec.SpecCompiler.compile:108
FAILED	meta::relational::grammar::serialization::printRelationalOperationElement_RelationalOperationElement_1__Boolean_1__String_1_	TypeInferenceException	in function 'meta::relational::grammar::serialization::printRelationalOperationElement': if(condList, last) expects literal pair(|cond, |value) elements	compiler.spec.SpecCompiler.compile:108
FAILED	meta::relational::graphFetch::executionPlan::generateNonPrimitivePropertyQuery_RelationalInstanceSetImplementation_MANY__RoutedPropertyGraphFetchTree_1__GraphFetchTree_1__Mapping_1__Map_1__TemporalMilestoningContext_$0_1$__Property_MANY__DebugContext_1__Extension_MANY__SelectSQLQuery_1_	TypeInferenceException	in function 'meta::relational::graphFetch::executionPlan::generateNonPrimitivePropertyQuery': columns(rel) takes exactly the relation	compiler.spec.SpecCompiler.compile:108
FAILED	meta::relational::mapping::buildBuilders_InstanceSetImplementation_MANY__ResultSet_1__Mapping_1__Connection_1__Runtime_1__Integer_MANY__ExecutionContext_1__Extension_MANY__DebugContext_1__BuilderInfo_MANY_	TypeInferenceException	in function 'meta::relational::mapping::buildBuilders': class meta::pure::metamodel::type::Any has no property 'columnNames'	compiler.spec.SpecCompiler.compile:108
FAILED	meta::relational::mapping::contextBasedPostProcessors_PostProcessorResult_1__Runtime_1__RoutedValueSpecification_$0_1$__Mapping_$0_1$__Database_$0_1$__ExecutionContext_1__PostProcessorResult_1_	TypeInferenceException	in function 'meta::relational::mapping::contextBasedPostProcessors': no overload of 'meta::relational::mapping::contextBasedPostProcessors' accepts 5 argument(s)	compiler.spec.SpecCompiler.compile:108
FAILED	meta::relational::mapping::processProperty_Any_1__Property_1__Any_MANY_	TypeInferenceException	in function 'meta::relational::mapping::processProperty': unbound multiplicity variable m	compiler.spec.SpecCompiler.compile:108
FAILED	meta::relational::metamodel::execute::loadCsvToDbTable_String_1__Table_1__ConnectionStore_1__Nil_0_	TypeInferenceException	in function 'meta::relational::metamodel::execute::loadCsvToDbTable': no overload of 'meta::relational::metamodel::execute::loadCsvToDbTable' accepts 4 argument(s)	compiler.spec.SpecCompiler.compile:108
FAILED	meta::relational::metamodel::execute::resultSetToTDS_ResultSet_1__TabularDataSet_1_	TypeInferenceException	in function 'meta::relational::metamodel::execute::resultSetToTDS': property 'rows' of 'meta::pure::tds::TabularDataSet': expected (), got meta::pure::tds::TDSRow (value: Variable[name=rows, type=null, multiplicity=null, pos=SourceInfo[sourceId=, startLine=80, startColumn=52, endLine=80, endColumn=56]])	compiler.spec.SpecCompiler.compile:108
FAILED	meta::relational::metamodel::execute::tests::sortCsv_String_1__String_1_	TypeInferenceException	in function 'meta::relational::metamodel::execute::tests::sortCsv': columns() needs a relation, got TDS<meta::pure::metamodel::type::Any>	compiler.spec.SpecCompiler.compile:108
FAILED	meta::relational::mft::executeMFTQuery_TestParameters_1__Extension_MANY__TestResult_1_	TypeInferenceException	in function 'meta::relational::mft::executeMFTQuery': serialize expects (classCollection, #{Class{…}}#)	compiler.spec.SpecCompiler.compile:108
FAILED	meta::relational::milestoning::TemporalMilestoningContext$prop$toTemporalMilestoningThisContext_TemporalMilestoningContext_1__TemporalMilestoningThisContext_$0_1$_	TypeInferenceException	in function 'meta::relational::milestoning::TemporalMilestoningContext$prop$toTemporalMilestoningThisContext': eval argument 1: multiplicity [0..1] is not compatible with [1]	compiler.spec.SpecCompiler.compile:108
FAILED	meta::relational::milestoning::getKeyValueBuildClasses_TemporalStrategy_1__Row_1__KeyValue_MANY_	TypeInferenceException	in function 'meta::relational::milestoning::getKeyValueBuildClasses': class meta::pure::metamodel::type::Any has no property 'columnNames'	compiler.spec.SpecCompiler.compile:108
FAILED	meta::relational::milestoning::newThisMilestonedPropertyExpression_SingleDateTemporalStrategy_1__FunctionExpression_1_	ResolutionException	'system::imports::coreImport' is not a known class, mapping, runtime, connection, or database	compiler.spec.Typer.classReference:982
FAILED	meta::relational::mutation::executionPlan::planMutationExecution_StoreQuery_1__RoutedValueSpecification_$0_1$__Mapping_1__Runtime_1__ExecutionContext_1__Extension_MANY__DebugContext_1__ExecutionNode_1_	ResolutionException	'system::imports::coreImport' is not a known class, mapping, runtime, connection, or database	compiler.spec.Typer.classReference:982
FAILED	meta::relational::mutation::executionPlan::processDateColumnToDynaFunc_Store_1__RootRelationalInstanceSetImplementation_1__Map_1_	TypeInferenceException	in function 'meta::relational::mutation::executionPlan::processDateColumnToDynaFunc': unbound type variable U	compiler.spec.SpecCompiler.compile:108
FAILED	meta::relational::postProcessor::filterPushDown::tryAddingFiltersToSubQuery_SelectSQLQuery_1__List_1__Extension_MANY__SelectSQLQuery_1_	TypeInferenceException	in function 'meta::relational::postProcessor::filterPushDown::tryAddingFiltersToSubQuery': no overload of 'meta::relational::postProcessor::filterPushDown::tryAddingSingleFilterToSubQuery' accepts 2 argument(s)	compiler.spec.SpecCompiler.compile:108
FAILED	meta::relational::runtime::PostProcessor$prop$executionPostProcessorId_PostProcessor_1__String_$0_1$_	WalledBodyException	walled body 'meta::relational::runtime::PostProcessor$prop$executionPostProcessorId': the engine's SQL printer — the platform's compiler is the implementation (the post-processor design session decides which passes the platform implements)	compiler.spec.SpecCompiler.compile:92
FAILED	meta::relational::runtime::PostProcessor$prop$planPostProcessorId_PostProcessor_1__String_$0_1$_	WalledBodyException	walled body 'meta::relational::runtime::PostProcessor$prop$planPostProcessorId': the engine's SQL printer — the platform's compiler is the implementation (the post-processor design session decides which passes the platform implements)	compiler.spec.SpecCompiler.compile:92
FAILED	meta::relational::runtime::PostProcessors$prop$_sqlQueryPostProcessorId_PostProcessors_1__String_$0_1$_	WalledBodyException	walled body 'meta::relational::runtime::PostProcessors$prop$_sqlQueryPostProcessorId': the engine's SQL printer — the platform's compiler is the implementation (the post-processor design session decides which passes the platform implements)	compiler.spec.SpecCompiler.compile:92
FAILED	meta::relational::runtime::PostProcessors$prop$sqlQueryPostProcessorId_PostProcessors_1__String_$0_1$_	WalledBodyException	walled body 'meta::relational::runtime::PostProcessors$prop$sqlQueryPostProcessorId': the engine's SQL printer — the platform's compiler is the implementation (the post-processor design session decides which passes the platform implements)	compiler.spec.SpecCompiler.compile:92
FAILED	meta::relational::tds::schema::tests::assertSchemaRoundTripEquality_FunctionDefinition_1__Boolean_1_	TypeInferenceException	in function 'meta::relational::tds::schema::tests::assertSchemaRoundTripEquality': NormalizeRequired function 'meta::pure::tds::schema::resolveSchema' has non-let intermediate statements — cannot inline	compiler.spec.SpecCompiler.compile:108
FAILED	meta::relational::tds::schema::tests::assertSchemaRoundTripEquality_TDSColumn_MANY__FunctionDefinition_1__Boolean_1_	TypeInferenceException	in function 'meta::relational::tds::schema::tests::assertSchemaRoundTripEquality': NormalizeRequired function 'meta::pure::tds::schema::resolveSchema' has non-let intermediate statements — cannot inline	compiler.spec.SpecCompiler.compile:108
FAILED	meta::relational::tds::schema::tests::resolveSchemaTest__Boolean_1_	TypeInferenceException	in function 'meta::relational::tds::schema::tests::resolveSchemaTest': unbound variable '$expected'	compiler.spec.SpecCompiler.compile:108
FAILED	meta::relational::testDataGeneration::executionPlan::planSeedDataGenerationWithParameterNameValuePairs_FunctionDefinition_1__Mapping_1__Runtime_1__ExecutionContext_1__Pair_MANY__Extension_MANY__ExecutionPlan_1_	TypeInferenceException	in function 'meta::relational::testDataGeneration::executionPlan::planSeedDataGenerationWithParameterNameValuePairs': no overload of 'meta::pure::lineage::scanRelations::scanRelations' accepts 5 argument(s)	compiler.spec.SpecCompiler.compile:108
FAILED	meta::relational::testDataGeneration::executionPlan::planTestDataGenerationWithParameterValuePairs_FunctionDefinition_1__Mapping_1__Runtime_1__ExecutionContext_1__TableRowIdentifiers_MANY__Boolean_1__TemporalMilestoningDates_$0_1$__Pair_MANY__Extension_MANY__ExecutionPlan_1_	TypeInferenceException	in function 'meta::relational::testDataGeneration::executionPlan::planTestDataGenerationWithParameterValuePairs': no overload of 'meta::pure::lineage::scanRelations::scanRelations' accepts 5 argument(s)	compiler.spec.SpecCompiler.compile:108
FAILED	meta::relational::testDataGeneration::generateSeedDataGenerationFunction_FunctionDefinition_1__NamedRelation_1__Pair_MANY__LambdaFunction_1_	ResolutionException	'system::imports::coreImport' is not a known class, mapping, runtime, connection, or database	compiler.spec.Typer.classReference:982
FAILED	meta::relational::testDataGeneration::generateTestDataWithDefaultPKs_FunctionDefinition_1__Mapping_1__Runtime_1__Any_MANY__ExecutionContext_1__Extension_MANY__TestDataGenResult_1_	TypeInferenceException	in function 'meta::relational::testDataGeneration::generateTestDataWithDefaultPKs': generateTestData needs its query lambda and mapping reference INLINE at the call site (>=4 args)	compiler.spec.SpecCompiler.compile:108
FAILED	meta::relational::testDataGeneration::generateTestDataWithDefaultPKs_FunctionDefinition_1__Mapping_1__Runtime_1__Any_MANY__ExecutionContext_1__Boolean_1__Extension_MANY__TestDataGenResult_1_	TypeInferenceException	in function 'meta::relational::testDataGeneration::generateTestDataWithDefaultPKs': generateTestData needs its query lambda and mapping reference INLINE at the call site (>=4 args)	compiler.spec.SpecCompiler.compile:108
FAILED	meta::relational::testDataGeneration::generateTestDataWithDefaultPKs_FunctionDefinition_1__Mapping_1__Runtime_1__Any_MANY__ExecutionContext_1__Boolean_1__TemporalMilestoningDates_$0_1$__Extension_MANY__TestDataGenResult_1_	TypeInferenceException	in function 'meta::relational::testDataGeneration::generateTestDataWithDefaultPKs': generateTestData needs its query lambda and mapping reference INLINE at the call site (>=4 args)	compiler.spec.SpecCompiler.compile:108
FAILED	meta::relational::testDataGeneration::getColumnSortedResultSet_ResultSet_1__ResultSet_1_	TypeInferenceException	in function 'meta::relational::testDataGeneration::getColumnSortedResultSet': ^$var(...) copies a CLASS instance; the variable is ()	compiler.spec.SpecCompiler.compile:108
FAILED	meta::relational::testDataGeneration::tests::alloy::testAlloyTestDatGenWithQuotedColumnsForViews__Boolean_1_	ResolutionException	'meta::pure::lineage::scanRelations::test::Party' is not a known class, mapping, runtime, connection, or database	compiler.spec.Typer.classReference:982
FAILED	meta::relational::tests::aggregationAware::testRewriteAsNOP::nonAggregationAware::testRewriteProjectCol__Boolean_1_	TypeInferenceException	in function 'meta::relational::tests::aggregationAware::testRewriteAsNOP::nonAggregationAware::testRewriteProjectCol': project expects ~[…] column specifications	compiler.spec.SpecCompiler.compile:108
FAILED	meta::relational::tests::aggregationAware::testRewriteAsNOP::nonGroupBy::testRewriteProjectCol__Boolean_1_	TypeInferenceException	in function 'meta::relational::tests::aggregationAware::testRewriteAsNOP::nonGroupBy::testRewriteProjectCol': project expects ~[…] column specifications	compiler.spec.SpecCompiler.compile:108
FAILED	meta::relational::tests::functions::objectReferenceIn::testObjectReferenceInChainedWithObjectRefAsParams__Any_1_	TypeInferenceException	in function 'meta::relational::tests::functions::objectReferenceIn::testObjectReferenceInChainedWithObjectRefAsParams': deferred let binding '$targetGraph' has no type outside a consuming call position (tree/colspec bindings resolve at their call sites)	compiler.spec.SpecCompiler.compile:108
FAILED	meta::relational::tests::functions::pureToSqlQuery::testFindAliasMappingBySchemaName__Boolean_1_	TypeInferenceException	in function 'meta::relational::tests::functions::pureToSqlQuery::testFindAliasMappingBySchemaName': unknown function 'relation' — no function of this name in the native or user catalog (unported platform function, or a misspelling)	compiler.spec.SpecCompiler.compile:108
FAILED	meta::relational::tests::functions::sqlstring::testDayOfYear__Boolean_1_	TypeInferenceException	in function 'meta::relational::tests::functions::sqlstring::testDayOfYear': project expects ~[…] column specifications	compiler.spec.SpecCompiler.compile:108
FAILED	meta::relational::tests::functions::sqlstring::testNonExecutableSQLString__Boolean_1_	TypeInferenceException	in function 'meta::relational::tests::functions::sqlstring::testNonExecutableSQLString': legacy groupBy aggregate 0 must be agg(mapFn, aggFn)	compiler.spec.SpecCompiler.compile:108
FAILED	meta::relational::tests::functions::sqlstring::testToSQLStringJoinStrings__Boolean_1_	TypeInferenceException	in function 'meta::relational::tests::functions::sqlstring::testToSQLStringJoinStrings': legacy groupBy aggregate 0 must be agg(mapFn, aggFn)	compiler.spec.SpecCompiler.compile:108
FAILED	meta::relational::tests::functions::sqlstring::testToSQLStringWithAggregationDB2__Boolean_1_	TypeInferenceException	in function 'meta::relational::tests::functions::sqlstring::testToSQLStringWithAggregationDB2': legacy groupBy aggregate 0 must be agg(mapFn, aggFn)	compiler.spec.SpecCompiler.compile:108
FAILED	meta::relational::tests::functions::sqlstring::testToSqlGenerationFirstDayOfMonth__Boolean_1_	TypeInferenceException	in function 'meta::relational::tests::functions::sqlstring::testToSqlGenerationFirstDayOfMonth': project expects ~[…] column specifications	compiler.spec.SpecCompiler.compile:108
FAILED	meta::relational::tests::functions::sqlstring::testToSqlGenerationFirstDayOfQuarter_DatabaseType_1__String_1__Boolean_1_	TypeInferenceException	in function 'meta::relational::tests::functions::sqlstring::testToSqlGenerationFirstDayOfQuarter': project expects ~[…] column specifications	compiler.spec.SpecCompiler.compile:108
FAILED	meta::relational::tests::functions::sqlstring::testToSqlGenerationFirstDayOfThisYear__Boolean_1_	TypeInferenceException	in function 'meta::relational::tests::functions::sqlstring::testToSqlGenerationFirstDayOfThisYear': project expects ~[…] column specifications	compiler.spec.SpecCompiler.compile:108
FAILED	meta::relational::tests::functions::sqlstring::testToSqlGenerationFirstDayOfWeek__Boolean_1_	TypeInferenceException	in function 'meta::relational::tests::functions::sqlstring::testToSqlGenerationFirstDayOfWeek': project expects ~[…] column specifications	compiler.spec.SpecCompiler.compile:108
FAILED	meta::relational::tests::functions::sqlstring::testToSqlGenerationFirstDayOfYear__Boolean_1_	TypeInferenceException	in function 'meta::relational::tests::functions::sqlstring::testToSqlGenerationFirstDayOfYear': project expects ~[…] column specifications	compiler.spec.SpecCompiler.compile:108
FAILED	meta::relational::tests::functions::sqlstring::testToSqlGenerationMonth__Boolean_1_	TypeInferenceException	in function 'meta::relational::tests::functions::sqlstring::testToSqlGenerationMonth': project expects ~[…] column specifications	compiler.spec.SpecCompiler.compile:108
FAILED	meta::relational::tests::groupBy::testFilterWithQualifiedProperty__Boolean_1_	TypeInferenceException	in function 'meta::relational::tests::groupBy::testFilterWithQualifiedProperty': legacy groupBy aggregate 0 must be agg(mapFn, aggFn)	compiler.spec.SpecCompiler.compile:108
FAILED	meta::relational::tests::groupBy::testGroupByAndFilterIsolatedJoinMerge__Boolean_1_	TypeInferenceException	in function 'meta::relational::tests::groupBy::testGroupByAndFilterIsolatedJoinMerge': legacy groupBy aggregate 0 must be agg(mapFn, aggFn)	compiler.spec.SpecCompiler.compile:108
FAILED	meta::relational::tests::groupBy::testGroupByOnRootLevelPrimitiveAttributeWithNoJoinAndFilter__Boolean_1_	TypeInferenceException	in function 'meta::relational::tests::groupBy::testGroupByOnRootLevelPrimitiveAttributeWithNoJoinAndFilter': legacy groupBy aggregate 0 must be agg(mapFn, aggFn)	compiler.spec.SpecCompiler.compile:108
FAILED	meta::relational::tests::groupBy::testGroupByWithJoinDB2__Boolean_1_	TypeInferenceException	in function 'meta::relational::tests::groupBy::testGroupByWithJoinDB2': legacy groupBy aggregate 0 must be agg(mapFn, aggFn)	compiler.spec.SpecCompiler.compile:108
FAILED	meta::relational::tests::groupBy::testGroupByWithJoinH2__Boolean_1_	TypeInferenceException	in function 'meta::relational::tests::groupBy::testGroupByWithJoinH2': legacy groupBy aggregate 0 must be agg(mapFn, aggFn)	compiler.spec.SpecCompiler.compile:108
FAILED	meta::relational::tests::groupBy::testJoinStringsTwiceWithAssociation__Boolean_1_	TypeInferenceException	in function 'meta::relational::tests::groupBy::testJoinStringsTwiceWithAssociation': legacy groupBy aggregate 0 must be agg(mapFn, aggFn)	compiler.spec.SpecCompiler.compile:108
FAILED	meta::relational::tests::groupBy::testJoinStringsWithAssociation__Boolean_1_	TypeInferenceException	in function 'meta::relational::tests::groupBy::testJoinStringsWithAssociation': legacy groupBy aggregate 0 must be agg(mapFn, aggFn)	compiler.spec.SpecCompiler.compile:108
FAILED	meta::relational::tests::groupBy::testMax__Boolean_1_	TypeInferenceException	in function 'meta::relational::tests::groupBy::testMax': legacy groupBy aggregate 0 must be agg(mapFn, aggFn)	compiler.spec.SpecCompiler.compile:108
FAILED	meta::relational::tests::groupBy::testMin__Boolean_1_	TypeInferenceException	in function 'meta::relational::tests::groupBy::testMin': legacy groupBy aggregate 0 must be agg(mapFn, aggFn)	compiler.spec.SpecCompiler.compile:108
FAILED	meta::relational::tests::groupBy::testSimple__Boolean_1_	TypeInferenceException	in function 'meta::relational::tests::groupBy::testSimple': legacy groupBy aggregate 0 must be agg(mapFn, aggFn)	compiler.spec.SpecCompiler.compile:108
FAILED	meta::relational::tests::groupBy::testSimpleJoinStrings__Boolean_1_	TypeInferenceException	in function 'meta::relational::tests::groupBy::testSimpleJoinStrings': legacy groupBy aggregate 0 must be agg(mapFn, aggFn)	compiler.spec.SpecCompiler.compile:108
FAILED	meta::relational::tests::groupBy::testSimpleWithFilter__Boolean_1_	TypeInferenceException	in function 'meta::relational::tests::groupBy::testSimpleWithFilter': legacy groupBy aggregate 0 must be agg(mapFn, aggFn)	compiler.spec.SpecCompiler.compile:108
FAILED	meta::relational::tests::groupBy::testStdDevPopulation__Boolean_1_	TypeInferenceException	in function 'meta::relational::tests::groupBy::testStdDevPopulation': legacy groupBy aggregate 0 must be agg(mapFn, aggFn)	compiler.spec.SpecCompiler.compile:108
FAILED	meta::relational::tests::groupBy::testStdDevSample__Boolean_1_	TypeInferenceException	in function 'meta::relational::tests::groupBy::testStdDevSample': legacy groupBy aggregate 0 must be agg(mapFn, aggFn)	compiler.spec.SpecCompiler.compile:108
FAILED	meta::relational::tests::groupBy::testUsingAFunctionInTheMapLambdaAndAMultiplyInTheAggregation__Boolean_1_	TypeInferenceException	in function 'meta::relational::tests::groupBy::testUsingAFunctionInTheMapLambdaAndAMultiplyInTheAggregation': legacy groupBy aggregate 0 must be agg(mapFn, aggFn)	compiler.spec.SpecCompiler.compile:108
FAILED	meta::relational::tests::groupBy::testUsingAMultiplyInTheAggregation__Boolean_1_	TypeInferenceException	in function 'meta::relational::tests::groupBy::testUsingAMultiplyInTheAggregation': legacy groupBy aggregate 0 must be agg(mapFn, aggFn)	compiler.spec.SpecCompiler.compile:108
FAILED	meta::relational::tests::groupBy::testUsingAnAssociationInTheMapFunction__Boolean_1_	TypeInferenceException	in function 'meta::relational::tests::groupBy::testUsingAnAssociationInTheMapFunction': legacy groupBy aggregate 0 must be agg(mapFn, aggFn)	compiler.spec.SpecCompiler.compile:108
FAILED	meta::relational::tests::groupBy::testUsingAnAssociationInTheMapFunctionNestedInAFunctionAndTwoGroupBysUsingOneAssociation__Boolean_1_	TypeInferenceException	in function 'meta::relational::tests::groupBy::testUsingAnAssociationInTheMapFunctionNestedInAFunctionAndTwoGroupBysUsingOneAssociation': legacy groupBy aggregate 0 must be agg(mapFn, aggFn)	compiler.spec.SpecCompiler.compile:108
FAILED	meta::relational::tests::groupBy::testUsingFunctionInMapLambdaTakingAFirstParameterThatMustBeProcessed__Boolean_1_	TypeInferenceException	in function 'meta::relational::tests::groupBy::testUsingFunctionInMapLambdaTakingAFirstParameterThatMustBeProcessed': legacy groupBy aggregate 0 must be agg(mapFn, aggFn)	compiler.spec.SpecCompiler.compile:108
FAILED	meta::relational::tests::groupBy::testUsingFunctionInMapLambdaTakingAFirstParameterThatMustBeProcessed2__Boolean_1_	TypeInferenceException	in function 'meta::relational::tests::groupBy::testUsingFunctionInMapLambdaTakingAFirstParameterThatMustBeProcessed2': legacy groupBy aggregate 0 must be agg(mapFn, aggFn)	compiler.spec.SpecCompiler.compile:108
FAILED	meta::relational::tests::groupBy::testUsingFunctionInMapLambdaTakingAParameter__Boolean_1_	TypeInferenceException	in function 'meta::relational::tests::groupBy::testUsingFunctionInMapLambdaTakingAParameter': legacy groupBy aggregate 0 must be agg(mapFn, aggFn)	compiler.spec.SpecCompiler.compile:108
FAILED	meta::relational::tests::groupBy::testUsingFunctionInMapLambdaTakingAParameterPartial__Boolean_1_	TypeInferenceException	in function 'meta::relational::tests::groupBy::testUsingFunctionInMapLambdaTakingAParameterPartial': legacy groupBy aggregate 0 must be agg(mapFn, aggFn)	compiler.spec.SpecCompiler.compile:108
FAILED	meta::relational::tests::groupBy::testUsingFunctionInMapLambdaTakingAPathParameter__Boolean_1_	TypeInferenceException	in function 'meta::relational::tests::groupBy::testUsingFunctionInMapLambdaTakingAPathParameter': legacy groupBy aggregate 0 must be agg(mapFn, aggFn)	compiler.spec.SpecCompiler.compile:108
FAILED	meta::relational::tests::groupBy::testUsingFunctionInMapLambdaTakingAPathParameterPartial__Boolean_1_	TypeInferenceException	in function 'meta::relational::tests::groupBy::testUsingFunctionInMapLambdaTakingAPathParameterPartial': legacy groupBy aggregate 0 must be agg(mapFn, aggFn)	compiler.spec.SpecCompiler.compile:108
FAILED	meta::relational::tests::groupBy::testUsingSameAggFunctionTwice__Boolean_1_	TypeInferenceException	in function 'meta::relational::tests::groupBy::testUsingSameAggFunctionTwice': legacy groupBy aggregate 0 must be agg(mapFn, aggFn)	compiler.spec.SpecCompiler.compile:108
FAILED	meta::relational::tests::groupBy::testUsingSameAggFunctionTwiceUsingQualifier__Boolean_1_	TypeInferenceException	in function 'meta::relational::tests::groupBy::testUsingSameAggFunctionTwiceUsingQualifier': legacy groupBy aggregate 0 must be agg(mapFn, aggFn)	compiler.spec.SpecCompiler.compile:108
FAILED	meta::relational::tests::groupBy::testUsingSameAggFunctionTwiceWithExistsFilter__Boolean_1_	TypeInferenceException	in function 'meta::relational::tests::groupBy::testUsingSameAggFunctionTwiceWithExistsFilter': legacy groupBy aggregate 0 must be agg(mapFn, aggFn)	compiler.spec.SpecCompiler.compile:108
FAILED	meta::relational::tests::groupBy::testUsingSameAggFunctionTwiceWithFilter__Boolean_1_	TypeInferenceException	in function 'meta::relational::tests::groupBy::testUsingSameAggFunctionTwiceWithFilter': legacy groupBy aggregate 0 must be agg(mapFn, aggFn)	compiler.spec.SpecCompiler.compile:108
FAILED	meta::relational::tests::groupBy::testVariancePopulation__Boolean_1_	TypeInferenceException	in function 'meta::relational::tests::groupBy::testVariancePopulation': legacy groupBy aggregate 0 must be agg(mapFn, aggFn)	compiler.spec.SpecCompiler.compile:108
FAILED	meta::relational::tests::groupBy::testVarianceSample__Boolean_1_	TypeInferenceException	in function 'meta::relational::tests::groupBy::testVarianceSample': legacy groupBy aggregate 0 must be agg(mapFn, aggFn)	compiler.spec.SpecCompiler.compile:108
FAILED	meta::relational::tests::json::testResultToJsonStream__Boolean_1_	TypeInferenceException	in function 'meta::relational::tests::json::testResultToJsonStream': property 'rows' of 'meta::pure::tds::TabularDataSet': expected (), got meta::pure::tds::TDSRow (value: PureCollection[values=[AppliedFunction[function=new, parameters=[PackageableElementPtr[fullPath=meta::pure::tds::TDSRow, pos=null], NewInstance[className=meta::pure::tds::TDSRow, typeArguments=[], typeMultiplicityArguments=[], properties=[KeyBinding[key=values, expression=KeyExpression[value=PureCollection[values=[CInteger[value=1, pos=SourceInfo[sourceId=, startLine=1572, startColumn=54, endLine=)	compiler.spec.SpecCompiler.compile:108
FAILED	meta::relational::tests::mapping::enumeration::model::mapping::employeeTestMappingWithTransposeFunction$class$meta::relational::tests::mapping::enumeration::model::domain::Employee__Employee_MANY_	TypeInferenceException	in function 'meta::relational::tests::mapping::enumeration::model::mapping::employeeTestMappingWithTransposeFunction$class$meta::relational::tests::mapping::enumeration::model::domain::Employee': unknown function 'transpose' — no function of this name in the native or user catalog (unported platform function, or a misspelling)	compiler.spec.SpecCompiler.compile:108
FAILED	meta::relational::tests::mapping::extend::primaryKey::AMappingWithGroupBy$class$meta::relational::tests::mapping::extend::model::A__A_MANY_	TypeInferenceException	in function 'meta::relational::tests::mapping::extend::primaryKey::AMappingWithGroupBy$class$meta::relational::tests::mapping::extend::model::A': relation has no column 'id'	compiler.spec.SpecCompiler.compile:108
FAILED	meta::relational::tests::mapping::extend::primaryKey::BMappingWithDistinctAMappingWithGroupBy$class$meta::relational::tests::mapping::extend::model::B__B_MANY_	TypeInferenceException	in function 'meta::relational::tests::mapping::extend::primaryKey::BMappingWithDistinctAMappingWithGroupBy$class$meta::relational::tests::mapping::extend::model::B': in call to 'meta::pure::functions::relation::select', argument 2: unknown column 'id' in (aName:String[0..1])	compiler.spec.SpecCompiler.compile:108
FAILED	meta::relational::tests::mapping::extend::primaryKey::BMappingWithGroupByAMappingWithDistinct$class$meta::relational::tests::mapping::extend::model::B__B_MANY_	TypeInferenceException	in function 'meta::relational::tests::mapping::extend::primaryKey::BMappingWithGroupByAMappingWithDistinct$class$meta::relational::tests::mapping::extend::model::B': in call to 'meta::pure::functions::relation::select', argument 2: unknown column 'id' in (bName:String[0..1])	compiler.spec.SpecCompiler.compile:108
FAILED	meta::relational::tests::mapping::extend::primaryKey::BMappingWithGroupByAMappingWithGroupBy$class$meta::relational::tests::mapping::extend::model::B__B_MANY_	TypeInferenceException	in function 'meta::relational::tests::mapping::extend::primaryKey::BMappingWithGroupByAMappingWithGroupBy$class$meta::relational::tests::mapping::extend::model::B': relation has no column 'id'	compiler.spec.SpecCompiler.compile:108
FAILED	meta::relational::tests::mapping::extend::primaryKey::BMappingWithGroupByAMappingWithNothing$class$meta::relational::tests::mapping::extend::model::B__B_MANY_	TypeInferenceException	in function 'meta::relational::tests::mapping::extend::primaryKey::BMappingWithGroupByAMappingWithNothing$class$meta::relational::tests::mapping::extend::model::B': relation has no column 'id'	compiler.spec.SpecCompiler.compile:108
FAILED	meta::relational::tests::mapping::extend::primaryKey::BMappingWithGroupByAMappingWithUserDefinedPrimaryKey$class$meta::relational::tests::mapping::extend::model::B__B_MANY_	TypeInferenceException	in function 'meta::relational::tests::mapping::extend::primaryKey::BMappingWithGroupByAMappingWithUserDefinedPrimaryKey$class$meta::relational::tests::mapping::extend::model::B': relation has no column 'id'	compiler.spec.SpecCompiler.compile:108
FAILED	meta::relational::tests::mapping::extend::primaryKey::BMappingWithNothingAMappingWithGroupBy$class$meta::relational::tests::mapping::extend::model::B__B_MANY_	TypeInferenceException	in function 'meta::relational::tests::mapping::extend::primaryKey::BMappingWithNothingAMappingWithGroupBy$class$meta::relational::tests::mapping::extend::model::B': relation has no column 'id'	compiler.spec.SpecCompiler.compile:108
FAILED	meta::relational::tests::mapping::extend::primaryKey::BMappingWithUserDefinedPrimaryKeyAMappingWithGroupBy$class$meta::relational::tests::mapping::extend::model::B__B_MANY_	TypeInferenceException	in function 'meta::relational::tests::mapping::extend::primaryKey::BMappingWithUserDefinedPrimaryKeyAMappingWithGroupBy$class$meta::relational::tests::mapping::extend::model::B': relation has no column 'id'	compiler.spec.SpecCompiler.compile:108
FAILED	meta::relational::tests::mapping::groupBy::model::mapping::mft::groupByUnionTestMapping$class$meta::pure::mft::tests::collection::Firm__Firm_MANY_	TypeInferenceException	in function 'meta::relational::tests::mapping::groupBy::model::mapping::mft::groupByUnionTestMapping$class$meta::pure::mft::tests::collection::Firm': unknown function 'meta::relational::tests::mapping::groupBy::model::mapping::mft::groupByUnionTestMapping$class$meta::pure::mft::tests::collection::Person$set$p1' — no function of this name in the native or user catalog (unported platform function, or a misspelling)	compiler.spec.SpecCompiler.compile:108
FAILED	meta::relational::tests::mapping::groupBy::model::mapping::mft::groupByUnionTestMapping$class$meta::pure::mft::tests::collection::Person__Person_MANY_	TypeInferenceException	in function 'meta::relational::tests::mapping::groupBy::model::mapping::mft::groupByUnionTestMapping$class$meta::pure::mft::tests::collection::Person': unknown function 'meta::relational::tests::mapping::groupBy::model::mapping::mft::groupByUnionTestMapping$class$meta::pure::mft::tests::collection::Person$set$p1' — no function of this name in the native or user catalog (unported platform function, or a misspelling)	compiler.spec.SpecCompiler.compile:108
FAILED	meta::relational::tests::mapping::inheritance::relational::testFilteringOnColumnsNotInProject__Boolean_1_	TypeInferenceException	in function 'meta::relational::tests::mapping::inheritance::relational::testFilteringOnColumnsNotInProject': project expects ~[…] column specifications	compiler.spec.SpecCompiler.compile:108
FAILED	meta::relational::tests::mapping::inheritance::relational::testFilteringOnColumnsNotInProjectSingleChildStructure__Boolean_1_	TypeInferenceException	in function 'meta::relational::tests::mapping::inheritance::relational::testFilteringOnColumnsNotInProjectSingleChildStructure': project expects ~[…] column specifications	compiler.spec.SpecCompiler.compile:108
FAILED	meta::relational::tests::mapping::inheritance::relational::testProjectQualifiedPropertyFromUnmappedSuperClass__Boolean_1_	TypeInferenceException	in function 'meta::relational::tests::mapping::inheritance::relational::testProjectQualifiedPropertyFromUnmappedSuperClass': project expects ~[…] column specifications	compiler.spec.SpecCompiler.compile:108
FAILED	meta::relational::tests::mapping::join::testChainedInnerJoinsWithQualifierInGroupBy__Boolean_1_	TypeInferenceException	in function 'meta::relational::tests::mapping::join::testChainedInnerJoinsWithQualifierInGroupBy': legacy groupBy aggregate 0 must be agg(mapFn, aggFn)	compiler.spec.SpecCompiler.compile:108
FAILED	meta::relational::tests::mapping::modelJoin::advanced::testChainedTwoHops__Boolean_1_	ResolutionException	'ChainedTwoHopsMapping' is not a known class, mapping, runtime, connection, or database — user elements in a query need a fully qualified name	compiler.spec.Typer.classReference:982
FAILED	meta::relational::tests::mapping::modelJoin::advanced::testColumnCollisionInSubselect__Boolean_1_	ResolutionException	'meta::relational::tests::mapping::modelJoin::advanced::ColumnCollisionMapping' is not a known class, mapping, runtime, connection, or database	compiler.spec.Typer.classReference:982
FAILED	meta::relational::tests::mapping::modelJoin::advanced::testComplexRelationFunction__Boolean_1_	ResolutionException	'meta::relational::tests::mapping::modelJoin::advanced::ComplexRelationFunctionMapping' is not a known class, mapping, runtime, connection, or database	compiler.spec.Typer.classReference:982
FAILED	meta::relational::tests::mapping::modelJoin::advanced::testDirectPropertyAccess__Boolean_1_	ResolutionException	'NestedPropertyChainMapping' is not a known class, mapping, runtime, connection, or database — user elements in a query need a fully qualified name	compiler.spec.Typer.classReference:982
FAILED	meta::relational::tests::mapping::modelJoin::advanced::testDistinctOnTarget__Boolean_1_	ResolutionException	'DistinctOnTargetMapping' is not a known class, mapping, runtime, connection, or database — user elements in a query need a fully qualified name	compiler.spec.Typer.classReference:982
FAILED	meta::relational::tests::mapping::modelJoin::advanced::testDoubleNestedBothSides__Boolean_1_	ResolutionException	'DoubleNestedModelJoinMapping' is not a known class, mapping, runtime, connection, or database — user elements in a query need a fully qualified name	compiler.spec.Typer.classReference:982
FAILED	meta::relational::tests::mapping::modelJoin::advanced::testFilterOnTarget__Boolean_1_	ResolutionException	'FilterOnTargetMapping' is not a known class, mapping, runtime, connection, or database — user elements in a query need a fully qualified name	compiler.spec.Typer.classReference:982
FAILED	meta::relational::tests::mapping::modelJoin::advanced::testFilterOnTargetNestedCondition__Boolean_1_	ResolutionException	'FilterOnTargetNestedConditionMapping' is not a known class, mapping, runtime, connection, or database — user elements in a query need a fully qualified name	compiler.spec.Typer.classReference:982
FAILED	meta::relational::tests::mapping::modelJoin::advanced::testFilterOnTargetReverse__Boolean_1_	ResolutionException	'FilterOnTargetMapping' is not a known class, mapping, runtime, connection, or database — user elements in a query need a fully qualified name	compiler.spec.Typer.classReference:982
FAILED	meta::relational::tests::mapping::modelJoin::advanced::testFilterWithInnerJoinOnTarget__Boolean_1_	ResolutionException	'FilterWithInnerJoinOnTargetMapping' is not a known class, mapping, runtime, connection, or database — user elements in a query need a fully qualified name	compiler.spec.Typer.classReference:982
FAILED	meta::relational::tests::mapping::modelJoin::advanced::testInCondition__Boolean_1_	ResolutionException	'meta::relational::tests::mapping::modelJoin::advanced::AdvancedInConditionMapping' is not a known class, mapping, runtime, connection, or database	compiler.spec.Typer.classReference:982
FAILED	meta::relational::tests::mapping::modelJoin::advanced::testMixedMappingEmployeeToFirm__Boolean_1_	ResolutionException	'meta::relational::tests::mapping::modelJoin::advanced::MixedMappingNestedPropertyAccess' is not a known class, mapping, runtime, connection, or database	compiler.spec.Typer.classReference:982
FAILED	meta::relational::tests::mapping::modelJoin::advanced::testMixedMappingFirmToEmployee__Boolean_1_	ResolutionException	'meta::relational::tests::mapping::modelJoin::advanced::MixedMappingNestedPropertyAccess' is not a known class, mapping, runtime, connection, or database	compiler.spec.Typer.classReference:982
FAILED	meta::relational::tests::mapping::modelJoin::advanced::testNestedInFilter__Boolean_1_	ResolutionException	'DoubleNestedModelJoinMapping' is not a known class, mapping, runtime, connection, or database — user elements in a query need a fully qualified name	compiler.spec.Typer.classReference:982
FAILED	meta::relational::tests::mapping::modelJoin::advanced::testNestedModelJoinCompoundInnerCondition__Boolean_1_	ResolutionException	'meta::relational::tests::mapping::modelJoin::advanced::NestedModelJoinWithPropertyAccess' is not a known class, mapping, runtime, connection, or database	compiler.spec.Typer.classReference:982
FAILED	meta::relational::tests::mapping::modelJoin::advanced::testNestedPropertyChain__Boolean_1_	ResolutionException	'NestedPropertyChainMapping' is not a known class, mapping, runtime, connection, or database — user elements in a query need a fully qualified name	compiler.spec.Typer.classReference:982
FAILED	meta::relational::tests::mapping::modelJoin::advanced::testQualifiedPropertyInQuery__Boolean_1_	ResolutionException	'meta::relational::tests::mapping::modelJoin::advanced::QualifiedPropertyMapping' is not a known class, mapping, runtime, connection, or database	compiler.spec.Typer.classReference:982
FAILED	meta::relational::tests::mapping::modelJoin::advanced::testRelationalDoubleNestedBothSides__Boolean_1_	ResolutionException	'RelationalDoubleNestedMapping' is not a known class, mapping, runtime, connection, or database — user elements in a query need a fully qualified name	compiler.spec.Typer.classReference:982
FAILED	meta::relational::tests::mapping::modelJoin::advanced::testRelationalNestedInFilter__Boolean_1_	ResolutionException	'RelationalFilterOnNestedMapping' is not a known class, mapping, runtime, connection, or database — user elements in a query need a fully qualified name	compiler.spec.Typer.classReference:982
FAILED	meta::relational::tests::mapping::modelJoin::advanced::testRelationalNestedPropertyChain__Boolean_1_	ResolutionException	'RelationalNestedPropertyChainMapping' is not a known class, mapping, runtime, connection, or database — user elements in a query need a fully qualified name	compiler.spec.Typer.classReference:982
FAILED	meta::relational::tests::mapping::modelJoin::advanced::testRelationalSubFilter__Boolean_1_	ResolutionException	'meta::relational::tests::mapping::modelJoin::advanced::RelationalNestedPropertyChainMapping' is not a known class, mapping, runtime, connection, or database	compiler.spec.Typer.classReference:982
FAILED	meta::relational::tests::mapping::modelJoin::advanced::testSubAggregationRelational__Boolean_1_	ResolutionException	'meta::relational::tests::mapping::modelJoin::advanced::RelationalEqualityMapping' is not a known class, mapping, runtime, connection, or database	compiler.spec.Typer.classReference:982
FAILED	meta::relational::tests::mapping::modelJoin::advanced::testSubFilter__Boolean_1_	ResolutionException	'meta::relational::tests::mapping::modelJoin::advanced::NestedPropertyChainMapping' is not a known class, mapping, runtime, connection, or database	compiler.spec.Typer.classReference:982
FAILED	meta::relational::tests::mft::mapping::crossstore::testcrossstoreMapping__MFTMappingTest_1_	TypeInferenceException	in function 'meta::relational::tests::mft::mapping::crossstore::testcrossstoreMapping': property 'tests' of 'meta::pure::test::mft::IgnoreExecutionTest': multiplicity [*] is not compatible with result [1] (value: PackageableElementPtr[fullPath=meta::pure::mft::tests::collection::filter::simpleGraph__FunctionDefinition_1_, pos=SourceInfo[sourceId=, startLine=31, startColumn=141, endLine=31, endColumn=218]])	compiler.spec.SpecCompiler.compile:108
FAILED	meta::relational::tests::mft::mapping::crossstore::testcrossstoreUnionMapping__MFTMappingTest_1_	TypeInferenceException	in function 'meta::relational::tests::mft::mapping::crossstore::testcrossstoreUnionMapping': property 'tests' of 'meta::pure::test::mft::IgnoreExecutionTest': multiplicity [*] is not compatible with result [1] (value: PackageableElementPtr[fullPath=meta::pure::mft::tests::collection::filter::simpleGraph__FunctionDefinition_1_, pos=SourceInfo[sourceId=, startLine=77, startColumn=140, endLine=77, endColumn=217]])	compiler.spec.SpecCompiler.compile:108
FAILED	meta::relational::tests::mft::mapping::distinct::testDistinctMapping__MFTMappingTest_1_	TypeInferenceException	in function 'meta::relational::tests::mft::mapping::distinct::testDistinctMapping': property 'tests' of 'meta::pure::test::mft::TestErrorAssertion': multiplicity [*] is not compatible with result [1] (value: PureCollection[values=[PackageableElementPtr[fullPath=meta::pure::mft::tests::collection::filter::filterGraphFetch__FunctionDefinition_1_, pos=SourceInfo[sourceId=, startLine=30, startColumn=48, endLine=30, endColumn=130]], PackageableElementPtr[fullPath=meta::pure::mft::tests::collection::filter::filterAssociationGraphFetch__FunctionDefinition_1_, pos=SourceInfo[sourceId=, startLine=31, startColu)	compiler.spec.SpecCompiler.compile:108
FAILED	meta::relational::tests::mft::mapping::distinct::testDistinctUnionMapping__MFTMappingTest_1_	TypeInferenceException	in function 'meta::relational::tests::mft::mapping::distinct::testDistinctUnionMapping': property 'tests' of 'meta::pure::test::mft::TestErrorAssertion': multiplicity [*] is not compatible with result [1] (value: PureCollection[values=[PackageableElementPtr[fullPath=meta::pure::mft::tests::collection::filter::filterGraphFetch__FunctionDefinition_1_, pos=SourceInfo[sourceId=, startLine=71, startColumn=62, endLine=71, endColumn=144]], PackageableElementPtr[fullPath=meta::pure::mft::tests::collection::filter::filterAssociationGraphFetch__FunctionDefinition_1_, pos=SourceInfo[sourceId=, startLine=72, startColu)	compiler.spec.SpecCompiler.compile:108
FAILED	meta::relational::tests::mft::mapping::embedded::testembeddedMapping__MFTMappingTest_1_	TypeInferenceException	in function 'meta::relational::tests::mft::mapping::embedded::testembeddedMapping': property 'tests' of 'meta::pure::test::mft::IgnoreExecutionTest': multiplicity [*] is not compatible with result [1] (value: PackageableElementPtr[fullPath=meta::pure::mft::tests::collection::exists::existsTDS__FunctionDefinition_1_, pos=SourceInfo[sourceId=, startLine=30, startColumn=110, endLine=30, endColumn=185]])	compiler.spec.SpecCompiler.compile:108
FAILED	meta::relational::tests::mft::mapping::embedded::testembeddedUnionMapping__MFTMappingTest_1_	TypeInferenceException	in function 'meta::relational::tests::mft::mapping::embedded::testembeddedUnionMapping': property 'tests' of 'meta::pure::test::mft::TestAssertion': multiplicity [*] is not compatible with result [1] (value: PackageableElementPtr[fullPath=meta::pure::mft::tests::collection::distinct::distinctTDS__FunctionDefinition_1_, pos=SourceInfo[sourceId=, startLine=73, startColumn=90, endLine=73, endColumn=169]])	compiler.spec.SpecCompiler.compile:108
FAILED	meta::relational::tests::mft::mapping::extension::testeUnionExtensionMapping__MFTMappingTest_1_	TypeInferenceException	in function 'meta::relational::tests::mft::mapping::extension::testeUnionExtensionMapping': property 'tests' of 'meta::pure::test::mft::TestAssertion': multiplicity [*] is not compatible with result [1] (value: PackageableElementPtr[fullPath=meta::pure::mft::tests::collection::distinct::distinctTDS__FunctionDefinition_1_, pos=SourceInfo[sourceId=, startLine=71, startColumn=75, endLine=71, endColumn=154]])	compiler.spec.SpecCompiler.compile:108
FAILED	meta::relational::tests::mft::mapping::extension::testextensionMapping__MFTMappingTest_1_	TypeInferenceException	in function 'meta::relational::tests::mft::mapping::extension::testextensionMapping': property 'tests' of 'meta::pure::test::mft::TestAssertion': multiplicity [*] is not compatible with result [1] (value: PackageableElementPtr[fullPath=meta::pure::mft::tests::collection::distinct::distinctTDS__FunctionDefinition_1_, pos=SourceInfo[sourceId=, startLine=30, startColumn=75, endLine=30, endColumn=154]])	compiler.spec.SpecCompiler.compile:108
FAILED	meta::relational::tests::mft::mapping::filter::testfilterMapping__MFTMappingTest_1_	TypeInferenceException	in function 'meta::relational::tests::mft::mapping::filter::testfilterMapping': property 'tests' of 'meta::pure::test::mft::TestAssertion': multiplicity [*] is not compatible with result [1] (value: PackageableElementPtr[fullPath=meta::pure::mft::tests::collection::distinct::distinctTDS__FunctionDefinition_1_, pos=SourceInfo[sourceId=, startLine=25, startColumn=77, endLine=25, endColumn=156]])	compiler.spec.SpecCompiler.compile:108
FAILED	meta::relational::tests::mft::mapping::filter::testfilterUnionMapping__MFTMappingTest_1_	TypeInferenceException	in function 'meta::relational::tests::mft::mapping::filter::testfilterUnionMapping': property 'tests' of 'meta::pure::test::mft::TestAssertion': multiplicity [*] is not compatible with result [1] (value: PackageableElementPtr[fullPath=meta::pure::mft::tests::collection::distinct::distinctTDS__FunctionDefinition_1_, pos=SourceInfo[sourceId=, startLine=69, startColumn=75, endLine=69, endColumn=154]])	compiler.spec.SpecCompiler.compile:108
FAILED	meta::relational::tests::mft::mapping::groupBy::testGroupByMapping__MFTMappingTest_1_	TypeInferenceException	in function 'meta::relational::tests::mft::mapping::groupBy::testGroupByMapping': property 'tests' of 'meta::pure::test::mft::TestErrorAssertion': multiplicity [*] is not compatible with result [1] (value: PureCollection[values=[PackageableElementPtr[fullPath=meta::pure::mft::tests::collection::filter::filterGraphFetch__FunctionDefinition_1_, pos=SourceInfo[sourceId=, startLine=30, startColumn=60, endLine=30, endColumn=142]], PackageableElementPtr[fullPath=meta::pure::mft::tests::collection::filter::filterAssociationGraphFetch__FunctionDefinition_1_, pos=SourceInfo[sourceId=, startLine=31, startColu)	compiler.spec.SpecCompiler.compile:108
FAILED	meta::relational::tests::mft::mapping::groupBy::testGroupByUnionMapping__MFTMappingTest_1_	TypeInferenceException	in function 'meta::relational::tests::mft::mapping::groupBy::testGroupByUnionMapping': property 'tests' of 'meta::pure::test::mft::TestErrorAssertion': multiplicity [*] is not compatible with result [1] (value: PureCollection[values=[PackageableElementPtr[fullPath=meta::pure::mft::tests::collection::filter::filterGraphFetch__FunctionDefinition_1_, pos=SourceInfo[sourceId=, startLine=69, startColumn=60, endLine=69, endColumn=142]], PackageableElementPtr[fullPath=meta::pure::mft::tests::collection::filter::filterAssociationGraphFetch__FunctionDefinition_1_, pos=SourceInfo[sourceId=, startLine=70, startColu)	compiler.spec.SpecCompiler.compile:108
FAILED	meta::relational::tests::mft::mapping::simple::testSimpleMapping__MFTMappingTest_1_	TypeInferenceException	in function 'meta::relational::tests::mft::mapping::simple::testSimpleMapping': property 'tests' of 'meta::pure::test::mft::TestAssertion': multiplicity [*] is not compatible with result [1] (value: PackageableElementPtr[fullPath=meta::pure::mft::tests::collection::distinct::distinctTDS__FunctionDefinition_1_, pos=SourceInfo[sourceId=, startLine=29, startColumn=75, endLine=29, endColumn=154]])	compiler.spec.SpecCompiler.compile:108
FAILED	meta::relational::tests::mft::mapping::union::testunionMapping__MFTMappingTest_1_	TypeInferenceException	in function 'meta::relational::tests::mft::mapping::union::testunionMapping': property 'tests' of 'meta::pure::test::mft::TestAssertion': multiplicity [*] is not compatible with result [1] (value: PackageableElementPtr[fullPath=meta::pure::mft::tests::collection::distinct::distinctTDS__FunctionDefinition_1_, pos=SourceInfo[sourceId=, startLine=29, startColumn=76, endLine=29, endColumn=155]])	compiler.spec.SpecCompiler.compile:108
FAILED	meta::relational::tests::milestoning::bitemporal::testGroupByAndMilestoning__Boolean_1_	TypeInferenceException	in function 'meta::relational::tests::milestoning::bitemporal::testGroupByAndMilestoning': legacy groupBy aggregate 0 must be agg(mapFn, aggFn)	compiler.spec.SpecCompiler.compile:108
FAILED	meta::relational::tests::milestoning::businessdate::testConstraintUsageOfThisMilestoningContext1__Boolean_1_	TypeInferenceException	in function 'meta::relational::tests::milestoning::businessdate::testConstraintUsageOfThisMilestoningContext1': validate is desugared before typing (ValidateDesugar): a validate call reached the typer	compiler.spec.SpecCompiler.compile:108
FAILED	meta::relational::tests::milestoning::businessdate::testConstraintUsageOfThisMilestoningContext1b__Boolean_1_	TypeInferenceException	in function 'meta::relational::tests::milestoning::businessdate::testConstraintUsageOfThisMilestoningContext1b': validate is desugared before typing (ValidateDesugar): a validate call reached the typer	compiler.spec.SpecCompiler.compile:108
FAILED	meta::relational::tests::milestoning::businessdate::testConstraintUsageOfThisMilestoningContext1c__Boolean_1_	TypeInferenceException	in function 'meta::relational::tests::milestoning::businessdate::testConstraintUsageOfThisMilestoningContext1c': validate is desugared before typing (ValidateDesugar): a validate call reached the typer	compiler.spec.SpecCompiler.compile:108
FAILED	meta::relational::tests::milestoning::businessdate::testConstraintUsageOfThisMilestoningContext2__Boolean_1_	TypeInferenceException	in function 'meta::relational::tests::milestoning::businessdate::testConstraintUsageOfThisMilestoningContext2': validate is desugared before typing (ValidateDesugar): a validate call reached the typer	compiler.spec.SpecCompiler.compile:108
FAILED	meta::relational::tests::milestoning::businessdate::testConstraintUsageOfThisMilestoningContext2WithNonTemporalStore__Boolean_1_	TypeInferenceException	in function 'meta::relational::tests::milestoning::businessdate::testConstraintUsageOfThisMilestoningContext2WithNonTemporalStore': validate is desugared before typing (ValidateDesugar): a validate call reached the typer	compiler.spec.SpecCompiler.compile:108
FAILED	meta::relational::tests::milestoning::businessdate::testConstraintUsageOfThisMilestoningContext3__Boolean_1_	TypeInferenceException	in function 'meta::relational::tests::milestoning::businessdate::testConstraintUsageOfThisMilestoningContext3': validate is desugared before typing (ValidateDesugar): a validate call reached the typer	compiler.spec.SpecCompiler.compile:108
FAILED	meta::relational::tests::milestoning::businessdate::testConstraintUsageOfVarReferenceWithThisMilestoningContext__Boolean_1_	TypeInferenceException	in function 'meta::relational::tests::milestoning::businessdate::testConstraintUsageOfVarReferenceWithThisMilestoningContext': validate is desugared before typing (ValidateDesugar): a validate call reached the typer	compiler.spec.SpecCompiler.compile:108
FAILED	meta::relational::tests::milestoning::businessdate::testMilestonedThisBusinessDateUsedAsParameterToFunctionInMilestoningQualifiedPropertyMappedToView__Boolean_1_	TypeInferenceException	in function 'meta::relational::tests::milestoning::businessdate::testMilestonedThisBusinessDateUsedAsParameterToFunctionInMilestoningQualifiedPropertyMappedToView': validate is desugared before typing (ValidateDesugar): a validate call reached the typer	compiler.spec.SpecCompiler.compile:108
FAILED	meta::relational::tests::milestoning::businessdate::testMilestoningQueryWithGroupByFilterWithMilestoning__Boolean_1_	TypeInferenceException	in function 'meta::relational::tests::milestoning::businessdate::testMilestoningQueryWithGroupByFilterWithMilestoning': legacy groupBy aggregate 0 must be agg(mapFn, aggFn)	compiler.spec.SpecCompiler.compile:108
FAILED	meta::relational::tests::milestoning::businessdate::testProcessedMilestonedExchangeNameConstraint__Boolean_1_	TypeInferenceException	in function 'meta::relational::tests::milestoning::businessdate::testProcessedMilestonedExchangeNameConstraint': validate is desugared before typing (ValidateDesugar): a validate call reached the typer	compiler.spec.SpecCompiler.compile:108
FAILED	meta::relational::tests::postProcessor::nonExecutable::testReplaceTablePostProcessorWithSubQueries__Boolean_1_	TypeInferenceException	in function 'meta::relational::tests::postProcessor::nonExecutable::testReplaceTablePostProcessorWithSubQueries': legacy groupBy aggregate 0 must be agg(mapFn, aggFn)	compiler.spec.SpecCompiler.compile:108
FAILED	meta::relational::tests::projection::association::toMany::testAssociationToManyColumnProtocolOneColumn__Boolean_1_	TypeInferenceException	in function 'meta::relational::tests::projection::association::toMany::testAssociationToManyColumnProtocolOneColumn': project expects ~[…] column specifications	compiler.spec.SpecCompiler.compile:108
FAILED	meta::relational::tests::projection::enumeration::testTdsProjectWithEnumInequalityComparison__Boolean_1_	TypeInferenceException	in function 'meta::relational::tests::projection::enumeration::testTdsProjectWithEnumInequalityComparison': project expects ~[…] column specifications	compiler.spec.SpecCompiler.compile:108
FAILED	meta::relational::tests::projection::enumeration::testTdsProjectWithEnumToStringEqualityComparison__Boolean_1_	TypeInferenceException	in function 'meta::relational::tests::projection::enumeration::testTdsProjectWithEnumToStringEqualityComparison': project expects ~[…] column specifications	compiler.spec.SpecCompiler.compile:108
FAILED	meta::relational::tests::projection::enumeration::testTdsProjectWithEnumVarEquality__Boolean_1_	TypeInferenceException	in function 'meta::relational::tests::projection::enumeration::testTdsProjectWithEnumVarEquality': project expects ~[…] column specifications	compiler.spec.SpecCompiler.compile:108
FAILED	meta::relational::tests::projection::enumeration::testTdsProjectWithEnumsInInClause__Boolean_1_	TypeInferenceException	in function 'meta::relational::tests::projection::enumeration::testTdsProjectWithEnumsInInClause': project expects ~[…] column specifications	compiler.spec.SpecCompiler.compile:108
FAILED	meta::relational::tests::projection::enumeration::testTdsProjectWithMultiStringEnumEqualityComparison__Boolean_1_	TypeInferenceException	in function 'meta::relational::tests::projection::enumeration::testTdsProjectWithMultiStringEnumEqualityComparison': project expects ~[…] column specifications	compiler.spec.SpecCompiler.compile:108
FAILED	meta::relational::tests::projection::enumeration::testTdsProjectWithSingleStringEnumEqualityComparison__Boolean_1_	TypeInferenceException	in function 'meta::relational::tests::projection::enumeration::testTdsProjectWithSingleStringEnumEqualityComparison': project expects ~[…] column specifications	compiler.spec.SpecCompiler.compile:108
FAILED	meta::relational::tests::projection::simple::getCols__ColumnSpecification_MANY_	TypeInferenceException	in function 'meta::relational::tests::projection::simple::getCols': ~firstName: mapped/aggregate column specifications need an enclosing call to type against	compiler.spec.SpecCompiler.compile:108
FAILED	meta::relational::tests::projection::simple::runQuery_Path_1__Result_1_	TypeInferenceException	in function 'meta::relational::tests::projection::simple::runQuery': project expects ~[…] column specifications	compiler.spec.SpecCompiler.compile:108
FAILED	meta::relational::tests::projection::simple::testAllOneSimplePropertyUsingOpenVariables__Boolean_1_	TypeInferenceException	in function 'meta::relational::tests::projection::simple::testAllOneSimplePropertyUsingOpenVariables': in call to 'meta::relational::tests::projection::simple::runQuery', argument 1: expected meta::pure::metamodel::path::Path, got {meta::relational::tests::model::simple::Person[1] -> String[1]}	compiler.spec.SpecCompiler.compile:108
FAILED	meta::relational::tests::projection::simple::testAllOneSimplePropertyUsingVariables3__Boolean_1_	TypeInferenceException	in function 'meta::relational::tests::projection::simple::testAllOneSimplePropertyUsingVariables3': project expects ~[…] column specifications	compiler.spec.SpecCompiler.compile:108
FAILED	meta::relational::tests::projection::simple::testRoutingWithSubtypePropagation__Boolean_1_	TypeInferenceException	in function 'meta::relational::tests::projection::simple::testRoutingWithSubtypePropagation': project expects ~[…] column specifications	compiler.spec.SpecCompiler.compile:108
FAILED	meta::relational::tests::query::enumeration::testAggregationFunctionWithEnum__Boolean_1_	TypeInferenceException	in function 'meta::relational::tests::query::enumeration::testAggregationFunctionWithEnum': legacy groupBy aggregate 0 must be agg(mapFn, aggFn)	compiler.spec.SpecCompiler.compile:108
FAILED	meta::relational::tests::query::filter::exists::testFilterWithNestedNotExists__Boolean_1_	TypeInferenceException	in function 'meta::relational::tests::query::filter::exists::testFilterWithNestedNotExists': project expects ~[…] column specifications	compiler.spec.SpecCompiler.compile:108
FAILED	meta::relational::tests::query::filter::exists::testFilterWithNestedNotExistsFilterInlined__Boolean_1_	TypeInferenceException	in function 'meta::relational::tests::query::filter::exists::testFilterWithNestedNotExistsFilterInlined': project expects ~[…] column specifications	compiler.spec.SpecCompiler.compile:108
FAILED	meta::relational::tests::query::filter::exists::testMultipleExistsOnSameProperty__Boolean_1_	TypeInferenceException	in function 'meta::relational::tests::query::filter::exists::testMultipleExistsOnSameProperty': project expects ~[…] column specifications	compiler.spec.SpecCompiler.compile:108
FAILED	meta::relational::tests::query::routing::extendWithIsAdult_TabularDataSet_1__TabularDataSet_1_	TypeInferenceException	in function 'meta::relational::tests::query::routing::extendWithIsAdult': expected a Relation, got meta::pure::tds::TabularDataSet	compiler.spec.SpecCompiler.compile:108
FAILED	meta::relational::tests::query::routing::getAggValues__AggregateValue_MANY_	TypeInferenceException	in function 'meta::relational::tests::query::routing::getAggValues': unbound type variable T	compiler.spec.SpecCompiler.compile:108
FAILED	meta::relational::tests::query::routing::getColumns__ColumnSpecification_MANY_	TypeInferenceException	in function 'meta::relational::tests::query::routing::getColumns': ~firstName: mapped/aggregate column specifications need an enclosing call to type against	compiler.spec.SpecCompiler.compile:108
FAILED	meta::relational::tests::query::routing::getJoin_TabularDataSet_1__TabularDataSet_1__TabularDataSet_1_	TypeInferenceException	in function 'meta::relational::tests::query::routing::getJoin': expected a Relation, got meta::pure::tds::TabularDataSet	compiler.spec.SpecCompiler.compile:108
FAILED	meta::relational::tests::query::routing::multipleexpressions::testPlatformExpressionDependencyOnAFromExpression__Boolean_1_	TypeInferenceException	in function 'meta::relational::tests::query::routing::multipleexpressions::testPlatformExpressionDependencyOnAFromExpression': no overload of 'meta::pure::router::routeFunction' accepts 4 argument(s)	compiler.spec.SpecCompiler.compile:108
FAILED	meta::relational::tests::query::routing::multipleexpressions::testPlatformExpressionDependencyOnAFromExpression2__Boolean_1_	TypeInferenceException	in function 'meta::relational::tests::query::routing::multipleexpressions::testPlatformExpressionDependencyOnAFromExpression2': no overload of 'meta::pure::router::routeFunction' accepts 4 argument(s)	compiler.spec.SpecCompiler.compile:108
FAILED	meta::relational::tests::query::routing::routeInternal_FunctionDefinition_1__FunctionDefinition_1_	TypeInferenceException	in function 'meta::relational::tests::query::routing::routeInternal': no overload of 'meta::pure::router::routeFunction' accepts 4 argument(s)	compiler.spec.SpecCompiler.compile:108
FAILED	meta::relational::tests::query::simple::getPersonNames_String_MANY__TabularDataSet_1_	TypeInferenceException	in function 'meta::relational::tests::query::simple::getPersonNames': ~first: mapped/aggregate column specifications need an enclosing call to type against	compiler.spec.SpecCompiler.compile:108
FAILED	meta::relational::tests::query::simple::getTrades_String_MANY__TabularDataSet_1_	TypeInferenceException	in function 'meta::relational::tests::query::simple::getTrades': ~id: mapped/aggregate column specifications need an enclosing call to type against	compiler.spec.SpecCompiler.compile:108
FAILED	meta::relational::tests::simpleRelationalMapping$class$meta::relational::tests::model::simple::Interaction_ExtendedPrimitives__Interaction_ExtendedPrimitives_MANY_	TypeInferenceException	in function 'meta::relational::tests::simpleRelationalMapping$class$meta::relational::tests::model::simple::Interaction_ExtendedPrimitives': property 'id' of 'meta::relational::tests::model::simple::Interaction_ExtendedPrimitives': expected String, got Integer (value: AppliedFunction[function=meta::legend::lite::trustOne, parameters=[AppliedProperty[receiver=Variable[name=row, type=null, multiplicity=null, pos=null], property=ID, pos=null]], candidateFqns=[], pos=null, propertyCall=false, grouped=false, infix=false])	compiler.spec.SpecCompiler.compile:108
FAILED	meta::relational::tests::tds::groupBy::simpleGroupByAggFuncAsLambda__Boolean_1_	TypeInferenceException	in function 'meta::relational::tests::tds::groupBy::simpleGroupByAggFuncAsLambda': a bare lambda has no type outside a call position (lambdas type against their call's signature)	compiler.spec.SpecCompiler.compile:108
FAILED	meta::relational::tests::tds::groupBy::simpleGroupByAggFuncAsVariable__Boolean_1_	TypeInferenceException	in function 'meta::relational::tests::tds::groupBy::simpleGroupByAggFuncAsVariable': a bare lambda has no type outside a call position (lambdas type against their call's signature)	compiler.spec.SpecCompiler.compile:108
FAILED	meta::relational::tests::tds::groupBy::simpleGroupByAggFuncNotStopFunc__Boolean_1_	TypeInferenceException	in function 'meta::relational::tests::tds::groupBy::simpleGroupByAggFuncNotStopFunc': a bare lambda has no type outside a call position (lambdas type against their call's signature)	compiler.spec.SpecCompiler.compile:108
FAILED	meta::relational::tests::tds::groupBy::simpleGroupCountUsingVariables__Boolean_1_	TypeInferenceException	in function 'meta::relational::tests::tds::groupBy::simpleGroupCountUsingVariables': a bare lambda has no type outside a call position (lambdas type against their call's signature)	compiler.spec.SpecCompiler.compile:108
FAILED	meta::relational::tests::tds::groupBy::testValidateTdsGroupByWithIsNotEmpty__Boolean_1_	TypeInferenceException	in function 'meta::relational::tests::tds::groupBy::testValidateTdsGroupByWithIsNotEmpty': validate is desugared before typing (ValidateDesugar): a validate call reached the typer	compiler.spec.SpecCompiler.compile:108
FAILED	meta::relational::tests::tds::sort::testSimpleSortAscInputToProject__Boolean_1_	TypeInferenceException	in function 'meta::relational::tests::tds::sort::testSimpleSortAscInputToProject': project expects ~[…] column specifications	compiler.spec.SpecCompiler.compile:108
FAILED	meta::relational::tests::tds::tabletds::testView__Boolean_1_	TypeInferenceException	in function 'meta::relational::tests::tds::tabletds::testView': unknown function 'getString' — no function of this name in the native or user catalog (unported platform function, or a misspelling)	compiler.spec.SpecCompiler.compile:108
FAILED	meta::relational::tests::tds::tdsExtend::testExtendWithVariables2__Boolean_1_	TypeInferenceException	in function 'meta::relational::tests::tds::tdsExtend::testExtendWithVariables2': unbound type variable T	compiler.spec.SpecCompiler.compile:108
FAILED	meta::relational::tests::tds::tdsFilter::testFilterAfterGroupByWithFilterOnAllProjectColumns__Boolean_1_	TypeInferenceException	in function 'meta::relational::tests::tds::tdsFilter::testFilterAfterGroupByWithFilterOnAllProjectColumns': legacy groupBy aggregate 0 must be agg(mapFn, aggFn)	compiler.spec.SpecCompiler.compile:108
FAILED	meta::relational::tests::tds::tdsFilter::testFilterAfterGroupByWithSameColForGroupByAggAndFilterOnRootClass__Boolean_1_	TypeInferenceException	in function 'meta::relational::tests::tds::tdsFilter::testFilterAfterGroupByWithSameColForGroupByAggAndFilterOnRootClass': legacy groupBy aggregate 0 must be agg(mapFn, aggFn)	compiler.spec.SpecCompiler.compile:108
FAILED	meta::relational::tests::tds::tdsFilter::testFilterFollowedByGroupByWithFilterOnRootClass__Boolean_1_	TypeInferenceException	in function 'meta::relational::tests::tds::tdsFilter::testFilterFollowedByGroupByWithFilterOnRootClass': legacy groupBy aggregate 0 must be agg(mapFn, aggFn)	compiler.spec.SpecCompiler.compile:108
FAILED	meta::relational::tests::tds::tdsFilter::testFilterOnAssociatedClassAggValueAfterGroupBy__Boolean_1_	TypeInferenceException	in function 'meta::relational::tests::tds::tdsFilter::testFilterOnAssociatedClassAggValueAfterGroupBy': legacy groupBy aggregate 0 must be agg(mapFn, aggFn)	compiler.spec.SpecCompiler.compile:108
FAILED	meta::relational::tests::tds::tdsFilter::testFilterOnDecimal__Boolean_1_	TypeInferenceException	in function 'meta::relational::tests::tds::tdsFilter::testFilterOnDecimal': project expects ~[…] column specifications	compiler.spec.SpecCompiler.compile:108
FAILED	meta::relational::tests::tds::tdsFilter::testFilterOnRootClassAggValueAfterGroupBy__Boolean_1_	TypeInferenceException	in function 'meta::relational::tests::tds::tdsFilter::testFilterOnRootClassAggValueAfterGroupBy': legacy groupBy aggregate 0 must be agg(mapFn, aggFn)	compiler.spec.SpecCompiler.compile:108
FAILED	meta::relational::tests::tds::tdsFilter::testFilterOnRootClassAggValueAfterGroupByWithHavingMultipleFilters__Boolean_1_	TypeInferenceException	in function 'meta::relational::tests::tds::tdsFilter::testFilterOnRootClassAggValueAfterGroupByWithHavingMultipleFilters': legacy groupBy aggregate 0 must be agg(mapFn, aggFn)	compiler.spec.SpecCompiler.compile:108
FAILED	meta::relational::tests::tds::tdsJoin::alloy::testJoinWithExtendWithDigestOnColumnsOnBothQueries__Boolean_1_	TypeInferenceException	in function 'meta::relational::tests::tds::tdsJoin::alloy::testJoinWithExtendWithDigestOnColumnsOnBothQueries': unknown type 'Z' in @Z	compiler.spec.SpecCompiler.compile:108
FAILED	meta::relational::tests::tds::tdsProject::testDropAfterLimit__Boolean_1_	TypeInferenceException	in function 'meta::relational::tests::tds::tdsProject::testDropAfterLimit': project expects ~[…] column specifications	compiler.spec.SpecCompiler.compile:108
FAILED	meta::relational::tests::tds::tdsProject::testFilterAfterLimit__Boolean_1_	TypeInferenceException	in function 'meta::relational::tests::tds::tdsProject::testFilterAfterLimit': project expects ~[…] column specifications	compiler.spec.SpecCompiler.compile:108
FAILED	meta::relational::tests::tds::tdsProject::testFilterAfterLimit2__Boolean_1_	TypeInferenceException	in function 'meta::relational::tests::tds::tdsProject::testFilterAfterLimit2': project expects ~[…] column specifications	compiler.spec.SpecCompiler.compile:108
FAILED	meta::relational::tests::tds::tdsProject::testGetNumber__Boolean_1_	TypeInferenceException	in function 'meta::relational::tests::tds::tdsProject::testGetNumber': project expects ~[…] column specifications	compiler.spec.SpecCompiler.compile:108
FAILED	meta::relational::tests::tds::tdsProject::testLimitAfterDrop__Boolean_1_	TypeInferenceException	in function 'meta::relational::tests::tds::tdsProject::testLimitAfterDrop': project expects ~[…] column specifications	compiler.spec.SpecCompiler.compile:108
FAILED	meta::relational::tests::tds::tdsProject::testLimitAfterLimit__Boolean_1_	TypeInferenceException	in function 'meta::relational::tests::tds::tdsProject::testLimitAfterLimit': project expects ~[…] column specifications	compiler.spec.SpecCompiler.compile:108
FAILED	meta::relational::tests::tds::tdsProject::testLimitAfterSlice__Boolean_1_	TypeInferenceException	in function 'meta::relational::tests::tds::tdsProject::testLimitAfterSlice': project expects ~[…] column specifications	compiler.spec.SpecCompiler.compile:108
FAILED	meta::relational::tests::tds::tdsProject::testLimitAfterTake__Boolean_1_	TypeInferenceException	in function 'meta::relational::tests::tds::tdsProject::testLimitAfterTake': project expects ~[…] column specifications	compiler.spec.SpecCompiler.compile:108
FAILED	meta::relational::tests::tds::tdsProject::testOptionalLimit_NoValue__Boolean_1_	TypeInferenceException	in function 'meta::relational::tests::tds::tdsProject::testOptionalLimit_NoValue': project expects ~[…] column specifications	compiler.spec.SpecCompiler.compile:108
FAILED	meta::relational::tests::tds::tdsProject::testOptionalLimit_WithValue__Boolean_1_	TypeInferenceException	in function 'meta::relational::tests::tds::tdsProject::testOptionalLimit_WithValue': project expects ~[…] column specifications	compiler.spec.SpecCompiler.compile:108
FAILED	meta::relational::tests::tds::tdsProject::testProjectWithVariables2__Boolean_1_	TypeInferenceException	in function 'meta::relational::tests::tds::tdsProject::testProjectWithVariables2': a name-less project column must be a property navigation (its leaf names the column); give explicit names for computed columns	compiler.spec.SpecCompiler.compile:108
FAILED	meta::relational::tests::tds::tdsProject::testSliceAfterLimit__Boolean_1_	TypeInferenceException	in function 'meta::relational::tests::tds::tdsProject::testSliceAfterLimit': project expects ~[…] column specifications	compiler.spec.SpecCompiler.compile:108
FAILED	meta::relational::tests::tds::tdsProject::testSortAfterLimit__Boolean_1_	TypeInferenceException	in function 'meta::relational::tests::tds::tdsProject::testSortAfterLimit': project expects ~[…] column specifications	compiler.spec.SpecCompiler.compile:108
FAILED	meta::relational::tests::tds::tdsProject::testTakeAfterLimit__Boolean_1_	TypeInferenceException	in function 'meta::relational::tests::tds::tdsProject::testTakeAfterLimit': project expects ~[…] column specifications	compiler.spec.SpecCompiler.compile:108
FAILED	meta::relational::tests::tds::tdsRename::testRenameColumnsAfterConcatenate__Boolean_1_	TypeInferenceException	in function 'meta::relational::tests::tds::tdsRename::testRenameColumnsAfterConcatenate': project expects ~[…] column specifications	compiler.spec.SpecCompiler.compile:108
FAILED	meta::relational::tests::tds::tdsRestrict::testRestrictAfterMultiColumnGroupByFollowedByRename__Boolean_1_	TypeInferenceException	in function 'meta::relational::tests::tds::tdsRestrict::testRestrictAfterMultiColumnGroupByFollowedByRename': legacy groupBy aggregate 0 must be agg(mapFn, aggFn)	compiler.spec.SpecCompiler.compile:108
FAILED	meta::relational::tests::tds::tdsRestrict::testRestrictHandlesQueryPathsCorrectlyOnRename__Boolean_1_	TypeInferenceException	in function 'meta::relational::tests::tds::tdsRestrict::testRestrictHandlesQueryPathsCorrectlyOnRename': project expects ~[…] column specifications	compiler.spec.SpecCompiler.compile:108
FAILED	meta::relational::tests::tds::window::routing::function2_TabularDataSet_1__TabularDataSet_1_	TypeInferenceException	in function 'meta::relational::tests::tds::window::routing::function2': expected a Relation, got meta::pure::tds::TabularDataSet	compiler.spec.SpecCompiler.compile:108
FAILED	meta::relational::tests::tds::window::routing::function3_TabularDataSet_1__TabularDataSet_1_	TypeInferenceException	in function 'meta::relational::tests::tds::window::routing::function3': expected a Relation, got meta::pure::tds::TabularDataSet	compiler.spec.SpecCompiler.compile:108
FAILED	meta::relational::tests::tds::window::routing::testExecutionPlanGeneration__Boolean_1_	TypeInferenceException	in function 'meta::relational::tests::tds::window::routing::testExecutionPlanGeneration': a bare lambda has no type outside a call position (lambdas type against their call's signature)	compiler.spec.SpecCompiler.compile:108
FAILED	meta::relational::transform::autogen::tests::testClassesAssociationsAndMappingFromDatabase__Boolean_1_	ResolutionException	'meta::relational::transform::autogen::tests::CompanyEmployee' is not a known class, mapping, runtime, connection, or database	compiler.spec.Typer.classReference:982
FAILED	meta::relational::transform::fromPure::pureTypeToDataType_GenericType_1__DataType_$0_1$_	ResolutionException	'meta::pure::precisePrimitives::Numeric' is not a known class, mapping, runtime, connection, or database	compiler.spec.Typer.classReference:982
FAILED	meta::relational::transform::fromPure::pureTypeToDataTypeMap__Map_1_	ResolutionException	'meta::pure::precisePrimitives::TinyInt' is not a known class, mapping, runtime, connection, or database	compiler.spec.Typer.classReference:982
FAILED	meta::relational::validation::alloy::addClassValidationExceptionMappings_Class_1__Constraint_1__Mapping_1__Property_$0_1$__Mapping_1_	TypeInferenceException	in function 'meta::relational::validation::alloy::addClassValidationExceptionMappings': in call to 'meta::relational::validation::alloy::injectThisReplacementWithSrcEventData', argument 3: type variable T' bound to U cannot also bind T	compiler.spec.SpecCompiler.compile:108
FAILED	meta::relational::validation::alloy::alloyClassValidationFunction_Class_1__String_1__Mapping_1__Runtime_1__Mapping_1__RootGraphFetchTree_1__LambdaFunction_1_	TypeInferenceException	in function 'meta::relational::validation::alloy::alloyClassValidationFunction': in call to 'meta::relational::validation::alloy::buildViolationsToExceptionsTransformation', argument 4: type variable T' bound to T cannot also bind U	compiler.spec.SpecCompiler.compile:108
FAILED	meta::relational::validation::alloy::buildViolationsQuery_Class_1__Constraint_1__Mapping_1__RootGraphFetchTree_1__Runtime_1__FunctionExpression_1_	ResolutionException	'system::imports::coreImport' is not a known class, mapping, runtime, connection, or database	compiler.spec.Typer.classReference:982
FAILED	meta::relational::validation::alloy::buildViolationsToExceptionsTransformation_Class_1__Constraint_1__Mapping_1__RootGraphFetchTree_1__Property_$0_1$__FunctionExpression_1_	ResolutionException	'system::imports::coreImport' is not a known class, mapping, runtime, connection, or database	compiler.spec.Typer.classReference:982
FAILED	meta::relational::validation::alloy::createGetAll_Class_1__FunctionExpression_1_	ResolutionException	'system::imports::coreImport' is not a known class, mapping, runtime, connection, or database	compiler.spec.Typer.classReference:982
FAILED	meta::relational::validation::complex::validateComplexValidation1__Boolean_1_	TypeInferenceException	in function 'meta::relational::validation::complex::validateComplexValidation1': validate is desugared before typing (ValidateDesugar): a validate call reached the typer	compiler.spec.SpecCompiler.compile:108
FAILED	meta::relational::validation::complex::validateComplexValidation10__Boolean_1_	TypeInferenceException	in function 'meta::relational::validation::complex::validateComplexValidation10': validate is desugared before typing (ValidateDesugar): a validate call reached the typer	compiler.spec.SpecCompiler.compile:108
FAILED	meta::relational::validation::complex::validateComplexValidation2__Boolean_1_	TypeInferenceException	in function 'meta::relational::validation::complex::validateComplexValidation2': validate is desugared before typing (ValidateDesugar): a validate call reached the typer	compiler.spec.SpecCompiler.compile:108
FAILED	meta::relational::validation::complex::validateComplexValidation3__Boolean_1_	TypeInferenceException	in function 'meta::relational::validation::complex::validateComplexValidation3': validate is desugared before typing (ValidateDesugar): a validate call reached the typer	compiler.spec.SpecCompiler.compile:108
FAILED	meta::relational::validation::complex::validateComplexValidation4__Boolean_1_	TypeInferenceException	in function 'meta::relational::validation::complex::validateComplexValidation4': validate is desugared before typing (ValidateDesugar): a validate call reached the typer	compiler.spec.SpecCompiler.compile:108
FAILED	meta::relational::validation::complex::validateComplexValidation5__Boolean_1_	TypeInferenceException	in function 'meta::relational::validation::complex::validateComplexValidation5': validate is desugared before typing (ValidateDesugar): a validate call reached the typer	compiler.spec.SpecCompiler.compile:108
FAILED	meta::relational::validation::complex::validateComplexValidation6__Boolean_1_	TypeInferenceException	in function 'meta::relational::validation::complex::validateComplexValidation6': validate is desugared before typing (ValidateDesugar): a validate call reached the typer	compiler.spec.SpecCompiler.compile:108
FAILED	meta::relational::validation::complex::validateComplexValidation7__Boolean_1_	TypeInferenceException	in function 'meta::relational::validation::complex::validateComplexValidation7': validate is desugared before typing (ValidateDesugar): a validate call reached the typer	compiler.spec.SpecCompiler.compile:108
FAILED	meta::relational::validation::complex::validateComplexValidation8__Boolean_1_	TypeInferenceException	in function 'meta::relational::validation::complex::validateComplexValidation8': validate is desugared before typing (ValidateDesugar): a validate call reached the typer	compiler.spec.SpecCompiler.compile:108
FAILED	meta::relational::validation::complex::validateComplexValidation9__Boolean_1_	TypeInferenceException	in function 'meta::relational::validation::complex::validateComplexValidation9': validate is desugared before typing (ValidateDesugar): a validate call reached the typer	compiler.spec.SpecCompiler.compile:108
FAILED	meta::relational::validation::functions::generateConstraintNegatedFilteredQuery_Class_1__FunctionExpression_1__Constraint_1__FunctionExpression_1_	ResolutionException	'system::imports::coreImport' is not a known class, mapping, runtime, connection, or database	compiler.spec.Typer.classReference:982
FAILED	meta::relational::validation::functions::generateConstraintNegatedProjectQuery_FunctionDefinition_1__BasicColumnSpecification_MANY__Constraint_1__ConstraintContextInformation_MANY__FunctionExpression_1_	ResolutionException	'system::imports::coreImport' is not a known class, mapping, runtime, connection, or database	compiler.spec.Typer.classReference:982
FAILED	meta::relational::validation::functions::negatedFunctionExpression_ValueSpecification_1__ValueSpecification_1_	ResolutionException	'system::imports::coreImport' is not a known class, mapping, runtime, connection, or database	compiler.spec.Typer.classReference:982
FAILED	meta::relational::validation::generateValidationQuery_FunctionDefinition_1__BasicColumnSpecification_MANY__FunctionDefinition_$0_1$__Mapping_1__Runtime_1__RelationalExecutionContext_1__String_MANY__ConstraintContextInformation_MANY__FunctionDefinition_1_	ResolutionException	'system::imports::coreImport' is not a known class, mapping, runtime, connection, or database	compiler.spec.Typer.classReference:982
FAILED	meta::relational::validation::showcase::standalone::validateAllConstraints__Boolean_1_	TypeInferenceException	in function 'meta::relational::validation::showcase::standalone::validateAllConstraints': validate is desugared before typing (ValidateDesugar): a validate call reached the typer	compiler.spec.SpecCompiler.compile:108
FAILED	meta::relational::validation::showcase::standalone::validateAllConstraintsWithInnerJoinInFilter__Boolean_1_	TypeInferenceException	in function 'meta::relational::validation::showcase::standalone::validateAllConstraintsWithInnerJoinInFilter': validate is desugared before typing (ValidateDesugar): a validate call reached the typer	compiler.spec.SpecCompiler.compile:108
FAILED	meta::relational::validation::showcase::standalone::validateAllConstraintsWithPostTDSOperation2__Boolean_1_	TypeInferenceException	in function 'meta::relational::validation::showcase::standalone::validateAllConstraintsWithPostTDSOperation2': validate is desugared before typing (ValidateDesugar): a validate call reached the typer	compiler.spec.SpecCompiler.compile:108
FAILED	meta::relational::validation::showcase::standalone::validateMultipleConstraints__Boolean_1_	TypeInferenceException	in function 'meta::relational::validation::showcase::standalone::validateMultipleConstraints': validate is desugared before typing (ValidateDesugar): a validate call reached the typer	compiler.spec.SpecCompiler.compile:108
FAILED	meta::relational::validation::showcase::standalone::validateMultiplesConstraintWithAdditionalProjections__Boolean_1_	TypeInferenceException	in function 'meta::relational::validation::showcase::standalone::validateMultiplesConstraintWithAdditionalProjections': validate is desugared before typing (ValidateDesugar): a validate call reached the typer	compiler.spec.SpecCompiler.compile:108
FAILED	meta::relational::validation::showcase::standalone::validateMultiplesConstraintWithConstraintInformation__Boolean_1_	TypeInferenceException	in function 'meta::relational::validation::showcase::standalone::validateMultiplesConstraintWithConstraintInformation': validate is desugared before typing (ValidateDesugar): a validate call reached the typer	compiler.spec.SpecCompiler.compile:108
FAILED	meta::relational::validation::showcase::standalone::validateMultiplesConstraintWithPostTDSOperation1__Boolean_1_	TypeInferenceException	in function 'meta::relational::validation::showcase::standalone::validateMultiplesConstraintWithPostTDSOperation1': validate is desugared before typing (ValidateDesugar): a validate call reached the typer	compiler.spec.SpecCompiler.compile:108
FAILED	meta::relational::validation::showcase::standalone::validateSingleConstraint__Boolean_1_	TypeInferenceException	in function 'meta::relational::validation::showcase::standalone::validateSingleConstraint': validate is desugared before typing (ValidateDesugar): a validate call reached the typer	compiler.spec.SpecCompiler.compile:108
FAILED	meta::relational::validation::tests::milestoning::testAggregationOnRootClass__Boolean_1_	TypeInferenceException	in function 'meta::relational::validation::tests::milestoning::testAggregationOnRootClass': validate is desugared before typing (ValidateDesugar): a validate call reached the typer	compiler.spec.SpecCompiler.compile:108
FAILED	meta::relational::validation::tests::milestoning::testValidateQueryOpenVariableInAgg__Boolean_1_	TypeInferenceException	in function 'meta::relational::validation::tests::milestoning::testValidateQueryOpenVariableInAgg': validate is desugared before typing (ValidateDesugar): a validate call reached the typer	compiler.spec.SpecCompiler.compile:108
FAILED	meta::relational::validation::tests::milestoning::testValidateQueryOpenVariableInCol__Boolean_1_	TypeInferenceException	in function 'meta::relational::validation::tests::milestoning::testValidateQueryOpenVariableInCol': validate is desugared before typing (ValidateDesugar): a validate call reached the typer	compiler.spec.SpecCompiler.compile:108
FAILED	meta::relational::validation::tests::milestoning::testValidateQueryOpenVariableInColAndAgg__Boolean_1_	TypeInferenceException	in function 'meta::relational::validation::tests::milestoning::testValidateQueryOpenVariableInColAndAgg': validate is desugared before typing (ValidateDesugar): a validate call reached the typer	compiler.spec.SpecCompiler.compile:108
FAILED	meta::relational::validation::tests::milestoning::testValidateQueryOpenVariableInColAndExtraProjection__Boolean_1_	TypeInferenceException	in function 'meta::relational::validation::tests::milestoning::testValidateQueryOpenVariableInColAndExtraProjection': validate is desugared before typing (ValidateDesugar): a validate call reached the typer	compiler.spec.SpecCompiler.compile:108
FAILED	meta::relational::validation::tests::milestoning::testValidateQueryOpenVariableInKeyExpression__Boolean_1_	TypeInferenceException	in function 'meta::relational::validation::tests::milestoning::testValidateQueryOpenVariableInKeyExpression': validate is desugared before typing (ValidateDesugar): a validate call reached the typer	compiler.spec.SpecCompiler.compile:108
FAILED	meta::relational::validation::tests::milestoning::testValidateQueryWithMilestoning__Boolean_1_	TypeInferenceException	in function 'meta::relational::validation::tests::milestoning::testValidateQueryWithMilestoning': validate is desugared before typing (ValidateDesugar): a validate call reached the typer	compiler.spec.SpecCompiler.compile:108
FAILED	meta::relational::validation::tests::milestoning::testValidateQueryWithMilestoningAndAggregationAll__Boolean_1_	TypeInferenceException	in function 'meta::relational::validation::tests::milestoning::testValidateQueryWithMilestoningAndAggregationAll': validate is desugared before typing (ValidateDesugar): a validate call reached the typer	compiler.spec.SpecCompiler.compile:108
FAILED	meta::relational::validation::tests::milestoning::testValidateQueryWithMilestoningAndAggregationSingle__Boolean_1_	TypeInferenceException	in function 'meta::relational::validation::tests::milestoning::testValidateQueryWithMilestoningAndAggregationSingle': validate is desugared before typing (ValidateDesugar): a validate call reached the typer	compiler.spec.SpecCompiler.compile:108
FAILED	meta::relational::validation::tests::milestoning::testValidateQueryWithMilestoningAndAggregationSingleAndNestedDynaFunction__Boolean_1_	TypeInferenceException	in function 'meta::relational::validation::tests::milestoning::testValidateQueryWithMilestoningAndAggregationSingleAndNestedDynaFunction': validate is desugared before typing (ValidateDesugar): a validate call reached the typer	compiler.spec.SpecCompiler.compile:108
FAILED	meta::relational::validation::tests::milestoning::testValidateQueryWithMilestoningWithMultipleVariables__Boolean_1_	TypeInferenceException	in function 'meta::relational::validation::tests::milestoning::testValidateQueryWithMilestoningWithMultipleVariables': validate is desugared before typing (ValidateDesugar): a validate call reached the typer	compiler.spec.SpecCompiler.compile:108
FAILED	meta::relational::validation::tests::milestoning::testValidateQueryWithMilestoningWithVariable__Boolean_1_	TypeInferenceException	in function 'meta::relational::validation::tests::milestoning::testValidateQueryWithMilestoningWithVariable': validate is desugared before typing (ValidateDesugar): a validate call reached the typer	compiler.spec.SpecCompiler.compile:108
FAILED	meta::relational::validation::tests::milestoning::testValidateQueryWithUnion__Boolean_1_	TypeInferenceException	in function 'meta::relational::validation::tests::milestoning::testValidateQueryWithUnion': validate is desugared before typing (ValidateDesugar): a validate call reached the typer	compiler.spec.SpecCompiler.compile:108
