fqn	source	demand	corpusDefined	constraints	derived	stereotypes	taggedValues	defaults	escapes	file
meta::core::runtime::Connection	legend-pure	java	false	0	0	0	0	0		/Users/neemsandv/legend/legend-pure/legend-pure-dsl/legend-pure-dsl-store/legend-pure-m2-dsl-store-pure/src/main/resources/platform_dsl_store/grammar/runtime.pure
meta::core::runtime::ConnectionStore	legend-pure	java	false	0	0	0	0	0		/Users/neemsandv/legend/legend-pure/legend-pure-dsl/legend-pure-dsl-store/legend-pure-m2-dsl-store-pure/src/main/resources/platform_dsl_store/grammar/runtime.pure
meta::core::runtime::EngineRuntime	legend-engine	corpus	false	0	0	0	0	0		/Users/neemsandv/legend/legend-engine/legend-engine-core/legend-engine-core-pure/legend-engine-pure-code-compiled-core/src/main/resources/core/pure/runtime/runtimeExtension.pure
meta::core::runtime::Runtime	legend-pure	java	false	0	1	0	0	0		/Users/neemsandv/legend/legend-pure/legend-pure-dsl/legend-pure-dsl-store/legend-pure-m2-dsl-store-pure/src/main/resources/platform_dsl_store/grammar/runtime.pure
meta::external::format::shared::ExternalFormatContract	legend-engine	closure	false	1	1	0	0	1		/Users/neemsandv/legend/legend-engine/legend-engine-core/legend-engine-core-pure/legend-engine-pure-code-compiled-core/src/main/resources/core/pure/binding/externalFormat/externalFormatContract.pure
meta::external::format::shared::ExternalFormatExternalizeConfig	legend-engine	closure	false	0	0	1	0	0		/Users/neemsandv/legend/legend-engine/legend-engine-core/legend-engine-core-pure/legend-engine-pure-code-compiled-core/src/main/resources/core/pure/binding/externalFormat/externalFormatContract.pure
meta::external::format::shared::ExternalFormatFromPureDescriptor	legend-engine	closure	false	1	2	0	0	0		/Users/neemsandv/legend/legend-engine/legend-engine-core/legend-engine-core-pure/legend-engine-pure-code-compiled-core/src/main/resources/core/pure/binding/externalFormat/externalFormatContract.pure
meta::external::format::shared::ExternalFormatInternalizeConfig	legend-engine	closure	false	0	0	1	0	0		/Users/neemsandv/legend/legend-engine/legend-engine-core/legend-engine-core-pure/legend-engine-pure-code-compiled-core/src/main/resources/core/pure/binding/externalFormat/externalFormatContract.pure
meta::external::format::shared::ExternalFormatToPureDescriptor	legend-engine	closure	false	1	2	0	0	0		/Users/neemsandv/legend/legend-engine/legend-engine-core/legend-engine-core-pure/legend-engine-pure-code-compiled-core/src/main/resources/core/pure/binding/externalFormat/externalFormatContract.pure
meta::external::format::shared::binding::Binding	legend-engine	corpus	false	0	0	0	0	0		/Users/neemsandv/legend/legend-engine/legend-engine-core/legend-engine-core-pure/legend-engine-pure-code-compiled-core/src/main/resources/core/pure/binding/binding/binding.pure
meta::external::format::shared::binding::BindingTransformer	legend-engine	corpus	false	0	2	0	0	0		/Users/neemsandv/legend/legend-engine/legend-engine-core/legend-engine-core-pure/legend-engine-pure-code-compiled-core/src/main/resources/core/pure/binding/binding/mapping.pure
meta::external::format::shared::binding::validation::BindingDetail	legend-engine	closure	false	0	0	1	0	0		/Users/neemsandv/legend/legend-engine/legend-engine-core/legend-engine-core-pure/legend-engine-pure-code-compiled-core/src/main/resources/core/pure/binding/binding/validation.pure
meta::external::format::shared::executionPlan::ExternalFormatExternalizeExecutionNode	legend-engine	corpus	false	0	0	0	0	0		/Users/neemsandv/legend/legend-engine/legend-engine-core/legend-engine-core-pure/legend-engine-pure-code-compiled-core/src/main/resources/core/pure/binding/executionPlan/model.pure
meta::external::format::shared::metamodel::SchemaSet	legend-engine	closure	false	0	0	0	0	0		/Users/neemsandv/legend/legend-engine/legend-engine-core/legend-engine-core-pure/legend-engine-pure-code-compiled-core/src/main/resources/core/pure/binding/schemaSet/metamodel.pure
meta::external::format::shared::transformation::GenerationConfiguration	legend-engine	closure	false	0	0	0	0	0		/Users/neemsandv/legend/legend-engine/legend-engine-core/legend-engine-core-pure/legend-engine-pure-code-compiled-core/src/main/resources/core/pure/binding/transformation/generation.pure
meta::external::format::shared::transformation::fromPure::ModelToSchemaConfiguration	legend-engine	closure	false	1	0	0	0	0		/Users/neemsandv/legend/legend-engine/legend-engine-core/legend-engine-core-pure/legend-engine-pure-code-compiled-core/src/main/resources/core/pure/binding/transformation/generation.pure
meta::external::format::shared::transformation::toPure::SchemaToModelConfiguration	legend-engine	closure	false	0	0	0	0	0		/Users/neemsandv/legend/legend-engine/legend-engine-core/legend-engine-core-pure/legend-engine-pure-code-compiled-core/src/main/resources/core/pure/binding/transformation/generation.pure
meta::external::query::sql::metamodel::AliasedRelation	legend-engine	corpus	false	0	0	0	0	0		/Users/neemsandv/legend/legend-engine/legend-engine-xts-relationalStore/legend-engine-xt-relationalStore-generation/legend-engine-xt-relationalStore-postgresSql/legend-engine-xt-relationalStore-postgresSqlModel-pure/src/main/resources/core_external_store_relational_postgres_sql_model/metamodel.pure
meta::external::query::sql::metamodel::AllColumns	legend-engine	corpus	false	0	0	0	0	0		/Users/neemsandv/legend/legend-engine/legend-engine-xts-relationalStore/legend-engine-xt-relationalStore-generation/legend-engine-xt-relationalStore-postgresSql/legend-engine-xt-relationalStore-postgresSqlModel-pure/src/main/resources/core_external_store_relational_postgres_sql_model/metamodel.pure
meta::external::query::sql::metamodel::ArithmeticExpression	legend-engine	corpus	false	0	0	0	0	0		/Users/neemsandv/legend/legend-engine/legend-engine-xts-relationalStore/legend-engine-xt-relationalStore-generation/legend-engine-xt-relationalStore-postgresSql/legend-engine-xt-relationalStore-postgresSqlModel-pure/src/main/resources/core_external_store_relational_postgres_sql_model/metamodel.pure
meta::external::query::sql::metamodel::ArithmeticType	legend-engine	corpus	false	enum						/Users/neemsandv/legend/legend-engine/legend-engine-xts-relationalStore/legend-engine-xt-relationalStore-generation/legend-engine-xt-relationalStore-postgresSql/legend-engine-xt-relationalStore-postgresSqlModel-pure/src/main/resources/core_external_store_relational_postgres_sql_model/metamodel.pure
meta::external::query::sql::metamodel::BitwiseBinaryExpression	legend-engine	corpus	false	0	0	0	0	0		/Users/neemsandv/legend/legend-engine/legend-engine-xts-relationalStore/legend-engine-xt-relationalStore-generation/legend-engine-xt-relationalStore-postgresSql/legend-engine-xt-relationalStore-postgresSqlModel-pure/src/main/resources/core_external_store_relational_postgres_sql_model/metamodel.pure
meta::external::query::sql::metamodel::BitwiseBinaryOperator	legend-engine	corpus	false	enum						/Users/neemsandv/legend/legend-engine/legend-engine-xts-relationalStore/legend-engine-xt-relationalStore-generation/legend-engine-xt-relationalStore-postgresSql/legend-engine-xt-relationalStore-postgresSqlModel-pure/src/main/resources/core_external_store_relational_postgres_sql_model/metamodel.pure
meta::external::query::sql::metamodel::BitwiseShiftDirection	legend-engine	corpus	false	enum						/Users/neemsandv/legend/legend-engine/legend-engine-xts-relationalStore/legend-engine-xt-relationalStore-generation/legend-engine-xt-relationalStore-postgresSql/legend-engine-xt-relationalStore-postgresSqlModel-pure/src/main/resources/core_external_store_relational_postgres_sql_model/metamodel.pure
meta::external::query::sql::metamodel::BitwiseShiftExpression	legend-engine	corpus	false	0	0	0	0	0		/Users/neemsandv/legend/legend-engine/legend-engine-xts-relationalStore/legend-engine-xt-relationalStore-generation/legend-engine-xt-relationalStore-postgresSql/legend-engine-xt-relationalStore-postgresSqlModel-pure/src/main/resources/core_external_store_relational_postgres_sql_model/metamodel.pure
meta::external::query::sql::metamodel::BooleanLiteral	legend-engine	corpus	false	0	0	0	0	0		/Users/neemsandv/legend/legend-engine/legend-engine-xts-relationalStore/legend-engine-xt-relationalStore-generation/legend-engine-xt-relationalStore-postgresSql/legend-engine-xt-relationalStore-postgresSqlModel-pure/src/main/resources/core_external_store_relational_postgres_sql_model/metamodel.pure
meta::external::query::sql::metamodel::Cast	legend-engine	corpus	false	0	0	0	0	0		/Users/neemsandv/legend/legend-engine/legend-engine-xts-relationalStore/legend-engine-xt-relationalStore-generation/legend-engine-xt-relationalStore-postgresSql/legend-engine-xt-relationalStore-postgresSqlModel-pure/src/main/resources/core_external_store_relational_postgres_sql_model/metamodel.pure
meta::external::query::sql::metamodel::ColumnType	legend-engine	corpus	false	0	0	0	0	0		/Users/neemsandv/legend/legend-engine/legend-engine-xts-relationalStore/legend-engine-xt-relationalStore-generation/legend-engine-xt-relationalStore-postgresSql/legend-engine-xt-relationalStore-postgresSqlModel-pure/src/main/resources/core_external_store_relational_postgres_sql_model/metamodel.pure
meta::external::query::sql::metamodel::ComparisonExpression	legend-engine	corpus	false	0	0	0	0	0		/Users/neemsandv/legend/legend-engine/legend-engine-xts-relationalStore/legend-engine-xt-relationalStore-generation/legend-engine-xt-relationalStore-postgresSql/legend-engine-xt-relationalStore-postgresSqlModel-pure/src/main/resources/core_external_store_relational_postgres_sql_model/metamodel.pure
meta::external::query::sql::metamodel::ComparisonOperator	legend-engine	corpus	false	enum						/Users/neemsandv/legend/legend-engine/legend-engine-xts-relationalStore/legend-engine-xt-relationalStore-generation/legend-engine-xt-relationalStore-postgresSql/legend-engine-xt-relationalStore-postgresSqlModel-pure/src/main/resources/core_external_store_relational_postgres_sql_model/metamodel.pure
meta::external::query::sql::metamodel::DoubleLiteral	legend-engine	corpus	false	0	0	0	0	0		/Users/neemsandv/legend/legend-engine/legend-engine-xts-relationalStore/legend-engine-xt-relationalStore-generation/legend-engine-xt-relationalStore-postgresSql/legend-engine-xt-relationalStore-postgresSqlModel-pure/src/main/resources/core_external_store_relational_postgres_sql_model/metamodel.pure
meta::external::query::sql::metamodel::Expression	legend-engine	corpus	false	0	0	1	0	0		/Users/neemsandv/legend/legend-engine/legend-engine-xts-relationalStore/legend-engine-xt-relationalStore-generation/legend-engine-xt-relationalStore-postgresSql/legend-engine-xt-relationalStore-postgresSqlModel-pure/src/main/resources/core_external_store_relational_postgres_sql_model/metamodel.pure
meta::external::query::sql::metamodel::FrameBound	legend-engine	corpus	false	0	0	0	0	0		/Users/neemsandv/legend/legend-engine/legend-engine-xts-relationalStore/legend-engine-xt-relationalStore-generation/legend-engine-xt-relationalStore-postgresSql/legend-engine-xt-relationalStore-postgresSqlModel-pure/src/main/resources/core_external_store_relational_postgres_sql_model/metamodel.pure
meta::external::query::sql::metamodel::FrameBoundType	legend-engine	corpus	false	enum						/Users/neemsandv/legend/legend-engine/legend-engine-xts-relationalStore/legend-engine-xt-relationalStore-generation/legend-engine-xt-relationalStore-postgresSql/legend-engine-xt-relationalStore-postgresSqlModel-pure/src/main/resources/core_external_store_relational_postgres_sql_model/metamodel.pure
meta::external::query::sql::metamodel::FunctionCall	legend-engine	corpus	false	0	0	0	0	1		/Users/neemsandv/legend/legend-engine/legend-engine-xts-relationalStore/legend-engine-xt-relationalStore-generation/legend-engine-xt-relationalStore-postgresSql/legend-engine-xt-relationalStore-postgresSqlModel-pure/src/main/resources/core_external_store_relational_postgres_sql_model/metamodel.pure
meta::external::query::sql::metamodel::Group	legend-engine	corpus	false	0	0	0	0	0		/Users/neemsandv/legend/legend-engine/legend-engine-xts-relationalStore/legend-engine-xt-relationalStore-generation/legend-engine-xt-relationalStore-postgresSql/legend-engine-xt-relationalStore-postgresSqlModel-pure/src/main/resources/core_external_store_relational_postgres_sql_model/metamodel.pure
meta::external::query::sql::metamodel::InListExpression	legend-engine	corpus	false	0	0	0	0	0		/Users/neemsandv/legend/legend-engine/legend-engine-xts-relationalStore/legend-engine-xt-relationalStore-generation/legend-engine-xt-relationalStore-postgresSql/legend-engine-xt-relationalStore-postgresSqlModel-pure/src/main/resources/core_external_store_relational_postgres_sql_model/metamodel.pure
meta::external::query::sql::metamodel::InPredicate	legend-engine	corpus	false	0	0	0	0	0		/Users/neemsandv/legend/legend-engine/legend-engine-xts-relationalStore/legend-engine-xt-relationalStore-generation/legend-engine-xt-relationalStore-postgresSql/legend-engine-xt-relationalStore-postgresSqlModel-pure/src/main/resources/core_external_store_relational_postgres_sql_model/metamodel.pure
meta::external::query::sql::metamodel::IntegerLiteral	legend-engine	corpus	false	0	0	0	0	0		/Users/neemsandv/legend/legend-engine/legend-engine-xts-relationalStore/legend-engine-xt-relationalStore-generation/legend-engine-xt-relationalStore-postgresSql/legend-engine-xt-relationalStore-postgresSqlModel-pure/src/main/resources/core_external_store_relational_postgres_sql_model/metamodel.pure
meta::external::query::sql::metamodel::IsNotNullPredicate	legend-engine	corpus	false	0	0	0	0	0		/Users/neemsandv/legend/legend-engine/legend-engine-xts-relationalStore/legend-engine-xt-relationalStore-generation/legend-engine-xt-relationalStore-postgresSql/legend-engine-xt-relationalStore-postgresSqlModel-pure/src/main/resources/core_external_store_relational_postgres_sql_model/metamodel.pure
meta::external::query::sql::metamodel::IsNullPredicate	legend-engine	corpus	false	0	0	0	0	0		/Users/neemsandv/legend/legend-engine/legend-engine-xts-relationalStore/legend-engine-xt-relationalStore-generation/legend-engine-xt-relationalStore-postgresSql/legend-engine-xt-relationalStore-postgresSqlModel-pure/src/main/resources/core_external_store_relational_postgres_sql_model/metamodel.pure
meta::external::query::sql::metamodel::Join	legend-engine	corpus	false	0	0	0	0	0		/Users/neemsandv/legend/legend-engine/legend-engine-xts-relationalStore/legend-engine-xt-relationalStore-generation/legend-engine-xt-relationalStore-postgresSql/legend-engine-xt-relationalStore-postgresSqlModel-pure/src/main/resources/core_external_store_relational_postgres_sql_model/metamodel.pure
meta::external::query::sql::metamodel::JoinCriteria	legend-engine	closure	false	0	0	1	0	0		/Users/neemsandv/legend/legend-engine/legend-engine-xts-relationalStore/legend-engine-xt-relationalStore-generation/legend-engine-xt-relationalStore-postgresSql/legend-engine-xt-relationalStore-postgresSqlModel-pure/src/main/resources/core_external_store_relational_postgres_sql_model/metamodel.pure
meta::external::query::sql::metamodel::JoinOn	legend-engine	corpus	false	0	0	0	0	0		/Users/neemsandv/legend/legend-engine/legend-engine-xts-relationalStore/legend-engine-xt-relationalStore-generation/legend-engine-xt-relationalStore-postgresSql/legend-engine-xt-relationalStore-postgresSqlModel-pure/src/main/resources/core_external_store_relational_postgres_sql_model/metamodel.pure
meta::external::query::sql::metamodel::JoinType	legend-engine	corpus	false	enum						/Users/neemsandv/legend/legend-engine/legend-engine-xts-relationalStore/legend-engine-xt-relationalStore-generation/legend-engine-xt-relationalStore-postgresSql/legend-engine-xt-relationalStore-postgresSqlModel-pure/src/main/resources/core_external_store_relational_postgres_sql_model/metamodel.pure
meta::external::query::sql::metamodel::Literal	legend-engine	corpus	false	0	0	1	0	0		/Users/neemsandv/legend/legend-engine/legend-engine-xts-relationalStore/legend-engine-xt-relationalStore-generation/legend-engine-xt-relationalStore-postgresSql/legend-engine-xt-relationalStore-postgresSqlModel-pure/src/main/resources/core_external_store_relational_postgres_sql_model/metamodel.pure
meta::external::query::sql::metamodel::LogicalBinaryExpression	legend-engine	corpus	false	0	0	0	0	0		/Users/neemsandv/legend/legend-engine/legend-engine-xts-relationalStore/legend-engine-xt-relationalStore-generation/legend-engine-xt-relationalStore-postgresSql/legend-engine-xt-relationalStore-postgresSqlModel-pure/src/main/resources/core_external_store_relational_postgres_sql_model/metamodel.pure
meta::external::query::sql::metamodel::LogicalBinaryType	legend-engine	corpus	false	enum						/Users/neemsandv/legend/legend-engine/legend-engine-xts-relationalStore/legend-engine-xt-relationalStore-generation/legend-engine-xt-relationalStore-postgresSql/legend-engine-xt-relationalStore-postgresSqlModel-pure/src/main/resources/core_external_store_relational_postgres_sql_model/metamodel.pure
meta::external::query::sql::metamodel::NamedWindow	legend-engine	closure	false	0	0	0	0	0		/Users/neemsandv/legend/legend-engine/legend-engine-xts-relationalStore/legend-engine-xt-relationalStore-generation/legend-engine-xt-relationalStore-postgresSql/legend-engine-xt-relationalStore-postgresSqlModel-pure/src/main/resources/core_external_store_relational_postgres_sql_model/metamodel.pure
meta::external::query::sql::metamodel::NegativeExpression	legend-engine	corpus	false	0	0	0	0	0		/Users/neemsandv/legend/legend-engine/legend-engine-xts-relationalStore/legend-engine-xt-relationalStore-generation/legend-engine-xt-relationalStore-postgresSql/legend-engine-xt-relationalStore-postgresSqlModel-pure/src/main/resources/core_external_store_relational_postgres_sql_model/metamodel.pure
meta::external::query::sql::metamodel::Node	legend-engine	corpus	false	0	0	1	0	0		/Users/neemsandv/legend/legend-engine/legend-engine-xts-relationalStore/legend-engine-xt-relationalStore-generation/legend-engine-xt-relationalStore-postgresSql/legend-engine-xt-relationalStore-postgresSqlModel-pure/src/main/resources/core_external_store_relational_postgres_sql_model/metamodel.pure
meta::external::query::sql::metamodel::NotExpression	legend-engine	corpus	false	0	0	0	0	0		/Users/neemsandv/legend/legend-engine/legend-engine-xts-relationalStore/legend-engine-xt-relationalStore-generation/legend-engine-xt-relationalStore-postgresSql/legend-engine-xt-relationalStore-postgresSqlModel-pure/src/main/resources/core_external_store_relational_postgres_sql_model/metamodel.pure
meta::external::query::sql::metamodel::NullLiteral	legend-engine	corpus	false	0	0	0	0	0		/Users/neemsandv/legend/legend-engine/legend-engine-xts-relationalStore/legend-engine-xt-relationalStore-generation/legend-engine-xt-relationalStore-postgresSql/legend-engine-xt-relationalStore-postgresSqlModel-pure/src/main/resources/core_external_store_relational_postgres_sql_model/metamodel.pure
meta::external::query::sql::metamodel::QualifiedName	legend-engine	corpus	false	0	0	0	0	0		/Users/neemsandv/legend/legend-engine/legend-engine-xts-relationalStore/legend-engine-xt-relationalStore-generation/legend-engine-xt-relationalStore-postgresSql/legend-engine-xt-relationalStore-postgresSqlModel-pure/src/main/resources/core_external_store_relational_postgres_sql_model/metamodel.pure
meta::external::query::sql::metamodel::QualifiedNameReference	legend-engine	corpus	false	0	0	0	0	0		/Users/neemsandv/legend/legend-engine/legend-engine-xts-relationalStore/legend-engine-xt-relationalStore-generation/legend-engine-xt-relationalStore-postgresSql/legend-engine-xt-relationalStore-postgresSqlModel-pure/src/main/resources/core_external_store_relational_postgres_sql_model/metamodel.pure
meta::external::query::sql::metamodel::Query	legend-engine	corpus	false	0	0	0	0	0		/Users/neemsandv/legend/legend-engine/legend-engine-xts-relationalStore/legend-engine-xt-relationalStore-generation/legend-engine-xt-relationalStore-postgresSql/legend-engine-xt-relationalStore-postgresSqlModel-pure/src/main/resources/core_external_store_relational_postgres_sql_model/metamodel.pure
meta::external::query::sql::metamodel::QueryBody	legend-engine	corpus	false	0	0	1	0	0		/Users/neemsandv/legend/legend-engine/legend-engine-xts-relationalStore/legend-engine-xt-relationalStore-generation/legend-engine-xt-relationalStore-postgresSql/legend-engine-xt-relationalStore-postgresSqlModel-pure/src/main/resources/core_external_store_relational_postgres_sql_model/metamodel.pure
meta::external::query::sql::metamodel::QuerySpecification	legend-engine	corpus	false	0	0	0	0	0		/Users/neemsandv/legend/legend-engine/legend-engine-xts-relationalStore/legend-engine-xt-relationalStore-generation/legend-engine-xt-relationalStore-postgresSql/legend-engine-xt-relationalStore-postgresSqlModel-pure/src/main/resources/core_external_store_relational_postgres_sql_model/metamodel.pure
meta::external::query::sql::metamodel::QueryWithScope	legend-engine	corpus	false	0	0	0	0	0		/Users/neemsandv/legend/legend-engine/legend-engine-xts-relationalStore/legend-engine-xt-relationalStore-generation/legend-engine-xt-relationalStore-postgresSql/legend-engine-xt-relationalStore-postgresSqlModel-pure/src/main/resources/core_external_store_relational_postgres_sql_model/metamodel.pure
meta::external::query::sql::metamodel::Relation	legend-engine	corpus	false	0	0	1	0	0		/Users/neemsandv/legend/legend-engine/legend-engine-xts-relationalStore/legend-engine-xt-relationalStore-generation/legend-engine-xt-relationalStore-postgresSql/legend-engine-xt-relationalStore-postgresSqlModel-pure/src/main/resources/core_external_store_relational_postgres_sql_model/metamodel.pure
meta::external::query::sql::metamodel::SearchedCaseExpression	legend-engine	corpus	false	0	0	0	0	0		/Users/neemsandv/legend/legend-engine/legend-engine-xts-relationalStore/legend-engine-xt-relationalStore-generation/legend-engine-xt-relationalStore-postgresSql/legend-engine-xt-relationalStore-postgresSqlModel-pure/src/main/resources/core_external_store_relational_postgres_sql_model/metamodel.pure
meta::external::query::sql::metamodel::Select	legend-engine	corpus	false	0	0	0	0	1		/Users/neemsandv/legend/legend-engine/legend-engine-xts-relationalStore/legend-engine-xt-relationalStore-generation/legend-engine-xt-relationalStore-postgresSql/legend-engine-xt-relationalStore-postgresSqlModel-pure/src/main/resources/core_external_store_relational_postgres_sql_model/metamodel.pure
meta::external::query::sql::metamodel::SelectItem	legend-engine	corpus	false	0	0	0	0	0		/Users/neemsandv/legend/legend-engine/legend-engine-xts-relationalStore/legend-engine-xt-relationalStore-generation/legend-engine-xt-relationalStore-postgresSql/legend-engine-xt-relationalStore-postgresSqlModel-pure/src/main/resources/core_external_store_relational_postgres_sql_model/metamodel.pure
meta::external::query::sql::metamodel::SetOperation	legend-engine	closure	false	0	0	1	0	1		/Users/neemsandv/legend/legend-engine/legend-engine-xts-relationalStore/legend-engine-xt-relationalStore-generation/legend-engine-xt-relationalStore-postgresSql/legend-engine-xt-relationalStore-postgresSqlModel-pure/src/main/resources/core_external_store_relational_postgres_sql_model/metamodel.pure
meta::external::query::sql::metamodel::SingleColumn	legend-engine	corpus	false	0	0	0	0	0		/Users/neemsandv/legend/legend-engine/legend-engine-xts-relationalStore/legend-engine-xt-relationalStore-generation/legend-engine-xt-relationalStore-postgresSql/legend-engine-xt-relationalStore-postgresSqlModel-pure/src/main/resources/core_external_store_relational_postgres_sql_model/metamodel.pure
meta::external::query::sql::metamodel::SortItem	legend-engine	corpus	false	0	0	0	0	0		/Users/neemsandv/legend/legend-engine/legend-engine-xts-relationalStore/legend-engine-xt-relationalStore-generation/legend-engine-xt-relationalStore-postgresSql/legend-engine-xt-relationalStore-postgresSqlModel-pure/src/main/resources/core_external_store_relational_postgres_sql_model/metamodel.pure
meta::external::query::sql::metamodel::SortItemNullOrdering	legend-engine	corpus	false	enum						/Users/neemsandv/legend/legend-engine/legend-engine-xts-relationalStore/legend-engine-xt-relationalStore-generation/legend-engine-xt-relationalStore-postgresSql/legend-engine-xt-relationalStore-postgresSqlModel-pure/src/main/resources/core_external_store_relational_postgres_sql_model/metamodel.pure
meta::external::query::sql::metamodel::SortItemOrdering	legend-engine	corpus	false	enum						/Users/neemsandv/legend/legend-engine/legend-engine-xts-relationalStore/legend-engine-xt-relationalStore-generation/legend-engine-xt-relationalStore-postgresSql/legend-engine-xt-relationalStore-postgresSqlModel-pure/src/main/resources/core_external_store_relational_postgres_sql_model/metamodel.pure
meta::external::query::sql::metamodel::Statement	legend-engine	closure	false	0	0	1	0	0		/Users/neemsandv/legend/legend-engine/legend-engine-xts-relationalStore/legend-engine-xt-relationalStore-generation/legend-engine-xt-relationalStore-postgresSql/legend-engine-xt-relationalStore-postgresSqlModel-pure/src/main/resources/core_external_store_relational_postgres_sql_model/metamodel.pure
meta::external::query::sql::metamodel::StringLiteral	legend-engine	corpus	false	0	0	0	0	0		/Users/neemsandv/legend/legend-engine/legend-engine-xts-relationalStore/legend-engine-xt-relationalStore-generation/legend-engine-xt-relationalStore-postgresSql/legend-engine-xt-relationalStore-postgresSqlModel-pure/src/main/resources/core_external_store_relational_postgres_sql_model/metamodel.pure
meta::external::query::sql::metamodel::SubqueryExpression	legend-engine	corpus	false	0	0	0	0	0		/Users/neemsandv/legend/legend-engine/legend-engine-xts-relationalStore/legend-engine-xt-relationalStore-generation/legend-engine-xt-relationalStore-postgresSql/legend-engine-xt-relationalStore-postgresSqlModel-pure/src/main/resources/core_external_store_relational_postgres_sql_model/metamodel.pure
meta::external::query::sql::metamodel::Table	legend-engine	corpus	false	0	0	0	0	0		/Users/neemsandv/legend/legend-engine/legend-engine-xts-relationalStore/legend-engine-xt-relationalStore-generation/legend-engine-xt-relationalStore-postgresSql/legend-engine-xt-relationalStore-postgresSqlModel-pure/src/main/resources/core_external_store_relational_postgres_sql_model/metamodel.pure
meta::external::query::sql::metamodel::TableFunction	legend-engine	corpus	false	0	0	0	0	0		/Users/neemsandv/legend/legend-engine/legend-engine-xts-relationalStore/legend-engine-xt-relationalStore-generation/legend-engine-xt-relationalStore-postgresSql/legend-engine-xt-relationalStore-postgresSqlModel-pure/src/main/resources/core_external_store_relational_postgres_sql_model/metamodel.pure
meta::external::query::sql::metamodel::TableSubquery	legend-engine	corpus	false	0	0	0	0	0		/Users/neemsandv/legend/legend-engine/legend-engine-xts-relationalStore/legend-engine-xt-relationalStore-generation/legend-engine-xt-relationalStore-postgresSql/legend-engine-xt-relationalStore-postgresSqlModel-pure/src/main/resources/core_external_store_relational_postgres_sql_model/metamodel.pure
meta::external::query::sql::metamodel::Trim	legend-engine	corpus	false	0	0	0	0	0		/Users/neemsandv/legend/legend-engine/legend-engine-xts-relationalStore/legend-engine-xt-relationalStore-generation/legend-engine-xt-relationalStore-postgresSql/legend-engine-xt-relationalStore-postgresSqlModel-pure/src/main/resources/core_external_store_relational_postgres_sql_model/metamodel.pure
meta::external::query::sql::metamodel::TrimMode	legend-engine	corpus	false	enum						/Users/neemsandv/legend/legend-engine/legend-engine-xts-relationalStore/legend-engine-xt-relationalStore-generation/legend-engine-xt-relationalStore-postgresSql/legend-engine-xt-relationalStore-postgresSqlModel-pure/src/main/resources/core_external_store_relational_postgres_sql_model/metamodel.pure
meta::external::query::sql::metamodel::Union	legend-engine	corpus	false	0	0	0	0	0		/Users/neemsandv/legend/legend-engine/legend-engine-xts-relationalStore/legend-engine-xt-relationalStore-generation/legend-engine-xt-relationalStore-postgresSql/legend-engine-xt-relationalStore-postgresSqlModel-pure/src/main/resources/core_external_store_relational_postgres_sql_model/metamodel.pure
meta::external::query::sql::metamodel::WhenClause	legend-engine	corpus	false	0	0	0	0	0		/Users/neemsandv/legend/legend-engine/legend-engine-xts-relationalStore/legend-engine-xt-relationalStore-generation/legend-engine-xt-relationalStore-postgresSql/legend-engine-xt-relationalStore-postgresSqlModel-pure/src/main/resources/core_external_store_relational_postgres_sql_model/metamodel.pure
meta::external::query::sql::metamodel::Window	legend-engine	corpus	false	0	0	0	0	0		/Users/neemsandv/legend/legend-engine/legend-engine-xts-relationalStore/legend-engine-xt-relationalStore-generation/legend-engine-xt-relationalStore-postgresSql/legend-engine-xt-relationalStore-postgresSqlModel-pure/src/main/resources/core_external_store_relational_postgres_sql_model/metamodel.pure
meta::external::query::sql::metamodel::WindowFrame	legend-engine	corpus	false	0	0	0	0	0		/Users/neemsandv/legend/legend-engine/legend-engine-xts-relationalStore/legend-engine-xt-relationalStore-generation/legend-engine-xt-relationalStore-postgresSql/legend-engine-xt-relationalStore-postgresSqlModel-pure/src/main/resources/core_external_store_relational_postgres_sql_model/metamodel.pure
meta::external::query::sql::metamodel::WindowFrameMode	legend-engine	corpus	false	enum						/Users/neemsandv/legend/legend-engine/legend-engine-xts-relationalStore/legend-engine-xt-relationalStore-generation/legend-engine-xt-relationalStore-postgresSql/legend-engine-xt-relationalStore-postgresSqlModel-pure/src/main/resources/core_external_store_relational_postgres_sql_model/metamodel.pure
meta::external::query::sql::metamodel::With	legend-engine	corpus	false	0	0	0	0	0		/Users/neemsandv/legend/legend-engine/legend-engine-xts-relationalStore/legend-engine-xt-relationalStore-generation/legend-engine-xt-relationalStore-postgresSql/legend-engine-xt-relationalStore-postgresSqlModel-pure/src/main/resources/core_external_store_relational_postgres_sql_model/metamodel.pure
meta::external::query::sql::metamodel::WithQuery	legend-engine	corpus	false	0	0	0	0	0		/Users/neemsandv/legend/legend-engine/legend-engine-xts-relationalStore/legend-engine-xt-relationalStore-generation/legend-engine-xt-relationalStore-postgresSql/legend-engine-xt-relationalStore-postgresSqlModel-pure/src/main/resources/core_external_store_relational_postgres_sql_model/metamodel.pure
meta::external::query::sql::metamodel::extension::AllColumnsReference	legend-engine	corpus	false	0	0	0	0	0		/Users/neemsandv/legend/legend-engine/legend-engine-xts-relationalStore/legend-engine-xt-relationalStore-generation/legend-engine-xt-relationalStore-postgresSql/legend-engine-xt-relationalStore-postgresSqlModel-extensions-pure/src/main/resources/core_external_store_relational_postgres_sql_model_extensions/metamodel_extensions.pure
meta::external::query::sql::metamodel::extension::AsOfJoin	legend-engine	corpus	false	0	0	0	0	0		/Users/neemsandv/legend/legend-engine/legend-engine-xts-relationalStore/legend-engine-xt-relationalStore-generation/legend-engine-xt-relationalStore-postgresSql/legend-engine-xt-relationalStore-postgresSqlModel-extensions-pure/src/main/resources/core_external_store_relational_postgres_sql_model_extensions/metamodel_extensions.pure
meta::external::query::sql::metamodel::extension::BitwiseNotExpression	legend-engine	corpus	false	0	0	0	0	0		/Users/neemsandv/legend/legend-engine/legend-engine-xts-relationalStore/legend-engine-xt-relationalStore-generation/legend-engine-xt-relationalStore-postgresSql/legend-engine-xt-relationalStore-postgresSqlModel-extensions-pure/src/main/resources/core_external_store_relational_postgres_sql_model_extensions/metamodel_extensions.pure
meta::external::query::sql::metamodel::extension::DateLiteral	legend-engine	corpus	false	0	0	0	0	0		/Users/neemsandv/legend/legend-engine/legend-engine-xts-relationalStore/legend-engine-xt-relationalStore-generation/legend-engine-xt-relationalStore-postgresSql/legend-engine-xt-relationalStore-postgresSqlModel-extensions-pure/src/main/resources/core_external_store_relational_postgres_sql_model_extensions/metamodel_extensions.pure
meta::external::query::sql::metamodel::extension::DecimalLiteral	legend-engine	corpus	false	0	0	0	0	0		/Users/neemsandv/legend/legend-engine/legend-engine-xts-relationalStore/legend-engine-xt-relationalStore-generation/legend-engine-xt-relationalStore-postgresSql/legend-engine-xt-relationalStore-postgresSqlModel-extensions-pure/src/main/resources/core_external_store_relational_postgres_sql_model_extensions/metamodel_extensions.pure
meta::external::query::sql::metamodel::extension::ExistsPredicate	legend-engine	corpus	false	0	0	0	0	0		/Users/neemsandv/legend/legend-engine/legend-engine-xts-relationalStore/legend-engine-xt-relationalStore-generation/legend-engine-xt-relationalStore-postgresSql/legend-engine-xt-relationalStore-postgresSqlModel-extensions-pure/src/main/resources/core_external_store_relational_postgres_sql_model_extensions/metamodel_extensions.pure
meta::external::query::sql::metamodel::extension::ExtendedQuerySpecification	legend-engine	corpus	false	0	0	0	0	0		/Users/neemsandv/legend/legend-engine/legend-engine-xts-relationalStore/legend-engine-xt-relationalStore-generation/legend-engine-xt-relationalStore-postgresSql/legend-engine-xt-relationalStore-postgresSqlModel-extensions-pure/src/main/resources/core_external_store_relational_postgres_sql_model_extensions/metamodel_extensions.pure
meta::external::query::sql::metamodel::extension::ExtractFromSemiStructured	legend-engine	corpus	false	0	0	0	0	0		/Users/neemsandv/legend/legend-engine/legend-engine-xts-relationalStore/legend-engine-xt-relationalStore-generation/legend-engine-xt-relationalStore-postgresSql/legend-engine-xt-relationalStore-postgresSqlModel-extensions-pure/src/main/resources/core_external_store_relational_postgres_sql_model_extensions/metamodel_extensions.pure
meta::external::query::sql::metamodel::extension::FreeMarkerOperation	legend-engine	corpus	false	0	0	0	0	0		/Users/neemsandv/legend/legend-engine/legend-engine-xts-relationalStore/legend-engine-xt-relationalStore-generation/legend-engine-xt-relationalStore-postgresSql/legend-engine-xt-relationalStore-postgresSqlModel-extensions-pure/src/main/resources/core_external_store_relational_postgres_sql_model_extensions/metamodel_extensions.pure
meta::external::query::sql::metamodel::extension::InClauseVariablePlaceholder	legend-engine	corpus	false	0	0	0	0	0		/Users/neemsandv/legend/legend-engine/legend-engine-xts-relationalStore/legend-engine-xt-relationalStore-generation/legend-engine-xt-relationalStore-postgresSql/legend-engine-xt-relationalStore-postgresSqlModel-extensions-pure/src/main/resources/core_external_store_relational_postgres_sql_model_extensions/metamodel_extensions.pure
meta::external::query::sql::metamodel::extension::LateralJoin	legend-engine	corpus	false	0	0	0	0	0		/Users/neemsandv/legend/legend-engine/legend-engine-xts-relationalStore/legend-engine-xt-relationalStore-generation/legend-engine-xt-relationalStore-postgresSql/legend-engine-xt-relationalStore-postgresSqlModel-extensions-pure/src/main/resources/core_external_store_relational_postgres_sql_model_extensions/metamodel_extensions.pure
meta::external::query::sql::metamodel::extension::PartialDateLiteral	legend-engine	corpus	false	0	0	0	0	0		/Users/neemsandv/legend/legend-engine/legend-engine-xts-relationalStore/legend-engine-xt-relationalStore-generation/legend-engine-xt-relationalStore-postgresSql/legend-engine-xt-relationalStore-postgresSqlModel-extensions-pure/src/main/resources/core_external_store_relational_postgres_sql_model_extensions/metamodel_extensions.pure
meta::external::query::sql::metamodel::extension::PivotedRelation	legend-engine	corpus	false	0	0	0	0	0		/Users/neemsandv/legend/legend-engine/legend-engine-xts-relationalStore/legend-engine-xt-relationalStore-generation/legend-engine-xt-relationalStore-postgresSql/legend-engine-xt-relationalStore-postgresSqlModel-extensions-pure/src/main/resources/core_external_store_relational_postgres_sql_model_extensions/metamodel_extensions.pure
meta::external::query::sql::metamodel::extension::SemiStructuredArrayElementAccess	legend-engine	corpus	false	0	0	0	0	0		/Users/neemsandv/legend/legend-engine/legend-engine-xts-relationalStore/legend-engine-xt-relationalStore-generation/legend-engine-xt-relationalStore-postgresSql/legend-engine-xt-relationalStore-postgresSqlModel-extensions-pure/src/main/resources/core_external_store_relational_postgres_sql_model_extensions/metamodel_extensions.pure
meta::external::query::sql::metamodel::extension::SemiStructuredArrayFlatten	legend-engine	corpus	false	0	0	0	0	0		/Users/neemsandv/legend/legend-engine/legend-engine-xts-relationalStore/legend-engine-xt-relationalStore-generation/legend-engine-xt-relationalStore-postgresSql/legend-engine-xt-relationalStore-postgresSqlModel-extensions-pure/src/main/resources/core_external_store_relational_postgres_sql_model_extensions/metamodel_extensions.pure
meta::external::query::sql::metamodel::extension::SemiStructuredArrayFlattenOutput	legend-engine	corpus	false	0	0	0	0	0		/Users/neemsandv/legend/legend-engine/legend-engine-xts-relationalStore/legend-engine-xt-relationalStore-generation/legend-engine-xt-relationalStore-postgresSql/legend-engine-xt-relationalStore-postgresSqlModel-extensions-pure/src/main/resources/core_external_store_relational_postgres_sql_model_extensions/metamodel_extensions.pure
meta::external::query::sql::metamodel::extension::SemiStructuredObjectNavigation	legend-engine	closure	false	0	0	0	0	0		/Users/neemsandv/legend/legend-engine/legend-engine-xts-relationalStore/legend-engine-xt-relationalStore-generation/legend-engine-xt-relationalStore-postgresSql/legend-engine-xt-relationalStore-postgresSqlModel-extensions-pure/src/main/resources/core_external_store_relational_postgres_sql_model_extensions/metamodel_extensions.pure
meta::external::query::sql::metamodel::extension::SemiStructuredPropertyAccess	legend-engine	corpus	false	0	0	0	0	0		/Users/neemsandv/legend/legend-engine/legend-engine-xts-relationalStore/legend-engine-xt-relationalStore-generation/legend-engine-xt-relationalStore-postgresSql/legend-engine-xt-relationalStore-postgresSqlModel-extensions-pure/src/main/resources/core_external_store_relational_postgres_sql_model_extensions/metamodel_extensions.pure
meta::external::query::sql::metamodel::extension::TablePlaceholder	legend-engine	corpus	false	0	0	0	0	0		/Users/neemsandv/legend/legend-engine/legend-engine-xts-relationalStore/legend-engine-xt-relationalStore-generation/legend-engine-xt-relationalStore-postgresSql/legend-engine-xt-relationalStore-postgresSqlModel-extensions-pure/src/main/resources/core_external_store_relational_postgres_sql_model_extensions/metamodel_extensions.pure
meta::external::query::sql::metamodel::extension::TemporalUnit	legend-engine	corpus	false	enum						/Users/neemsandv/legend/legend-engine/legend-engine-xts-relationalStore/legend-engine-xt-relationalStore-generation/legend-engine-xt-relationalStore-postgresSql/legend-engine-xt-relationalStore-postgresSqlModel-extensions-pure/src/main/resources/core_external_store_relational_postgres_sql_model_extensions/metamodel_extensions.pure
meta::external::query::sql::metamodel::extension::TimestampLiteral	legend-engine	corpus	false	0	0	0	0	0		/Users/neemsandv/legend/legend-engine/legend-engine-xts-relationalStore/legend-engine-xt-relationalStore-generation/legend-engine-xt-relationalStore-postgresSql/legend-engine-xt-relationalStore-postgresSqlModel-extensions-pure/src/main/resources/core_external_store_relational_postgres_sql_model_extensions/metamodel_extensions.pure
meta::external::query::sql::metamodel::extension::VariablePlaceholder	legend-engine	corpus	false	0	0	0	0	0		/Users/neemsandv/legend/legend-engine/legend-engine-xts-relationalStore/legend-engine-xt-relationalStore-generation/legend-engine-xt-relationalStore-postgresSql/legend-engine-xt-relationalStore-postgresSqlModel-extensions-pure/src/main/resources/core_external_store_relational_postgres_sql_model_extensions/metamodel_extensions.pure
meta::external::store::model::JsonModelConnection	legend-engine	java	false	0	0	0	0	0		/Users/neemsandv/legend/legend-engine/legend-engine-core/legend-engine-core-pure/legend-engine-pure-code-compiled-core/src/main/resources/core/pure/mapping/modelToModel.pure
meta::external::store::model::ModelChainConnection	legend-engine	java	false	0	0	0	0	0		/Users/neemsandv/legend/legend-engine/legend-engine-core/legend-engine-core-pure/legend-engine-pure-code-compiled-core/src/main/resources/core/pure/mapping/modelToModel.pure
meta::external::store::model::ModelConnection	legend-engine	corpus	false	0	0	0	0	0		/Users/neemsandv/legend/legend-engine/legend-engine-core/legend-engine-core-pure/legend-engine-pure-code-compiled-core/src/main/resources/core/pure/mapping/modelToModel.pure
meta::external::store::model::ModelStore	legend-engine	corpus	false	0	1	0	0	0		/Users/neemsandv/legend/legend-engine/legend-engine-core/legend-engine-core-pure/legend-engine-pure-code-compiled-core/src/main/resources/core/pure/mapping/modelToModel.pure
meta::external::store::model::PureInstanceSetImplementation	legend-pure	corpus	false	0	0	0	0	0		/Users/neemsandv/legend/legend-pure/legend-pure-dsl/legend-pure-dsl-mapping/legend-pure-m2-dsl-mapping-pure/src/main/resources/platform_dsl_mapping/grammar/mapping.pure
meta::external::store::model::PureModelConnection	legend-engine	closure	false	0	0	0	0	0		/Users/neemsandv/legend/legend-engine/legend-engine-core/legend-engine-core-pure/legend-engine-pure-code-compiled-core/src/main/resources/core/pure/mapping/modelToModel.pure
meta::external::store::model::PurePropertyMapping	legend-pure	corpus	false	0	0	0	0	0		/Users/neemsandv/legend/legend-pure/legend-pure-dsl/legend-pure-dsl-mapping/legend-pure-m2-dsl-mapping-pure/src/main/resources/platform_dsl_mapping/grammar/mapping.pure
meta::external::store::relational::runtime::DatabaseConnection	legend-pure	java	false	0	0	0	0	0		/Users/neemsandv/legend/legend-pure/legend-pure-store/legend-pure-store-relational/legend-pure-m2-store-relational-pure/src/main/resources/platform_store_relational/relationalRuntime.pure
meta::external::store::relational::runtime::RelationalDatabaseConnection	legend-engine	java	true	0	0	0	0	0		/Users/neemsandv/legend/legend-engine/legend-engine-xts-relationalStore/legend-engine-xt-relationalStore-generation/legend-engine-xt-relationalStore-pure/legend-engine-xt-relationalStore-core-pure/src/main/resources/core_relational/relational/runtime/connection/connection.pure
meta::external::store::relational::runtime::RelationalQueryGenerationConfig	legend-pure	corpus	false	0	0	1	0	0		/Users/neemsandv/legend/legend-pure/legend-pure-store/legend-pure-store-relational/legend-pure-m2-store-relational-pure/src/main/resources/platform_store_relational/relationalRuntime.pure
meta::external::store::relational::runtime::TestDatabaseConnection	legend-pure	java	false	0	0	0	0	0		/Users/neemsandv/legend/legend-pure/legend-pure-store/legend-pure-store-relational/legend-pure-m2-store-relational-pure/src/main/resources/platform_store_relational/relationalRuntime.pure
meta::external::store::relational::sqlDialectTranslation::DbConfig	legend-engine	corpus	false	0	0	0	0	1		/Users/neemsandv/legend/legend-engine/legend-engine-xts-relationalStore/legend-engine-xt-relationalStore-generation/legend-engine-xt-relationalStore-pure/legend-engine-xt-relationalStore-sqlDialectTranslation-pure/src/main/resources/core_external_store_relational_sql_dialect_translation/sqlDialectTranslator.pure
meta::external::store::relational::sqlDialectTranslation::ExpressionPrecedenceComparator	legend-engine	closure	false	0	1	0	0	0		/Users/neemsandv/legend/legend-engine/legend-engine-xts-relationalStore/legend-engine-xt-relationalStore-generation/legend-engine-xt-relationalStore-pure/legend-engine-xt-relationalStore-sqlDialectTranslation-pure/src/main/resources/core_external_store_relational_sql_dialect_translation/sqlDialect.pure
meta::external::store::relational::sqlDialectTranslation::FormatConfig	legend-engine	corpus	false	0	0	0	0	4		/Users/neemsandv/legend/legend-engine/legend-engine-xts-relationalStore/legend-engine-xt-relationalStore-generation/legend-engine-xt-relationalStore-pure/legend-engine-xt-relationalStore-sqlDialectTranslation-pure/src/main/resources/core_external_store_relational_sql_dialect_translation/sqlDialectTranslator.pure
meta::external::store::relational::sqlDialectTranslation::FunctionProcessor	legend-engine	closure	false	0	0	0	0	0		/Users/neemsandv/legend/legend-engine/legend-engine-xts-relationalStore/legend-engine-xt-relationalStore-generation/legend-engine-xt-relationalStore-pure/legend-engine-xt-relationalStore-sqlDialectTranslation-pure/src/main/resources/core_external_store_relational_sql_dialect_translation/sqlDialect.pure
meta::external::store::relational::sqlDialectTranslation::IdentifierProcessor	legend-engine	closure	false	0	0	0	0	0		/Users/neemsandv/legend/legend-engine/legend-engine-xts-relationalStore/legend-engine-xt-relationalStore-generation/legend-engine-xt-relationalStore-pure/legend-engine-xt-relationalStore-sqlDialectTranslation-pure/src/main/resources/core_external_store_relational_sql_dialect_translation/sqlDialect.pure
meta::external::store::relational::sqlDialectTranslation::NodeProcessor	legend-engine	closure	false	0	0	0	0	0		/Users/neemsandv/legend/legend-engine/legend-engine-xts-relationalStore/legend-engine-xt-relationalStore-generation/legend-engine-xt-relationalStore-pure/legend-engine-xt-relationalStore-sqlDialectTranslation-pure/src/main/resources/core_external_store_relational_sql_dialect_translation/sqlDialect.pure
meta::external::store::relational::sqlDialectTranslation::QuoteConfiguration	legend-engine	closure	false	0	0	0	0	0		/Users/neemsandv/legend/legend-engine/legend-engine-xts-relationalStore/legend-engine-xt-relationalStore-generation/legend-engine-xt-relationalStore-pure/legend-engine-xt-relationalStore-sqlDialectTranslation-pure/src/main/resources/core_external_store_relational_sql_dialect_translation/sqlDialect.pure
meta::external::store::relational::sqlDialectTranslation::SqlDialect	legend-engine	corpus	false	0	0	0	0	1		/Users/neemsandv/legend/legend-engine/legend-engine-xts-relationalStore/legend-engine-xt-relationalStore-generation/legend-engine-xt-relationalStore-pure/legend-engine-xt-relationalStore-sqlDialectTranslation-pure/src/main/resources/core_external_store_relational_sql_dialect_translation/sqlDialect.pure
meta::external::store::relational::sqlDialectTranslation::SqlDialectTranslationConfig	legend-engine	corpus	false	0	0	0	0	0		/Users/neemsandv/legend/legend-engine/legend-engine-xts-relationalStore/legend-engine-xt-relationalStore-generation/legend-engine-xt-relationalStore-pure/legend-engine-xt-relationalStore-sqlDialectTranslation-pure/src/main/resources/core_external_store_relational_sql_dialect_translation/sqlDialectTranslator.pure
meta::external::store::relational::sqlDialectTranslation::SqlDialectTranslationState	legend-engine	corpus	false	0	2	0	0	2		/Users/neemsandv/legend/legend-engine/legend-engine-xts-relationalStore/legend-engine-xt-relationalStore-generation/legend-engine-xt-relationalStore-pure/legend-engine-xt-relationalStore-sqlDialectTranslation-pure/src/main/resources/core_external_store_relational_sql_dialect_translation/sqlDialectTranslator.pure
meta::external::store::relational::sqlDialectTranslation::functionRegistry::SqlFunction	legend-engine	closure	false	0	0	1	0	0		/Users/neemsandv/legend/legend-engine/legend-engine-xts-relationalStore/legend-engine-xt-relationalStore-generation/legend-engine-xt-relationalStore-pure/legend-engine-xt-relationalStore-sqlDialectTranslation-pure/src/main/resources/core_external_store_relational_sql_dialect_translation/functionRegistry/functionRegistry.pure
meta::external::store::relational::sqlDialectTranslation::functionRegistry::SqlFunctionTest	legend-engine	closure	false	0	0	0	0	0		/Users/neemsandv/legend/legend-engine/legend-engine-xts-relationalStore/legend-engine-xt-relationalStore-generation/legend-engine-xt-relationalStore-pure/legend-engine-xt-relationalStore-sqlDialectTranslation-pure/src/main/resources/core_external_store_relational_sql_dialect_translation/functionRegistry/functionRegistry.pure
meta::external::store::relational::sqlDialectTranslation::functionRegistry::SqlFunctionVariation	legend-engine	closure	false	0	1	0	0	0		/Users/neemsandv/legend/legend-engine/legend-engine-xts-relationalStore/legend-engine-xt-relationalStore-generation/legend-engine-xt-relationalStore-pure/legend-engine-xt-relationalStore-sqlDialectTranslation-pure/src/main/resources/core_external_store_relational_sql_dialect_translation/functionRegistry/functionRegistry.pure
meta::external::store::relational::sqlDialectTranslation::sqlTyping::sqlTypes::SqlType	legend-engine	closure	false	0	0	1	0	0		/Users/neemsandv/legend/legend-engine/legend-engine-xts-relationalStore/legend-engine-xt-relationalStore-generation/legend-engine-xt-relationalStore-pure/legend-engine-xt-relationalStore-sqlDialectTranslation-pure/src/main/resources/core_external_store_relational_sql_dialect_translation/sqlTyping/sqlTypes.pure
meta::external::store::relational::sqlDialectTranslation::tests::utils::TestSetupData	legend-engine	corpus	true	0	0	0	0	1		/Users/neemsandv/legend/legend-engine/legend-engine-xts-relationalStore/legend-engine-xt-relationalStore-generation/legend-engine-xt-relationalStore-pure/legend-engine-xt-relationalStore-sqlDialectTranslation-pure/src/main/resources/core_external_store_relational_sql_dialect_translation/utils.pure
meta::external::store::relational::sqlPlanning::SqlPlanningConfig	legend-engine	corpus	false	0	0	0	0	0		/Users/neemsandv/legend/legend-engine/legend-engine-xts-relationalStore/legend-engine-xt-relationalStore-generation/legend-engine-xt-relationalStore-pure/legend-engine-xt-relationalStore-sqlPlanning-pure/src/main/resources/core_external_store_relational_sql_planning/sqlPlanner.pure
meta::json::Config	legend-engine	closure	false	0	2	0	0	0		/Users/neemsandv/legend/legend-engine/legend-engine-core/legend-engine-core-pure/legend-engine-pure-code-compiled-core/src/main/resources/core/external/format/json/toJSON.pure
meta::json::ExtendedJSONDeserializationConfig	legend-engine	corpus	false	0	0	0	0	0		/Users/neemsandv/legend/legend-engine/legend-engine-core/legend-engine-core-pure/legend-engine-pure-code-compiled-core/src/main/resources/core/external/format/json/fromJSON.pure
meta::json::JSONArray	legend-engine	java	false	0	0	0	0	0		/Users/neemsandv/legend/legend-engine/legend-engine-core/legend-engine-core-pure/legend-engine-pure-code-functions-json/legend-engine-pure-functions-json-pure/src/main/resources/core_functions_json/json.pure
meta::json::JSONBoolean	legend-engine	java	false	0	0	0	0	0		/Users/neemsandv/legend/legend-engine/legend-engine-core/legend-engine-core-pure/legend-engine-pure-code-functions-json/legend-engine-pure-functions-json-pure/src/main/resources/core_functions_json/json.pure
meta::json::JSONConfig	legend-engine	closure	false	0	0	0	0	0		/Users/neemsandv/legend/legend-engine/legend-engine-core/legend-engine-core-pure/legend-engine-pure-code-functions-json/legend-engine-pure-functions-json-pure/src/main/resources/core_functions_json/json.pure
meta::json::JSONDeserializationConfig	legend-engine	corpus	false	0	0	0	0	0		/Users/neemsandv/legend/legend-engine/legend-engine-core/legend-engine-core-pure/legend-engine-pure-code-functions-json/legend-engine-pure-functions-json-pure/src/main/resources/core_functions_json/json.pure
meta::json::JSONElement	legend-engine	java	false	0	0	0	0	0		/Users/neemsandv/legend/legend-engine/legend-engine-core/legend-engine-core-pure/legend-engine-pure-code-functions-json/legend-engine-pure-functions-json-pure/src/main/resources/core_functions_json/json.pure
meta::json::JSONKeyValue	legend-engine	java	false	0	0	0	0	0		/Users/neemsandv/legend/legend-engine/legend-engine-core/legend-engine-core-pure/legend-engine-pure-code-functions-json/legend-engine-pure-functions-json-pure/src/main/resources/core_functions_json/json.pure
meta::json::JSONNull	legend-engine	java	false	0	0	0	0	0		/Users/neemsandv/legend/legend-engine/legend-engine-core/legend-engine-core-pure/legend-engine-pure-code-functions-json/legend-engine-pure-functions-json-pure/src/main/resources/core_functions_json/json.pure
meta::json::JSONNumber	legend-engine	java	false	0	0	0	0	0		/Users/neemsandv/legend/legend-engine/legend-engine-core/legend-engine-core-pure/legend-engine-pure-code-functions-json/legend-engine-pure-functions-json-pure/src/main/resources/core_functions_json/json.pure
meta::json::JSONObject	legend-engine	java	false	0	0	0	0	0		/Users/neemsandv/legend/legend-engine/legend-engine-core/legend-engine-core-pure/legend-engine-pure-code-functions-json/legend-engine-pure-functions-json-pure/src/main/resources/core_functions_json/json.pure
meta::json::JSONState	legend-engine	corpus	false	0	0	0	0	0		/Users/neemsandv/legend/legend-engine/legend-engine-core/legend-engine-core-pure/legend-engine-pure-code-compiled-core/src/main/resources/core/external/format/json/toJSON.pure
meta::json::JSONString	legend-engine	java	false	0	0	0	0	0		/Users/neemsandv/legend/legend-engine/legend-engine-core/legend-engine-core-pure/legend-engine-pure-code-functions-json/legend-engine-pure-functions-json-pure/src/main/resources/core_functions_json/json.pure
meta::legend::service::metamodel::Execution	legend-engine	closure	false	0	0	0	0	0		/Users/neemsandv/legend/legend-engine/legend-engine-xts-service/legend-engine-language-pure-dsl-service-pure/src/main/resources/core_service/service/metamodel.pure
meta::legend::service::metamodel::Ownership	legend-engine	closure	false	0	0	1	0	0		/Users/neemsandv/legend/legend-engine/legend-engine-xts-service/legend-engine-language-pure-dsl-service-pure/src/main/resources/core_service/service/metamodel.pure
meta::legend::service::metamodel::PostValidation	legend-engine	closure	false	0	0	0	0	0		/Users/neemsandv/legend/legend-engine/legend-engine-xts-service/legend-engine-language-pure-dsl-service-pure/src/main/resources/core_service/service/metamodel.pure
meta::legend::service::metamodel::PostValidationAssertion	legend-engine	closure	false	0	0	0	0	0		/Users/neemsandv/legend/legend-engine/legend-engine-xts-service/legend-engine-language-pure-dsl-service-pure/src/main/resources/core_service/service/metamodel.pure
meta::legend::service::metamodel::PureExecution	legend-engine	closure	false	0	0	0	0	0		/Users/neemsandv/legend/legend-engine/legend-engine-xts-service/legend-engine-language-pure-dsl-service-pure/src/main/resources/core_service/service/metamodel.pure
meta::legend::service::metamodel::PureSingleExecution	legend-engine	corpus	false	0	0	0	0	0		/Users/neemsandv/legend/legend-engine/legend-engine-xts-service/legend-engine-language-pure-dsl-service-pure/src/main/resources/core_service/service/metamodel.pure
meta::legend::service::metamodel::Service	legend-engine	corpus	false	3	0	0	0	0		/Users/neemsandv/legend/legend-engine/legend-engine-xts-service/legend-engine-language-pure-dsl-service-pure/src/main/resources/core_service/service/metamodel.pure
meta::legend::service::metamodel::ServiceTag	legend-engine	closure	false	0	0	0	0	0		/Users/neemsandv/legend/legend-engine/legend-engine-xts-service/legend-engine-language-pure-dsl-service-pure/src/main/resources/core_service/service/metamodel.pure
meta::legend::service::metamodel::SingleExecutionTest	legend-engine	corpus	false	0	0	1	0	0		/Users/neemsandv/legend/legend-engine/legend-engine-xts-service/legend-engine-language-pure-dsl-service-pure/src/main/resources/core_service/service/metamodel.pure
meta::legend::service::metamodel::Test	legend-engine	corpus	false	0	0	1	0	0		/Users/neemsandv/legend/legend-engine/legend-engine-xts-service/legend-engine-language-pure-dsl-service-pure/src/main/resources/core_service/service/metamodel.pure
meta::legend::service::metamodel::TestContainer	legend-engine	corpus	false	0	0	1	0	0		/Users/neemsandv/legend/legend-engine/legend-engine-xts-service/legend-engine-language-pure-dsl-service-pure/src/main/resources/core_service/service/metamodel.pure
meta::protocols::pure::vX_X_X::metamodel::m3::PackageableElement	legend-engine	corpus	false	0	0	0	0	0		/Users/neemsandv/legend/legend-engine/legend-engine-core/legend-engine-core-pure/legend-engine-pure-code-compiled-core/src/main/resources/core/pure/protocol/vX_X_X/models/core/m3.pure
meta::protocols::pure::vX_X_X::metamodel::m3::PackageableElementPointer	legend-engine	corpus	false	0	0	0	0	0		/Users/neemsandv/legend/legend-engine/legend-engine-core/legend-engine-core-pure/legend-engine-pure-code-compiled-core/src/main/resources/core/pure/protocol/vX_X_X/models/pureModelContextData.pure
meta::protocols::pure::vX_X_X::metamodel::m3::PackageableElementType	legend-engine	corpus	false	enum						/Users/neemsandv/legend/legend-engine/legend-engine-core/legend-engine-core-pure/legend-engine-pure-code-compiled-core/src/main/resources/core/pure/protocol/vX_X_X/models/pureModelContextData.pure
meta::protocols::pure::vX_X_X::metamodel::m3::SourceInformation	legend-engine	closure	false	0	0	0	0	0		/Users/neemsandv/legend/legend-engine/legend-engine-core/legend-engine-core-pure/legend-engine-pure-code-compiled-core/src/main/resources/core/pure/protocol/vX_X_X/models/core/_extra.pure
meta::protocols::pure::vX_X_X::metamodel::m3::constraint::Constraint	legend-engine	closure	false	0	0	0	0	0		/Users/neemsandv/legend/legend-engine/legend-engine-core/legend-engine-core-pure/legend-engine-pure-code-compiled-core/src/main/resources/core/pure/protocol/vX_X_X/models/core/m3.pure
meta::protocols::pure::vX_X_X::metamodel::m3::extension::AnnotatedElement	legend-engine	corpus	false	0	0	0	0	0		/Users/neemsandv/legend/legend-engine/legend-engine-core/legend-engine-core-pure/legend-engine-pure-code-compiled-core/src/main/resources/core/pure/protocol/vX_X_X/models/core/m3.pure
meta::protocols::pure::vX_X_X::metamodel::m3::extension::StereotypePtr	legend-engine	closure	false	0	0	0	0	0		/Users/neemsandv/legend/legend-engine/legend-engine-core/legend-engine-core-pure/legend-engine-pure-code-compiled-core/src/main/resources/core/pure/protocol/vX_X_X/models/core/m3.pure
meta::protocols::pure::vX_X_X::metamodel::m3::extension::TagPtr	legend-engine	corpus	false	0	0	0	0	0		/Users/neemsandv/legend/legend-engine/legend-engine-core/legend-engine-core-pure/legend-engine-pure-code-compiled-core/src/main/resources/core/pure/protocol/vX_X_X/models/core/m3.pure
meta::protocols::pure::vX_X_X::metamodel::m3::extension::TaggedValue	legend-engine	corpus	false	0	0	0	0	0		/Users/neemsandv/legend/legend-engine/legend-engine-core/legend-engine-core-pure/legend-engine-pure-code-compiled-core/src/main/resources/core/pure/protocol/vX_X_X/models/core/m3.pure
meta::protocols::pure::vX_X_X::metamodel::m3::function::LambdaFunction	legend-engine	corpus	false	0	0	0	0	0		/Users/neemsandv/legend/legend-engine/legend-engine-core/legend-engine-core-pure/legend-engine-pure-code-compiled-core/src/main/resources/core/pure/protocol/vX_X_X/models/core/m3.pure
meta::protocols::pure::vX_X_X::metamodel::m3::function::property::AggregationKind	legend-engine	closure	false	enum						/Users/neemsandv/legend/legend-engine/legend-engine-core/legend-engine-core-pure/legend-engine-pure-code-compiled-core/src/main/resources/core/pure/protocol/vX_X_X/models/core/m3.pure
meta::protocols::pure::vX_X_X::metamodel::m3::function::property::DefaultValue	legend-engine	closure	false	0	0	0	0	0		/Users/neemsandv/legend/legend-engine/legend-engine-core/legend-engine-core-pure/legend-engine-pure-code-compiled-core/src/main/resources/core/pure/protocol/vX_X_X/models/core/m3.pure
meta::protocols::pure::vX_X_X::metamodel::m3::function::property::Property	legend-engine	corpus	false	0	0	0	0	0		/Users/neemsandv/legend/legend-engine/legend-engine-core/legend-engine-core-pure/legend-engine-pure-code-compiled-core/src/main/resources/core/pure/protocol/vX_X_X/models/core/m3.pure
meta::protocols::pure::vX_X_X::metamodel::m3::function::property::PropertyPtr	legend-engine	corpus	false	0	0	0	0	0		/Users/neemsandv/legend/legend-engine/legend-engine-core/legend-engine-core-pure/legend-engine-pure-code-compiled-core/src/main/resources/core/pure/protocol/vX_X_X/models/core/m3.pure
meta::protocols::pure::vX_X_X::metamodel::m3::function::property::QualifiedProperty	legend-engine	closure	false	0	0	0	0	0		/Users/neemsandv/legend/legend-engine/legend-engine-core/legend-engine-core-pure/legend-engine-pure-code-compiled-core/src/main/resources/core/pure/protocol/vX_X_X/models/core/m3.pure
meta::protocols::pure::vX_X_X::metamodel::m3::multiplicity::Multiplicity	legend-engine	closure	false	0	0	0	0	0		/Users/neemsandv/legend/legend-engine/legend-engine-core/legend-engine-core-pure/legend-engine-pure-code-compiled-core/src/main/resources/core/pure/protocol/vX_X_X/models/core/m3.pure
meta::protocols::pure::vX_X_X::metamodel::m3::relationship::Association	legend-engine	corpus	false	0	0	0	0	0		/Users/neemsandv/legend/legend-engine/legend-engine-core/legend-engine-core-pure/legend-engine-pure-code-compiled-core/src/main/resources/core/pure/protocol/vX_X_X/models/core/m3.pure
meta::protocols::pure::vX_X_X::metamodel::m3::type::Class	legend-engine	corpus	false	0	0	0	0	0		/Users/neemsandv/legend/legend-engine/legend-engine-core/legend-engine-core-pure/legend-engine-pure-code-compiled-core/src/main/resources/core/pure/protocol/vX_X_X/models/core/m3.pure
meta::protocols::pure::vX_X_X::metamodel::m3::type::Type	legend-engine	closure	false	0	0	0	0	0		/Users/neemsandv/legend/legend-engine/legend-engine-core/legend-engine-core-pure/legend-engine-pure-code-compiled-core/src/main/resources/core/pure/protocol/vX_X_X/models/core/m3.pure
meta::protocols::pure::vX_X_X::metamodel::m3::type::generics::GenericType	legend-engine	corpus	false	0	0	0	0	0		/Users/neemsandv/legend/legend-engine/legend-engine-core/legend-engine-core-pure/legend-engine-pure-code-compiled-core/src/main/resources/core/pure/protocol/vX_X_X/models/core/m3.pure
meta::protocols::pure::vX_X_X::metamodel::m3::valuespecification::AppliedFunction	legend-engine	corpus	false	0	0	0	0	0		/Users/neemsandv/legend/legend-engine/legend-engine-core/legend-engine-core-pure/legend-engine-pure-code-compiled-core/src/main/resources/core/pure/protocol/vX_X_X/models/core/m3.pure
meta::protocols::pure::vX_X_X::metamodel::m3::valuespecification::FunctionApplication	legend-engine	closure	false	0	0	0	0	0		/Users/neemsandv/legend/legend-engine/legend-engine-core/legend-engine-core-pure/legend-engine-pure-code-compiled-core/src/main/resources/core/pure/protocol/vX_X_X/models/core/m3.pure
meta::protocols::pure::vX_X_X::metamodel::m3::valuespecification::ValueSpecification	legend-engine	closure	false	0	0	0	0	0		/Users/neemsandv/legend/legend-engine/legend-engine-core/legend-engine-core-pure/legend-engine-pure-code-compiled-core/src/main/resources/core/pure/protocol/vX_X_X/models/core/m3.pure
meta::protocols::pure::vX_X_X::metamodel::m3::valuespecification::Variable	legend-engine	closure	false	0	0	0	0	0		/Users/neemsandv/legend/legend-engine/legend-engine-core/legend-engine-core-pure/legend-engine-pure-code-compiled-core/src/main/resources/core/pure/protocol/vX_X_X/models/core/m3.pure
meta::protocols::pure::vX_X_X::metamodel::m3::valuespecification::constant::PackageableElementPtr	legend-engine	corpus	false	0	0	0	0	0		/Users/neemsandv/legend/legend-engine/legend-engine-core/legend-engine-core-pure/legend-engine-pure-code-compiled-core/src/main/resources/core/pure/protocol/vX_X_X/models/core/_extra.pure
meta::protocols::pure::vX_X_X::metamodel::m3::valuespecification::constant::PackageableType	legend-engine	corpus	false	0	0	0	0	0		/Users/neemsandv/legend/legend-engine/legend-engine-core/legend-engine-core-pure/legend-engine-pure-code-compiled-core/src/main/resources/core/pure/protocol/vX_X_X/models/core/_extra.pure
meta::protocols::pure::vX_X_X::metamodel::m3::valuespecification::constant::classInstance::ClassInstance	legend-engine	corpus	false	0	0	0	0	0		/Users/neemsandv/legend/legend-engine/legend-engine-core/legend-engine-core-pure/legend-engine-pure-code-compiled-core/src/main/resources/core/pure/protocol/vX_X_X/models/core/_extra.pure
meta::protocols::pure::vX_X_X::metamodel::m3::valuespecification::constant::datatype::primitive::CDate	legend-engine	corpus	false	0	0	1	0	0		/Users/neemsandv/legend/legend-engine/legend-engine-core/legend-engine-core-pure/legend-engine-pure-code-compiled-core/src/main/resources/core/pure/protocol/vX_X_X/models/core/_extra.pure
meta::protocols::pure::vX_X_X::metamodel::m3::valuespecification::constant::datatype::primitive::CString	legend-engine	corpus	false	0	0	0	0	0		/Users/neemsandv/legend/legend-engine/legend-engine-core/legend-engine-core-pure/legend-engine-pure-code-compiled-core/src/main/resources/core/pure/protocol/vX_X_X/models/core/_extra.pure
meta::pure::alloy::connections::Mapper	legend-engine	corpus	true	0	0	0	0	0		/Users/neemsandv/legend/legend-engine/legend-engine-xts-relationalStore/legend-engine-xt-relationalStore-generation/legend-engine-xt-relationalStore-pure/legend-engine-xt-relationalStore-core-pure/src/main/resources/core_relational/relational/runtime/connection/postprocessor.pure
meta::pure::alloy::connections::MapperPostProcessor	legend-engine	java	true	0	0	0	0	0		/Users/neemsandv/legend/legend-engine/legend-engine-xts-relationalStore/legend-engine-xt-relationalStore-generation/legend-engine-xt-relationalStore-pure/legend-engine-xt-relationalStore-core-pure/src/main/resources/core_relational/relational/runtime/connection/postprocessor.pure
meta::pure::alloy::connections::PostProcessor	legend-engine	corpus	true	0	0	1	0	0		/Users/neemsandv/legend/legend-engine/legend-engine-xts-relationalStore/legend-engine-xt-relationalStore-generation/legend-engine-xt-relationalStore-pure/legend-engine-xt-relationalStore-core-pure/src/main/resources/core_relational/relational/runtime/connection/postprocessor.pure
meta::pure::alloy::connections::RelationalMapperPostProcessor	legend-engine	java	true	0	0	0	0	0		/Users/neemsandv/legend/legend-engine/legend-engine-xts-relationalStore/legend-engine-xt-relationalStore-generation/legend-engine-xt-relationalStore-pure/legend-engine-xt-relationalStore-core-pure/src/main/resources/core_relational/relational/runtime/connection/postprocessor.pure
meta::pure::alloy::connections::SchemaNameMapper	legend-engine	java	true	0	0	1	0	0		/Users/neemsandv/legend/legend-engine/legend-engine-xts-relationalStore/legend-engine-xt-relationalStore-generation/legend-engine-xt-relationalStore-pure/legend-engine-xt-relationalStore-core-pure/src/main/resources/core_relational/relational/runtime/connection/postprocessor.pure
meta::pure::alloy::connections::TableNameMapper	legend-engine	java	true	0	0	1	0	0		/Users/neemsandv/legend/legend-engine/legend-engine-xts-relationalStore/legend-engine-xt-relationalStore-generation/legend-engine-xt-relationalStore-pure/legend-engine-xt-relationalStore-core-pure/src/main/resources/core_relational/relational/runtime/connection/postprocessor.pure
meta::pure::alloy::connections::alloy::authentication::AuthenticationStrategy	legend-engine	corpus	true	0	0	1	0	0		/Users/neemsandv/legend/legend-engine/legend-engine-xts-relationalStore/legend-engine-xt-relationalStore-generation/legend-engine-xt-relationalStore-pure/legend-engine-xt-relationalStore-core-pure/src/main/resources/core_relational/relational/runtime/connection/authenticationStrategy.pure
meta::pure::alloy::connections::alloy::authentication::MiddleTierUserNamePasswordAuthenticationStrategy	legend-engine	corpus	false	0	0	0	1	0		/Users/neemsandv/legend/legend-engine/legend-engine-xts-relationalStore/legend-engine-xt-relationalStore-generation/legend-engine-xt-relationalStore-pure/legend-engine-xt-relationalStore-core-pure/src/main/resources/core_relational/relational/runtime/connection/authenticationStrategy.pure
meta::pure::alloy::connections::alloy::specification::DatasourceSpecification	legend-engine	java	true	0	0	1	0	0		/Users/neemsandv/legend/legend-engine/legend-engine-xts-relationalStore/legend-engine-xt-relationalStore-generation/legend-engine-xt-relationalStore-pure/legend-engine-xt-relationalStore-core-pure/src/main/resources/core_relational/relational/runtime/connection/datasourceSpecification.pure
meta::pure::alloy::connections::alloy::specification::DuckDBDatasourceSpecification	legend-engine	corpus	false	0	0	0	0	0		/Users/neemsandv/legend/legend-engine/legend-engine-xts-relationalStore/legend-engine-xt-relationalStore-dbExtension/legend-engine-xt-relationalStore-duckdb/legend-engine-xt-relationalStore-duckdb-pure/src/main/resources/core_relational_duckdb/relational/connection/metamodel.pure
meta::pure::alloy::connections::alloy::specification::LocalH2DatasourceSpecification	legend-engine	java	true	0	0	0	0	0		/Users/neemsandv/legend/legend-engine/legend-engine-xts-relationalStore/legend-engine-xt-relationalStore-generation/legend-engine-xt-relationalStore-pure/legend-engine-xt-relationalStore-core-pure/src/main/resources/core_relational/relational/runtime/connection/datasourceSpecification.pure
meta::pure::data::EmbeddedData	legend-engine	corpus	false	0	0	1	0	0		/Users/neemsandv/legend/legend-engine/legend-engine-core/legend-engine-core-pure/legend-engine-pure-code-compiled-core/src/main/resources/core/pure/data/data.pure
meta::pure::dataQuality::Checked	legend-engine	java	false	0	0	0	0	0		/Users/neemsandv/legend/legend-engine/legend-engine-core/legend-engine-core-pure/legend-engine-pure-code-compiled-core/src/main/resources/core/pure/dataQuality/dataQuality.pure
meta::pure::dataQuality::Defect	legend-engine	closure	false	0	0	0	0	0		/Users/neemsandv/legend/legend-engine/legend-engine-core/legend-engine-core-pure/legend-engine-pure-code-compiled-core/src/main/resources/core/pure/dataQuality/dataQuality.pure
meta::pure::dataQuality::EnforcementLevel	legend-engine	closure	false	enum						/Users/neemsandv/legend/legend-engine/legend-engine-core/legend-engine-core-pure/legend-engine-pure-code-compiled-core/src/main/resources/core/pure/dataQuality/dataQuality.pure
meta::pure::dataQuality::RelativePathNode	legend-engine	closure	false	0	0	0	0	0		/Users/neemsandv/legend/legend-engine/legend-engine-core/legend-engine-core-pure/legend-engine-pure-code-compiled-core/src/main/resources/core/pure/dataQuality/dataQuality.pure
meta::pure::dataQuality::RuleType	legend-engine	closure	false	enum						/Users/neemsandv/legend/legend-engine/legend-engine-core/legend-engine-core-pure/legend-engine-pure-code-compiled-core/src/main/resources/core/pure/dataQuality/dataQuality.pure
meta::pure::executionPlan::AllocationExecutionNode	legend-engine	corpus	false	0	0	0	0	0		/Users/neemsandv/legend/legend-engine/legend-engine-core/legend-engine-core-pure/legend-engine-pure-code-compiled-core/src/main/resources/core/pure/executionPlan/executionPlan.pure
meta::pure::executionPlan::ClassResultType	legend-engine	corpus	false	0	0	0	0	0		/Users/neemsandv/legend/legend-engine/legend-engine-core/legend-engine-core-pure/legend-engine-pure-code-compiled-core/src/main/resources/core/pure/executionPlan/executionPlan.pure
meta::pure::executionPlan::ConstantExecutionNode	legend-engine	corpus	false	0	0	0	0	0		/Users/neemsandv/legend/legend-engine/legend-engine-core/legend-engine-core-pure/legend-engine-pure-code-compiled-core/src/main/resources/core/pure/executionPlan/executionPlan.pure
meta::pure::executionPlan::DataTypeResultType	legend-engine	corpus	false	0	0	0	0	0		/Users/neemsandv/legend/legend-engine/legend-engine-core/legend-engine-core-pure/legend-engine-pure-code-compiled-core/src/main/resources/core/pure/executionPlan/executionPlan.pure
meta::pure::executionPlan::ErrorExecutionNode	legend-engine	corpus	false	0	0	0	0	0		/Users/neemsandv/legend/legend-engine/legend-engine-core/legend-engine-core-pure/legend-engine-pure-code-compiled-core/src/main/resources/core/pure/executionPlan/executionPlan.pure
meta::pure::executionPlan::ExecutionNode	legend-engine	java	false	0	1	0	0	0		/Users/neemsandv/legend/legend-engine/legend-engine-core/legend-engine-core-pure/legend-engine-pure-code-compiled-core/src/main/resources/core/pure/executionPlan/executionPlan.pure
meta::pure::executionPlan::ExecutionOption	legend-engine	corpus	false	0	0	0	0	0		/Users/neemsandv/legend/legend-engine/legend-engine-core/legend-engine-core-pure/legend-engine-pure-code-compiled-core/src/main/resources/core/pure/executionPlan/executionPlan_generation.pure
meta::pure::executionPlan::ExecutionOptionContext	legend-engine	corpus	false	0	0	0	0	0		/Users/neemsandv/legend/legend-engine/legend-engine-core/legend-engine-core-pure/legend-engine-pure-code-compiled-core/src/main/resources/core/pure/executionPlan/executionPlan_generation.pure
meta::pure::executionPlan::ExecutionPlan	legend-engine	java	false	0	0	0	0	0		/Users/neemsandv/legend/legend-engine/legend-engine-core/legend-engine-core-pure/legend-engine-pure-code-compiled-core/src/main/resources/core/pure/executionPlan/executionPlan.pure
meta::pure::executionPlan::FreeMarkerConditionalExecutionNode	legend-engine	corpus	false	1	0	0	0	0		/Users/neemsandv/legend/legend-engine/legend-engine-core/legend-engine-core-pure/legend-engine-pure-code-compiled-core/src/main/resources/core/pure/executionPlan/executionPlan.pure
meta::pure::executionPlan::FunctionParameter	legend-engine	java	false	0	0	0	0	0		/Users/neemsandv/legend/legend-engine/legend-engine-core/legend-engine-core-pure/legend-engine-pure-code-compiled-core/src/main/resources/core/pure/executionPlan/executionPlan.pure
meta::pure::executionPlan::FunctionParametersValidationNode	legend-engine	java	false	0	0	0	0	0		/Users/neemsandv/legend/legend-engine/legend-engine-core/legend-engine-core-pure/legend-engine-pure-code-compiled-core/src/main/resources/core/pure/executionPlan/executionPlan.pure
meta::pure::executionPlan::MultiExecutionContext	legend-engine	corpus	false	0	1	0	0	0		/Users/neemsandv/legend/legend-engine/legend-engine-core/legend-engine-core-pure/legend-engine-pure-code-compiled-core/src/main/resources/core/pure/executionPlan/executionPlan_generation.pure
meta::pure::executionPlan::MultiResultSequenceExecutionNode	legend-engine	corpus	false	0	0	0	0	0		/Users/neemsandv/legend/legend-engine/legend-engine-core/legend-engine-core-pure/legend-engine-pure-code-compiled-core/src/main/resources/core/pure/executionPlan/executionPlan.pure
meta::pure::executionPlan::ParameterValidationContext	legend-engine	closure	false	0	0	0	0	0		/Users/neemsandv/legend/legend-engine/legend-engine-core/legend-engine-core-pure/legend-engine-pure-code-compiled-core/src/main/resources/core/pure/executionPlan/executionPlan.pure
meta::pure::executionPlan::PlanSetPlaceHolder	legend-engine	corpus	false	0	0	0	0	0		/Users/neemsandv/legend/legend-engine/legend-engine-core/legend-engine-core-pure/legend-engine-pure-code-compiled-core/src/main/resources/core/pure/executionPlan/executionPlan_generation.pure
meta::pure::executionPlan::PlanVarPlaceHolder	legend-engine	corpus	false	0	0	0	0	0		/Users/neemsandv/legend/legend-engine/legend-engine-core/legend-engine-core-pure/legend-engine-pure-code-compiled-core/src/main/resources/core/pure/executionPlan/executionPlan_generation.pure
meta::pure::executionPlan::PlatformImplementation	legend-engine	closure	false	0	0	0	0	0		/Users/neemsandv/legend/legend-engine/legend-engine-core/legend-engine-core-pure/legend-engine-pure-code-compiled-core/src/main/resources/core/pure/executionPlan/executionPlan.pure
meta::pure::executionPlan::PureExpressionPlatformExecutionNode	legend-engine	corpus	false	0	0	0	0	0		/Users/neemsandv/legend/legend-engine/legend-engine-core/legend-engine-core-pure/legend-engine-pure-code-compiled-core/src/main/resources/core/pure/executionPlan/executionPlan.pure
meta::pure::executionPlan::ResultType	legend-engine	corpus	false	0	0	0	0	0		/Users/neemsandv/legend/legend-engine/legend-engine-core/legend-engine-core-pure/legend-engine-pure-code-compiled-core/src/main/resources/core/pure/executionPlan/executionPlan.pure
meta::pure::executionPlan::SequenceExecutionNode	legend-engine	java	false	0	0	0	0	0		/Users/neemsandv/legend/legend-engine/legend-engine-core/legend-engine-core-pure/legend-engine-pure-code-compiled-core/src/main/resources/core/pure/executionPlan/executionPlan.pure
meta::pure::executionPlan::TDSResultType	legend-engine	corpus	false	0	0	0	0	0		/Users/neemsandv/legend/legend-engine/legend-engine-core/legend-engine-core-pure/legend-engine-pure-code-compiled-core/src/main/resources/core/pure/executionPlan/executionPlan.pure
meta::pure::executionPlan::VariableInput	legend-engine	corpus	false	0	0	0	0	0		/Users/neemsandv/legend/legend-engine/legend-engine-core/legend-engine-core-pure/legend-engine-pure-code-compiled-core/src/main/resources/core/pure/executionPlan/executionPlan.pure
meta::pure::executionPlan::VoidResultType	legend-engine	corpus	false	0	0	0	0	0		/Users/neemsandv/legend/legend-engine/legend-engine-core/legend-engine-core-pure/legend-engine-pure-code-compiled-core/src/main/resources/core/pure/executionPlan/executionPlan.pure
meta::pure::executionPlan::extension::ExecutionPlanExtension	legend-engine	closure	false	0	0	0	0	0		/Users/neemsandv/legend/legend-engine/legend-engine-core/legend-engine-core-pure/legend-engine-pure-code-compiled-core/src/main/resources/core/pure/executionPlan/extensions.pure
meta::pure::executionPlan::features::Feature	legend-engine	corpus	false	enum						/Users/neemsandv/legend/legend-engine/legend-engine-core/legend-engine-core-pure/legend-engine-pure-code-compiled-core/src/main/resources/core/pure/executionPlan/executionPlanFeature.pure
meta::pure::executionPlan::platformBinding::PlatformBinding	legend-engine	closure	false	2	0	1	0	0		/Users/neemsandv/legend/legend-engine/legend-engine-core/legend-engine-core-pure/legend-engine-pure-code-compiled-core/src/main/resources/core/pure/executionPlan/platformBinding/platformBinding.pure
meta::pure::executionPlan::platformBinding::PlatformBindingConfig	legend-engine	closure	false	0	0	1	0	0		/Users/neemsandv/legend/legend-engine/legend-engine-core/legend-engine-core-pure/legend-engine-pure-code-compiled-core/src/main/resources/core/pure/executionPlan/platformBinding/platformBinding.pure
meta::pure::executionPlan::platformBinding::PlatformBindingExtension	legend-engine	closure	false	0	0	1	0	0		/Users/neemsandv/legend/legend-engine/legend-engine-core/legend-engine-core-pure/legend-engine-pure-code-compiled-core/src/main/resources/core/pure/executionPlan/platformBinding/platformBinding.pure
meta::pure::extension::Extension	legend-engine	java	false	0	5	0	0	0		/Users/neemsandv/legend/legend-engine/legend-engine-core/legend-engine-core-pure/legend-engine-pure-code-compiled-core/src/main/resources/core/pure/extensions/extension.pure
meta::pure::extension::FeatureExtension	legend-engine	corpus	false	0	0	0	0	0		/Users/neemsandv/legend/legend-engine/legend-engine-core/legend-engine-core-pure/legend-engine-pure-code-compiled-core/src/main/resources/core/pure/extensions/extension.pure
meta::pure::extension::ModuleExtension	legend-engine	java	false	0	0	0	0	0		/Users/neemsandv/legend/legend-engine/legend-engine-core/legend-engine-core-pure/legend-engine-pure-code-compiled-core/src/main/resources/core/pure/extensions/extension.pure
meta::pure::extension::SerializerExtension	legend-engine	corpus	false	0	0	0	0	0		/Users/neemsandv/legend/legend-engine/legend-engine-core/legend-engine-core-pure/legend-engine-pure-code-compiled-core/src/main/resources/core/pure/extensions/extension.pure
meta::pure::functions::collection::AggregateValue	legend-engine	java	false	0	0	0	0	0		/Users/neemsandv/legend/legend-engine/legend-engine-core/legend-engine-core-pure/legend-engine-pure-code-compiled-core/src/main/resources/core/pure/corefunctions/collectionExtension.pure
meta::pure::functions::collection::List	legend-pure	java	false	0	1	0	0	0		/Users/neemsandv/legend/legend-pure/legend-pure-core/legend-pure-m3-core/src/main/resources/platform/pure/anonymousCollections.pure
meta::pure::functions::collection::Map	legend-pure	java	false	0	0	0	0	0		/Users/neemsandv/legend/legend-pure/legend-pure-core/legend-pure-m3-core/src/main/resources/platform/pure/anonymousCollections.pure
meta::pure::functions::collection::MapStats	legend-pure	java	false	0	0	0	0	0		/Users/neemsandv/legend/legend-pure/legend-pure-core/legend-pure-m3-core/src/main/resources/platform/pure/essential/collection/anonymous/map/getMapStats.pure
meta::pure::functions::collection::Pair	legend-pure	java	false	0	1	0	0	0		/Users/neemsandv/legend/legend-pure/legend-pure-core/legend-pure-m3-core/src/main/resources/platform/pure/anonymousCollections.pure
meta::pure::functions::collection::TreeNode	legend-pure	corpus	false	0	0	0	0	0		/Users/neemsandv/legend/legend-pure/legend-pure-core/legend-pure-m3-core/src/main/resources/platform/pure/anonymousCollections.pure
meta::pure::functions::collection::ValueHolder	legend-pure	corpus	false	0	0	0	0	0		/Users/neemsandv/legend/legend-pure/legend-pure-core/legend-pure-m3-core/src/main/resources/platform/pure/anonymousCollections.pure
meta::pure::functions::date::DayOfWeek	legend-pure	java	false	enum						/Users/neemsandv/legend/legend-pure/legend-pure-core/legend-pure-m3-core/src/main/resources/platform/pure/essential/date/_structures.pure
meta::pure::functions::date::Duration	legend-pure	java	false	0	0	0	0	0		/Users/neemsandv/legend/legend-pure/legend-pure-core/legend-pure-m3-core/src/main/resources/platform/pure/essential/date/_structures.pure
meta::pure::functions::date::DurationUnit	legend-pure	java	false	enum						/Users/neemsandv/legend/legend-pure/legend-pure-core/legend-pure-m3-core/src/main/resources/platform/pure/essential/date/_structures.pure
meta::pure::functions::date::Month	legend-pure	java	false	enum						/Users/neemsandv/legend/legend-pure/legend-pure-core/legend-pure-m3-core/src/main/resources/platform/pure/essential/date/_structures.pure
meta::pure::functions::date::Quarter	legend-pure	java	false	enum						/Users/neemsandv/legend/legend-pure/legend-pure-core/legend-pure-m3-core/src/main/resources/platform/pure/essential/date/_structures.pure
meta::pure::functions::io::http::HTTPMethod	legend-engine	corpus	false	enum						/Users/neemsandv/legend/legend-engine/legend-engine-core/legend-engine-core-pure/legend-engine-pure-code-functions-unclassified/legend-engine-pure-functions-unclassified-pure/src/main/resources/core_functions_unclassified/io/http/executeHTTPRaw.pure
meta::pure::functions::io::http::URL	legend-engine	corpus	false	0	0	0	0	0		/Users/neemsandv/legend/legend-engine/legend-engine-core/legend-engine-core-pure/legend-engine-pure-code-functions-unclassified/legend-engine-pure-functions-unclassified-pure/src/main/resources/core_functions_unclassified/io/http/executeHTTPRaw.pure
meta::pure::functions::io::http::URLScheme	legend-engine	closure	false	enum						/Users/neemsandv/legend/legend-engine/legend-engine-core/legend-engine-core-pure/legend-engine-pure-code-functions-unclassified/legend-engine-pure-functions-unclassified-pure/src/main/resources/core_functions_unclassified/io/http/executeHTTPRaw.pure
meta::pure::functions::lang::KeyValue	legend-pure	java	false	0	0	0	0	0		/Users/neemsandv/legend/legend-pure/legend-pure-core/legend-pure-m3-core/src/main/resources/platform/pure/essential/lang/creation/dynamicNew.pure
meta::pure::functions::math::mathUtility::RowMapper	legend-engine	java	false	0	0	0	0	0		/Users/neemsandv/legend/legend-engine/legend-engine-core/legend-engine-core-pure/legend-engine-pure-code-functions-standard/legend-engine-pure-functions-standard-pure/src/main/resources/core_functions_standard/math/aggregator/mathUtility.pure
meta::pure::functions::meta::SourceInformation	legend-pure	java	false	0	0	0	0	0		/Users/neemsandv/legend/legend-pure/legend-pure-core/legend-pure-m3-core/src/main/resources/platform/pure/essential/meta/source/sourceInformation.pure
meta::pure::functions::relation::Frame	legend-pure	java	false	0	0	0	0	0		/Users/neemsandv/legend/legend-pure/legend-pure-core/legend-pure-m3-core/src/main/resources/platform/pure/grammar/functions/meta/type/relation/window/frame.pure
meta::pure::functions::relation::FrameIntValue	legend-pure	corpus	false	0	0	0	0	0		/Users/neemsandv/legend/legend-pure/legend-pure-core/legend-pure-m3-core/src/main/resources/platform/pure/grammar/functions/meta/type/relation/window/frame.pure
meta::pure::functions::relation::FrameIntervalValue	legend-pure	corpus	false	0	0	0	0	0		/Users/neemsandv/legend/legend-pure/legend-pure-core/legend-pure-m3-core/src/main/resources/platform/pure/grammar/functions/meta/type/relation/window/frame.pure
meta::pure::functions::relation::FrameNumericValue	legend-pure	corpus	false	0	0	0	0	0		/Users/neemsandv/legend/legend-pure/legend-pure-core/legend-pure-m3-core/src/main/resources/platform/pure/grammar/functions/meta/type/relation/window/frame.pure
meta::pure::functions::relation::FrameValue	legend-pure	closure	false	0	0	0	0	0		/Users/neemsandv/legend/legend-pure/legend-pure-core/legend-pure-m3-core/src/main/resources/platform/pure/grammar/functions/meta/type/relation/window/frame.pure
meta::pure::functions::relation::JoinKind	legend-engine	java	false	enum						/Users/neemsandv/legend/legend-engine/legend-engine-core/legend-engine-core-pure/legend-engine-pure-code-functions-relation/legend-engine-pure-functions-relation-pure/src/main/resources/core_functions_relation/relation/functions/transformation/join.pure
meta::pure::functions::relation::SortInfo	legend-pure	java	false	0	0	0	0	0		/Users/neemsandv/legend/legend-pure/legend-pure-core/legend-pure-m3-core/src/main/resources/platform/pure/grammar/functions/meta/type/relation/window/sort.pure
meta::pure::functions::relation::UnboundedFrameValue	legend-pure	java	false	0	0	0	0	0		/Users/neemsandv/legend/legend-pure/legend-pure-core/legend-pure-m3-core/src/main/resources/platform/pure/grammar/functions/meta/type/relation/window/frame.pure
meta::pure::functions::relation::_Range	legend-engine	java	false	0	0	0	0	0		/Users/neemsandv/legend/legend-engine/legend-engine-core/legend-engine-core-pure/legend-engine-pure-code-functions-relation/legend-engine-pure-functions-relation-pure/src/main/resources/core_functions_relation/relation/functions/olap/frame/range.pure
meta::pure::functions::relation::_RangeInterval	legend-engine	java	false	0	0	0	0	0		/Users/neemsandv/legend/legend-engine/legend-engine-core/legend-engine-core-pure/legend-engine-pure-code-functions-relation/legend-engine-pure-functions-relation-pure/src/main/resources/core_functions_relation/relation/functions/olap/frame/range.pure
meta::pure::functions::relation::_Window	legend-pure	java	false	0	0	0	0	0		/Users/neemsandv/legend/legend-pure/legend-pure-core/legend-pure-m3-core/src/main/resources/platform/pure/grammar/functions/meta/type/relation/window/window.pure
meta::pure::functions::string::RegexpParameter	legend-engine	java	false	enum						/Users/neemsandv/legend/legend-engine/legend-engine-core/legend-engine-core-pure/legend-engine-pure-code-functions-unclassified/legend-engine-pure-functions-unclassified-pure/src/main/resources/core_functions_unclassified/string/regex/regexpParameter.pure
meta::pure::functions::test::TestedByResult	legend-engine	corpus	false	0	3	0	0	0		/Users/neemsandv/legend/legend-engine/legend-engine-core/legend-engine-core-pure/legend-engine-pure-code-compiled-core/src/main/resources/core/pure/corefunctions/testExtension.pure
meta::pure::graphFetch::GraphFetchTree	legend-pure	corpus	false	0	2	0	0	0		/Users/neemsandv/legend/legend-pure/legend-pure-dsl/legend-pure-dsl-graph/legend-pure-m2-dsl-graph-pure/src/main/resources/platform_dsl_graph/graph.pure
meta::pure::graphFetch::PropertyGraphFetchTree	legend-pure	corpus	false	0	2	0	0	0		/Users/neemsandv/legend/legend-pure/legend-pure-dsl/legend-pure-dsl-graph/legend-pure-m2-dsl-graph-pure/src/main/resources/platform_dsl_graph/graph.pure
meta::pure::graphFetch::RootGraphFetchTree	legend-pure	java	false	0	0	0	0	0		/Users/neemsandv/legend/legend-pure/legend-pure-dsl/legend-pure-dsl-graph/legend-pure-m2-dsl-graph-pure/src/main/resources/platform_dsl_graph/graph.pure
meta::pure::graphFetch::SubTypeGraphFetchTree	legend-pure	closure	false	0	0	0	0	0		/Users/neemsandv/legend/legend-pure/legend-pure-dsl/legend-pure-dsl-graph/legend-pure-m2-dsl-graph-pure/src/main/resources/platform_dsl_graph/graph.pure
meta::pure::graphFetch::execution::AlloySerializationConfig	legend-engine	java	false	0	0	0	0	0		/Users/neemsandv/legend/legend-engine/legend-engine-core/legend-engine-core-pure/legend-engine-pure-code-compiled-core/src/main/resources/core/pure/graphFetch/graphFetch.pure
meta::pure::graphFetch::executionPlan::GlobalGraphFetchExecutionNode	legend-engine	corpus	false	0	0	1	0	0		/Users/neemsandv/legend/legend-engine/legend-engine-core/legend-engine-core-pure/legend-engine-pure-code-compiled-core/src/main/resources/core/pure/graphFetch/graphFetchExecutionPlan.pure
meta::pure::graphFetch::executionPlan::LocalGraphFetchExecutionNode	legend-engine	corpus	false	0	0	0	0	0		/Users/neemsandv/legend/legend-engine/legend-engine-core/legend-engine-core-pure/legend-engine-pure-code-compiled-core/src/main/resources/core/pure/graphFetch/graphFetchExecutionPlan.pure
meta::pure::graphFetch::executionPlan::StoreMappingCrossLocalGraphFetchExecutionNodeGenerationInput	legend-engine	corpus	false	0	0	0	0	0		/Users/neemsandv/legend/legend-engine/legend-engine-core/legend-engine-core-pure/legend-engine-pure-code-compiled-core/src/main/resources/core/pure/graphFetch/graphFetchExecutionPlan.pure
meta::pure::graphFetch::executionPlan::StoreMappingGlobalGraphFetchExecutionNode	legend-engine	corpus	false	0	0	0	0	0		/Users/neemsandv/legend/legend-engine/legend-engine-core/legend-engine-core-pure/legend-engine-pure-code-compiled-core/src/main/resources/core/pure/graphFetch/graphFetchExecutionPlan.pure
meta::pure::graphFetch::executionPlan::StoreMappingLocalGraphFetchExecutionNodeGenerationInput	legend-engine	corpus	false	0	0	0	0	0		/Users/neemsandv/legend/legend-engine/legend-engine-core/legend-engine-core-pure/legend-engine-pure-code-compiled-core/src/main/resources/core/pure/graphFetch/graphFetchExecutionPlan.pure
meta::pure::graphFetch::executionPlan::XStorePropertyFetchDetails	legend-engine	closure	false	0	0	0	0	0		/Users/neemsandv/legend/legend-engine/legend-engine-core/legend-engine-core-pure/legend-engine-pure-code-compiled-core/src/main/resources/core/pure/graphFetch/graphFetchExecutionPlan.pure
meta::pure::graphFetch::routing::ClusteredGraphFetchTree	legend-engine	closure	false	0	0	1	0	0		/Users/neemsandv/legend/legend-engine/legend-engine-core/legend-engine-core-pure/legend-engine-pure-code-compiled-core/src/main/resources/core/pure/router/metamodel/clustering.pure
meta::pure::graphFetch::routing::RoutedGraphFetchTree	legend-engine	corpus	false	0	0	0	0	0		/Users/neemsandv/legend/legend-engine/legend-engine-core/legend-engine-core-pure/legend-engine-pure-code-compiled-core/src/main/resources/core/pure/router/store/metamodel.pure
meta::pure::graphFetch::routing::RoutedPropertyGraphFetchTree	legend-engine	corpus	false	0	0	0	0	0		/Users/neemsandv/legend/legend-engine/legend-engine-core/legend-engine-core-pure/legend-engine-pure-code-compiled-core/src/main/resources/core/pure/router/store/metamodel.pure
meta::pure::graphFetch::routing::RoutedRootGraphFetchTree	legend-engine	corpus	false	0	0	0	0	0		/Users/neemsandv/legend/legend-engine/legend-engine-core/legend-engine-core-pure/legend-engine-pure-code-compiled-core/src/main/resources/core/pure/router/store/metamodel.pure
meta::pure::graphFetch::routing::StoreMappingClusteredGraphFetchTree	legend-engine	corpus	false	0	0	0	0	0		/Users/neemsandv/legend/legend-engine/legend-engine-core/legend-engine-core-pure/legend-engine-pure-code-compiled-core/src/main/resources/core/pure/router/store/metamodel.pure
meta::pure::lineage::scanColumns::ColumnWithContext	legend-engine	java	true	0	0	0	0	0		/Users/neemsandv/legend/legend-engine/legend-engine-xts-relationalStore/legend-engine-xt-relationalStore-generation/legend-engine-xt-relationalStore-pure/legend-engine-xt-relationalStore-core-pure/src/main/resources/core_relational/relational/lineage/scanColumns/scanColumns.pure
meta::pure::lineage::scanProperties::PropertyPathNode	legend-engine	java	false	0	0	0	0	0		/Users/neemsandv/legend/legend-engine/legend-engine-core/legend-engine-core-pure/legend-engine-pure-code-compiled-core/src/main/resources/core/pure/lineage/scanProperties.pure
meta::pure::lineage::scanProperties::Res	legend-engine	java	false	0	0	0	0	0		/Users/neemsandv/legend/legend-engine/legend-engine-core/legend-engine-core-pure/legend-engine-pure-code-compiled-core/src/main/resources/core/pure/lineage/scanProperties.pure
meta::pure::lineage::scanProperties::propertyTree::PropertyPathTree	legend-engine	java	false	0	0	0	0	0		/Users/neemsandv/legend/legend-engine/legend-engine-core/legend-engine-core-pure/legend-engine-pure-code-compiled-core/src/main/resources/core/pure/lineage/scanProperties.pure
meta::pure::lineage::scanRelations::RelationTree	legend-engine	java	true	0	4	0	0	0		/Users/neemsandv/legend/legend-engine/legend-engine-xts-relationalStore/legend-engine-xt-relationalStore-generation/legend-engine-xt-relationalStore-pure/legend-engine-xt-relationalStore-core-pure/src/main/resources/core_relational/relational/lineage/scanRelations/scanRelations.pure
meta::pure::mapping::Activity	legend-pure	java	false	0	0	0	0	0		/Users/neemsandv/legend/legend-pure/legend-pure-dsl/legend-pure-dsl-mapping/legend-pure-m2-dsl-mapping-pure/src/main/resources/platform_dsl_mapping/result.pure
meta::pure::mapping::AssociationImplementation	legend-pure	java	false	0	0	0	0	0		/Users/neemsandv/legend/legend-pure/legend-pure-dsl/legend-pure-dsl-mapping/legend-pure-m2-dsl-mapping-pure/src/main/resources/platform_dsl_mapping/grammar/mapping.pure
meta::pure::mapping::EmbeddedSetImplementation	legend-pure	corpus	false	0	0	0	0	0		/Users/neemsandv/legend/legend-pure/legend-pure-dsl/legend-pure-dsl-mapping/legend-pure-m2-dsl-mapping-pure/src/main/resources/platform_dsl_mapping/grammar/mapping.pure
meta::pure::mapping::InlineEmbeddedSetImplementation	legend-pure	corpus	false	0	0	0	0	0		/Users/neemsandv/legend/legend-pure/legend-pure-dsl/legend-pure-dsl-mapping/legend-pure-m2-dsl-mapping-pure/src/main/resources/platform_dsl_mapping/grammar/mapping.pure
meta::pure::mapping::MappingClass	legend-pure	corpus	false	0	0	0	0	0		/Users/neemsandv/legend/legend-pure/legend-pure-dsl/legend-pure-dsl-mapping/legend-pure-m2-dsl-mapping-pure/src/main/resources/platform_dsl_mapping/grammar/mapping.pure
meta::pure::mapping::MappingInclude	legend-pure	java	false	0	0	0	0	0		/Users/neemsandv/legend/legend-pure/legend-pure-dsl/legend-pure-dsl-mapping/legend-pure-m2-dsl-mapping-pure/src/main/resources/platform_dsl_mapping/grammar/mapping.pure
meta::pure::mapping::MappingInstanceData	legend-engine	corpus	false	0	0	0	0	0		/Users/neemsandv/legend/legend-engine/legend-engine-core/legend-engine-core-pure/legend-engine-pure-code-compiled-core/src/main/resources/core/pure/mapping/mappingExtension.pure
meta::pure::mapping::OperationSetImplementation	legend-pure	corpus	false	0	0	0	0	0		/Users/neemsandv/legend/legend-pure/legend-pure-dsl/legend-pure-dsl-mapping/legend-pure-m2-dsl-mapping-pure/src/main/resources/platform_dsl_mapping/grammar/mapping.pure
meta::pure::mapping::OtherwiseEmbeddedSetImplementation	legend-pure	closure	false	0	0	0	0	0		/Users/neemsandv/legend/legend-pure/legend-pure-dsl/legend-pure-dsl-mapping/legend-pure-m2-dsl-mapping-pure/src/main/resources/platform_dsl_mapping/grammar/mapping.pure
meta::pure::mapping::SetImplementationContainer	legend-pure	closure	false	0	0	0	0	0		/Users/neemsandv/legend/legend-pure/legend-pure-dsl/legend-pure-dsl-mapping/legend-pure-m2-dsl-mapping-pure/src/main/resources/platform_dsl_mapping/grammar/mapping.pure
meta::pure::mapping::StaticMappingInstanceData	legend-engine	corpus	false	0	0	0	0	0		/Users/neemsandv/legend/legend-engine/legend-engine-core/legend-engine-core-pure/legend-engine-pure-code-compiled-core/src/main/resources/core/pure/mapping/mappingExtension.pure
meta::pure::mapping::StoreQuery	legend-engine	corpus	false	0	0	0	0	0		/Users/neemsandv/legend/legend-engine/legend-engine-core/legend-engine-core-pure/legend-engine-pure-code-compiled-core/src/main/resources/core/pure/mapping/mappingExtension.pure
meta::pure::mapping::SubstituteStore	legend-pure	closure	false	0	0	0	0	0		/Users/neemsandv/legend/legend-pure/legend-pure-dsl/legend-pure-dsl-mapping/legend-pure-m2-dsl-mapping-pure/src/main/resources/platform_dsl_mapping/grammar/mapping.pure
meta::pure::mapping::TabularDataSetImplementation	legend-engine	corpus	false	0	0	0	0	0		/Users/neemsandv/legend/legend-engine/legend-engine-core/legend-engine-core-pure/legend-engine-pure-code-compiled-core/src/main/resources/core/pure/mapping/mappingExtension.pure
meta::pure::mapping::ValueTransformer	legend-pure	corpus	false	0	0	0	0	0		/Users/neemsandv/legend/legend-pure/legend-pure-dsl/legend-pure-dsl-mapping/legend-pure-m2-dsl-mapping-pure/src/main/resources/platform_dsl_mapping/grammar/mapping.pure
meta::pure::mapping::aggregationAware::AggregateSetImplementationContainer	legend-pure	corpus	false	0	0	0	0	0		/Users/neemsandv/legend/legend-pure/legend-pure-dsl/legend-pure-dsl-mapping/legend-pure-m2-dsl-mapping-pure/src/main/resources/platform_dsl_mapping/grammar/mapping.pure
meta::pure::mapping::aggregationAware::AggregateSpecification	legend-pure	corpus	false	0	0	0	0	0		/Users/neemsandv/legend/legend-pure/legend-pure-dsl/legend-pure-dsl-mapping/legend-pure-m2-dsl-mapping-pure/src/main/resources/platform_dsl_mapping/grammar/mapping.pure
meta::pure::mapping::aggregationAware::AggregationAwareActivity	legend-engine	java	false	0	0	0	0	0		/Users/neemsandv/legend/legend-engine/legend-engine-core/legend-engine-core-pure/legend-engine-pure-code-compiled-core/src/main/resources/core/store/aggregationAware/aggregationAware.pure
meta::pure::mapping::aggregationAware::AggregationAwarePropertyMapping	legend-pure	corpus	false	0	0	0	0	0		/Users/neemsandv/legend/legend-pure/legend-pure-dsl/legend-pure-dsl-mapping/legend-pure-m2-dsl-mapping-pure/src/main/resources/platform_dsl_mapping/grammar/mapping.pure
meta::pure::mapping::aggregationAware::AggregationAwareSetImplementation	legend-pure	corpus	false	0	0	0	0	0		/Users/neemsandv/legend/legend-pure/legend-pure-dsl/legend-pure-dsl-mapping/legend-pure-m2-dsl-mapping-pure/src/main/resources/platform_dsl_mapping/grammar/mapping.pure
meta::pure::mapping::aggregationAware::AggregationAwareStore	legend-engine	corpus	false	0	0	0	0	0		/Users/neemsandv/legend/legend-engine/legend-engine-core/legend-engine-core-pure/legend-engine-pure-code-compiled-core/src/main/resources/core/store/aggregationAware/aggregationAware.pure
meta::pure::mapping::aggregationAware::AggregationFunctionSpecification	legend-pure	corpus	false	0	0	0	0	0		/Users/neemsandv/legend/legend-pure/legend-pure-dsl/legend-pure-dsl-mapping/legend-pure-m2-dsl-mapping-pure/src/main/resources/platform_dsl_mapping/grammar/mapping.pure
meta::pure::mapping::aggregationAware::GroupByFunctionSpecification	legend-pure	corpus	false	0	0	0	0	0		/Users/neemsandv/legend/legend-pure/legend-pure-dsl/legend-pure-dsl-mapping/legend-pure-m2-dsl-mapping-pure/src/main/resources/platform_dsl_mapping/grammar/mapping.pure
meta::pure::mapping::modelJoin::ModelJoinPropertyMapping	legend-pure	corpus	false	0	0	0	0	0		/Users/neemsandv/legend/legend-pure/legend-pure-dsl/legend-pure-dsl-mapping/legend-pure-m2-dsl-mapping-pure/src/main/resources/platform_dsl_mapping/grammar/mapping.pure
meta::pure::mapping::relation::EmbeddedRelationFunctionSetImplementation	legend-pure	corpus	false	0	0	0	0	0		/Users/neemsandv/legend/legend-pure/legend-pure-dsl/legend-pure-dsl-mapping/legend-pure-m2-dsl-mapping-pure/src/main/resources/platform_dsl_mapping/grammar/mapping.pure
meta::pure::mapping::relation::RelationElementAccessorExtension	legend-engine	corpus	false	1	0	0	0	0		/Users/neemsandv/legend/legend-engine/legend-engine-core/legend-engine-core-pure/legend-engine-pure-code-compiled-core/src/main/resources/core/pure/mapping/relationFunctionMapping.pure
meta::pure::mapping::relation::RelationFunctionInstanceSetImplementation	legend-pure	corpus	false	0	0	0	0	0		/Users/neemsandv/legend/legend-pure/legend-pure-dsl/legend-pure-dsl-mapping/legend-pure-m2-dsl-mapping-pure/src/main/resources/platform_dsl_mapping/grammar/mapping.pure
meta::pure::mapping::relation::RelationFunctionPropertyMapping	legend-pure	corpus	false	0	0	0	0	0		/Users/neemsandv/legend/legend-pure/legend-pure-dsl/legend-pure-dsl-mapping/legend-pure-m2-dsl-mapping-pure/src/main/resources/platform_dsl_mapping/grammar/mapping.pure
meta::pure::mapping::xStore::XStorePropertyMapping	legend-pure	corpus	false	0	0	0	0	0		/Users/neemsandv/legend/legend-pure/legend-pure-dsl/legend-pure-dsl-mapping/legend-pure-m2-dsl-mapping-pure/src/main/resources/platform_dsl_mapping/grammar/mapping.pure
meta::pure::metamodel::constraint::ConstraintContextInformation	legend-engine	corpus	false	0	0	0	0	0		/Users/neemsandv/legend/legend-engine/legend-engine-core/legend-engine-core-pure/legend-engine-pure-code-compiled-core/src/main/resources/core/pure/constraints/constraintsExtension.pure
meta::pure::metamodel::constraint::EnforcementLevel	legend-engine	closure	false	enum						/Users/neemsandv/legend/legend-engine/legend-engine-core/legend-engine-core-pure/legend-engine-pure-code-compiled-core/src/main/resources/core/pure/constraints/constraintsExtension.pure
meta::pure::metamodel::relation::TDS	legend-pure	java	false	0	0	0	0	0		/Users/neemsandv/legend/legend-pure/legend-pure-dsl/legend-pure-dsl-tds/legend-pure-m2-dsl-tds-pure/src/main/resources/platform_dsl_tds/tds.pure
meta::pure::metamodel::serialization::grammar::Configuration	legend-engine	corpus	false	0	0	0	0	0		/Users/neemsandv/legend/legend-engine/legend-engine-core/legend-engine-core-pure/legend-engine-pure-code-compiled-core/src/main/resources/core/pure/serialization/toPureGrammar.pure
meta::pure::metamodel::serialization::grammar::GContext	legend-engine	corpus	false	0	0	0	0	0		/Users/neemsandv/legend/legend-engine/legend-engine-core/legend-engine-core-pure/legend-engine-pure-code-compiled-core/src/main/resources/core/pure/serialization/toPureGrammar.pure
meta::pure::metamodel::serialization::grammar::GrammarExtension	legend-engine	corpus	false	0	0	0	0	0		/Users/neemsandv/legend/legend-engine/legend-engine-core/legend-engine-core-pure/legend-engine-pure-code-compiled-core/src/main/resources/core/pure/serialization/toPureGrammar.pure
meta::pure::metamodel::treepath::PropertyPathTreeNode	legend-engine	closure	false	0	1	0	0	0		/Users/neemsandv/legend/legend-engine/legend-engine-core/legend-engine-core-pure/legend-engine-pure-code-compiled-core/src/main/resources/core/pure/treepath/treePath.pure
meta::pure::milestoning::BiTemporal	legend-pure	corpus	false	0	0	0	0	0		/Users/neemsandv/legend/legend-pure/legend-pure-core/legend-pure-m3-core/src/main/resources/platform/pure/grammar/milestoning.pure
meta::pure::milestoning::BusinessDateMilestoning	legend-pure	java	false	0	0	0	0	0		/Users/neemsandv/legend/legend-pure/legend-pure-core/legend-pure-m3-core/src/main/resources/platform/pure/grammar/milestoning.pure
meta::pure::milestoning::BusinessTemporal	legend-pure	corpus	false	0	0	0	0	0		/Users/neemsandv/legend/legend-pure/legend-pure-core/legend-pure-m3-core/src/main/resources/platform/pure/grammar/milestoning.pure
meta::pure::milestoning::DateMilestoning	legend-pure	closure	false	0	0	0	0	0		/Users/neemsandv/legend/legend-pure/legend-pure-core/legend-pure-m3-core/src/main/resources/platform/pure/grammar/milestoning.pure
meta::pure::milestoning::ProcessingDateMilestoning	legend-pure	java	false	0	0	0	0	0		/Users/neemsandv/legend/legend-pure/legend-pure-core/legend-pure-m3-core/src/main/resources/platform/pure/grammar/milestoning.pure
meta::pure::milestoning::ProcessingTemporal	legend-pure	corpus	false	0	0	0	0	0		/Users/neemsandv/legend/legend-pure/legend-pure-core/legend-pure-m3-core/src/main/resources/platform/pure/grammar/milestoning.pure
meta::pure::milestoning::SingleDateTemporalStrategy	legend-pure	corpus	false	0	0	0	0	0		/Users/neemsandv/legend/legend-pure/legend-pure-core/legend-pure-m3-core/src/main/resources/platform/pure/grammar/milestoning.pure
meta::pure::milestoning::TemporalStrategy	legend-pure	corpus	false	0	0	0	0	0		/Users/neemsandv/legend/legend-pure/legend-pure-core/legend-pure-m3-core/src/main/resources/platform/pure/grammar/milestoning.pure
meta::pure::model::unit::ModelUnit	legend-engine	closure	false	0	16	0	0	0		/Users/neemsandv/legend/legend-engine/legend-engine-core/legend-engine-core-pure/legend-engine-pure-code-compiled-core/src/main/resources/core/pure/model/modelUnit.pure
meta::pure::router::FunctionRoutedValueSpecification	legend-engine	corpus	false	0	0	0	0	0		/Users/neemsandv/legend/legend-engine/legend-engine-core/legend-engine-core-pure/legend-engine-pure-code-compiled-core/src/main/resources/core/pure/router/store/metamodel.pure
meta::pure::router::NoSetRoutedValueSpecification	legend-engine	corpus	false	0	0	0	0	0		/Users/neemsandv/legend/legend-engine/legend-engine-core/legend-engine-core-pure/legend-engine-pure-code-compiled-core/src/main/resources/core/pure/router/store/metamodel.pure
meta::pure::router::RoutedValueSpecification	legend-pure	java	false	0	0	0	0	0		/Users/neemsandv/legend/legend-pure/legend-pure-core/legend-pure-m3-core/src/main/resources/platform/pure/routing.pure
meta::pure::router::TDSRoutedValueSpecification	legend-engine	corpus	false	0	0	0	0	0		/Users/neemsandv/legend/legend-engine/legend-engine-core/legend-engine-core-pure/legend-engine-pure-code-compiled-core/src/main/resources/core/pure/router/store/metamodel.pure
meta::pure::router::clustering::CrossSetImplementation	legend-engine	corpus	false	0	0	0	0	0		/Users/neemsandv/legend/legend-engine/legend-engine-core/legend-engine-core-pure/legend-engine-pure-code-compiled-core/src/main/resources/core/pure/router/store/cluster.pure
meta::pure::router::clustering::CrossSetImplementationComplexPropertyMapping	legend-engine	corpus	false	0	0	0	0	0		/Users/neemsandv/legend/legend-engine/legend-engine-core/legend-engine-core-pure/legend-engine-pure-code-compiled-core/src/main/resources/core/pure/router/store/cluster.pure
meta::pure::router::clustering::CrossSetImplementationPrimtivePropertyMapping	legend-engine	corpus	false	0	0	0	0	0		/Users/neemsandv/legend/legend-engine/legend-engine-core/legend-engine-core-pure/legend-engine-pure-code-compiled-core/src/main/resources/core/pure/router/store/cluster.pure
meta::pure::router::clustering::CrossSetImplementationPropertyMapping	legend-engine	corpus	false	0	0	0	0	0		/Users/neemsandv/legend/legend-engine/legend-engine-core/legend-engine-core-pure/legend-engine-pure-code-compiled-core/src/main/resources/core/pure/router/store/cluster.pure
meta::pure::router::clustering::CrossSetImplementationReverseComplexPropertyMapping	legend-engine	corpus	false	0	0	0	0	0		/Users/neemsandv/legend/legend-engine/legend-engine-core/legend-engine-core-pure/legend-engine-pure-code-compiled-core/src/main/resources/core/pure/router/store/cluster.pure
meta::pure::router::extension::RouterExtension	legend-engine	java	false	0	0	0	0	1		/Users/neemsandv/legend/legend-engine/legend-engine-core/legend-engine-core-pure/legend-engine-pure-code-compiled-core/src/main/resources/core/pure/router/extension/router_extension.pure
meta::pure::router::metamodel::ExtendedRoutedValueSpecification	legend-engine	corpus	false	0	0	1	0	0		/Users/neemsandv/legend/legend-engine/legend-engine-core/legend-engine-core-pure/legend-engine-pure-code-compiled-core/src/main/resources/core/pure/router/metamodel/routing.pure
meta::pure::router::metamodel::RoutingStrategy	legend-engine	closure	false	0	5	1	0	0		/Users/neemsandv/legend/legend-engine/legend-engine-core/legend-engine-core-pure/legend-engine-pure-code-compiled-core/src/main/resources/core/pure/router/metamodel/routing.pure
meta::pure::router::metamodel::clustering::ClusteredValueSpecification	legend-engine	corpus	false	0	0	0	0	0		/Users/neemsandv/legend/legend-engine/legend-engine-core/legend-engine-core-pure/legend-engine-pure-code-compiled-core/src/main/resources/core/pure/router/metamodel/clustering.pure
meta::pure::router::platform::metamodel::clustering::PlatformClusteredValueSpecification	legend-engine	corpus	false	0	0	0	0	0		/Users/neemsandv/legend/legend-engine/legend-engine-core/legend-engine-core-pure/legend-engine-pure-code-compiled-core/src/main/resources/core/pure/router/platform/metamodel.pure
meta::pure::router::routing::PropertyMap	legend-engine	closure	false	0	0	0	0	0		/Users/neemsandv/legend/legend-engine/legend-engine-core/legend-engine-core-pure/legend-engine-pure-code-compiled-core/src/main/resources/core/pure/router/routing/router_routing.pure
meta::pure::router::routing::RoutingState	legend-engine	corpus	false	0	0	0	0	1		/Users/neemsandv/legend/legend-engine/legend-engine-core/legend-engine-core-pure/legend-engine-pure-code-compiled-core/src/main/resources/core/pure/router/routing/router_routing.pure
meta::pure::router::store::metamodel::PermutationSet	legend-engine	closure	false	0	0	0	0	0		/Users/neemsandv/legend/legend-engine/legend-engine-core/legend-engine-core-pure/legend-engine-pure-code-compiled-core/src/main/resources/core/pure/router/store/metamodel.pure
meta::pure::router::store::metamodel::StoreMappingRoutedValueSpecification	legend-engine	corpus	false	0	0	0	0	0		/Users/neemsandv/legend/legend-engine/legend-engine-core/legend-engine-core-pure/legend-engine-pure-code-compiled-core/src/main/resources/core/pure/router/store/metamodel.pure
meta::pure::router::store::metamodel::StoreMappingRoutingStrategy	legend-engine	corpus	false	0	1	0	0	0		/Users/neemsandv/legend/legend-engine/legend-engine-core/legend-engine-core-pure/legend-engine-pure-code-compiled-core/src/main/resources/core/pure/router/store/metamodel.pure
meta::pure::router::store::metamodel::StoreRoutedValueSpecification	legend-engine	corpus	false	0	0	0	0	0		/Users/neemsandv/legend/legend-engine/legend-engine-core/legend-engine-core-pure/legend-engine-pure-code-compiled-core/src/main/resources/core/pure/router/store/metamodel.pure
meta::pure::router::store::metamodel::StoreRoutingStrategy	legend-engine	closure	false	0	0	0	0	0		/Users/neemsandv/legend/legend-engine/legend-engine-core/legend-engine-core-pure/legend-engine-pure-code-compiled-core/src/main/resources/core/pure/router/store/metamodel.pure
meta::pure::router::store::metamodel::clustering::StoreClusteredValueSpecification	legend-engine	corpus	false	0	0	0	0	0		/Users/neemsandv/legend/legend-engine/legend-engine-core/legend-engine-core-pure/legend-engine-pure-code-compiled-core/src/main/resources/core/pure/router/store/metamodel.pure
meta::pure::router::store::metamodel::clustering::StoreMappingClusteredValueSpecification	legend-engine	corpus	false	0	0	0	0	0		/Users/neemsandv/legend/legend-engine/legend-engine-core/legend-engine-core-pure/legend-engine-pure-code-compiled-core/src/main/resources/core/pure/router/store/metamodel.pure
meta::pure::router::store::routing::Void	legend-engine	corpus	false	0	0	0	0	0		/Users/neemsandv/legend/legend-engine/legend-engine-core/legend-engine-core-pure/legend-engine-pure-code-compiled-core/src/main/resources/core/pure/router/store/builder.pure
meta::pure::runtime::ExecutionContext	legend-pure	java	false	0	0	0	0	0		/Users/neemsandv/legend/legend-pure/legend-pure-dsl/legend-pure-dsl-store/legend-pure-m2-dsl-store-pure/src/main/resources/platform_dsl_store/grammar/runtime.pure
meta::pure::runtime::PackageableConnection	legend-engine	corpus	false	0	0	0	0	0		/Users/neemsandv/legend/legend-engine/legend-engine-core/legend-engine-core-pure/legend-engine-pure-code-compiled-core/src/main/resources/core/pure/runtime/runtimeExtension.pure
meta::pure::runtime::PackageableRuntime	legend-engine	java	false	0	0	0	0	0		/Users/neemsandv/legend/legend-engine/legend-engine-core/legend-engine-core-pure/legend-engine-pure-code-compiled-core/src/main/resources/core/pure/runtime/runtimeExtension.pure
meta::pure::store::RelationStoreAccessor	legend-pure	corpus	false	0	0	0	0	0		/Users/neemsandv/legend/legend-pure/legend-pure-dsl/legend-pure-dsl-store/legend-pure-m2-dsl-store-pure/src/main/resources/platform_dsl_store/grammar/store.pure
meta::pure::store::Store	legend-pure	java	false	0	0	0	0	0		/Users/neemsandv/legend/legend-pure/legend-pure-dsl/legend-pure-dsl-store/legend-pure-m2-dsl-store-pure/src/main/resources/platform_dsl_store/grammar/store.pure
meta::pure::store::StoreContract	legend-engine	corpus	false	0	1	0	0	1		/Users/neemsandv/legend/legend-engine/legend-engine-core/legend-engine-core-pure/legend-engine-pure-code-compiled-core/src/main/resources/core/pure/store/storeContract.pure
meta::pure::store::set::Namespace	legend-pure	closure	false	0	0	0	0	0		/Users/neemsandv/legend/legend-pure/legend-pure-dsl/legend-pure-dsl-store/legend-pure-m2-dsl-store-pure/src/main/resources/platform_dsl_store/grammar/store.pure
meta::pure::store::set::SetColumn	legend-pure	closure	false	0	0	0	0	0		/Users/neemsandv/legend/legend-pure/legend-pure-dsl/legend-pure-dsl-store/legend-pure-m2-dsl-store-pure/src/main/resources/platform_dsl_store/grammar/store.pure
meta::pure::store::set::SetRelation	legend-pure	corpus	false	0	0	0	0	0		/Users/neemsandv/legend/legend-pure/legend-pure-dsl/legend-pure-dsl-store/legend-pure-m2-dsl-store-pure/src/main/resources/platform_dsl_store/grammar/store.pure
meta::pure::tds::AggregateValue	legend-engine	corpus	false	0	0	0	0	0		/Users/neemsandv/legend/legend-engine/legend-engine-core/legend-engine-core-pure/legend-engine-pure-code-compiled-core/src/main/resources/core/pure/tds/tds.pure
meta::pure::tds::BasicColumnSpecification	legend-engine	java	false	0	0	0	1	0		/Users/neemsandv/legend/legend-engine/legend-engine-core/legend-engine-core-pure/legend-engine-pure-code-compiled-core/src/main/resources/core/pure/tds/tds.pure
meta::pure::tds::ColumnSort	legend-engine	closure	false	0	0	0	0	0		/Users/neemsandv/legend/legend-engine/legend-engine-core/legend-engine-core-pure/legend-engine-pure-code-compiled-core/src/main/resources/core/pure/tds/tds.pure
meta::pure::tds::ColumnSpecification	legend-engine	java	false	0	0	0	0	0		/Users/neemsandv/legend/legend-engine/legend-engine-core/legend-engine-core-pure/legend-engine-pure-code-compiled-core/src/main/resources/core/pure/tds/tds.pure
meta::pure::tds::OlapAggregation	legend-engine	corpus	false	0	0	0	0	0		/Users/neemsandv/legend/legend-engine/legend-engine-core/legend-engine-core-pure/legend-engine-pure-code-compiled-core/src/main/resources/core/pure/tds/tds.pure
meta::pure::tds::OlapOperation	legend-engine	corpus	false	0	0	0	0	0		/Users/neemsandv/legend/legend-engine/legend-engine-core/legend-engine-core-pure/legend-engine-pure-code-compiled-core/src/main/resources/core/pure/tds/tds.pure
meta::pure::tds::OlapRank	legend-engine	corpus	false	0	0	0	0	0		/Users/neemsandv/legend/legend-engine/legend-engine-core/legend-engine-core-pure/legend-engine-pure-code-compiled-core/src/main/resources/core/pure/tds/tds.pure
meta::pure::tds::SortDirection	legend-engine	corpus	false	enum						/Users/neemsandv/legend/legend-engine/legend-engine-core/legend-engine-core-pure/legend-engine-pure-code-compiled-core/src/main/resources/core/pure/tds/tds.pure
meta::pure::tds::SortInformation	legend-engine	corpus	false	0	0	0	0	0		/Users/neemsandv/legend/legend-engine/legend-engine-core/legend-engine-core-pure/legend-engine-pure-code-compiled-core/src/main/resources/core/pure/tds/tds.pure
meta::pure::tds::TDSColumn	legend-engine	java	false	0	1	0	0	0		/Users/neemsandv/legend/legend-engine/legend-engine-core/legend-engine-core-pure/legend-engine-pure-code-compiled-core/src/main/resources/core/pure/tds/tds.pure
meta::pure::tds::TDSRow	legend-engine	java	false	0	22	0	0	0		/Users/neemsandv/legend/legend-engine/legend-engine-core/legend-engine-core-pure/legend-engine-pure-code-compiled-core/src/main/resources/core/pure/tds/tds.pure
meta::pure::tds::TabularDataSet	legend-engine	java	false	0	1	0	0	0		/Users/neemsandv/legend/legend-engine/legend-engine-core/legend-engine-core-pure/legend-engine-pure-code-compiled-core/src/main/resources/core/pure/tds/tds.pure
meta::pure::tds::TdsOlapAggregation	legend-engine	corpus	false	0	0	0	0	0		/Users/neemsandv/legend/legend-engine/legend-engine-core/legend-engine-core-pure/legend-engine-pure-code-compiled-core/src/main/resources/core/pure/tds/tds.pure
meta::pure::tds::TdsOlapRank	legend-engine	java	false	0	0	0	0	0		/Users/neemsandv/legend/legend-engine/legend-engine-core/legend-engine-core-pure/legend-engine-pure-code-compiled-core/src/main/resources/core/pure/tds/tds.pure
meta::pure::tds::Window	legend-engine	closure	false	0	0	0	0	0		/Users/neemsandv/legend/legend-engine/legend-engine-core/legend-engine-core-pure/legend-engine-pure-code-compiled-core/src/main/resources/core/pure/tds/tds.pure
meta::pure::tds::WindowColumnSpecification	legend-engine	corpus	false	0	0	0	0	0		/Users/neemsandv/legend/legend-engine/legend-engine-core/legend-engine-core-pure/legend-engine-pure-code-compiled-core/src/main/resources/core/pure/tds/tds.pure
meta::pure::tds::schema::SchemaState	legend-engine	corpus	false	1	10	0	0	0		/Users/neemsandv/legend/legend-engine/legend-engine-core/legend-engine-core-pure/legend-engine-pure-code-compiled-core/src/main/resources/core/pure/tds/tdsSchema.pure
meta::pure::tds::toRelation::TdsToRelationExtension	legend-engine	closure	false	0	0	0	0	0		/Users/neemsandv/legend/legend-engine/legend-engine-core/legend-engine-core-pure/legend-engine-pure-code-compiled-core/src/main/resources/core/pure/tds/relation/tdsToRelation.pure
meta::pure::tds::toRelation::TdsToRelationExtension_V_X_X	legend-engine	corpus	false	0	0	0	0	0		/Users/neemsandv/legend/legend-engine/legend-engine-core/legend-engine-core-pure/legend-engine-pure-code-compiled-core/src/main/resources/core/pure/tds/relation/tdsToRelation.pure
meta::pure::test::assertion::EqualTo	legend-engine	corpus	false	0	0	0	0	0		/Users/neemsandv/legend/legend-engine/legend-engine-core/legend-engine-core-pure/legend-engine-pure-code-compiled-core/src/main/resources/core/pure/test/testable.pure
meta::pure::test::assertion::EqualToJson	legend-engine	corpus	false	0	0	0	0	0		/Users/neemsandv/legend/legend-engine/legend-engine-core/legend-engine-core-pure/legend-engine-pure-code-compiled-core/src/main/resources/core/pure/test/testable.pure
meta::pure::test::assertion::TestAssertion	legend-engine	corpus	false	0	0	1	0	0		/Users/neemsandv/legend/legend-engine/legend-engine-core/legend-engine-core-pure/legend-engine-pure-code-compiled-core/src/main/resources/core/pure/test/testable.pure
meta::pure::test::mft::CSVTestResult	legend-engine	corpus	false	0	0	0	0	0		/Users/neemsandv/legend/legend-engine/legend-engine-core/legend-engine-core-pure/legend-engine-pure-code-compiled-core/src/main/resources/core/pure/test/mft.pure
meta::pure::test::mft::ExecuteResult	legend-engine	corpus	false	0	0	0	0	0		/Users/neemsandv/legend/legend-engine/legend-engine-core/legend-engine-core-pure/legend-engine-pure-code-compiled-core/src/main/resources/core/pure/test/mft.pure
meta::pure::test::mft::ExecutionResult	legend-engine	closure	false	0	0	0	0	0		/Users/neemsandv/legend/legend-engine/legend-engine-core/legend-engine-core-pure/legend-engine-pure-code-compiled-core/src/main/resources/core/pure/test/mft.pure
meta::pure::test::mft::ExpectedLineage	legend-engine	closure	false	0	0	0	0	0		/Users/neemsandv/legend/legend-engine/legend-engine-core/legend-engine-core-pure/legend-engine-pure-code-compiled-core/src/main/resources/core/pure/test/mft.pure
meta::pure::test::mft::IgnoreExecutionTest	legend-engine	corpus	false	0	0	0	0	0		/Users/neemsandv/legend/legend-engine/legend-engine-core/legend-engine-core-pure/legend-engine-pure-code-compiled-core/src/main/resources/core/pure/test/mft.pure
meta::pure::test::mft::IgnoreTest	legend-engine	closure	false	0	0	0	0	0		/Users/neemsandv/legend/legend-engine/legend-engine-core/legend-engine-core-pure/legend-engine-pure-code-compiled-core/src/main/resources/core/pure/test/mft.pure
meta::pure::test::mft::JSONResult	legend-engine	corpus	false	0	0	0	0	0		/Users/neemsandv/legend/legend-engine/legend-engine-core/legend-engine-core-pure/legend-engine-pure-code-compiled-core/src/main/resources/core/pure/test/mft.pure
meta::pure::test::mft::MFTAdapter	legend-engine	corpus	false	0	0	0	0	0		/Users/neemsandv/legend/legend-engine/legend-engine-core/legend-engine-core-pure/legend-engine-pure-code-compiled-core/src/main/resources/core/pure/test/mft.pure
meta::pure::test::mft::MFTEvaluator	legend-engine	corpus	false	0	0	0	0	0		/Users/neemsandv/legend/legend-engine/legend-engine-core/legend-engine-core-pure/legend-engine-pure-code-compiled-core/src/main/resources/core/pure/test/mft.pure
meta::pure::test::mft::MFTMappingTest	legend-engine	corpus	false	0	0	0	0	0		/Users/neemsandv/legend/legend-engine/legend-engine-core/legend-engine-core-pure/legend-engine-pure-code-compiled-core/src/main/resources/core/pure/test/mft.pure
meta::pure::test::mft::SetupData	legend-engine	corpus	false	0	0	0	0	0		/Users/neemsandv/legend/legend-engine/legend-engine-core/legend-engine-core-pure/legend-engine-pure-code-compiled-core/src/main/resources/core/pure/test/mft.pure
meta::pure::test::mft::StringResult	legend-engine	corpus	false	0	0	0	0	0		/Users/neemsandv/legend/legend-engine/legend-engine-core/legend-engine-core-pure/legend-engine-pure-code-compiled-core/src/main/resources/core/pure/test/mft.pure
meta::pure::test::mft::TDSResult	legend-engine	corpus	false	0	0	0	0	0		/Users/neemsandv/legend/legend-engine/legend-engine-core/legend-engine-core-pure/legend-engine-pure-code-compiled-core/src/main/resources/core/pure/test/mft.pure
meta::pure::test::mft::Test	legend-engine	closure	false	0	0	0	0	0		/Users/neemsandv/legend/legend-engine/legend-engine-core/legend-engine-core-pure/legend-engine-pure-code-compiled-core/src/main/resources/core/pure/test/mft.pure
meta::pure::test::mft::TestAssertion	legend-engine	corpus	false	0	0	0	0	0		/Users/neemsandv/legend/legend-engine/legend-engine-core/legend-engine-core-pure/legend-engine-pure-code-compiled-core/src/main/resources/core/pure/test/mft.pure
meta::pure::test::mft::TestErrorAssertion	legend-engine	corpus	false	0	0	0	0	0		/Users/neemsandv/legend/legend-engine/legend-engine-core/legend-engine-core-pure/legend-engine-pure-code-compiled-core/src/main/resources/core/pure/test/mft.pure
meta::pure::test::mft::TestParameters	legend-engine	corpus	false	0	0	0	0	0		/Users/neemsandv/legend/legend-engine/legend-engine-core/legend-engine-core-pure/legend-engine-pure-code-compiled-core/src/main/resources/core/pure/test/mft.pure
meta::pure::test::mft::TestResult	legend-engine	corpus	false	0	0	0	0	0		/Users/neemsandv/legend/legend-engine/legend-engine-core/legend-engine-core-pure/legend-engine-pure-code-compiled-core/src/main/resources/core/pure/test/mft.pure
meta::pure::test::pct::PCTManifest	legend-pure	java	false	0	0	0	0	0		/Users/neemsandv/legend/legend-pure/legend-pure-core/legend-pure-m3-core/src/main/resources/platform/pure/essential/tests/pct_core.pure
meta::pure::test::surveyor::TestResult	legend-pure	java	false	0	0	0	0	0		/Users/neemsandv/legend/legend-pure/legend-pure-core/legend-pure-m3-core/src/main/resources/platform/pure/essential/tests/surveyor.pure
meta::pure::test::surveyor::TestStatus	legend-pure	closure	false	enum						/Users/neemsandv/legend/legend-pure/legend-pure-core/legend-pure-m3-core/src/main/resources/platform/pure/essential/tests/surveyor.pure
meta::pure::testCoverage::featureMatrix::FeatureSet	legend-engine	corpus	false	1	0	0	0	0		/Users/neemsandv/legend/legend-engine/legend-engine-core/legend-engine-core-pure/legend-engine-pure-code-compiled-core/src/main/resources/core/pure/test/testCoverage/testCoverageModel.pure
meta::pure::tools::DebugContext	legend-pure	java	false	0	0	0	0	0		/Users/neemsandv/legend/legend-pure/legend-pure-core/legend-pure-m3-core/src/main/resources/platform/pure/tools.pure
meta::relational::functions::pureToSqlQuery::metamodel::VarPlaceHolder	legend-engine	corpus	true	0	0	0	0	0		/Users/neemsandv/legend/legend-engine/legend-engine-xts-relationalStore/legend-engine-xt-relationalStore-generation/legend-engine-xt-relationalStore-pure/legend-engine-xt-relationalStore-core-pure/src/main/resources/core_relational/relational/pureToSQLQuery/metamodel.pure
meta::relational::functions::sqlQueryToString::Config	legend-engine	corpus	true	0	0	0	0	0		/Users/neemsandv/legend/legend-engine/legend-engine-xts-relationalStore/legend-engine-xt-relationalStore-generation/legend-engine-xt-relationalStore-pure/legend-engine-xt-relationalStore-core-pure/src/main/resources/core_relational/relational/sqlQueryToString/dbExtension.pure
meta::relational::functions::sqlQueryToString::DbConfig	legend-engine	java	true	0	31	0	0	0		/Users/neemsandv/legend/legend-engine/legend-engine-xts-relationalStore/legend-engine-xt-relationalStore-generation/legend-engine-xt-relationalStore-pure/legend-engine-xt-relationalStore-core-pure/src/main/resources/core_relational/relational/sqlQueryToString/dbExtension.pure
meta::relational::functions::sqlQueryToString::DbExtension	legend-engine	corpus	true	0	0	0	0	0		/Users/neemsandv/legend/legend-engine/legend-engine-xts-relationalStore/legend-engine-xt-relationalStore-generation/legend-engine-xt-relationalStore-pure/legend-engine-xt-relationalStore-core-pure/src/main/resources/core_relational/relational/sqlQueryToString/dbExtension.pure
meta::relational::functions::sqlQueryToString::DynaFunctionToSql	legend-engine	corpus	true	0	1	0	0	0		/Users/neemsandv/legend/legend-engine/legend-engine-xts-relationalStore/legend-engine-xt-relationalStore-generation/legend-engine-xt-relationalStore-pure/legend-engine-xt-relationalStore-core-pure/src/main/resources/core_relational/relational/sqlQueryToString/dbExtension.pure
meta::relational::functions::sqlQueryToString::Format	legend-engine	java	true	0	1	0	0	0		/Users/neemsandv/legend/legend-engine/legend-engine-xts-relationalStore/legend-engine-xt-relationalStore-generation/legend-engine-xt-relationalStore-pure/legend-engine-xt-relationalStore-core-pure/src/main/resources/core_relational/relational/sqlQueryToString/dbExtension.pure
meta::relational::functions::sqlQueryToString::GenerationSide	legend-engine	corpus	true	enum						/Users/neemsandv/legend/legend-engine/legend-engine-xts-relationalStore/legend-engine-xt-relationalStore-generation/legend-engine-xt-relationalStore-pure/legend-engine-xt-relationalStore-core-pure/src/main/resources/core_relational/relational/sqlQueryToString/dbExtension.pure
meta::relational::functions::sqlQueryToString::GenerationState	legend-engine	corpus	true	0	0	0	0	0		/Users/neemsandv/legend/legend-engine/legend-engine-xts-relationalStore/legend-engine-xt-relationalStore-generation/legend-engine-xt-relationalStore-pure/legend-engine-xt-relationalStore-core-pure/src/main/resources/core_relational/relational/sqlQueryToString/dbExtension.pure
meta::relational::functions::sqlQueryToString::LiteralProcessor	legend-engine	corpus	true	0	2	0	0	0		/Users/neemsandv/legend/legend-engine/legend-engine-xts-relationalStore/legend-engine-xt-relationalStore-generation/legend-engine-xt-relationalStore-pure/legend-engine-xt-relationalStore-core-pure/src/main/resources/core_relational/relational/sqlQueryToString/dbExtension.pure
meta::relational::functions::sqlQueryToString::LiteralReplacement	legend-engine	corpus	true	0	0	0	0	0		/Users/neemsandv/legend/legend-engine/legend-engine-xts-relationalStore/legend-engine-xt-relationalStore-generation/legend-engine-xt-relationalStore-pure/legend-engine-xt-relationalStore-core-pure/src/main/resources/core_relational/relational/sqlQueryToString/dbExtension.pure
meta::relational::functions::sqlQueryToString::RelationalDDLCommandsTranslator	legend-engine	corpus	true	0	0	0	0	0		/Users/neemsandv/legend/legend-engine/legend-engine-xts-relationalStore/legend-engine-xt-relationalStore-generation/legend-engine-xt-relationalStore-pure/legend-engine-xt-relationalStore-core-pure/src/main/resources/core_relational/relational/sqlQueryToString/dbExtension.pure
meta::relational::functions::sqlQueryToString::SqlGenerationContext	legend-engine	corpus	true	0	0	0	0	0		/Users/neemsandv/legend/legend-engine/legend-engine-xts-relationalStore/legend-engine-xt-relationalStore-generation/legend-engine-xt-relationalStore-pure/legend-engine-xt-relationalStore-core-pure/src/main/resources/core_relational/relational/sqlQueryToString/dbExtension.pure
meta::relational::functions::sqlQueryToString::ToSql	legend-engine	corpus	true	1	0	0	0	0		/Users/neemsandv/legend/legend-engine/legend-engine-xts-relationalStore/legend-engine-xt-relationalStore-generation/legend-engine-xt-relationalStore-pure/legend-engine-xt-relationalStore-core-pure/src/main/resources/core_relational/relational/sqlQueryToString/dbExtension.pure
meta::relational::functions::sqlstring::SQLResult	legend-engine	java	true	0	1	0	0	0		/Users/neemsandv/legend/legend-engine/legend-engine-xts-relationalStore/legend-engine-xt-relationalStore-generation/legend-engine-xt-relationalStore-pure/legend-engine-xt-relationalStore-core-pure/src/main/resources/core_relational/relational/transform/fromPure/toSQLString.pure
meta::relational::mapping::ColumnMapping	legend-pure	java	false	0	0	0	0	0		/Users/neemsandv/legend/legend-pure/legend-pure-store/legend-pure-store-relational/legend-pure-m2-store-relational-pure/src/main/resources/platform_store_relational/grammar/relational.pure
meta::relational::mapping::EmbeddedRelationalInstanceSetImplementation	legend-pure	corpus	false	0	0	0	0	0		/Users/neemsandv/legend/legend-pure/legend-pure-store/legend-pure-store-relational/legend-pure-m2-store-relational-pure/src/main/resources/platform_store_relational/grammar/relationalMapping.pure
meta::relational::mapping::FilterMapping	legend-pure	corpus	false	0	0	0	0	0		/Users/neemsandv/legend/legend-pure/legend-pure-store/legend-pure-store-relational/legend-pure-m2-store-relational-pure/src/main/resources/platform_store_relational/grammar/relationalMapping.pure
meta::relational::mapping::GroupByMapping	legend-pure	java	false	0	0	0	0	0		/Users/neemsandv/legend/legend-pure/legend-pure-store/legend-pure-store-relational/legend-pure-m2-store-relational-pure/src/main/resources/platform_store_relational/grammar/relationalMapping.pure
meta::relational::mapping::InlineEmbeddedRelationalInstanceSetImplementation	legend-pure	corpus	false	0	0	0	0	0		/Users/neemsandv/legend/legend-pure/legend-pure-store/legend-pure-store-relational/legend-pure-m2-store-relational-pure/src/main/resources/platform_store_relational/grammar/relationalMapping.pure
meta::relational::mapping::OtherwiseEmbeddedRelationalInstanceSetImplementation	legend-pure	corpus	false	0	0	0	0	0		/Users/neemsandv/legend/legend-pure/legend-pure-store/legend-pure-store-relational/legend-pure-m2-store-relational-pure/src/main/resources/platform_store_relational/grammar/relationalMapping.pure
meta::relational::mapping::PreAndFinallyExecutionSQLQuery	legend-engine	corpus	true	1	0	0	0	0		/Users/neemsandv/legend/legend-engine/legend-engine-xts-relationalStore/legend-engine-xt-relationalStore-generation/legend-engine-xt-relationalStore-pure/legend-engine-xt-relationalStore-core-pure/src/main/resources/core_relational/relational/postprocessor/defaultPostProcessor/dbSpecificProcessor.pure
meta::relational::mapping::QueryMetadata	legend-engine	corpus	true	0	0	0	0	0		/Users/neemsandv/legend/legend-engine/legend-engine-xts-relationalStore/legend-engine-xt-relationalStore-generation/legend-engine-xt-relationalStore-pure/legend-engine-xt-relationalStore-core-pure/src/main/resources/core_relational/relational/executionPlan/executionPlan.pure
meta::relational::mapping::RelationalAssociationImplementation	legend-pure	corpus	false	0	0	0	0	0		/Users/neemsandv/legend/legend-pure/legend-pure-store/legend-pure-store-relational/legend-pure-m2-store-relational-pure/src/main/resources/platform_store_relational/grammar/relationalMapping.pure
meta::relational::mapping::RelationalInstanceSetImplementation	legend-pure	corpus	false	0	0	0	0	0		/Users/neemsandv/legend/legend-pure/legend-pure-store/legend-pure-store-relational/legend-pure-m2-store-relational-pure/src/main/resources/platform_store_relational/grammar/relationalMapping.pure
meta::relational::mapping::RelationalInstantiationExecutionNode	legend-engine	java	true	0	0	0	0	0		/Users/neemsandv/legend/legend-engine/legend-engine-xts-relationalStore/legend-engine-xt-relationalStore-generation/legend-engine-xt-relationalStore-pure/legend-engine-xt-relationalStore-core-pure/src/main/resources/core_relational/relational/executionPlan/executionPlan.pure
meta::relational::mapping::RelationalPropertyMapping	legend-pure	java	false	0	0	0	0	0		/Users/neemsandv/legend/legend-pure/legend-pure-store/legend-pure-store-relational/legend-pure-m2-store-relational-pure/src/main/resources/platform_store_relational/grammar/relationalMapping.pure
meta::relational::mapping::RootRelationalInstanceSetImplementation	legend-pure	java	false	0	0	0	0	0		/Users/neemsandv/legend/legend-pure/legend-pure-store/legend-pure-store-relational/legend-pure-m2-store-relational-pure/src/main/resources/platform_store_relational/grammar/relationalMapping.pure
meta::relational::mapping::SQLExecutionNode	legend-engine	java	true	0	0	0	0	0		/Users/neemsandv/legend/legend-engine/legend-engine-xts-relationalStore/legend-engine-xt-relationalStore-generation/legend-engine-xt-relationalStore-pure/legend-engine-xt-relationalStore-core-pure/src/main/resources/core_relational/relational/executionPlan/executionPlan.pure
meta::relational::mapping::SQLResultColumn	legend-engine	corpus	true	0	0	0	0	0		/Users/neemsandv/legend/legend-engine/legend-engine-xts-relationalStore/legend-engine-xt-relationalStore-generation/legend-engine-xt-relationalStore-pure/legend-engine-xt-relationalStore-core-pure/src/main/resources/core_relational/relational/executionPlan/executionPlan.pure
meta::relational::mapping::SemiStructuredEmbeddedRelationalInstanceSetImplementation	legend-pure	corpus	false	0	0	0	0	0		/Users/neemsandv/legend/legend-pure/legend-pure-store/legend-pure-store-relational/legend-pure-m2-store-relational-pure/src/main/resources/platform_store_relational/grammar/relationalMapping.pure
meta::relational::mapping::SemiStructuredRelationalPropertyMapping	legend-pure	corpus	false	0	0	0	0	0		/Users/neemsandv/legend/legend-pure/legend-pure-store/legend-pure-store-relational/legend-pure-m2-store-relational-pure/src/main/resources/platform_store_relational/grammar/relationalMapping.pure
meta::relational::metamodel::Alias	legend-pure	corpus	false	0	0	0	0	0		/Users/neemsandv/legend/legend-pure/legend-pure-store/legend-pure-store-relational/legend-pure-m2-store-relational-pure/src/main/resources/platform_store_relational/grammar/relational.pure
meta::relational::metamodel::ColumnName	legend-pure	corpus	false	0	0	0	0	0		/Users/neemsandv/legend/legend-pure/legend-pure-store/legend-pure-store-relational/legend-pure-m2-store-relational-pure/src/main/resources/platform_store_relational/grammar/relational.pure
meta::relational::metamodel::CommitQuery	legend-engine	corpus	true	0	0	0	0	0		/Users/neemsandv/legend/legend-engine/legend-engine-xts-relationalStore/legend-engine-xt-relationalStore-generation/legend-engine-xt-relationalStore-pure/legend-engine-xt-relationalStore-core-pure/src/main/resources/core_relational/relational/metamodel/metamodel.pure
meta::relational::metamodel::CreateFunctionSQL	legend-engine	corpus	true	0	0	0	0	0		/Users/neemsandv/legend/legend-engine/legend-engine-xts-relationalStore/legend-engine-xt-relationalStore-generation/legend-engine-xt-relationalStore-pure/legend-engine-xt-relationalStore-core-pure/src/main/resources/core_relational/relational/metamodel/metamodel.pure
meta::relational::metamodel::CreatePipelineSQL	legend-engine	corpus	true	0	0	0	0	0		/Users/neemsandv/legend/legend-engine/legend-engine-xts-relationalStore/legend-engine-xt-relationalStore-generation/legend-engine-xt-relationalStore-pure/legend-engine-xt-relationalStore-core-pure/src/main/resources/core_relational/relational/metamodel/metamodel.pure
meta::relational::metamodel::CreateProcedureSQL	legend-engine	corpus	true	0	0	0	0	0		/Users/neemsandv/legend/legend-engine/legend-engine-xts-relationalStore/legend-engine-xt-relationalStore-generation/legend-engine-xt-relationalStore-pure/legend-engine-xt-relationalStore-core-pure/src/main/resources/core_relational/relational/metamodel/metamodel.pure
meta::relational::metamodel::CreateSchemaSQL	legend-engine	corpus	true	0	0	0	0	0		/Users/neemsandv/legend/legend-engine/legend-engine-xts-relationalStore/legend-engine-xt-relationalStore-generation/legend-engine-xt-relationalStore-pure/legend-engine-xt-relationalStore-core-pure/src/main/resources/core_relational/relational/metamodel/metamodel.pure
meta::relational::metamodel::CreateTableSQL	legend-engine	corpus	true	0	0	0	0	0		/Users/neemsandv/legend/legend-engine/legend-engine-xts-relationalStore/legend-engine-xt-relationalStore-generation/legend-engine-xt-relationalStore-pure/legend-engine-xt-relationalStore-core-pure/src/main/resources/core_relational/relational/metamodel/metamodel.pure
meta::relational::metamodel::CreateViewSQL	legend-engine	corpus	true	0	0	0	0	0		/Users/neemsandv/legend/legend-engine/legend-engine-xts-relationalStore/legend-engine-xt-relationalStore-generation/legend-engine-xt-relationalStore-pure/legend-engine-xt-relationalStore-core-pure/src/main/resources/core_relational/relational/metamodel/metamodel.pure
meta::relational::metamodel::DataTypeInfo	legend-pure	corpus	false	0	0	0	0	0		/Users/neemsandv/legend/legend-pure/legend-pure-store/legend-pure-store-relational/legend-pure-m2-store-relational-pure/src/main/resources/platform_store_relational/grammar/relational.pure
meta::relational::metamodel::DatabaseMapper	legend-engine	corpus	true	0	0	0	0	0		/Users/neemsandv/legend/legend-engine/legend-engine-xts-relationalStore/legend-engine-xt-relationalStore-generation/legend-engine-xt-relationalStore-pure/legend-engine-xt-relationalStore-core-pure/src/main/resources/core_relational/relational/metamodel/metamodel.pure
meta::relational::metamodel::DropSchemaSQL	legend-engine	corpus	true	0	0	0	0	0		/Users/neemsandv/legend/legend-engine/legend-engine-xts-relationalStore/legend-engine-xt-relationalStore-generation/legend-engine-xt-relationalStore-pure/legend-engine-xt-relationalStore-core-pure/src/main/resources/core_relational/relational/metamodel/metamodel.pure
meta::relational::metamodel::DropTableSQL	legend-engine	corpus	true	0	0	0	0	0		/Users/neemsandv/legend/legend-engine/legend-engine-xts-relationalStore/legend-engine-xt-relationalStore-generation/legend-engine-xt-relationalStore-pure/legend-engine-xt-relationalStore-core-pure/src/main/resources/core_relational/relational/metamodel/metamodel.pure
meta::relational::metamodel::DynaFunction	legend-pure	java	false	0	0	0	0	0		/Users/neemsandv/legend/legend-pure/legend-pure-store/legend-pure-store-relational/legend-pure-m2-store-relational-pure/src/main/resources/platform_store_relational/grammar/relational.pure
meta::relational::metamodel::Filter	legend-pure	java	false	0	0	0	0	0		/Users/neemsandv/legend/legend-pure/legend-pure-store/legend-pure-store-relational/legend-pure-m2-store-relational-pure/src/main/resources/platform_store_relational/grammar/relational.pure
meta::relational::metamodel::Frame	legend-pure	corpus	false	0	0	0	0	0		/Users/neemsandv/legend/legend-pure/legend-pure-store/legend-pure-store-relational/legend-pure-m2-store-relational-pure/src/main/resources/platform_store_relational/grammar/relational.pure
meta::relational::metamodel::FrameCurrentRowValue	legend-pure	corpus	false	0	0	0	0	0		/Users/neemsandv/legend/legend-pure/legend-pure-store/legend-pure-store-relational/legend-pure-m2-store-relational-pure/src/main/resources/platform_store_relational/grammar/relational.pure
meta::relational::metamodel::FrameIntervalValue	legend-pure	corpus	false	0	0	0	0	0		/Users/neemsandv/legend/legend-pure/legend-pure-store/legend-pure-store-relational/legend-pure-m2-store-relational-pure/src/main/resources/platform_store_relational/grammar/relational.pure
meta::relational::metamodel::FrameLiteralValue	legend-pure	corpus	false	0	0	0	0	0		/Users/neemsandv/legend/legend-pure/legend-pure-store/legend-pure-store-relational/legend-pure-m2-store-relational-pure/src/main/resources/platform_store_relational/grammar/relational.pure
meta::relational::metamodel::FrameType	legend-pure	corpus	false	enum						/Users/neemsandv/legend/legend-pure/legend-pure-store/legend-pure-store-relational/legend-pure-m2-store-relational-pure/src/main/resources/platform_store_relational/grammar/relational.pure
meta::relational::metamodel::FrameValue	legend-pure	corpus	false	0	0	1	0	0		/Users/neemsandv/legend/legend-pure/legend-pure-store/legend-pure-store-relational/legend-pure-m2-store-relational-pure/src/main/resources/platform_store_relational/grammar/relational.pure
meta::relational::metamodel::FrameValueDirection	legend-pure	corpus	false	enum						/Users/neemsandv/legend/legend-pure/legend-pure-store/legend-pure-store-relational/legend-pure-m2-store-relational-pure/src/main/resources/platform_store_relational/grammar/relational.pure
meta::relational::metamodel::Literal	legend-pure	java	false	0	0	0	0	0		/Users/neemsandv/legend/legend-pure/legend-pure-store/legend-pure-store-relational/legend-pure-m2-store-relational-pure/src/main/resources/platform_store_relational/grammar/relational.pure
meta::relational::metamodel::LiteralList	legend-pure	java	false	0	0	0	0	0		/Users/neemsandv/legend/legend-pure/legend-pure-store/legend-pure-store-relational/legend-pure-m2-store-relational-pure/src/main/resources/platform_store_relational/grammar/relational.pure
meta::relational::metamodel::LoadTableSQL	legend-engine	corpus	true	1	0	0	0	0		/Users/neemsandv/legend/legend-engine/legend-engine-xts-relationalStore/legend-engine-xt-relationalStore-generation/legend-engine-xt-relationalStore-pure/legend-engine-xt-relationalStore-core-pure/src/main/resources/core_relational/relational/metamodel/metamodel.pure
meta::relational::metamodel::MultiGrainFilter	legend-pure	corpus	false	0	0	0	1	0		/Users/neemsandv/legend/legend-pure/legend-pure-store/legend-pure-store-relational/legend-pure-m2-store-relational-pure/src/main/resources/platform_store_relational/grammar/relational.pure
meta::relational::metamodel::ObjectQuery	legend-engine	corpus	true	0	0	0	0	2		/Users/neemsandv/legend/legend-engine/legend-engine-xts-relationalStore/legend-engine-xt-relationalStore-generation/legend-engine-xt-relationalStore-pure/legend-engine-xt-relationalStore-core-pure/src/main/resources/core_relational/relational/metamodel/metamodel.pure
meta::relational::metamodel::OrderBy	legend-pure	corpus	false	0	0	0	0	0		/Users/neemsandv/legend/legend-pure/legend-pure-store/legend-pure-store-relational/legend-pure-m2-store-relational-pure/src/main/resources/platform_store_relational/grammar/relational.pure
meta::relational::metamodel::ParameterizedQuery	legend-engine	corpus	true	0	0	0	0	0		/Users/neemsandv/legend/legend-engine/legend-engine-xts-relationalStore/legend-engine-xt-relationalStore-generation/legend-engine-xt-relationalStore-pure/legend-engine-xt-relationalStore-core-pure/src/main/resources/core_relational/relational/metamodel/metamodel.pure
meta::relational::metamodel::PathInformation	legend-pure	corpus	false	0	0	0	0	0		/Users/neemsandv/legend/legend-pure/legend-pure-store/legend-pure-store-relational/legend-pure-m2-store-relational-pure/src/main/resources/platform_store_relational/grammar/relational.pure
meta::relational::metamodel::Pivot	legend-pure	corpus	false	0	0	0	0	0		/Users/neemsandv/legend/legend-pure/legend-pure-store/legend-pure-store-relational/legend-pure-m2-store-relational-pure/src/main/resources/platform_store_relational/grammar/relational.pure
meta::relational::metamodel::RelationalLambda	legend-engine	corpus	true	0	0	1	0	0		/Users/neemsandv/legend/legend-engine/legend-engine-xts-relationalStore/legend-engine-xt-relationalStore-generation/legend-engine-xt-relationalStore-pure/legend-engine-xt-relationalStore-core-pure/src/main/resources/core_relational/relational/pureToSQLQuery/metamodel.pure
meta::relational::metamodel::RelationalLambdaParameter	legend-engine	corpus	true	0	0	0	0	0		/Users/neemsandv/legend/legend-engine/legend-engine-xts-relationalStore/legend-engine-xt-relationalStore-generation/legend-engine-xt-relationalStore-pure/legend-engine-xt-relationalStore-core-pure/src/main/resources/core_relational/relational/pureToSQLQuery/metamodel.pure
meta::relational::metamodel::RelationalMapper	legend-engine	corpus	true	0	0	0	0	0		/Users/neemsandv/legend/legend-engine/legend-engine-xts-relationalStore/legend-engine-xt-relationalStore-generation/legend-engine-xt-relationalStore-pure/legend-engine-xt-relationalStore-core-pure/src/main/resources/core_relational/relational/metamodel/metamodel.pure
meta::relational::metamodel::RelationalMappingSpecification	legend-pure	java	false	0	0	0	0	0		/Users/neemsandv/legend/legend-pure/legend-pure-store/legend-pure-store-relational/legend-pure-m2-store-relational-pure/src/main/resources/platform_store_relational/grammar/relational.pure
meta::relational::metamodel::RelationalOperationElement	legend-pure	java	false	0	0	0	0	0		/Users/neemsandv/legend/legend-pure/legend-pure-store/legend-pure-store-relational/legend-pure-m2-store-relational-pure/src/main/resources/platform_store_relational/grammar/relational.pure
meta::relational::metamodel::RelationalOperationElementWithJoin	legend-pure	java	false	0	0	0	0	0		/Users/neemsandv/legend/legend-pure/legend-pure-store/legend-pure-store-relational/legend-pure-m2-store-relational-pure/src/main/resources/platform_store_relational/grammar/relational.pure
meta::relational::metamodel::RelationalTds	legend-pure	corpus	false	0	0	0	0	0		/Users/neemsandv/legend/legend-pure/legend-pure-store/legend-pure-store-relational/legend-pure-m2-store-relational-pure/src/main/resources/platform_store_relational/grammar/relational.pure
meta::relational::metamodel::SQLNull	legend-pure	java	false	0	1	0	0	0		/Users/neemsandv/legend/legend-pure/legend-pure-store/legend-pure-store-relational/legend-pure-m2-store-relational-pure/src/main/resources/platform_store_relational/grammar/relational.pure
meta::relational::metamodel::SQLParameter	legend-engine	corpus	true	0	0	0	0	0		/Users/neemsandv/legend/legend-engine/legend-engine-xts-relationalStore/legend-engine-xt-relationalStore-generation/legend-engine-xt-relationalStore-pure/legend-engine-xt-relationalStore-core-pure/src/main/resources/core_relational/relational/metamodel/metamodel.pure
meta::relational::metamodel::SQLQuery	legend-pure	corpus	false	0	0	0	0	0		/Users/neemsandv/legend/legend-pure/legend-pure-store/legend-pure-store-relational/legend-pure-m2-store-relational-pure/src/main/resources/platform_store_relational/grammar/relational.pure
meta::relational::metamodel::Schema	legend-pure	java	false	0	0	0	0	0		/Users/neemsandv/legend/legend-pure/legend-pure-store/legend-pure-store-relational/legend-pure-m2-store-relational-pure/src/main/resources/platform_store_relational/grammar/relational.pure
meta::relational::metamodel::SchemaMapper	legend-engine	corpus	true	0	0	0	0	0		/Users/neemsandv/legend/legend-engine/legend-engine-xts-relationalStore/legend-engine-xt-relationalStore-generation/legend-engine-xt-relationalStore-pure/legend-engine-xt-relationalStore-core-pure/src/main/resources/core_relational/relational/metamodel/metamodel.pure
meta::relational::metamodel::SortByInfo	legend-pure	corpus	false	0	0	0	0	0		/Users/neemsandv/legend/legend-pure/legend-pure-store/legend-pure-store-relational/legend-pure-m2-store-relational-pure/src/main/resources/platform_store_relational/grammar/relational.pure
meta::relational::metamodel::TableAlias	legend-pure	java	false	0	1	0	0	0		/Users/neemsandv/legend/legend-pure/legend-pure-store/legend-pure-store-relational/legend-pure-m2-store-relational-pure/src/main/resources/platform_store_relational/grammar/relational.pure
meta::relational::metamodel::TableAliasColumn	legend-pure	java	false	0	0	0	0	0		/Users/neemsandv/legend/legend-pure/legend-pure-store/legend-pure-store-relational/legend-pure-m2-store-relational-pure/src/main/resources/platform_store_relational/grammar/relational.pure
meta::relational::metamodel::TableMapper	legend-engine	corpus	true	0	0	0	0	0		/Users/neemsandv/legend/legend-engine/legend-engine-xts-relationalStore/legend-engine-xt-relationalStore-generation/legend-engine-xt-relationalStore-pure/legend-engine-xt-relationalStore-core-pure/src/main/resources/core_relational/relational/metamodel/metamodel.pure
meta::relational::metamodel::UnboundedFrameValue	legend-pure	corpus	false	0	0	0	0	0		/Users/neemsandv/legend/legend-pure/legend-pure-store/legend-pure-store-relational/legend-pure-m2-store-relational-pure/src/main/resources/platform_store_relational/grammar/relational.pure
meta::relational::metamodel::UpsertSQLQuery	legend-engine	corpus	true	0	0	0	0	0		/Users/neemsandv/legend/legend-engine/legend-engine-xts-relationalStore/legend-engine-xt-relationalStore-generation/legend-engine-xt-relationalStore-pure/legend-engine-xt-relationalStore-core-pure/src/main/resources/core_relational/relational/metamodel/metamodel.pure
meta::relational::metamodel::VariableDeclaration	legend-engine	corpus	true	0	0	0	0	0		/Users/neemsandv/legend/legend-engine/legend-engine-xts-relationalStore/legend-engine-xt-relationalStore-generation/legend-engine-xt-relationalStore-pure/legend-engine-xt-relationalStore-core-pure/src/main/resources/core_relational/relational/metamodel/metamodel.pure
meta::relational::metamodel::Window	legend-pure	corpus	false	0	0	0	0	0		/Users/neemsandv/legend/legend-pure/legend-pure-store/legend-pure-store-relational/legend-pure-m2-store-relational-pure/src/main/resources/platform_store_relational/grammar/relational.pure
meta::relational::metamodel::WindowColumn	legend-pure	corpus	false	0	0	0	0	0		/Users/neemsandv/legend/legend-pure/legend-pure-store/legend-pure-store-relational/legend-pure-m2-store-relational-pure/src/main/resources/platform_store_relational/grammar/relational.pure
meta::relational::metamodel::data::RelationalCSVData	legend-engine	java	true	0	0	0	0	0		/Users/neemsandv/legend/legend-engine/legend-engine-xts-relationalStore/legend-engine-xt-relationalStore-generation/legend-engine-xt-relationalStore-pure/legend-engine-xt-relationalStore-core-pure/src/main/resources/core_relational/relational/metamodel/test/relationalTest.pure
meta::relational::metamodel::data::RelationalCSVTable	legend-engine	java	true	0	0	0	0	0		/Users/neemsandv/legend/legend-engine/legend-engine-xts-relationalStore/legend-engine-xt-relationalStore-generation/legend-engine-xt-relationalStore-pure/legend-engine-xt-relationalStore-core-pure/src/main/resources/core_relational/relational/metamodel/test/relationalTest.pure
meta::relational::metamodel::datatype::Array	legend-pure	java	false	0	0	0	0	0		/Users/neemsandv/legend/legend-pure/legend-pure-store/legend-pure-store-relational/legend-pure-m2-store-relational-pure/src/main/resources/platform_store_relational/grammar/relational.pure
meta::relational::metamodel::datatype::BigInt	legend-pure	java	false	0	0	0	0	0		/Users/neemsandv/legend/legend-pure/legend-pure-store/legend-pure-store-relational/legend-pure-m2-store-relational-pure/src/main/resources/platform_store_relational/grammar/relational.pure
meta::relational::metamodel::datatype::Binary	legend-pure	java	false	0	0	0	0	0		/Users/neemsandv/legend/legend-pure/legend-pure-store/legend-pure-store-relational/legend-pure-m2-store-relational-pure/src/main/resources/platform_store_relational/grammar/relational.pure
meta::relational::metamodel::datatype::Bit	legend-pure	java	false	0	0	0	0	0		/Users/neemsandv/legend/legend-pure/legend-pure-store/legend-pure-store-relational/legend-pure-m2-store-relational-pure/src/main/resources/platform_store_relational/grammar/relational.pure
meta::relational::metamodel::datatype::Boolean	legend-pure	corpus	false	0	0	0	0	0		/Users/neemsandv/legend/legend-pure/legend-pure-store/legend-pure-store-relational/legend-pure-m2-store-relational-pure/src/main/resources/platform_store_relational/grammar/relational.pure
meta::relational::metamodel::datatype::Char	legend-pure	java	false	0	0	0	0	0		/Users/neemsandv/legend/legend-pure/legend-pure-store/legend-pure-store-relational/legend-pure-m2-store-relational-pure/src/main/resources/platform_store_relational/grammar/relational.pure
meta::relational::metamodel::datatype::CoreDataType	legend-pure	java	false	0	0	0	0	0		/Users/neemsandv/legend/legend-pure/legend-pure-store/legend-pure-store-relational/legend-pure-m2-store-relational-pure/src/main/resources/platform_store_relational/grammar/relational.pure
meta::relational::metamodel::datatype::DataType	legend-pure	java	false	0	0	0	0	0		/Users/neemsandv/legend/legend-pure/legend-pure-store/legend-pure-store-relational/legend-pure-m2-store-relational-pure/src/main/resources/platform_store_relational/grammar/relational.pure
meta::relational::metamodel::datatype::Date	legend-pure	java	false	0	0	0	0	0		/Users/neemsandv/legend/legend-pure/legend-pure-store/legend-pure-store-relational/legend-pure-m2-store-relational-pure/src/main/resources/platform_store_relational/grammar/relational.pure
meta::relational::metamodel::datatype::DbSpecificDataType	legend-pure	corpus	false	0	0	0	0	0		/Users/neemsandv/legend/legend-pure/legend-pure-store/legend-pure-store-relational/legend-pure-m2-store-relational-pure/src/main/resources/platform_store_relational/grammar/relational.pure
meta::relational::metamodel::datatype::Decimal	legend-pure	java	false	0	0	0	0	0		/Users/neemsandv/legend/legend-pure/legend-pure-store/legend-pure-store-relational/legend-pure-m2-store-relational-pure/src/main/resources/platform_store_relational/grammar/relational.pure
meta::relational::metamodel::datatype::Distinct	legend-pure	java	false	0	0	0	0	0		/Users/neemsandv/legend/legend-pure/legend-pure-store/legend-pure-store-relational/legend-pure-m2-store-relational-pure/src/main/resources/platform_store_relational/grammar/relational.pure
meta::relational::metamodel::datatype::Double	legend-pure	java	false	0	0	0	0	0		/Users/neemsandv/legend/legend-pure/legend-pure-store/legend-pure-store-relational/legend-pure-m2-store-relational-pure/src/main/resources/platform_store_relational/grammar/relational.pure
meta::relational::metamodel::datatype::Float	legend-pure	java	false	0	0	0	0	0		/Users/neemsandv/legend/legend-pure/legend-pure-store/legend-pure-store-relational/legend-pure-m2-store-relational-pure/src/main/resources/platform_store_relational/grammar/relational.pure
meta::relational::metamodel::datatype::Integer	legend-pure	java	false	0	0	0	0	0		/Users/neemsandv/legend/legend-pure/legend-pure-store/legend-pure-store-relational/legend-pure-m2-store-relational-pure/src/main/resources/platform_store_relational/grammar/relational.pure
meta::relational::metamodel::datatype::Numeric	legend-pure	java	false	0	0	0	0	0		/Users/neemsandv/legend/legend-pure/legend-pure-store/legend-pure-store-relational/legend-pure-m2-store-relational-pure/src/main/resources/platform_store_relational/grammar/relational.pure
meta::relational::metamodel::datatype::Object	legend-pure	java	false	0	0	0	0	0		/Users/neemsandv/legend/legend-pure/legend-pure-store/legend-pure-store-relational/legend-pure-m2-store-relational-pure/src/main/resources/platform_store_relational/grammar/relational.pure
meta::relational::metamodel::datatype::Other	legend-pure	java	false	0	0	0	0	0		/Users/neemsandv/legend/legend-pure/legend-pure-store/legend-pure-store-relational/legend-pure-m2-store-relational-pure/src/main/resources/platform_store_relational/grammar/relational.pure
meta::relational::metamodel::datatype::Real	legend-pure	java	false	0	0	0	0	0		/Users/neemsandv/legend/legend-pure/legend-pure-store/legend-pure-store-relational/legend-pure-m2-store-relational-pure/src/main/resources/platform_store_relational/grammar/relational.pure
meta::relational::metamodel::datatype::SemiStructured	legend-pure	java	false	0	0	0	0	0		/Users/neemsandv/legend/legend-pure/legend-pure-store/legend-pure-store-relational/legend-pure-m2-store-relational-pure/src/main/resources/platform_store_relational/grammar/relational.pure
meta::relational::metamodel::datatype::SmallInt	legend-pure	java	false	0	0	0	0	0		/Users/neemsandv/legend/legend-pure/legend-pure-store/legend-pure-store-relational/legend-pure-m2-store-relational-pure/src/main/resources/platform_store_relational/grammar/relational.pure
meta::relational::metamodel::datatype::Timestamp	legend-pure	java	false	0	0	0	0	0		/Users/neemsandv/legend/legend-pure/legend-pure-store/legend-pure-store-relational/legend-pure-m2-store-relational-pure/src/main/resources/platform_store_relational/grammar/relational.pure
meta::relational::metamodel::datatype::TinyInt	legend-pure	java	false	0	0	0	0	0		/Users/neemsandv/legend/legend-pure/legend-pure-store/legend-pure-store-relational/legend-pure-m2-store-relational-pure/src/main/resources/platform_store_relational/grammar/relational.pure
meta::relational::metamodel::datatype::Varbinary	legend-pure	java	false	0	0	0	0	0		/Users/neemsandv/legend/legend-pure/legend-pure-store/legend-pure-store-relational/legend-pure-m2-store-relational-pure/src/main/resources/platform_store_relational/grammar/relational.pure
meta::relational::metamodel::datatype::Varchar	legend-pure	java	false	0	0	0	0	0		/Users/neemsandv/legend/legend-pure/legend-pure-store/legend-pure-store-relational/legend-pure-m2-store-relational-pure/src/main/resources/platform_store_relational/grammar/relational.pure
meta::relational::metamodel::execute::ResultSet	legend-pure	java	false	0	0	0	0	0		/Users/neemsandv/legend/legend-pure/legend-pure-store/legend-pure-store-relational/legend-pure-m2-store-relational-pure/src/main/resources/platform_store_relational/functions.pure
meta::relational::metamodel::execute::Row	legend-pure	corpus	false	0	1	0	0	0		/Users/neemsandv/legend/legend-pure/legend-pure-store/legend-pure-store-relational/legend-pure-m2-store-relational-pure/src/main/resources/platform_store_relational/functions.pure
meta::relational::metamodel::join::AsOfJoin	legend-pure	corpus	false	0	0	0	0	0		/Users/neemsandv/legend/legend-pure/legend-pure-store/legend-pure-store-relational/legend-pure-m2-store-relational-pure/src/main/resources/platform_store_relational/grammar/relational.pure
meta::relational::metamodel::join::Join	legend-pure	java	false	0	0	0	0	0		/Users/neemsandv/legend/legend-pure/legend-pure-store/legend-pure-store-relational/legend-pure-m2-store-relational-pure/src/main/resources/platform_store_relational/grammar/relational.pure
meta::relational::metamodel::join::JoinTreeNode	legend-pure	java	false	0	0	0	0	0		/Users/neemsandv/legend/legend-pure/legend-pure-store/legend-pure-store-relational/legend-pure-m2-store-relational-pure/src/main/resources/platform_store_relational/grammar/relational.pure
meta::relational::metamodel::join::RelationalTreeNode	legend-pure	java	false	0	0	0	0	0		/Users/neemsandv/legend/legend-pure/legend-pure-store/legend-pure-store-relational/legend-pure-m2-store-relational-pure/src/main/resources/platform_store_relational/grammar/relational.pure
meta::relational::metamodel::join::RootJoinTreeNode	legend-pure	corpus	false	0	0	0	0	0		/Users/neemsandv/legend/legend-pure/legend-pure-store/legend-pure-store-relational/legend-pure-m2-store-relational-pure/src/main/resources/platform_store_relational/grammar/relational.pure
meta::relational::metamodel::operation::BinaryOperation	legend-pure	corpus	false	0	0	0	0	0		/Users/neemsandv/legend/legend-pure/legend-pure-store/legend-pure-store-relational/legend-pure-m2-store-relational-pure/src/main/resources/platform_store_relational/grammar/relational.pure
meta::relational::metamodel::operation::Function	legend-pure	corpus	false	0	0	0	0	0		/Users/neemsandv/legend/legend-pure/legend-pure-store/legend-pure-store-relational/legend-pure-m2-store-relational-pure/src/main/resources/platform_store_relational/grammar/relational.pure
meta::relational::metamodel::operation::JoinStrings	legend-pure	corpus	false	0	0	0	0	0		/Users/neemsandv/legend/legend-pure/legend-pure-store/legend-pure-store-relational/legend-pure-m2-store-relational-pure/src/main/resources/platform_store_relational/grammar/relational.pure
meta::relational::metamodel::operation::Operation	legend-pure	corpus	false	0	0	0	0	0		/Users/neemsandv/legend/legend-pure/legend-pure-store/legend-pure-store-relational/legend-pure-m2-store-relational-pure/src/main/resources/platform_store_relational/grammar/relational.pure
meta::relational::metamodel::operation::SemiStructuredArrayElementAccess	legend-pure	corpus	false	0	0	0	0	0		/Users/neemsandv/legend/legend-pure/legend-pure-store/legend-pure-store-relational/legend-pure-m2-store-relational-pure/src/main/resources/platform_store_relational/grammar/relational.pure
meta::relational::metamodel::operation::SemiStructuredObjectNavigation	legend-pure	corpus	false	0	0	0	0	0		/Users/neemsandv/legend/legend-pure/legend-pure-store/legend-pure-store-relational/legend-pure-m2-store-relational-pure/src/main/resources/platform_store_relational/grammar/relational.pure
meta::relational::metamodel::operation::SemiStructuredPropertyAccess	legend-pure	corpus	false	0	0	0	0	0		/Users/neemsandv/legend/legend-pure/legend-pure-store/legend-pure-store-relational/legend-pure-m2-store-relational-pure/src/main/resources/platform_store_relational/grammar/relational.pure
meta::relational::metamodel::operation::UnaryOperation	legend-pure	corpus	false	0	0	0	0	0		/Users/neemsandv/legend/legend-pure/legend-pure-store/legend-pure-store-relational/legend-pure-m2-store-relational-pure/src/main/resources/platform_store_relational/grammar/relational.pure
meta::relational::metamodel::operation::VariableArityOperation	legend-pure	corpus	false	0	0	0	0	0		/Users/neemsandv/legend/legend-pure/legend-pure-store/legend-pure-store-relational/legend-pure-m2-store-relational-pure/src/main/resources/platform_store_relational/grammar/relational.pure
meta::relational::metamodel::relation::BusinessMilestoning	legend-pure	corpus	false	0	0	0	0	0		/Users/neemsandv/legend/legend-pure/legend-pure-store/legend-pure-store-relational/legend-pure-m2-store-relational-pure/src/main/resources/platform_store_relational/grammar/relational.pure
meta::relational::metamodel::relation::BusinessSnapshotMilestoning	legend-pure	corpus	false	0	0	0	0	0		/Users/neemsandv/legend/legend-pure/legend-pure-store/legend-pure-store-relational/legend-pure-m2-store-relational-pure/src/main/resources/platform_store_relational/grammar/relational.pure
meta::relational::metamodel::relation::CommonTableExpression	legend-pure	corpus	false	0	0	0	0	0		/Users/neemsandv/legend/legend-pure/legend-pure-store/legend-pure-store-relational/legend-pure-m2-store-relational-pure/src/main/resources/platform_store_relational/grammar/relational.pure
meta::relational::metamodel::relation::CommonTableExpressionReference	legend-pure	corpus	false	0	0	0	0	0		/Users/neemsandv/legend/legend-pure/legend-pure-store/legend-pure-store-relational/legend-pure-m2-store-relational-pure/src/main/resources/platform_store_relational/grammar/relational.pure
meta::relational::metamodel::relation::FunctionParameter	legend-pure	corpus	false	0	0	0	0	0		/Users/neemsandv/legend/legend-pure/legend-pure-store/legend-pure-store-relational/legend-pure-m2-store-relational-pure/src/main/resources/platform_store_relational/grammar/relational.pure
meta::relational::metamodel::relation::GeneratedAccessorTable	legend-pure	corpus	false	0	0	0	0	0		/Users/neemsandv/legend/legend-pure/legend-pure-store/legend-pure-store-relational/legend-pure-m2-store-relational-pure/src/main/resources/platform_store_relational/grammar/relational.pure
meta::relational::metamodel::relation::Milestoning	legend-pure	corpus	false	0	0	0	0	0		/Users/neemsandv/legend/legend-pure/legend-pure-store/legend-pure-store-relational/legend-pure-m2-store-relational-pure/src/main/resources/platform_store_relational/grammar/relational.pure
meta::relational::metamodel::relation::NamedRelation	legend-pure	corpus	false	0	0	0	0	0		/Users/neemsandv/legend/legend-pure/legend-pure-store/legend-pure-store-relational/legend-pure-m2-store-relational-pure/src/main/resources/platform_store_relational/grammar/relational.pure
meta::relational::metamodel::relation::ProcessingMilestoning	legend-pure	corpus	false	0	0	0	0	0		/Users/neemsandv/legend/legend-pure/legend-pure-store/legend-pure-store-relational/legend-pure-m2-store-relational-pure/src/main/resources/platform_store_relational/grammar/relational.pure
meta::relational::metamodel::relation::ProcessingSnapshotMilestoning	legend-pure	corpus	false	0	0	0	0	0		/Users/neemsandv/legend/legend-pure/legend-pure-store/legend-pure-store-relational/legend-pure-m2-store-relational-pure/src/main/resources/platform_store_relational/grammar/relational.pure
meta::relational::metamodel::relation::Relation	legend-pure	java	false	0	0	0	0	0		/Users/neemsandv/legend/legend-pure/legend-pure-store/legend-pure-store-relational/legend-pure-m2-store-relational-pure/src/main/resources/platform_store_relational/grammar/relational.pure
meta::relational::metamodel::relation::SelectSQLQuery	legend-pure	java	false	0	0	0	0	0		/Users/neemsandv/legend/legend-pure/legend-pure-store/legend-pure-store-relational/legend-pure-m2-store-relational-pure/src/main/resources/platform_store_relational/grammar/relational.pure
meta::relational::metamodel::relation::SemiStructuredArrayFlatten	legend-pure	corpus	false	0	0	0	0	0		/Users/neemsandv/legend/legend-pure/legend-pure-store/legend-pure-store-relational/legend-pure-m2-store-relational-pure/src/main/resources/platform_store_relational/grammar/relational.pure
meta::relational::metamodel::relation::SemiStructuredArrayFlattenOutput	legend-pure	corpus	false	0	0	0	0	0		/Users/neemsandv/legend/legend-pure/legend-pure-store/legend-pure-store-relational/legend-pure-m2-store-relational-pure/src/main/resources/platform_store_relational/grammar/relational.pure
meta::relational::metamodel::relation::Table	legend-pure	java	false	0	0	0	0	0		/Users/neemsandv/legend/legend-pure/legend-pure-store/legend-pure-store-relational/legend-pure-m2-store-relational-pure/src/main/resources/platform_store_relational/grammar/relational.pure
meta::relational::metamodel::relation::TabularFunction	legend-pure	corpus	false	0	0	0	0	0		/Users/neemsandv/legend/legend-pure/legend-pure-store/legend-pure-store-relational/legend-pure-m2-store-relational-pure/src/main/resources/platform_store_relational/grammar/relational.pure
meta::relational::metamodel::relation::TdsSelectSqlQuery	legend-pure	corpus	false	0	0	0	0	0		/Users/neemsandv/legend/legend-pure/legend-pure-store/legend-pure-store-relational/legend-pure-m2-store-relational-pure/src/main/resources/platform_store_relational/grammar/relational.pure
meta::relational::metamodel::relation::TemporalMilestoning	legend-pure	corpus	false	0	0	0	0	0		/Users/neemsandv/legend/legend-pure/legend-pure-store/legend-pure-store-relational/legend-pure-m2-store-relational-pure/src/main/resources/platform_store_relational/grammar/relational.pure
meta::relational::metamodel::relation::TemporalSnapshotMilestoning	legend-pure	corpus	false	0	0	0	0	0		/Users/neemsandv/legend/legend-pure/legend-pure-store/legend-pure-store-relational/legend-pure-m2-store-relational-pure/src/main/resources/platform_store_relational/grammar/relational.pure
meta::relational::metamodel::relation::View	legend-pure	java	false	0	0	0	0	0		/Users/neemsandv/legend/legend-pure/legend-pure-store/legend-pure-store-relational/legend-pure-m2-store-relational-pure/src/main/resources/platform_store_relational/grammar/relational.pure
meta::relational::metamodel::relation::ViewSelectSQLQuery	legend-pure	corpus	false	0	0	0	0	0		/Users/neemsandv/legend/legend-pure/legend-pure-store/legend-pure-store-relational/legend-pure-m2-store-relational-pure/src/main/resources/platform_store_relational/grammar/relational.pure
meta::relational::postProcessor::cteExtraction::ExtractSubQueriesAsCTEsPostProcessor	legend-engine	java	true	0	0	0	0	0		/Users/neemsandv/legend/legend-engine/legend-engine-xts-relationalStore/legend-engine-xt-relationalStore-generation/legend-engine-xt-relationalStore-pure/legend-engine-xt-relationalStore-core-pure/src/main/resources/core_relational/relational/postprocessor/cteExtractionPostProcessor.pure
meta::relational::runtime::DataSource	legend-pure	java	false	0	0	0	0	0		/Users/neemsandv/legend/legend-pure/legend-pure-store/legend-pure-store-relational/legend-pure-m2-store-relational-pure/src/main/resources/platform_store_relational/relationalRuntime.pure
meta::relational::runtime::DatabaseType	legend-pure	java	false	enum						/Users/neemsandv/legend/legend-pure/legend-pure-store/legend-pure-store-relational/legend-pure-m2-store-relational-pure/src/main/resources/platform_store_relational/relationalRuntime.pure
meta::relational::runtime::PostProcessor	legend-pure	java	false	0	2	0	0	0		/Users/neemsandv/legend/legend-pure/legend-pure-store/legend-pure-store-relational/legend-pure-m2-store-relational-pure/src/main/resources/platform_store_relational/relationalRuntime.pure
meta::relational::runtime::PostProcessorParameter	legend-pure	corpus	false	0	0	0	0	0		/Users/neemsandv/legend/legend-pure/legend-pure-store/legend-pure-store-relational/legend-pure-m2-store-relational-pure/src/main/resources/platform_store_relational/relationalRuntime.pure
meta::relational::runtime::PostProcessorWithParameter	legend-pure	java	false	0	0	0	0	0		/Users/neemsandv/legend/legend-pure/legend-pure-store/legend-pure-store-relational/legend-pure-m2-store-relational-pure/src/main/resources/platform_store_relational/relationalRuntime.pure
meta::relational::runtime::PostProcessors	legend-pure	java	false	0	2	0	0	0		/Users/neemsandv/legend/legend-pure/legend-pure-store/legend-pure-store-relational/legend-pure-m2-store-relational-pure/src/main/resources/platform_store_relational/relationalRuntime.pure
meta::relational::runtime::RelationalExecutionContext	legend-engine	java	true	0	0	0	0	0		/Users/neemsandv/legend/legend-engine/legend-engine-xts-relationalStore/legend-engine-xt-relationalStore-generation/legend-engine-xt-relationalStore-pure/legend-engine-xt-relationalStore-core-pure/src/main/resources/core_relational/relational/runtime/executionContext/executionContext.pure
meta::relational::testDataGeneration::RowIdentifier	legend-engine	java	true	0	0	0	0	0		/Users/neemsandv/legend/legend-engine/legend-engine-xts-relationalStore/legend-engine-xt-relationalStore-generation/legend-engine-xt-relationalStore-pure/legend-engine-xt-relationalStore-core-pure/src/main/resources/core_relational/relational/testDataGeneration/testDataGeneration.pure
meta::relational::testDataGeneration::TableRowIdentifiers	legend-engine	java	true	0	0	0	0	0		/Users/neemsandv/legend/legend-engine/legend-engine-xts-relationalStore/legend-engine-xt-relationalStore-generation/legend-engine-xt-relationalStore-pure/legend-engine-xt-relationalStore-core-pure/src/main/resources/core_relational/relational/testDataGeneration/testDataGeneration.pure
meta::relational::testDataGeneration::TemporalMilestoningDates	legend-engine	java	true	0	0	0	0	0		/Users/neemsandv/legend/legend-engine/legend-engine-xts-relationalStore/legend-engine-xt-relationalStore-generation/legend-engine-xt-relationalStore-pure/legend-engine-xt-relationalStore-core-pure/src/main/resources/core_relational/relational/testDataGeneration/testDataGeneration.pure
meta::relational::testDataGeneration::TestDataGenResult	legend-engine	java	true	0	0	0	0	0		/Users/neemsandv/legend/legend-engine/legend-engine-xts-relationalStore/legend-engine-xt-relationalStore-generation/legend-engine-xt-relationalStore-pure/legend-engine-xt-relationalStore-core-pure/src/main/resources/core_relational/relational/testDataGeneration/testDataGeneration.pure
