# PROTOCOL-TYPE ROSTER — every @JsonSubTypes tag the pinned engine's protocol jars declare (+ the extension registry),
# COVERED when a source in the engine corpus, the fixtures or our own test snippets reaches it (ProtocolRosterCensusTest).
# THE LEDGER IS THIS FILE: a bump that adds or removes a tag, or moves a tag between COVERED and UNCOVERED, is a reviewed diff. Regenerate: -Droster.generate=1.
AggregationAwarePropertyMapping	org.finos.legend.engine.protocol.pure.v1.model.packageableElement.mapping.aggregationAware.AggregationAwarePropertyMapping	COVERED
AnalyticsExecutionContext	org.finos.legend.engine.protocol.pure.v1.model.valueSpecification.raw.executionContext.AnalyticsExecutionContext	UNCOVERED
Array	org.finos.legend.engine.protocol.pure.v1.model.packageableElement.store.relational.model.datatype.Other	UNCOVERED
BaseExecutionContext	org.finos.legend.engine.protocol.pure.v1.model.valueSpecification.raw.executionContext.BaseExecutionContext	UNCOVERED
BigInt	org.finos.legend.engine.protocol.pure.v1.model.packageableElement.store.relational.model.datatype.BigInt	COVERED
Binary	org.finos.legend.engine.protocol.pure.v1.model.packageableElement.store.relational.model.datatype.Binary	COVERED
Bit	org.finos.legend.engine.protocol.pure.v1.model.packageableElement.store.relational.model.datatype.Bit	COVERED
Char	org.finos.legend.engine.protocol.pure.v1.model.packageableElement.store.relational.model.datatype.Char	COVERED
Date	org.finos.legend.engine.protocol.pure.v1.model.packageableElement.store.relational.model.datatype.Date	COVERED
Decimal	org.finos.legend.engine.protocol.pure.v1.model.packageableElement.store.relational.model.datatype.Decimal	COVERED
DeephavenApp	org.finos.legend.engine.protocol.deephaven.metamodel.DeephavenApp	COVERED
DeephavenExecutionNode	org.finos.legend.engine.protocol.deephaven.metamodel.pure.DeephavenExecutionNode	UNCOVERED
Double	org.finos.legend.engine.protocol.pure.v1.model.packageableElement.store.relational.model.datatype.Double	COVERED
Enumeration	org.finos.legend.engine.protocol.pure.m3.type.Enumeration	COVERED
ExtractSubQueriesAsCTEsPostProcessor	org.finos.legend.engine.protocol.pure.v1.model.packageableElement.store.relational.connection.postprocessor.ExtractSubQueriesAsCTEsPostProcessor	UNCOVERED
Float	org.finos.legend.engine.protocol.pure.v1.model.packageableElement.store.relational.model.datatype.Float	COVERED
Integer	org.finos.legend.engine.protocol.pure.v1.model.packageableElement.store.relational.model.datatype.Integer	COVERED
Json	org.finos.legend.engine.protocol.pure.v1.model.packageableElement.store.relational.model.datatype.Json	COVERED
JsonModelConnection	org.finos.legend.engine.protocol.pure.v1.model.packageableElement.store.modelToModel.connection.JsonModelConnection	COVERED
ModelChainConnection	org.finos.legend.engine.protocol.pure.v1.model.packageableElement.store.modelToModel.connection.ModelChainConnection	COVERED
ModelConnection	org.finos.legend.engine.protocol.pure.v1.model.packageableElement.store.modelToModel.connection.ModelConnection	UNCOVERED
ModelStringInput	org.finos.legend.engine.protocol.pure.v1.model.packageableElement.store.modelToModel.connection.ModelStringInput	UNCOVERED
MongoDB	org.finos.legend.engine.protocol.mongodb.schema.metamodel.pure.RootMongoDBClassMapping	COVERED
MongoDBConnection	org.finos.legend.engine.protocol.mongodb.schema.metamodel.pure.MongoDBConnection	COVERED
MongoDBDocumentInternalizeExecutionNode	org.finos.legend.engine.protocol.mongodb.schema.metamodel.pure.MongoDBDocumentInternalizeExecutionNode	UNCOVERED
MongoDBExecutionNode	org.finos.legend.engine.protocol.mongodb.schema.metamodel.pure.MongoDBExecutionNode	UNCOVERED
MongoDatabase	org.finos.legend.engine.protocol.mongodb.schema.metamodel.pure.MongoDatabase	COVERED
Numeric	org.finos.legend.engine.protocol.pure.v1.model.packageableElement.store.relational.model.datatype.Numeric	COVERED
Other	org.finos.legend.engine.protocol.pure.v1.model.packageableElement.store.relational.model.datatype.Other	COVERED
PSK	org.finos.legend.engine.protocol.pure.v1.model.packageableElement.authentication.specification.PSKAuthenticationSpecification	COVERED
PureSingleExecution	org.finos.legend.engine.protocol.pure.v1.model.packageableElement.service.PureSingleExecution	UNCOVERED
Real	org.finos.legend.engine.protocol.pure.v1.model.packageableElement.store.relational.model.datatype.Real	COVERED
RelationalDatabaseConnection	org.finos.legend.engine.protocol.pure.v1.model.packageableElement.store.relational.connection.RelationalDatabaseConnection	COVERED
RelationalExecutionContext	org.finos.legend.engine.protocol.pure.v1.model.valueSpecification.executionContext.RelationalExecutionContext	UNCOVERED
SemiStructured	org.finos.legend.engine.protocol.pure.v1.model.packageableElement.store.relational.model.datatype.SemiStructured	COVERED
SmallInt	org.finos.legend.engine.protocol.pure.v1.model.packageableElement.store.relational.model.datatype.SmallInt	COVERED
Timestamp	org.finos.legend.engine.protocol.pure.v1.model.packageableElement.store.relational.model.datatype.Timestamp	COVERED
TinyInt	org.finos.legend.engine.protocol.pure.v1.model.packageableElement.store.relational.model.datatype.TinyInt	COVERED
Trino	org.finos.legend.engine.protocol.pure.v1.model.packageableElement.store.relational.connection.specification.TrinoDatasourceSpecification	COVERED
TrinoDelegatedKerberosAuth	org.finos.legend.engine.protocol.pure.v1.model.packageableElement.store.relational.connection.authentication.TrinoDelegatedKerberosAuthenticationStrategy	COVERED
Varbinary	org.finos.legend.engine.protocol.pure.v1.model.packageableElement.store.relational.model.datatype.Varbinary	COVERED
Varchar	org.finos.legend.engine.protocol.pure.v1.model.packageableElement.store.relational.model.datatype.VarChar	COVERED
XmlModelConnection	org.finos.legend.engine.protocol.pure.v1.model.packageableElement.store.modelToModel.connection.XmlModelConnection	COVERED
_IDResultPath	org.finos.legend.engine.protocol.store.elasticsearch.v7.metamodel.tds._IDResultPath	UNCOVERED
adjacencyMatrixAggregate	org.finos.legend.engine.protocol.store.elasticsearch.v7.specification.types.aggregations.AdjacencyMatrixAggregate	UNCOVERED
adjacencyMatrixAggregation	org.finos.legend.engine.protocol.store.elasticsearch.v7.specification.types.aggregations.AdjacencyMatrixAggregation	UNCOVERED
adjacencyMatrixBucket	org.finos.legend.engine.protocol.store.elasticsearch.v7.specification.types.aggregations.AdjacencyMatrixBucket	UNCOVERED
aggregateMetricDoubleProperty	org.finos.legend.engine.protocol.store.elasticsearch.v7.specification.types.mapping.AggregateMetricDoubleProperty	UNCOVERED
aggregateResultPath	org.finos.legend.engine.protocol.store.elasticsearch.v7.metamodel.tds.AggregateResultPath	UNCOVERED
aggregateValue	org.finos.legend.engine.protocol.pure.v1.model.valueSpecification.ClassInstanceWrapper	UNCOVERED
aggregationAware	org.finos.legend.engine.protocol.pure.v1.model.packageableElement.mapping.aggregationAware.AggregationAwareClassMapping	COVERED
aggregationPipeline	org.finos.legend.engine.protocol.mongodb.schema.metamodel.aggregation.AggregationPipeline	UNCOVERED
aliasedRelation	org.finos.legend.engine.protocol.sql.metamodel.AliasedRelation	UNCOVERED
allColumns	org.finos.legend.engine.protocol.sql.metamodel.AllColumns	UNCOVERED
allocation	org.finos.legend.engine.protocol.pure.v1.model.executionPlan.nodes.AllocationExecutionNode	UNCOVERED
allowDuplicates	org.finos.legend.engine.protocol.pure.v1.model.packageableElement.persistence.relational.temporality.updatesHandling.appendStrategy.AllowDuplicates	COVERED
alloy	org.finos.legend.engine.protocol.pure.v1.model.context.AlloySDLC	UNCOVERED
alloySerializationConfig	org.finos.legend.engine.protocol.pure.v1.model.valueSpecification.ClassInstanceWrapper	UNCOVERED
andOperatorExpression	org.finos.legend.engine.protocol.deephaven.metamodel.AndOperatorExpression	UNCOVERED
anyVersion	org.finos.legend.engine.protocol.pure.v1.model.packageableElement.persistence.dataset.deduplication.AnyVersion	COVERED
anyVersionDeduplicationStrategy	org.finos.legend.engine.protocol.pure.v1.model.packageableElement.persistence.persister.deduplication.AnyVersionDeduplicationStrategy	COVERED
apiKey	org.finos.legend.engine.protocol.pure.v1.model.packageableElement.store.service.model.ApiKeySecurityScheme	UNCOVERED
apiToken	org.finos.legend.engine.protocol.pure.v1.model.packageableElement.store.relational.connection.authentication.ApiTokenAuthenticationStrategy	COVERED
appendOnly	org.finos.legend.engine.protocol.pure.v1.model.packageableElement.persistence.persister.ingestmode.appendonly.AppendOnly	COVERED
argumentExpression	org.finos.legend.engine.protocol.mongodb.schema.metamodel.aggregation.ArgumentExpression	UNCOVERED
arithmeticExpression	org.finos.legend.engine.protocol.sql.metamodel.ArithmeticExpression	UNCOVERED
arrayLiteral	org.finos.legend.engine.protocol.sql.metamodel.ArrayLiteral	UNCOVERED
arraySliceExpression	org.finos.legend.engine.protocol.sql.metamodel.ArraySliceExpression	UNCOVERED
arrayType	org.finos.legend.engine.protocol.mongodb.schema.metamodel.ArrayType	COVERED
arrayTypeValue	org.finos.legend.engine.protocol.mongodb.schema.metamodel.aggregation.ArrayTypeValue	UNCOVERED
asciiFoldingTokenFilter	org.finos.legend.engine.protocol.store.elasticsearch.v7.specification.types.analysis.AsciiFoldingTokenFilter	UNCOVERED
assertFail	org.finos.legend.engine.protocol.pure.v1.model.test.assertion.status.AssertFail	UNCOVERED
assertPass	org.finos.legend.engine.protocol.pure.v1.model.test.assertion.status.AssertPass	UNCOVERED
association	org.finos.legend.engine.protocol.pure.m3.relationship.Association	COVERED
auditingDateTime	org.finos.legend.engine.protocol.pure.v1.model.packageableElement.persistence.relational.temporality.auditing.AuditingDateTime	COVERED
authenticationDemo	org.finos.legend.engine.protocol.pure.v1.model.packageableElement.authentication.demo.AuthenticationDemo	UNCOVERED
autoDateHistogramAggregate	org.finos.legend.engine.protocol.store.elasticsearch.v7.specification.types.aggregations.AutoDateHistogramAggregate	UNCOVERED
autoDateHistogramAggregation	org.finos.legend.engine.protocol.store.elasticsearch.v7.specification.types.aggregations.AutoDateHistogramAggregation	UNCOVERED
averageAggregation	org.finos.legend.engine.protocol.store.elasticsearch.v7.specification.types.aggregations.AverageAggregation	UNCOVERED
averageBucketAggregation	org.finos.legend.engine.protocol.store.elasticsearch.v7.specification.types.aggregations.AverageBucketAggregation	UNCOVERED
avgAggregate	org.finos.legend.engine.protocol.store.elasticsearch.v7.specification.types.aggregations.AvgAggregate	UNCOVERED
awsDefault	org.finos.legend.engine.protocol.pure.v1.model.packageableElement.authentication.vault.aws.AWSDefaultCredentials	UNCOVERED
awsGlue	org.finos.legend.engine.protocol.pure.v1.model.packageableElement.persistence.cloud.context.AwsGluePersistencePlatform	COVERED
awsSTSAssumeRole	org.finos.legend.engine.protocol.pure.v1.model.packageableElement.authentication.vault.aws.AWSSTSAssumeRoleCredentials	UNCOVERED
awsStatic	org.finos.legend.engine.protocol.pure.v1.model.packageableElement.authentication.vault.aws.AWSStaticCredentials	UNCOVERED
awssecretsmanager	org.finos.legend.engine.protocol.pure.v1.model.packageableElement.authentication.vault.aws.AWSSecretsManagerSecret	UNCOVERED
baseDataResolver	org.finos.legend.engine.protocol.pure.v1.model.data.BaseDataResolver	COVERED
batchId	org.finos.legend.engine.protocol.pure.v1.model.packageableElement.persistence.relational.temporality.processing.BatchId	COVERED
batchIdAndDateTimeTransactionMilestoning	org.finos.legend.engine.protocol.pure.v1.model.packageableElement.persistence.persister.transactionmilestoning.BatchIdAndDateTimeTransactionMilestoning	COVERED
batchIdAndProcessingTime	org.finos.legend.engine.protocol.pure.v1.model.packageableElement.persistence.relational.temporality.processing.BatchIdAndDateTime	COVERED
batchIdTransactionMilestoning	org.finos.legend.engine.protocol.pure.v1.model.packageableElement.persistence.persister.transactionmilestoning.BatchIdTransactionMilestoning	COVERED
batchPersister	org.finos.legend.engine.protocol.pure.v1.model.packageableElement.persistence.persister.BatchPersister	COVERED
betweenPredicate	org.finos.legend.engine.protocol.sql.metamodel.BetweenPredicate	UNCOVERED
bigQuery	org.finos.legend.engine.protocol.pure.v1.model.packageableElement.store.relational.connection.specification.BigQueryDatasourceSpecification	COVERED
bigQueryFunction	org.finos.legend.engine.protocol.bigqueryFunction.metamodel.BigQueryFunction	COVERED
bigQueryFunctionArtifact	org.finos.legend.engine.protocol.bigqueryFunction.deployment.BigQueryFunctionArtifact	UNCOVERED
bigQueryFunctionConfig	org.finos.legend.engine.protocol.bigqueryFunction.metamodel.BigQueryFunctionDeploymentConfiguration	COVERED
bigQueryFunctionDeploymentConfig	org.finos.legend.engine.protocol.bigqueryFunction.deployment.BigQueryFunctionDeploymentConfiguration	UNCOVERED
bigQueryFunctionDeploymentContent	org.finos.legend.engine.protocol.bigqueryFunction.deployment.BigQueryFunctionContent	UNCOVERED
binaryProperty	org.finos.legend.engine.protocol.store.elasticsearch.v7.specification.types.mapping.BinaryProperty	UNCOVERED
binaryType	org.finos.legend.engine.protocol.mongodb.schema.metamodel.BinaryType	UNCOVERED
binding	org.finos.legend.engine.protocol.pure.v1.model.packageableElement.externalFormat.Binding	COVERED
bitAndOperation	org.finos.legend.engine.protocol.deephaven.metamodel.BitAndOperation	UNCOVERED
bitNotOperation	org.finos.legend.engine.protocol.deephaven.metamodel.BitNotOperation	UNCOVERED
bitOrOperation	org.finos.legend.engine.protocol.deephaven.metamodel.BitOrOperation	UNCOVERED
bitShiftLeftOperation	org.finos.legend.engine.protocol.deephaven.metamodel.BitShiftLeftOperation	UNCOVERED
bitShiftRightOperation	org.finos.legend.engine.protocol.deephaven.metamodel.BitShiftRightOperation	UNCOVERED
bitXorOperation	org.finos.legend.engine.protocol.deephaven.metamodel.BitXorOperation	UNCOVERED
bitemporalDelta	org.finos.legend.engine.protocol.pure.v1.model.packageableElement.persistence.persister.ingestmode.delta.BitemporalDelta	COVERED
bitemporalSnapshot	org.finos.legend.engine.protocol.pure.v1.model.packageableElement.persistence.persister.ingestmode.snapshot.BitemporalSnapshot	COVERED
bitemporalTemporality	org.finos.legend.engine.protocol.pure.v1.model.packageableElement.persistence.relational.temporality.Bitemporal	COVERED
bitwiseBinaryExpression	org.finos.legend.engine.protocol.sql.metamodel.BitwiseBinaryExpression	UNCOVERED
bitwiseShiftExpression	org.finos.legend.engine.protocol.sql.metamodel.BitwiseShiftExpression	UNCOVERED
blockLiteral	org.finos.legend.engine.protocol.protobuf3.metamodel.BlockLiteral	UNCOVERED
bool	org.finos.legend.engine.protocol.protobuf3.metamodel.Bool	UNCOVERED
boolLiteral	org.finos.legend.engine.protocol.protobuf3.metamodel.BoolLiteral	UNCOVERED
boolQuery	org.finos.legend.engine.protocol.store.elasticsearch.v7.specification.types.querydsl.BoolQuery	UNCOVERED
boolType	org.finos.legend.engine.protocol.mongodb.schema.metamodel.BoolType	UNCOVERED
boolTypeValue	org.finos.legend.engine.protocol.mongodb.schema.metamodel.aggregation.BoolTypeValue	UNCOVERED
boolean	org.finos.legend.engine.protocol.pure.m3.valuespecification.constant.datatype.primitive.CBoolean	COVERED
booleanLiteral	org.finos.legend.engine.protocol.sql.metamodel.BooleanLiteral	UNCOVERED
booleanProperty	org.finos.legend.engine.protocol.store.elasticsearch.v7.specification.types.mapping.BooleanProperty	UNCOVERED
booleanType	org.finos.legend.engine.protocol.deephaven.metamodel.type.BooleanType	COVERED
booleanValue	org.finos.legend.engine.protocol.graphQL.metamodel.value.BooleanValue	UNCOVERED
boostingQuery	org.finos.legend.engine.protocol.store.elasticsearch.v7.specification.types.querydsl.BoostingQuery	UNCOVERED
boxPlotAggregate	org.finos.legend.engine.protocol.store.elasticsearch.v7.specification.types.aggregations.BoxPlotAggregate	UNCOVERED
boxplotAggregation	org.finos.legend.engine.protocol.store.elasticsearch.v7.specification.types.aggregations.BoxplotAggregation	UNCOVERED
bsonType	org.finos.legend.engine.protocol.mongodb.schema.metamodel.BsonType	UNCOVERED
bucketAggregationBase	org.finos.legend.engine.protocol.store.elasticsearch.v7.specification.types.aggregations.BucketAggregationBase	UNCOVERED
bucketMetricValueAggregate	org.finos.legend.engine.protocol.store.elasticsearch.v7.specification.types.aggregations.BucketMetricValueAggregate	UNCOVERED
bucketScriptAggregation	org.finos.legend.engine.protocol.store.elasticsearch.v7.specification.types.aggregations.BucketScriptAggregation	UNCOVERED
bucketSelectorAggregation	org.finos.legend.engine.protocol.store.elasticsearch.v7.specification.types.aggregations.BucketSelectorAggregation	UNCOVERED
bucketSortAggregation	org.finos.legend.engine.protocol.store.elasticsearch.v7.specification.types.aggregations.BucketSortAggregation	UNCOVERED
bulkRequest	org.finos.legend.engine.protocol.store.elasticsearch.v7.specification.global.bulk.BulkRequest	UNCOVERED
businessMilestoning	org.finos.legend.engine.protocol.pure.v1.model.packageableElement.store.relational.model.milestoning.BusinessMilestoning	COVERED
businessSnapshotMilestoning	org.finos.legend.engine.protocol.pure.v1.model.packageableElement.store.relational.model.milestoning.BusinessSnapshotMilestoning	COVERED
byteArray	org.finos.legend.engine.protocol.pure.m3.valuespecification.constant.datatype.primitive.CByteArray	COVERED
byteNumberProperty	org.finos.legend.engine.protocol.store.elasticsearch.v7.specification.types.mapping.ByteNumberProperty	UNCOVERED
byteType	org.finos.legend.engine.protocol.deephaven.metamodel.type.ByteType	UNCOVERED
bytes	org.finos.legend.engine.protocol.protobuf3.metamodel.Bytes	UNCOVERED
cardinalityAggregate	org.finos.legend.engine.protocol.store.elasticsearch.v7.specification.types.aggregations.CardinalityAggregate	UNCOVERED
cardinalityAggregation	org.finos.legend.engine.protocol.store.elasticsearch.v7.specification.types.aggregations.CardinalityAggregation	UNCOVERED
cast	org.finos.legend.engine.protocol.sql.metamodel.Cast	UNCOVERED
charGroupTokenizer	org.finos.legend.engine.protocol.store.elasticsearch.v7.specification.types.analysis.CharGroupTokenizer	UNCOVERED
charType	org.finos.legend.engine.protocol.deephaven.metamodel.type.CharType	UNCOVERED
childrenAggregate	org.finos.legend.engine.protocol.store.elasticsearch.v7.specification.types.aggregations.ChildrenAggregate	UNCOVERED
childrenAggregation	org.finos.legend.engine.protocol.store.elasticsearch.v7.specification.types.aggregations.ChildrenAggregation	UNCOVERED
class	org.finos.legend.engine.protocol.pure.v1.model.valueSpecification.deprecated.Class	COVERED
classInstance	org.finos.legend.engine.protocol.pure.m3.valuespecification.constant.classInstance.ClassInstance	COVERED
closePointInTimeRequest	org.finos.legend.engine.protocol.store.elasticsearch.v7.specification.global.closepointintime.ClosePointInTimeRequest	UNCOVERED
coalesceOperation	org.finos.legend.engine.protocol.deephaven.metamodel.CoalesceOperation	UNCOVERED
collection	org.finos.legend.engine.protocol.pure.m3.valuespecification.Collection	COVERED
collectionColumnType	org.finos.legend.engine.protocol.sql.metamodel.CollectionColumnType	UNCOVERED
column	org.finos.legend.engine.protocol.pure.v1.model.packageableElement.store.relational.model.operation.TableAliasColumn	COVERED
columnType	org.finos.legend.engine.protocol.sql.metamodel.ColumnType	UNCOVERED
combination	org.finos.legend.engine.protocol.pure.v1.model.context.PureModelContextCombination	UNCOVERED
combined	org.finos.legend.engine.protocol.pure.v1.model.packageableElement.dataSpace.DataSpaceSupportCombinedInfo	COVERED
combinedFieldsQuery	org.finos.legend.engine.protocol.store.elasticsearch.v7.specification.types.querydsl.CombinedFieldsQuery	UNCOVERED
commonGramsTokenFilter	org.finos.legend.engine.protocol.store.elasticsearch.v7.specification.types.analysis.CommonGramsTokenFilter	UNCOVERED
commonTermsQuery	org.finos.legend.engine.protocol.store.elasticsearch.v7.specification.types.querydsl.CommonTermsQuery	UNCOVERED
comparisonExpression	org.finos.legend.engine.protocol.sql.metamodel.ComparisonExpression	UNCOVERED
comparisonOperatorExpression	org.finos.legend.engine.protocol.deephaven.metamodel.ComparisonOperatorExpression	UNCOVERED
completionProperty	org.finos.legend.engine.protocol.store.elasticsearch.v7.specification.types.mapping.CompletionProperty	UNCOVERED
completionSuggest	org.finos.legend.engine.protocol.store.elasticsearch.v7.specification.global.search.types.CompletionSuggest	UNCOVERED
completionSuggester	org.finos.legend.engine.protocol.store.elasticsearch.v7.specification.global.search.types.CompletionSuggester	UNCOVERED
complex	org.finos.legend.engine.protocol.pure.v1.model.packageableElement.store.service.model.ComplexTypeReference	COVERED
composite	org.finos.legend.engine.protocol.pure.v1.model.executionPlan.CompositeExecutionPlan	UNCOVERED
compositeAggregate	org.finos.legend.engine.protocol.store.elasticsearch.v7.specification.types.aggregations.CompositeAggregate	UNCOVERED
compositeAggregation	org.finos.legend.engine.protocol.store.elasticsearch.v7.specification.types.aggregations.CompositeAggregation	UNCOVERED
compositeBucket	org.finos.legend.engine.protocol.store.elasticsearch.v7.specification.types.aggregations.CompositeBucket	UNCOVERED
compoundWordTokenFilterBase	org.finos.legend.engine.protocol.store.elasticsearch.v7.specification.types.analysis.CompoundWordTokenFilterBase	UNCOVERED
computedFieldValue	org.finos.legend.engine.protocol.mongodb.schema.metamodel.aggregation.ComputedFieldValue	UNCOVERED
conditionTokenFilter	org.finos.legend.engine.protocol.store.elasticsearch.v7.specification.types.analysis.ConditionTokenFilter	UNCOVERED
connection	org.finos.legend.engine.protocol.pure.v1.model.packageableElement.connection.PackageableConnection	COVERED
connectionPointer	org.finos.legend.engine.protocol.pure.v1.model.packageableElement.connection.ConnectionPointer	COVERED
connectionValue	org.finos.legend.engine.protocol.pure.v1.model.packageableElement.persistence.service.parameter.ConnectionValue	COVERED
constant	org.finos.legend.engine.protocol.pure.v1.model.executionPlan.nodes.ConstantExecutionNode	UNCOVERED
constantKeywordProperty	org.finos.legend.engine.protocol.store.elasticsearch.v7.specification.types.mapping.ConstantKeywordProperty	UNCOVERED
constantScoreQuery	org.finos.legend.engine.protocol.store.elasticsearch.v7.specification.types.querydsl.ConstantScoreQuery	UNCOVERED
corePropertyBase	org.finos.legend.engine.protocol.store.elasticsearch.v7.specification.types.mapping.CorePropertyBase	UNCOVERED
countRequest	org.finos.legend.engine.protocol.store.elasticsearch.v7.specification.global.count.CountRequest	UNCOVERED
createAndPopulateTempTable	org.finos.legend.engine.protocol.pure.v1.model.executionPlan.nodes.CreateAndPopulateTempTableExecutionNode	UNCOVERED
createOperation	org.finos.legend.engine.protocol.store.elasticsearch.v7.specification.global.bulk.CreateOperation	UNCOVERED
createRequest	org.finos.legend.engine.protocol.store.elasticsearch.v7.specification.indices.create.CreateRequest	UNCOVERED
cronTrigger	org.finos.legend.engine.protocol.pure.v1.model.packageableElement.persistence.trigger.CronTrigger	UNCOVERED
cumulativeCardinalityAggregate	org.finos.legend.engine.protocol.store.elasticsearch.v7.specification.types.aggregations.CumulativeCardinalityAggregate	UNCOVERED
cumulativeCardinalityAggregation	org.finos.legend.engine.protocol.store.elasticsearch.v7.specification.types.aggregations.CumulativeCardinalityAggregation	UNCOVERED
cumulativeSumAggregation	org.finos.legend.engine.protocol.store.elasticsearch.v7.specification.types.aggregations.CumulativeSumAggregation	UNCOVERED
currentTime	org.finos.legend.engine.protocol.sql.metamodel.CurrentTime	UNCOVERED
currentUser	org.finos.legend.engine.protocol.sql.metamodel.CurrentUser	UNCOVERED
customType	org.finos.legend.engine.protocol.deephaven.metamodel.type.CustomType	UNCOVERED
data	org.finos.legend.engine.protocol.pure.v1.model.context.PureModelContextData	COVERED
dataElement	org.finos.legend.engine.protocol.pure.v1.model.packageableElement.data.DataElement	COVERED
dataQuality	org.finos.legend.engine.protocol.pure.v1.model.executionPlan.nodes.externalFormat.DataQualityExecutionNode	UNCOVERED
dataQualityPropertyGraphFetchTree	org.finos.legend.engine.protocol.dataquality.metamodel.DataQualityPropertyGraphFetchTree	COVERED
dataQualityRelationComparison	org.finos.legend.engine.protocol.dataquality.metamodel.DataQualityRelationComparison	COVERED
dataQualityRelationComparisonTest	org.finos.legend.engine.protocol.dataquality.metamodel.testable.DataQualityRelationComparisonTest	COVERED
dataQualityRelationComparisonTestSuite	org.finos.legend.engine.protocol.dataquality.metamodel.testable.DataQualityRelationComparisonTestSuite	COVERED
dataQualityRelationValidationTest	org.finos.legend.engine.protocol.dataquality.metamodel.testable.DataQualityRelationValidationTest	COVERED
dataQualityRelationValidationTestSuite	org.finos.legend.engine.protocol.dataquality.metamodel.testable.DataQualityRelationValidationTestSuite	COVERED
dataQualityRootGraphFetchTree	org.finos.legend.engine.protocol.dataquality.metamodel.DataQualityRootGraphFetchTree	COVERED
dataQualityValidation	org.finos.legend.engine.protocol.dataquality.metamodel.DataQuality	COVERED
dataSpace	org.finos.legend.engine.protocol.pure.v1.model.packageableElement.dataSpace.DataSpace	COVERED
dataSpaceDataQualityExecutionContext	org.finos.legend.engine.protocol.dataquality.metamodel.DataSpaceDataQualityExecutionContext	COVERED
dataSpacePackageableElementExecutable	org.finos.legend.engine.protocol.pure.v1.model.packageableElement.dataSpace.DataSpacePackageableElementExecutable	COVERED
dataSpaceTemplateExecutable	org.finos.legend.engine.protocol.pure.v1.model.packageableElement.dataSpace.DataSpaceTemplateExecutable	COVERED
dataType	org.finos.legend.engine.protocol.pure.v1.model.executionPlan.result.DataTypeResultType	UNCOVERED
dataTypeConstructor	org.finos.legend.engine.protocol.haskell.metamodel.DataTypeConstructor	UNCOVERED
databaseCommand	org.finos.legend.engine.protocol.mongodb.schema.metamodel.aggregation.DatabaseCommand	UNCOVERED
databaseInstance	org.finos.legend.engine.protocol.pure.v1.model.valueSpecification.DatabaseInstance	UNCOVERED
databricks	org.finos.legend.engine.protocol.pure.v1.model.packageableElement.store.relational.connection.specification.DatabricksDatasourceSpecification	COVERED
dataqualityRelationValidation	org.finos.legend.engine.protocol.dataquality.metamodel.DataqualityRelationValidation	COVERED
dateDecayFunction	org.finos.legend.engine.protocol.store.elasticsearch.v7.specification.types.querydsl.DateDecayFunction	UNCOVERED
dateDistanceFeatureQuery	org.finos.legend.engine.protocol.store.elasticsearch.v7.specification.types.querydsl.DateDistanceFeatureQuery	UNCOVERED
dateHistogramAggregate	org.finos.legend.engine.protocol.store.elasticsearch.v7.specification.types.aggregations.DateHistogramAggregate	UNCOVERED
dateHistogramAggregation	org.finos.legend.engine.protocol.store.elasticsearch.v7.specification.types.aggregations.DateHistogramAggregation	UNCOVERED
dateHistogramBucket	org.finos.legend.engine.protocol.store.elasticsearch.v7.specification.types.aggregations.DateHistogramBucket	UNCOVERED
dateNanosProperty	org.finos.legend.engine.protocol.store.elasticsearch.v7.specification.types.mapping.DateNanosProperty	UNCOVERED
dateProperty	org.finos.legend.engine.protocol.store.elasticsearch.v7.specification.types.mapping.DateProperty	UNCOVERED
dateRangeAggregate	org.finos.legend.engine.protocol.store.elasticsearch.v7.specification.types.aggregations.DateRangeAggregate	UNCOVERED
dateRangeAggregation	org.finos.legend.engine.protocol.store.elasticsearch.v7.specification.types.aggregations.DateRangeAggregation	UNCOVERED
dateRangeProperty	org.finos.legend.engine.protocol.store.elasticsearch.v7.specification.types.mapping.DateRangeProperty	UNCOVERED
dateRangeQuery	org.finos.legend.engine.protocol.store.elasticsearch.v7.specification.types.querydsl.DateRangeQuery	UNCOVERED
dateTime	org.finos.legend.engine.protocol.pure.m3.valuespecification.constant.datatype.primitive.CDateTime	COVERED
dateTimeAuditing	org.finos.legend.engine.protocol.pure.v1.model.packageableElement.persistence.persister.auditing.DateTimeAuditing	COVERED
dateTimeTransactionMilestoning	org.finos.legend.engine.protocol.pure.v1.model.packageableElement.persistence.persister.transactionmilestoning.DateTimeTransactionMilestoning	COVERED
dateTimeType	org.finos.legend.engine.protocol.deephaven.metamodel.type.DateTimeType	COVERED
dateTimeValidityMilestoning	org.finos.legend.engine.protocol.pure.v1.model.packageableElement.persistence.persister.validitymilestoning.DateTimeValidityMilestoning	COVERED
dateType	org.finos.legend.engine.protocol.mongodb.schema.metamodel.DateType	UNCOVERED
dateTypeValue	org.finos.legend.engine.protocol.mongodb.schema.metamodel.aggregation.DateTypeValue	UNCOVERED
decimal	org.finos.legend.engine.protocol.pure.m3.valuespecification.constant.datatype.primitive.CDecimal	COVERED
decimalType	org.finos.legend.engine.protocol.deephaven.metamodel.type.DecimalType	COVERED
decimalTypeValue	org.finos.legend.engine.protocol.mongodb.schema.metamodel.aggregation.DecimalTypeValue	UNCOVERED
deephavenConnection	org.finos.legend.engine.protocol.deephaven.metamodel.runtime.DeephavenConnection	COVERED
deephavenExecutionContext	org.finos.legend.engine.protocol.deephaven.metamodel.executionPlan.context.DeephavenExecutionContext	UNCOVERED
deephavenQuery	org.finos.legend.engine.protocol.deephaven.metamodel.DeephavenQuery	UNCOVERED
deephavenStore	org.finos.legend.engine.protocol.deephaven.metamodel.store.DeephavenStore	COVERED
default	org.finos.legend.engine.protocol.pure.v1.model.packageableElement.section.DefaultCodeSection	COVERED
delegatedKerberos	org.finos.legend.engine.protocol.pure.v1.model.packageableElement.store.relational.connection.authentication.DelegatedKerberosAuthenticationStrategy	COVERED
deleteIndicator	org.finos.legend.engine.protocol.pure.v1.model.packageableElement.persistence.dataset.actionindicator.DeleteIndicator	UNCOVERED
deleteIndicatorForGraphFetch	org.finos.legend.engine.protocol.pure.v1.model.packageableElement.persistence.dataset.actionindicator.DeleteIndicatorForGraphFetch	COVERED
deleteIndicatorForTds	org.finos.legend.engine.protocol.pure.v1.model.packageableElement.persistence.dataset.actionindicator.DeleteIndicatorForTds	COVERED
deleteIndicatorMergeStrategy	org.finos.legend.engine.protocol.pure.v1.model.packageableElement.persistence.persister.ingestmode.delta.merge.DeleteIndicatorMergeStrategy	COVERED
deleteOperation	org.finos.legend.engine.protocol.store.elasticsearch.v7.specification.global.bulk.DeleteOperation	UNCOVERED
deleteRequest	org.finos.legend.engine.protocol.store.elasticsearch.v7.specification.indices.delete.DeleteRequest	UNCOVERED
deleteResponse	org.finos.legend.engine.protocol.store.elasticsearch.v7.specification.indices.delete.DeleteResponse	UNCOVERED
deleteTargetDataset	org.finos.legend.engine.protocol.pure.v1.model.packageableElement.persistence.dataset.emptyhandling.DeleteTargetDataset	COVERED
delimitedPayloadTokenFilter	org.finos.legend.engine.protocol.store.elasticsearch.v7.specification.types.analysis.DelimitedPayloadTokenFilter	UNCOVERED
delta	org.finos.legend.engine.protocol.pure.v1.model.packageableElement.persistence.dataset.Delta	COVERED
denseVectorProperty	org.finos.legend.engine.protocol.store.elasticsearch.v7.specification.types.mapping.DenseVectorProperty	UNCOVERED
deploymentOwnership	org.finos.legend.engine.protocol.pure.v1.model.packageableElement.service.DeploymentOwnership	COVERED
derivativeAggregate	org.finos.legend.engine.protocol.store.elasticsearch.v7.specification.types.aggregations.DerivativeAggregate	UNCOVERED
derivativeAggregation	org.finos.legend.engine.protocol.store.elasticsearch.v7.specification.types.aggregations.DerivativeAggregation	UNCOVERED
diagram	org.finos.legend.engine.protocol.pure.v1.model.packageableElement.diagram.Diagram	COVERED
dictionaryDecompounderTokenFilter	org.finos.legend.engine.protocol.store.elasticsearch.v7.specification.types.analysis.DictionaryDecompounderTokenFilter	UNCOVERED
directiveDefinition	org.finos.legend.engine.protocol.graphQL.metamodel.typeSystem.DirectiveDefinition	UNCOVERED
disMaxQuery	org.finos.legend.engine.protocol.store.elasticsearch.v7.specification.types.querydsl.DisMaxQuery	UNCOVERED
distanceFeatureQueryBase	org.finos.legend.engine.protocol.store.elasticsearch.v7.specification.types.querydsl.DistanceFeatureQueryBase	UNCOVERED
diversifiedSamplerAggregation	org.finos.legend.engine.protocol.store.elasticsearch.v7.specification.types.aggregations.DiversifiedSamplerAggregation	UNCOVERED
divisionOperation	org.finos.legend.engine.protocol.deephaven.metamodel.DivisionOperation	UNCOVERED
divisionWithScaleOperation	org.finos.legend.engine.protocol.deephaven.metamodel.DivisionWithScaleOperation	UNCOVERED
docCountAggregateResultPath	org.finos.legend.engine.protocol.store.elasticsearch.v7.metamodel.tds.DocCountAggregateResultPath	UNCOVERED
docValueResultPath	org.finos.legend.engine.protocol.store.elasticsearch.v7.metamodel.tds.DocValueResultPath	UNCOVERED
docValuesPropertyBase	org.finos.legend.engine.protocol.store.elasticsearch.v7.specification.types.mapping.DocValuesPropertyBase	UNCOVERED
double	org.finos.legend.engine.protocol.protobuf3.metamodel.Double	UNCOVERED
doubleLiteral	org.finos.legend.engine.protocol.sql.metamodel.DoubleLiteral	UNCOVERED
doubleNumberProperty	org.finos.legend.engine.protocol.store.elasticsearch.v7.specification.types.mapping.DoubleNumberProperty	UNCOVERED
doubleRangeProperty	org.finos.legend.engine.protocol.store.elasticsearch.v7.specification.types.mapping.DoubleRangeProperty	UNCOVERED
doubleTermsAggregate	org.finos.legend.engine.protocol.store.elasticsearch.v7.specification.types.aggregations.DoubleTermsAggregate	UNCOVERED
doubleTermsBucket	org.finos.legend.engine.protocol.store.elasticsearch.v7.specification.types.aggregations.DoubleTermsBucket	UNCOVERED
doubleType	org.finos.legend.engine.protocol.deephaven.metamodel.type.DoubleType	COVERED
duckDB	org.finos.legend.engine.protocol.pure.v1.model.packageableElement.store.relational.connection.specification.DuckDBDatasourceSpecification	COVERED
duplicateCountDeduplicationStrategy	org.finos.legend.engine.protocol.pure.v1.model.packageableElement.persistence.persister.deduplication.DuplicateCountDeduplicationStrategy	COVERED
dynaFunc	org.finos.legend.engine.protocol.pure.v1.model.packageableElement.store.relational.model.operation.DynaFunc	COVERED
dynamicProperty	org.finos.legend.engine.protocol.store.elasticsearch.v7.specification.types.mapping.DynamicProperty	UNCOVERED
edgeNGramTokenFilter	org.finos.legend.engine.protocol.store.elasticsearch.v7.specification.types.analysis.EdgeNGramTokenFilter	UNCOVERED
edgeNGramTokenizer	org.finos.legend.engine.protocol.store.elasticsearch.v7.specification.types.analysis.EdgeNGramTokenizer	UNCOVERED
elasticsearch7ExecutionContext	org.finos.legend.engine.protocol.store.elasticsearch.v7.metamodel.executionPlan.context.Elasticsearch7ExecutionContext	UNCOVERED
elasticsearch7RequestExecutionNode	org.finos.legend.engine.protocol.store.elasticsearch.v7.metamodel.executionPlan.Elasticsearch7RequestExecutionNode	UNCOVERED
elasticsearch7Store	org.finos.legend.engine.protocol.store.elasticsearch.v7.metamodel.store.Elasticsearch7Store	COVERED
elasticsearch7StoreConnection	org.finos.legend.engine.protocol.store.elasticsearch.v7.metamodel.runtime.Elasticsearch7StoreConnection	COVERED
elemtWithJoins	org.finos.legend.engine.protocol.pure.v1.model.packageableElement.store.relational.model.operation.ElementWithJoins	COVERED
elisionTokenFilter	org.finos.legend.engine.protocol.store.elasticsearch.v7.specification.types.analysis.ElisionTokenFilter	UNCOVERED
email	org.finos.legend.engine.protocol.pure.v1.model.packageableElement.dataSpace.DataSpaceSupportEmail	COVERED
emailNotifyee	org.finos.legend.engine.protocol.pure.v1.model.packageableElement.persistence.notifier.EmailNotifyee	COVERED
embedded	org.finos.legend.engine.protocol.pure.v1.model.packageableElement.store.relational.mapping.RelationalClassMapping	COVERED
embeddedPropertyMapping	org.finos.legend.engine.protocol.pure.v1.model.packageableElement.store.relational.mapping.EmbeddedRelationalPropertyMapping	COVERED
encryptedPrivateKey	org.finos.legend.engine.protocol.pure.v1.model.packageableElement.authentication.specification.EncryptedPrivateKeyPairAuthenticationSpecification	UNCOVERED
engineRuntime	org.finos.legend.engine.protocol.pure.v1.model.packageableElement.runtime.EngineRuntime	COVERED
entity	org.finos.legend.engine.protocol.analytics.model.EntityMappedProperty	UNCOVERED
enum	org.finos.legend.engine.protocol.pure.v1.model.valueSpecification.deprecated.Enum	UNCOVERED
enumPtr	org.finos.legend.engine.protocol.protobuf3.metamodel.EnumPtr	UNCOVERED
enumSchemaColumn	org.finos.legend.engine.protocol.sql.schema.metamodel.EnumSchemaColumn	UNCOVERED
enumSourceValue	org.finos.legend.engine.protocol.pure.v1.model.packageableElement.mapping.EnumValueMappingEnumSourceValue	COVERED
enumTypeDefinition	org.finos.legend.engine.protocol.graphQL.metamodel.typeSystem.EnumTypeDefinition	UNCOVERED
enumValidationContext	org.finos.legend.engine.protocol.pure.v1.model.executionPlan.nodes.EnumValidationContext	UNCOVERED
enumValue	org.finos.legend.engine.protocol.pure.m3.valuespecification.constant.datatype.EnumValue	COVERED
enumeration	org.finos.legend.engine.protocol.protobuf3.metamodel.Enumeration	UNCOVERED
environment	org.finos.legend.engine.protocol.pure.v1.model.packageableElement.authentication.vault.EnvironmentCredentialVaultSecret	UNCOVERED
eqOperatorExpression	org.finos.legend.engine.protocol.deephaven.metamodel.EqOperatorExpression	UNCOVERED
equalTo	org.finos.legend.engine.protocol.pure.v1.model.test.assertion.EqualTo	COVERED
equalToJson	org.finos.legend.engine.protocol.pure.v1.model.test.assertion.EqualToJson	COVERED
equalToJsonAssertFail	org.finos.legend.engine.protocol.pure.v1.model.test.assertion.status.EqualToJsonAssertFail	UNCOVERED
equalToRelation	org.finos.legend.engine.protocol.pure.v1.model.test.assertion.EqualToRelation	COVERED
equalToRelationAssertFail	org.finos.legend.engine.protocol.pure.v1.model.test.assertion.status.EqualToRelationAssertFail	UNCOVERED
error	org.finos.legend.engine.protocol.pure.v1.model.executionPlan.nodes.ErrorExecutionNode	UNCOVERED
ewmaMovingAverageAggregation	org.finos.legend.engine.protocol.store.elasticsearch.v7.specification.types.aggregations.EwmaMovingAverageAggregation	UNCOVERED
except	org.finos.legend.engine.protocol.sql.metamodel.Except	UNCOVERED
executableDefinition	org.finos.legend.engine.protocol.graphQL.metamodel.executable.ExecutableDefinition	UNCOVERED
executableDocument	org.finos.legend.engine.protocol.graphQL.metamodel.ExecutableDocument	UNCOVERED
executionContextInstance	org.finos.legend.engine.protocol.pure.v1.model.valueSpecification.ClassInstanceWrapper	UNCOVERED
executionEnvironmentInstance	org.finos.legend.engine.protocol.pure.v1.model.packageableElement.service.ExecutionEnvironmentInstance	COVERED
existsPredicate	org.finos.legend.engine.protocol.sql.metamodel.ExistsPredicate	UNCOVERED
existsQuery	org.finos.legend.engine.protocol.store.elasticsearch.v7.specification.types.querydsl.ExistsQuery	UNCOVERED
expectedOutputMappingTestAssert	org.finos.legend.engine.protocol.pure.v1.model.packageableElement.mapping.mappingTest.ExpectedOutputMappingTestAssert	COVERED
exprQueryExpression	org.finos.legend.engine.protocol.mongodb.schema.metamodel.aggregation.ExprQueryExpression	UNCOVERED
expression	org.finos.legend.engine.protocol.sql.metamodel.Expression	UNCOVERED
extendWindowOperation	org.finos.legend.engine.protocol.deephaven.metamodel.ExtendWindowOperation	UNCOVERED
extendedStatsAggregate	org.finos.legend.engine.protocol.store.elasticsearch.v7.specification.types.aggregations.ExtendedStatsAggregate	UNCOVERED
extendedStatsAggregation	org.finos.legend.engine.protocol.store.elasticsearch.v7.specification.types.aggregations.ExtendedStatsAggregation	UNCOVERED
extendedStatsBucketAggregate	org.finos.legend.engine.protocol.store.elasticsearch.v7.specification.types.aggregations.ExtendedStatsBucketAggregate	UNCOVERED
extendedStatsBucketAggregation	org.finos.legend.engine.protocol.store.elasticsearch.v7.specification.types.aggregations.ExtendedStatsBucketAggregation	UNCOVERED
externalFormat	org.finos.legend.engine.protocol.pure.v1.model.data.ExternalFormatData	COVERED
externalFormatExternalize	org.finos.legend.engine.protocol.pure.v1.model.executionPlan.nodes.externalFormat.ExternalFormatExternalizeExecutionNode	UNCOVERED
externalFormatExternalizeTDS	org.finos.legend.engine.protocol.pure.v1.model.executionPlan.nodes.externalFormat.ExternalFormatExternalizeTDSExecutionNode	UNCOVERED
externalFormatInternalize	org.finos.legend.engine.protocol.pure.v1.model.executionPlan.nodes.externalFormat.ExternalFormatInternalizeExecutionNode	UNCOVERED
externalFormatSchemaSet	org.finos.legend.engine.protocol.pure.v1.model.packageableElement.externalFormat.ExternalFormatSchemaSet	COVERED
extract	org.finos.legend.engine.protocol.sql.metamodel.Extract	UNCOVERED
failOnDuplicates	org.finos.legend.engine.protocol.pure.v1.model.packageableElement.persistence.relational.temporality.updatesHandling.appendStrategy.FailOnDuplicates	COVERED
field	org.finos.legend.engine.protocol.protobuf3.metamodel.Field	UNCOVERED
fieldAliasProperty	org.finos.legend.engine.protocol.store.elasticsearch.v7.specification.types.mapping.FieldAliasProperty	UNCOVERED
fieldBased	org.finos.legend.engine.protocol.pure.v1.model.packageableElement.persistence.dataset.partitioning.FieldBased	UNCOVERED
fieldBasedForGraphFetch	org.finos.legend.engine.protocol.pure.v1.model.packageableElement.persistence.dataset.partitioning.FieldBasedForGraphFetch	COVERED
fieldBasedForTds	org.finos.legend.engine.protocol.pure.v1.model.packageableElement.persistence.dataset.partitioning.FieldBasedForTds	COVERED
fieldPathExpression	org.finos.legend.engine.protocol.mongodb.schema.metamodel.aggregation.FieldPathExpression	UNCOVERED
fieldResultPath	org.finos.legend.engine.protocol.store.elasticsearch.v7.metamodel.tds.FieldResultPath	UNCOVERED
fileGeneration	org.finos.legend.engine.protocol.pure.v1.model.packageableElement.fileGeneration.FileGenerationSpecification	COVERED
filterAggregate	org.finos.legend.engine.protocol.store.elasticsearch.v7.specification.types.aggregations.FilterAggregate	UNCOVERED
filterDuplicates	org.finos.legend.engine.protocol.pure.v1.model.packageableElement.persistence.relational.temporality.updatesHandling.appendStrategy.FilterDuplicates	COVERED
filterExpression	org.finos.legend.engine.protocol.deephaven.metamodel.FilterExpression	UNCOVERED
filterOperation	org.finos.legend.engine.protocol.deephaven.metamodel.FilterOperation	UNCOVERED
filtersAggregate	org.finos.legend.engine.protocol.store.elasticsearch.v7.specification.types.aggregations.FiltersAggregate	UNCOVERED
filtersAggregation	org.finos.legend.engine.protocol.store.elasticsearch.v7.specification.types.aggregations.FiltersAggregation	UNCOVERED
filtersBucket	org.finos.legend.engine.protocol.store.elasticsearch.v7.specification.types.aggregations.FiltersBucket	UNCOVERED
fingerprintTokenFilter	org.finos.legend.engine.protocol.store.elasticsearch.v7.specification.types.analysis.FingerprintTokenFilter	UNCOVERED
firstOperation	org.finos.legend.engine.protocol.deephaven.metamodel.FirstOperation	UNCOVERED
fixed32	org.finos.legend.engine.protocol.protobuf3.metamodel.Fixed32	UNCOVERED
fixed64	org.finos.legend.engine.protocol.protobuf3.metamodel.Fixed64	UNCOVERED
flatTarget	org.finos.legend.engine.protocol.pure.v1.model.packageableElement.persistence.persister.targetshape.FlatTarget	COVERED
flattenedProperty	org.finos.legend.engine.protocol.store.elasticsearch.v7.specification.types.mapping.FlattenedProperty	UNCOVERED
float	org.finos.legend.engine.protocol.pure.m3.valuespecification.constant.datatype.primitive.CFloat	COVERED
floatLiteral	org.finos.legend.engine.protocol.protobuf3.metamodel.FloatLiteral	UNCOVERED
floatNumberProperty	org.finos.legend.engine.protocol.store.elasticsearch.v7.specification.types.mapping.FloatNumberProperty	UNCOVERED
floatRangeProperty	org.finos.legend.engine.protocol.store.elasticsearch.v7.specification.types.mapping.FloatRangeProperty	UNCOVERED
floatType	org.finos.legend.engine.protocol.deephaven.metamodel.type.FloatType	COVERED
floatTypeValue	org.finos.legend.engine.protocol.mongodb.schema.metamodel.aggregation.FloatTypeValue	UNCOVERED
floatValue	org.finos.legend.engine.protocol.graphQL.metamodel.value.FloatValue	UNCOVERED
formatMetricAggregationBase	org.finos.legend.engine.protocol.store.elasticsearch.v7.specification.types.aggregations.FormatMetricAggregationBase	UNCOVERED
formattableMetricAggregation	org.finos.legend.engine.protocol.store.elasticsearch.v7.specification.types.aggregations.FormattableMetricAggregation	UNCOVERED
fragmentDefinition	org.finos.legend.engine.protocol.graphQL.metamodel.executable.FragmentDefinition	UNCOVERED
fragmentSpread	org.finos.legend.engine.protocol.graphQL.metamodel.executable.FragmentSpread	UNCOVERED
frameBound	org.finos.legend.engine.protocol.sql.metamodel.FrameBound	UNCOVERED
freeMarkerConditionalExecutionNode	org.finos.legend.engine.protocol.pure.v1.model.executionPlan.nodes.FreeMarkerConditionalExecutionNode	UNCOVERED
full	org.finos.legend.engine.protocol.pure.v1.model.packageableElement.dataSpace.DataSpaceSupportFullInfo	COVERED
func	org.finos.legend.engine.protocol.pure.m3.valuespecification.AppliedFunction	COVERED
funcColSpecOperation	org.finos.legend.engine.protocol.deephaven.metamodel.FuncColSpecOperation	UNCOVERED
function	org.finos.legend.engine.protocol.pure.m3.function.Function	COVERED
function-parameters-validation	org.finos.legend.engine.protocol.pure.v1.model.executionPlan.nodes.FunctionParametersValidationNode	UNCOVERED
functionCall	org.finos.legend.engine.protocol.sql.metamodel.FunctionCall	UNCOVERED
functionJar	org.finos.legend.engine.protocol.functionJar.metamodel.FunctionJar	COVERED
functionJarArtifact	org.finos.legend.engine.protocol.functionJar.deployment.FunctionJarArtifact	UNCOVERED
functionJarDeploymentContent	org.finos.legend.engine.protocol.functionJar.deployment.FunctionJarContent	UNCOVERED
functionScoreQuery	org.finos.legend.engine.protocol.store.elasticsearch.v7.specification.types.querydsl.FunctionScoreQuery	UNCOVERED
functionTest	org.finos.legend.engine.protocol.pure.v1.model.packageableElement.function.FunctionTest	COVERED
functionTestSuite	org.finos.legend.engine.protocol.pure.v1.model.packageableElement.function.FunctionTestSuite	COVERED
fuzzyQuery	org.finos.legend.engine.protocol.store.elasticsearch.v7.specification.types.querydsl.FuzzyQuery	UNCOVERED
gTEOperatorExpression	org.finos.legend.engine.protocol.mongodb.schema.metamodel.aggregation.GTEOperatorExpression	UNCOVERED
gTOperatorExpression	org.finos.legend.engine.protocol.mongodb.schema.metamodel.aggregation.GTOperatorExpression	UNCOVERED
gcpApplicationDefaultCredentials	org.finos.legend.engine.protocol.pure.v1.model.packageableElement.store.relational.connection.authentication.GCPApplicationDefaultCredentialsAuthenticationStrategy	COVERED
gcpWithAWSIdP	org.finos.legend.engine.protocol.pure.v1.model.packageableElement.authentication.specification.GCPWIFWithAWSIdPAuthenticationSpecification	UNCOVERED
gcpWorkloadIdentityFederation	org.finos.legend.engine.protocol.pure.v1.model.packageableElement.store.relational.connection.authentication.GCPWorkloadIdentityFederationAuthenticationStrategy	COVERED
generationFeaturesConfig	org.finos.legend.engine.protocol.pure.v1.model.packageableElement.store.relational.connection.GenerationFeaturesConfig	COVERED
generationSpecification	org.finos.legend.engine.protocol.pure.v1.model.packageableElement.generationSpecification.GenerationSpecification	COVERED
genericTypeInstance	org.finos.legend.engine.protocol.pure.m3.valuespecification.constant.GenericTypeInstance	COVERED
geoBoundingBoxQuery	org.finos.legend.engine.protocol.store.elasticsearch.v7.specification.types.querydsl.GeoBoundingBoxQuery	UNCOVERED
geoBoundsAggregate	org.finos.legend.engine.protocol.store.elasticsearch.v7.specification.types.aggregations.GeoBoundsAggregate	UNCOVERED
geoBoundsAggregation	org.finos.legend.engine.protocol.store.elasticsearch.v7.specification.types.aggregations.GeoBoundsAggregation	UNCOVERED
geoCentroidAggregate	org.finos.legend.engine.protocol.store.elasticsearch.v7.specification.types.aggregations.GeoCentroidAggregate	UNCOVERED
geoCentroidAggregation	org.finos.legend.engine.protocol.store.elasticsearch.v7.specification.types.aggregations.GeoCentroidAggregation	UNCOVERED
geoDecayFunction	org.finos.legend.engine.protocol.store.elasticsearch.v7.specification.types.querydsl.GeoDecayFunction	UNCOVERED
geoDistanceAggregate	org.finos.legend.engine.protocol.store.elasticsearch.v7.specification.types.aggregations.GeoDistanceAggregate	UNCOVERED
geoDistanceAggregation	org.finos.legend.engine.protocol.store.elasticsearch.v7.specification.types.aggregations.GeoDistanceAggregation	UNCOVERED
geoDistanceFeatureQuery	org.finos.legend.engine.protocol.store.elasticsearch.v7.specification.types.querydsl.GeoDistanceFeatureQuery	UNCOVERED
geoDistanceQuery	org.finos.legend.engine.protocol.store.elasticsearch.v7.specification.types.querydsl.GeoDistanceQuery	UNCOVERED
geoHashGridAggregate	org.finos.legend.engine.protocol.store.elasticsearch.v7.specification.types.aggregations.GeoHashGridAggregate	UNCOVERED
geoHashGridAggregation	org.finos.legend.engine.protocol.store.elasticsearch.v7.specification.types.aggregations.GeoHashGridAggregation	UNCOVERED
geoHashGridBucket	org.finos.legend.engine.protocol.store.elasticsearch.v7.specification.types.aggregations.GeoHashGridBucket	UNCOVERED
geoLineAggregate	org.finos.legend.engine.protocol.store.elasticsearch.v7.specification.types.aggregations.GeoLineAggregate	UNCOVERED
geoPointProperty	org.finos.legend.engine.protocol.store.elasticsearch.v7.specification.types.mapping.GeoPointProperty	UNCOVERED
geoPolygonQuery	org.finos.legend.engine.protocol.store.elasticsearch.v7.specification.types.querydsl.GeoPolygonQuery	UNCOVERED
geoShapeProperty	org.finos.legend.engine.protocol.store.elasticsearch.v7.specification.types.mapping.GeoShapeProperty	UNCOVERED
geoShapeQuery	org.finos.legend.engine.protocol.store.elasticsearch.v7.specification.types.querydsl.GeoShapeQuery	UNCOVERED
geoTileGridAggregate	org.finos.legend.engine.protocol.store.elasticsearch.v7.specification.types.aggregations.GeoTileGridAggregate	UNCOVERED
geoTileGridAggregation	org.finos.legend.engine.protocol.store.elasticsearch.v7.specification.types.aggregations.GeoTileGridAggregation	UNCOVERED
geoTileGridBucket	org.finos.legend.engine.protocol.store.elasticsearch.v7.specification.types.aggregations.GeoTileGridBucket	UNCOVERED
getRequest	org.finos.legend.engine.protocol.store.elasticsearch.v7.specification.indices.get.GetRequest	UNCOVERED
globalAggregate	org.finos.legend.engine.protocol.store.elasticsearch.v7.specification.types.aggregations.GlobalAggregate	UNCOVERED
globalAggregation	org.finos.legend.engine.protocol.store.elasticsearch.v7.specification.types.aggregations.GlobalAggregation	UNCOVERED
globalGraphFetchExecutionNode	org.finos.legend.engine.protocol.pure.v1.model.executionPlan.nodes.graphFetch.StoreMappingGlobalGraphFetchExecutionNode	UNCOVERED
graphFetchExecutionNode	org.finos.legend.engine.protocol.pure.v1.model.executionPlan.nodes.graphFetch.GraphFetchExecutionNode	UNCOVERED
graphFetchM2M	org.finos.legend.engine.protocol.pure.v1.model.executionPlan.nodes.GraphFetchM2MExecutionNode	UNCOVERED
graphFetchServiceOutput	org.finos.legend.engine.protocol.pure.v1.model.packageableElement.persistence.service.output.GraphFetchServiceOutput	COVERED
group	org.finos.legend.engine.protocol.sql.metamodel.Group	UNCOVERED
h2Default	org.finos.legend.engine.protocol.pure.v1.model.packageableElement.store.relational.connection.authentication.DefaultH2AuthenticationStrategy	COVERED
h2Embedded	org.finos.legend.engine.protocol.pure.v1.model.packageableElement.store.relational.connection.specification.EmbeddedH2DatasourceSpecification	UNCOVERED
h2Local	org.finos.legend.engine.protocol.pure.v1.model.packageableElement.store.relational.connection.specification.LocalH2DatasourceSpecification	COVERED
hackedClass	org.finos.legend.engine.protocol.pure.v1.model.valueSpecification.deprecated.HackedClass	UNCOVERED
hackedUnit	org.finos.legend.engine.protocol.pure.v1.model.valueSpecification.deprecated.HackedUnit	UNCOVERED
halfFloatNumberProperty	org.finos.legend.engine.protocol.store.elasticsearch.v7.specification.types.mapping.HalfFloatNumberProperty	UNCOVERED
hasChildQuery	org.finos.legend.engine.protocol.store.elasticsearch.v7.specification.types.querydsl.HasChildQuery	UNCOVERED
hasParentQuery	org.finos.legend.engine.protocol.store.elasticsearch.v7.specification.types.querydsl.HasParentQuery	UNCOVERED
hdrPercentileRanksAggregate	org.finos.legend.engine.protocol.store.elasticsearch.v7.specification.types.aggregations.HdrPercentileRanksAggregate	UNCOVERED
hdrPercentilesAggregate	org.finos.legend.engine.protocol.store.elasticsearch.v7.specification.types.aggregations.HdrPercentilesAggregate	UNCOVERED
highlight	org.finos.legend.engine.protocol.store.elasticsearch.v7.specification.global.search.types.Highlight	UNCOVERED
highlightField	org.finos.legend.engine.protocol.store.elasticsearch.v7.specification.global.search.types.HighlightField	UNCOVERED
histogramAggregate	org.finos.legend.engine.protocol.store.elasticsearch.v7.specification.types.aggregations.HistogramAggregate	UNCOVERED
histogramAggregation	org.finos.legend.engine.protocol.store.elasticsearch.v7.specification.types.aggregations.HistogramAggregation	UNCOVERED
histogramBucket	org.finos.legend.engine.protocol.store.elasticsearch.v7.specification.types.aggregations.HistogramBucket	UNCOVERED
histogramProperty	org.finos.legend.engine.protocol.store.elasticsearch.v7.specification.types.mapping.HistogramProperty	UNCOVERED
holtMovingAverageAggregation	org.finos.legend.engine.protocol.store.elasticsearch.v7.specification.types.aggregations.HoltMovingAverageAggregation	UNCOVERED
holtWintersMovingAverageAggregation	org.finos.legend.engine.protocol.store.elasticsearch.v7.specification.types.aggregations.HoltWintersMovingAverageAggregation	UNCOVERED
hostedService	org.finos.legend.engine.protocol.hostedService.metamodel.HostedService	COVERED
hostedServiceArtifact	org.finos.legend.engine.protocol.hostedService.deployment.HostedServiceArtifact	UNCOVERED
hostedServiceDeploymentConfig	org.finos.legend.engine.protocol.hostedService.deployment.HostedServiceDeploymentConfiguration	UNCOVERED
hostedServiceDeploymentConfiguration	org.finos.legend.engine.protocol.hostedService.metamodel.HostedServiceDeploymentConfiguration	UNCOVERED
hostedServiceDeploymentContent	org.finos.legend.engine.protocol.hostedService.deployment.HostedServiceContent	UNCOVERED
htmlStripCharFilter	org.finos.legend.engine.protocol.store.elasticsearch.v7.specification.types.analysis.HtmlStripCharFilter	UNCOVERED
http	org.finos.legend.engine.protocol.pure.v1.model.packageableElement.store.service.model.HttpSecurityScheme	UNCOVERED
hunspellTokenFilter	org.finos.legend.engine.protocol.store.elasticsearch.v7.specification.types.analysis.HunspellTokenFilter	UNCOVERED
hyphenationDecompounderTokenFilter	org.finos.legend.engine.protocol.store.elasticsearch.v7.specification.types.analysis.HyphenationDecompounderTokenFilter	UNCOVERED
icuCollationTokenFilter	org.finos.legend.engine.protocol.store.elasticsearch.v7.specification.types.analysis.IcuCollationTokenFilter	UNCOVERED
icuFoldingTokenFilter	org.finos.legend.engine.protocol.store.elasticsearch.v7.specification.types.analysis.IcuFoldingTokenFilter	UNCOVERED
icuNormalizationCharFilter	org.finos.legend.engine.protocol.store.elasticsearch.v7.specification.types.analysis.IcuNormalizationCharFilter	UNCOVERED
icuNormalizationTokenFilter	org.finos.legend.engine.protocol.store.elasticsearch.v7.specification.types.analysis.IcuNormalizationTokenFilter	UNCOVERED
icuTokenizer	org.finos.legend.engine.protocol.store.elasticsearch.v7.specification.types.analysis.IcuTokenizer	UNCOVERED
icuTransformTokenFilter	org.finos.legend.engine.protocol.store.elasticsearch.v7.specification.types.analysis.IcuTransformTokenFilter	UNCOVERED
identifierLiteral	org.finos.legend.engine.protocol.protobuf3.metamodel.IdentifierLiteral	UNCOVERED
idsQuery	org.finos.legend.engine.protocol.store.elasticsearch.v7.specification.types.querydsl.IdsQuery	UNCOVERED
importAware	org.finos.legend.engine.protocol.pure.v1.model.packageableElement.section.ImportAwareCodeSection	COVERED
inLineFragment	org.finos.legend.engine.protocol.graphQL.metamodel.executable.InLineFragment	UNCOVERED
inListExpression	org.finos.legend.engine.protocol.sql.metamodel.InListExpression	UNCOVERED
inMemoryCrossStoreGraphFetch	org.finos.legend.engine.protocol.pure.v1.model.executionPlan.nodes.graphFetch.store.inMemory.InMemoryCrossStoreGraphFetchExecutionNode	UNCOVERED
inMemoryPropertyGraphFetch	org.finos.legend.engine.protocol.pure.v1.model.executionPlan.nodes.graphFetch.store.inMemory.InMemoryPropertyGraphFetchExecutionNode	UNCOVERED
inMemoryRootGraphFetch	org.finos.legend.engine.protocol.pure.v1.model.executionPlan.nodes.graphFetch.store.inMemory.InMemoryRootGraphFetchExecutionNode	UNCOVERED
inOperatorExpression	org.finos.legend.engine.protocol.deephaven.metamodel.InOperatorExpression	UNCOVERED
inPredicate	org.finos.legend.engine.protocol.sql.metamodel.InPredicate	UNCOVERED
indexOperation	org.finos.legend.engine.protocol.store.elasticsearch.v7.specification.global.bulk.IndexOperation	UNCOVERED
indexRequest	org.finos.legend.engine.protocol.store.elasticsearch.v7.specification.global.index.IndexRequest	UNCOVERED
indexResponse	org.finos.legend.engine.protocol.store.elasticsearch.v7.specification.global.index.IndexResponse	UNCOVERED
indicesResponseBase	org.finos.legend.engine.protocol.store.elasticsearch.v7.specification.types.IndicesResponseBase	UNCOVERED
inferenceAggregate	org.finos.legend.engine.protocol.store.elasticsearch.v7.specification.types.aggregations.InferenceAggregate	UNCOVERED
inferenceAggregation	org.finos.legend.engine.protocol.store.elasticsearch.v7.specification.types.aggregations.InferenceAggregation	UNCOVERED
inlineEmbeddedPropertyMapping	org.finos.legend.engine.protocol.pure.v1.model.packageableElement.store.relational.mapping.InlineEmbeddedPropertyMapping	COVERED
inlineEmbeddedRelationFunctionPropertyMapping	org.finos.legend.engine.protocol.pure.v1.model.packageableElement.mapping.relationFunction.RelationFunctionEmbeddedPropertyMapping	UNCOVERED
inlineScript	org.finos.legend.engine.protocol.store.elasticsearch.v7.specification.types.InlineScript	UNCOVERED
inputObjectTypeDefinition	org.finos.legend.engine.protocol.graphQL.metamodel.typeSystem.InputObjectTypeDefinition	UNCOVERED
int	org.finos.legend.engine.protocol.haskell.metamodel.Int	UNCOVERED
int32	org.finos.legend.engine.protocol.protobuf3.metamodel.Int32	UNCOVERED
int64	org.finos.legend.engine.protocol.protobuf3.metamodel.Int64	UNCOVERED
intLiteral	org.finos.legend.engine.protocol.protobuf3.metamodel.IntLiteral	UNCOVERED
intType	org.finos.legend.engine.protocol.deephaven.metamodel.type.IntType	COVERED
intTypeValue	org.finos.legend.engine.protocol.mongodb.schema.metamodel.aggregation.IntTypeValue	UNCOVERED
intValue	org.finos.legend.engine.protocol.graphQL.metamodel.value.IntValue	UNCOVERED
integer	org.finos.legend.engine.protocol.pure.m3.valuespecification.constant.datatype.primitive.CInteger	COVERED
integerLiteral	org.finos.legend.engine.protocol.sql.metamodel.IntegerLiteral	UNCOVERED
integerNumberProperty	org.finos.legend.engine.protocol.store.elasticsearch.v7.specification.types.mapping.IntegerNumberProperty	UNCOVERED
integerRangeProperty	org.finos.legend.engine.protocol.store.elasticsearch.v7.specification.types.mapping.IntegerRangeProperty	UNCOVERED
integerSourceValue	org.finos.legend.engine.protocol.pure.v1.model.packageableElement.mapping.EnumValueMappingIntegerSourceValue	COVERED
interfaceTypeDefinition	org.finos.legend.engine.protocol.graphQL.metamodel.typeSystem.InterfaceTypeDefinition	UNCOVERED
intersect	org.finos.legend.engine.protocol.sql.metamodel.Intersect	UNCOVERED
intervalLiteral	org.finos.legend.engine.protocol.sql.metamodel.IntervalLiteral	UNCOVERED
intervalsQuery	org.finos.legend.engine.protocol.store.elasticsearch.v7.specification.types.querydsl.IntervalsQuery	UNCOVERED
ipProperty	org.finos.legend.engine.protocol.store.elasticsearch.v7.specification.types.mapping.IpProperty	UNCOVERED
ipRangeAggregate	org.finos.legend.engine.protocol.store.elasticsearch.v7.specification.types.aggregations.IpRangeAggregate	UNCOVERED
ipRangeAggregation	org.finos.legend.engine.protocol.store.elasticsearch.v7.specification.types.aggregations.IpRangeAggregation	UNCOVERED
ipRangeBucket	org.finos.legend.engine.protocol.store.elasticsearch.v7.specification.types.aggregations.IpRangeBucket	UNCOVERED
ipRangeProperty	org.finos.legend.engine.protocol.store.elasticsearch.v7.specification.types.mapping.IpRangeProperty	UNCOVERED
isNotNullPredicate	org.finos.legend.engine.protocol.sql.metamodel.IsNotNullPredicate	UNCOVERED
isNullPredicate	org.finos.legend.engine.protocol.sql.metamodel.IsNullPredicate	UNCOVERED
jSONExpression	org.finos.legend.engine.protocol.sql.metamodel.JSONExpression	UNCOVERED
java	org.finos.legend.engine.protocol.pure.v1.model.executionPlan.nodes.JavaPlatformImplementation	UNCOVERED
javaScriptType	org.finos.legend.engine.protocol.mongodb.schema.metamodel.JavaScriptType	UNCOVERED
join	org.finos.legend.engine.protocol.sql.metamodel.Join	UNCOVERED
joinOn	org.finos.legend.engine.protocol.sql.metamodel.JoinOn	UNCOVERED
joinOperation	org.finos.legend.engine.protocol.deephaven.metamodel.JoinOperation	UNCOVERED
joinProperty	org.finos.legend.engine.protocol.store.elasticsearch.v7.specification.types.mapping.JoinProperty	UNCOVERED
joinUsing	org.finos.legend.engine.protocol.sql.metamodel.JoinUsing	UNCOVERED
jsonSchemaExpression	org.finos.legend.engine.protocol.mongodb.schema.metamodel.aggregation.JsonSchemaExpression	COVERED
kStemTokenFilter	org.finos.legend.engine.protocol.store.elasticsearch.v7.specification.types.analysis.KStemTokenFilter	UNCOVERED
keepTypesTokenFilter	org.finos.legend.engine.protocol.store.elasticsearch.v7.specification.types.analysis.KeepTypesTokenFilter	UNCOVERED
keepWordsTokenFilter	org.finos.legend.engine.protocol.store.elasticsearch.v7.specification.types.analysis.KeepWordsTokenFilter	UNCOVERED
kerberos	org.finos.legend.engine.protocol.pure.v1.model.packageableElement.authentication.specification.KerberosAuthenticationSpecification	UNCOVERED
keyExpression	org.finos.legend.engine.protocol.pure.v1.model.valueSpecification.raw.KeyExpression	COVERED
keywordMarkerTokenFilter	org.finos.legend.engine.protocol.store.elasticsearch.v7.specification.types.analysis.KeywordMarkerTokenFilter	UNCOVERED
keywordProperty	org.finos.legend.engine.protocol.store.elasticsearch.v7.specification.types.mapping.KeywordProperty	UNCOVERED
keywordTokenizer	org.finos.legend.engine.protocol.store.elasticsearch.v7.specification.types.analysis.KeywordTokenizer	UNCOVERED
kuromojiIterationMarkCharFilter	org.finos.legend.engine.protocol.store.elasticsearch.v7.specification.types.analysis.KuromojiIterationMarkCharFilter	UNCOVERED
kuromojiPartOfSpeechTokenFilter	org.finos.legend.engine.protocol.store.elasticsearch.v7.specification.types.analysis.KuromojiPartOfSpeechTokenFilter	UNCOVERED
kuromojiReadingFormTokenFilter	org.finos.legend.engine.protocol.store.elasticsearch.v7.specification.types.analysis.KuromojiReadingFormTokenFilter	UNCOVERED
kuromojiStemmerTokenFilter	org.finos.legend.engine.protocol.store.elasticsearch.v7.specification.types.analysis.KuromojiStemmerTokenFilter	UNCOVERED
kuromojiTokenizer	org.finos.legend.engine.protocol.store.elasticsearch.v7.specification.types.analysis.KuromojiTokenizer	UNCOVERED
lTEOperatorExpression	org.finos.legend.engine.protocol.mongodb.schema.metamodel.aggregation.LTEOperatorExpression	UNCOVERED
lTOperatorExpression	org.finos.legend.engine.protocol.mongodb.schema.metamodel.aggregation.LTOperatorExpression	UNCOVERED
lambda	org.finos.legend.engine.protocol.pure.m3.function.LambdaFunction	COVERED
lambdaParameter	org.finos.legend.engine.protocol.pure.v1.model.packageableElement.store.relational.model.operation.LambdaParameter	COVERED
lastOperation	org.finos.legend.engine.protocol.deephaven.metamodel.LastOperation	UNCOVERED
lateralRelation	org.finos.legend.engine.protocol.sql.metamodel.LateralRelation	UNCOVERED
latestDate	org.finos.legend.engine.protocol.pure.m3.valuespecification.constant.datatype.primitive.CLatestDate	COVERED
legacyRuntime	org.finos.legend.engine.protocol.pure.v1.model.packageableElement.runtime.LegacyRuntime	UNCOVERED
lengthTokenFilter	org.finos.legend.engine.protocol.store.elasticsearch.v7.specification.types.analysis.LengthTokenFilter	UNCOVERED
letterTokenizer	org.finos.legend.engine.protocol.store.elasticsearch.v7.specification.types.analysis.LetterTokenizer	UNCOVERED
likePredicate	org.finos.legend.engine.protocol.sql.metamodel.LikePredicate	UNCOVERED
limit	org.finos.legend.engine.protocol.pure.v1.model.executionPlan.nodes.LimitExecutionNode	UNCOVERED
limitTokenCountTokenFilter	org.finos.legend.engine.protocol.store.elasticsearch.v7.specification.types.analysis.LimitTokenCountTokenFilter	UNCOVERED
linearMovingAverageAggregation	org.finos.legend.engine.protocol.store.elasticsearch.v7.specification.types.aggregations.LinearMovingAverageAggregation	UNCOVERED
listInstance	org.finos.legend.engine.protocol.pure.v1.model.valueSpecification.ClassInstanceWrapper	UNCOVERED
listType	org.finos.legend.engine.protocol.haskell.metamodel.ListType	UNCOVERED
listTypeReference	org.finos.legend.engine.protocol.graphQL.metamodel.typeSystem.ListTypeReference	UNCOVERED
listValue	org.finos.legend.engine.protocol.graphQL.metamodel.value.ListValue	UNCOVERED
literal	org.finos.legend.engine.protocol.pure.v1.model.packageableElement.store.relational.model.operation.Literal	COVERED
literalList	org.finos.legend.engine.protocol.pure.v1.model.packageableElement.store.relational.model.operation.LiteralList	COVERED
literalValue	org.finos.legend.engine.protocol.mongodb.schema.metamodel.aggregation.LiteralValue	UNCOVERED
localEngineRuntime	org.finos.legend.engine.protocol.pure.v1.model.packageableElement.runtime.SingleConnectionEngineRuntime	COVERED
logicalBinaryExpression	org.finos.legend.engine.protocol.sql.metamodel.LogicalBinaryExpression	UNCOVERED
logicalOperatorExpression	org.finos.legend.engine.protocol.deephaven.metamodel.LogicalOperatorExpression	UNCOVERED
longLiteral	org.finos.legend.engine.protocol.sql.metamodel.LongLiteral	UNCOVERED
longNumberProperty	org.finos.legend.engine.protocol.store.elasticsearch.v7.specification.types.mapping.LongNumberProperty	UNCOVERED
longRangeProperty	org.finos.legend.engine.protocol.store.elasticsearch.v7.specification.types.mapping.LongRangeProperty	UNCOVERED
longRareTermsAggregate	org.finos.legend.engine.protocol.store.elasticsearch.v7.specification.types.aggregations.LongRareTermsAggregate	UNCOVERED
longRareTermsBucket	org.finos.legend.engine.protocol.store.elasticsearch.v7.specification.types.aggregations.LongRareTermsBucket	UNCOVERED
longTermsAggregate	org.finos.legend.engine.protocol.store.elasticsearch.v7.specification.types.aggregations.LongTermsAggregate	UNCOVERED
longTermsBucket	org.finos.legend.engine.protocol.store.elasticsearch.v7.specification.types.aggregations.LongTermsBucket	UNCOVERED
longType	org.finos.legend.engine.protocol.deephaven.metamodel.type.LongType	COVERED
longTypeValue	org.finos.legend.engine.protocol.mongodb.schema.metamodel.aggregation.LongTypeValue	UNCOVERED
lowercaseTokenFilter	org.finos.legend.engine.protocol.store.elasticsearch.v7.specification.types.analysis.LowercaseTokenFilter	UNCOVERED
lowercaseTokenizer	org.finos.legend.engine.protocol.store.elasticsearch.v7.specification.types.analysis.LowercaseTokenizer	UNCOVERED
manualTrigger	org.finos.legend.engine.protocol.pure.v1.model.packageableElement.persistence.trigger.ManualTrigger	COVERED
mapType	org.finos.legend.engine.protocol.protobuf3.metamodel.MapType	UNCOVERED
mapper	org.finos.legend.engine.protocol.pure.v1.model.packageableElement.store.relational.connection.postprocessor.MapperPostProcessor	COVERED
mapping	org.finos.legend.engine.protocol.pure.v1.model.packageableElement.mapping.Mapping	COVERED
mappingAndRuntimeDataQualityExecutionContext	org.finos.legend.engine.protocol.dataquality.metamodel.MappingAndRuntimeDataQualityExecutionContext	COVERED
mappingCharFilter	org.finos.legend.engine.protocol.store.elasticsearch.v7.specification.types.analysis.MappingCharFilter	UNCOVERED
mappingClass	org.finos.legend.engine.protocol.pure.v1.model.packageableElement.mapping.MappingClass	UNCOVERED
mappingIncludeDataSpace	org.finos.legend.engine.protocol.pure.v1.model.packageableElement.dataSpace.MappingIncludeDataSpace	COVERED
mappingIncludeMapping	org.finos.legend.engine.protocol.pure.v1.model.packageableElement.mapping.MappingIncludeMapping	COVERED
mappingInstance	org.finos.legend.engine.protocol.pure.v1.model.valueSpecification.deprecated.MappingInstance	UNCOVERED
mappingTest	org.finos.legend.engine.protocol.pure.v1.model.packageableElement.mapping.mappingTest.MappingTest	COVERED
mappingTestSuite	org.finos.legend.engine.protocol.pure.v1.model.packageableElement.mapping.mappingTest.MappingTestSuite	COVERED
matchAllQuery	org.finos.legend.engine.protocol.store.elasticsearch.v7.specification.types.querydsl.MatchAllQuery	UNCOVERED
matchBoolPrefixQuery	org.finos.legend.engine.protocol.store.elasticsearch.v7.specification.types.querydsl.MatchBoolPrefixQuery	UNCOVERED
matchNoneQuery	org.finos.legend.engine.protocol.store.elasticsearch.v7.specification.types.querydsl.MatchNoneQuery	UNCOVERED
matchPhrasePrefixQuery	org.finos.legend.engine.protocol.store.elasticsearch.v7.specification.types.querydsl.MatchPhrasePrefixQuery	UNCOVERED
matchPhraseQuery	org.finos.legend.engine.protocol.store.elasticsearch.v7.specification.types.querydsl.MatchPhraseQuery	UNCOVERED
matchQuery	org.finos.legend.engine.protocol.store.elasticsearch.v7.specification.types.querydsl.MatchQuery	UNCOVERED
matchStage	org.finos.legend.engine.protocol.mongodb.schema.metamodel.aggregation.MatchStage	UNCOVERED
matrixAggregation	org.finos.legend.engine.protocol.store.elasticsearch.v7.specification.types.aggregations.MatrixAggregation	UNCOVERED
matrixStatsAggregate	org.finos.legend.engine.protocol.store.elasticsearch.v7.specification.types.aggregations.MatrixStatsAggregate	UNCOVERED
matrixStatsAggregation	org.finos.legend.engine.protocol.store.elasticsearch.v7.specification.types.aggregations.MatrixStatsAggregation	UNCOVERED
maxAggregate	org.finos.legend.engine.protocol.store.elasticsearch.v7.specification.types.aggregations.MaxAggregate	UNCOVERED
maxAggregation	org.finos.legend.engine.protocol.store.elasticsearch.v7.specification.types.aggregations.MaxAggregation	UNCOVERED
maxBucketAggregation	org.finos.legend.engine.protocol.store.elasticsearch.v7.specification.types.aggregations.MaxBucketAggregation	UNCOVERED
maxKeyType	org.finos.legend.engine.protocol.mongodb.schema.metamodel.MaxKeyType	UNCOVERED
maxVersion	org.finos.legend.engine.protocol.pure.v1.model.packageableElement.persistence.dataset.deduplication.MaxVersion	UNCOVERED
maxVersionDeduplicationStrategy	org.finos.legend.engine.protocol.pure.v1.model.packageableElement.persistence.persister.deduplication.MaxVersionDeduplicationStrategy	COVERED
maxVersionForGraphFetch	org.finos.legend.engine.protocol.pure.v1.model.packageableElement.persistence.dataset.deduplication.MaxVersionForGraphFetch	COVERED
maxVersionForTds	org.finos.legend.engine.protocol.pure.v1.model.packageableElement.persistence.dataset.deduplication.MaxVersionForTds	COVERED
md5Hash	org.finos.legend.engine.protocol.dataquality.metamodel.MD5HashStrategy	COVERED
measure	org.finos.legend.engine.protocol.pure.m3.type.Measure	COVERED
medianAbsoluteDeviationAggregate	org.finos.legend.engine.protocol.store.elasticsearch.v7.specification.types.aggregations.MedianAbsoluteDeviationAggregate	UNCOVERED
medianAbsoluteDeviationAggregation	org.finos.legend.engine.protocol.store.elasticsearch.v7.specification.types.aggregations.MedianAbsoluteDeviationAggregation	UNCOVERED
memSqlFunction	org.finos.legend.engine.protocol.memsqlFunction.metamodel.MemSqlFunction	COVERED
memSqlFunctionArtifact	org.finos.legend.engine.protocol.memsqlFunction.deployment.MemSqlFunctionArtifact	UNCOVERED
memSqlFunctionConfig	org.finos.legend.engine.protocol.memsqlFunction.metamodel.MemSqlFunctionDeploymentConfiguration	COVERED
memSqlFunctionDeploymentConfiguration	org.finos.legend.engine.protocol.memsqlFunction.deployment.MemSqlFunctionDeploymentConfiguration	UNCOVERED
memSqlFunctionDeploymentContent	org.finos.legend.engine.protocol.memsqlFunction.deployment.MemSqlFunctionContent	UNCOVERED
mergeOperation	org.finos.legend.engine.protocol.pure.v1.model.packageableElement.mapping.MergeOperationClassMapping	COVERED
message	org.finos.legend.engine.protocol.protobuf3.metamodel.Message	UNCOVERED
messageOption	org.finos.legend.engine.protocol.protobuf3.metamodel.MessageOption	UNCOVERED
messagePtr	org.finos.legend.engine.protocol.protobuf3.metamodel.MessagePtr	UNCOVERED
middleTierUserNamePassword	org.finos.legend.engine.protocol.pure.v1.model.packageableElement.store.relational.connection.authentication.MiddleTierUserNamePasswordAuthenticationStrategy	COVERED
minAggregate	org.finos.legend.engine.protocol.store.elasticsearch.v7.specification.types.aggregations.MinAggregate	UNCOVERED
minAggregation	org.finos.legend.engine.protocol.store.elasticsearch.v7.specification.types.aggregations.MinAggregation	UNCOVERED
minBucketAggregation	org.finos.legend.engine.protocol.store.elasticsearch.v7.specification.types.aggregations.MinBucketAggregation	UNCOVERED
minKeyType	org.finos.legend.engine.protocol.mongodb.schema.metamodel.MinKeyType	UNCOVERED
missingAggregate	org.finos.legend.engine.protocol.store.elasticsearch.v7.specification.types.aggregations.MissingAggregate	UNCOVERED
missingAggregation	org.finos.legend.engine.protocol.store.elasticsearch.v7.specification.types.aggregations.MissingAggregation	UNCOVERED
modelEmbeddedData	org.finos.legend.engine.protocol.pure.v1.model.data.ModelEmbeddedTestData	COVERED
modelInstanceData	org.finos.legend.engine.protocol.pure.v1.model.data.ModelInstanceTestData	COVERED
modelJoin	org.finos.legend.engine.protocol.pure.v1.model.packageableElement.mapping.modelJoin.ModelJoinAssociationMapping	COVERED
modelJoinPropertyMapping	org.finos.legend.engine.protocol.pure.v1.model.packageableElement.mapping.modelJoin.ModelJoinPropertyMapping	UNCOVERED
modelStore	org.finos.legend.engine.protocol.pure.v1.model.data.ModelStoreData	COVERED
moduleElement	org.finos.legend.engine.protocol.haskell.metamodel.ModuleElement	UNCOVERED
moreLikeThisQuery	org.finos.legend.engine.protocol.store.elasticsearch.v7.specification.types.querydsl.MoreLikeThisQuery	UNCOVERED
movingAverageAggregationBase	org.finos.legend.engine.protocol.store.elasticsearch.v7.specification.types.aggregations.MovingAverageAggregationBase	UNCOVERED
movingFunctionAggregation	org.finos.legend.engine.protocol.store.elasticsearch.v7.specification.types.aggregations.MovingFunctionAggregation	UNCOVERED
movingPercentilesAggregation	org.finos.legend.engine.protocol.store.elasticsearch.v7.specification.types.aggregations.MovingPercentilesAggregation	UNCOVERED
multiBucketAggregateBase	org.finos.legend.engine.protocol.store.elasticsearch.v7.specification.types.aggregations.MultiBucketAggregateBase	UNCOVERED
multiExecutionParameters	org.finos.legend.engine.protocol.pure.v1.model.packageableElement.service.MultiExecutionParameters	COVERED
multiExecutionTest	org.finos.legend.engine.protocol.pure.v1.model.packageableElement.service.MultiExecutionTest	COVERED
multiFlatTarget	org.finos.legend.engine.protocol.pure.v1.model.packageableElement.persistence.persister.targetshape.MultiFlatTarget	COVERED
multiMatchQuery	org.finos.legend.engine.protocol.store.elasticsearch.v7.specification.types.querydsl.MultiMatchQuery	UNCOVERED
multiResultSequence	org.finos.legend.engine.protocol.pure.v1.model.executionPlan.nodes.MultiResultSequenceExecutionNode	UNCOVERED
multiTermsAggregate	org.finos.legend.engine.protocol.store.elasticsearch.v7.specification.types.aggregations.MultiTermsAggregate	UNCOVERED
multiTermsAggregation	org.finos.legend.engine.protocol.store.elasticsearch.v7.specification.types.aggregations.MultiTermsAggregation	UNCOVERED
multiTermsBucket	org.finos.legend.engine.protocol.store.elasticsearch.v7.specification.types.aggregations.MultiTermsBucket	UNCOVERED
multiplexerTokenFilter	org.finos.legend.engine.protocol.store.elasticsearch.v7.specification.types.analysis.MultiplexerTokenFilter	UNCOVERED
murmur3HashProperty	org.finos.legend.engine.protocol.store.elasticsearch.v7.specification.types.mapping.Murmur3HashProperty	UNCOVERED
nEOperatorExpression	org.finos.legend.engine.protocol.mongodb.schema.metamodel.aggregation.NEOperatorExpression	UNCOVERED
nGramTokenFilter	org.finos.legend.engine.protocol.store.elasticsearch.v7.specification.types.analysis.NGramTokenFilter	UNCOVERED
nGramTokenizer	org.finos.legend.engine.protocol.store.elasticsearch.v7.specification.types.analysis.NGramTokenizer	UNCOVERED
namedArgumentExpression	org.finos.legend.engine.protocol.sql.metamodel.NamedArgumentExpression	UNCOVERED
namedConstructor	org.finos.legend.engine.protocol.haskell.metamodel.NamedConstructor	UNCOVERED
namedTypeRef	org.finos.legend.engine.protocol.haskell.metamodel.NamedTypeRef	UNCOVERED
namedTypeReference	org.finos.legend.engine.protocol.graphQL.metamodel.typeSystem.NamedTypeReference	UNCOVERED
namedWindow	org.finos.legend.engine.protocol.sql.metamodel.NamedWindow	UNCOVERED
naturalJoin	org.finos.legend.engine.protocol.sql.metamodel.NaturalJoin	UNCOVERED
negationOperation	org.finos.legend.engine.protocol.deephaven.metamodel.NegationOperation	UNCOVERED
negativeExpression	org.finos.legend.engine.protocol.sql.metamodel.NegativeExpression	UNCOVERED
nestedAggregate	org.finos.legend.engine.protocol.store.elasticsearch.v7.specification.types.aggregations.NestedAggregate	UNCOVERED
nestedAggregation	org.finos.legend.engine.protocol.store.elasticsearch.v7.specification.types.aggregations.NestedAggregation	UNCOVERED
nestedProperty	org.finos.legend.engine.protocol.store.elasticsearch.v7.specification.types.mapping.NestedProperty	UNCOVERED
nestedQuery	org.finos.legend.engine.protocol.store.elasticsearch.v7.specification.types.querydsl.NestedQuery	UNCOVERED
ninOperatorExpression	org.finos.legend.engine.protocol.mongodb.schema.metamodel.aggregation.NinOperatorExpression	UNCOVERED
noActionIndicator	org.finos.legend.engine.protocol.pure.v1.model.packageableElement.persistence.dataset.actionindicator.NoActionIndicator	COVERED
noAuditing	org.finos.legend.engine.protocol.pure.v1.model.packageableElement.persistence.persister.auditing.NoAuditing	COVERED
noDeduplication	org.finos.legend.engine.protocol.pure.v1.model.packageableElement.persistence.dataset.deduplication.NoDeduplication	COVERED
noDeduplicationStrategy	org.finos.legend.engine.protocol.pure.v1.model.packageableElement.persistence.persister.deduplication.NoDeduplicationStrategy	COVERED
noDeletesMergeStrategy	org.finos.legend.engine.protocol.pure.v1.model.packageableElement.persistence.persister.ingestmode.delta.merge.NoDeletesMergeStrategy	COVERED
noOp	org.finos.legend.engine.protocol.pure.v1.model.packageableElement.persistence.dataset.emptyhandling.NoOp	COVERED
noPartitioning	org.finos.legend.engine.protocol.pure.v1.model.packageableElement.persistence.dataset.partitioning.NoPartitioning	COVERED
none	org.finos.legend.engine.protocol.pure.v1.model.packageableElement.persistence.relational.temporality.Nontemporal	COVERED
nontemporalDelta	org.finos.legend.engine.protocol.pure.v1.model.packageableElement.persistence.persister.ingestmode.delta.NontemporalDelta	COVERED
nontemporalSnapshot	org.finos.legend.engine.protocol.pure.v1.model.packageableElement.persistence.persister.ingestmode.snapshot.NontemporalSnapshot	COVERED
norOperatorExpression	org.finos.legend.engine.protocol.mongodb.schema.metamodel.aggregation.NorOperatorExpression	UNCOVERED
noriPartOfSpeechTokenFilter	org.finos.legend.engine.protocol.store.elasticsearch.v7.specification.types.analysis.NoriPartOfSpeechTokenFilter	UNCOVERED
noriTokenizer	org.finos.legend.engine.protocol.store.elasticsearch.v7.specification.types.analysis.NoriTokenizer	UNCOVERED
normalizeAggregation	org.finos.legend.engine.protocol.store.elasticsearch.v7.specification.types.aggregations.NormalizeAggregation	UNCOVERED
notExpression	org.finos.legend.engine.protocol.sql.metamodel.NotExpression	UNCOVERED
notOperatorExpression	org.finos.legend.engine.protocol.deephaven.metamodel.NotOperatorExpression	UNCOVERED
nthOperation	org.finos.legend.engine.protocol.deephaven.metamodel.NthOperation	UNCOVERED
nullLiteral	org.finos.legend.engine.protocol.sql.metamodel.NullLiteral	UNCOVERED
nullType	org.finos.legend.engine.protocol.mongodb.schema.metamodel.NullType	UNCOVERED
nullTypeValue	org.finos.legend.engine.protocol.mongodb.schema.metamodel.aggregation.NullTypeValue	UNCOVERED
nullValue	org.finos.legend.engine.protocol.graphQL.metamodel.value.NullValue	UNCOVERED
num	org.finos.legend.engine.protocol.haskell.metamodel.Num	UNCOVERED
numberPropertyBase	org.finos.legend.engine.protocol.store.elasticsearch.v7.specification.types.mapping.NumberPropertyBase	UNCOVERED
numberRangeQuery	org.finos.legend.engine.protocol.store.elasticsearch.v7.specification.types.querydsl.NumberRangeQuery	UNCOVERED
numericDecayFunction	org.finos.legend.engine.protocol.store.elasticsearch.v7.specification.types.querydsl.NumericDecayFunction	UNCOVERED
numericOperation	org.finos.legend.engine.protocol.deephaven.metamodel.NumericOperation	UNCOVERED
oauth	org.finos.legend.engine.protocol.pure.v1.model.packageableElement.store.relational.connection.authentication.OAuthAuthenticationStrategy	COVERED
object	org.finos.legend.engine.protocol.pure.v1.model.packageableElement.store.modelToModel.mapping.ObjectInputData	COVERED
objectExpression	org.finos.legend.engine.protocol.mongodb.schema.metamodel.aggregation.ObjectExpression	UNCOVERED
objectIdType	org.finos.legend.engine.protocol.mongodb.schema.metamodel.ObjectIdType	COVERED
objectProperty	org.finos.legend.engine.protocol.store.elasticsearch.v7.specification.types.mapping.ObjectProperty	UNCOVERED
objectQueryExpression	org.finos.legend.engine.protocol.mongodb.schema.metamodel.aggregation.ObjectQueryExpression	UNCOVERED
objectStorageSink	org.finos.legend.engine.protocol.pure.v1.model.packageableElement.persistence.persister.sink.ObjectStorageSink	COVERED
objectType	org.finos.legend.engine.protocol.mongodb.schema.metamodel.ObjectType	COVERED
objectTypeDefinition	org.finos.legend.engine.protocol.graphQL.metamodel.typeSystem.ObjectTypeDefinition	UNCOVERED
objectTypeValue	org.finos.legend.engine.protocol.mongodb.schema.metamodel.aggregation.ObjectTypeValue	UNCOVERED
objectValue	org.finos.legend.engine.protocol.graphQL.metamodel.value.ObjectValue	UNCOVERED
offsetOperation	org.finos.legend.engine.protocol.deephaven.metamodel.OffsetOperation	UNCOVERED
oneOf	org.finos.legend.engine.protocol.protobuf3.metamodel.OneOf	UNCOVERED
openPointInTimeRequest	org.finos.legend.engine.protocol.store.elasticsearch.v7.specification.global.openpointintime.OpenPointInTimeRequest	UNCOVERED
operation	org.finos.legend.engine.protocol.pure.v1.model.packageableElement.mapping.OperationClassMapping	COVERED
operationDefinition	org.finos.legend.engine.protocol.graphQL.metamodel.executable.OperationDefinition	UNCOVERED
orOperatorExpression	org.finos.legend.engine.protocol.deephaven.metamodel.OrOperatorExpression	UNCOVERED
otherwiseEmbeddedPropertyMapping	org.finos.legend.engine.protocol.pure.v1.model.packageableElement.store.relational.mapping.OtherwiseEmbeddedRelationalPropertyMapping	COVERED
overwrite	org.finos.legend.engine.protocol.pure.v1.model.packageableElement.persistence.relational.temporality.updatesHandling.Overwrite	COVERED
packageableElementPtr	org.finos.legend.engine.protocol.pure.m3.valuespecification.constant.PackageableElementPtr	COVERED
packageableType	org.finos.legend.engine.protocol.pure.m3.valuespecification.constant.PackageableType	COVERED
pagerDutyNotifyee	org.finos.legend.engine.protocol.pure.v1.model.packageableElement.persistence.notifier.PagerDutyNotifyee	COVERED
pair	org.finos.legend.engine.protocol.pure.v1.model.valueSpecification.ClassInstanceWrapper	UNCOVERED
parameterPlaceholderExpression	org.finos.legend.engine.protocol.sql.metamodel.ParameterPlaceholderExpression	UNCOVERED
parentAggregate	org.finos.legend.engine.protocol.store.elasticsearch.v7.specification.types.aggregations.ParentAggregate	UNCOVERED
parentAggregation	org.finos.legend.engine.protocol.store.elasticsearch.v7.specification.types.aggregations.ParentAggregation	UNCOVERED
parentIdQuery	org.finos.legend.engine.protocol.store.elasticsearch.v7.specification.types.querydsl.ParentIdQuery	UNCOVERED
partialClass	org.finos.legend.engine.protocol.pure.v1.model.executionPlan.result.PartialClassResultType	UNCOVERED
path	org.finos.legend.engine.protocol.pure.v1.model.valueSpecification.ClassInstanceWrapper	UNCOVERED
pathHierarchyTokenizer	org.finos.legend.engine.protocol.store.elasticsearch.v7.specification.types.analysis.PathHierarchyTokenizer	UNCOVERED
patternCaptureTokenFilter	org.finos.legend.engine.protocol.store.elasticsearch.v7.specification.types.analysis.PatternCaptureTokenFilter	UNCOVERED
patternReplaceCharFilter	org.finos.legend.engine.protocol.store.elasticsearch.v7.specification.types.analysis.PatternReplaceCharFilter	UNCOVERED
patternReplaceTokenFilter	org.finos.legend.engine.protocol.store.elasticsearch.v7.specification.types.analysis.PatternReplaceTokenFilter	UNCOVERED
patternTokenizer	org.finos.legend.engine.protocol.store.elasticsearch.v7.specification.types.analysis.PatternTokenizer	UNCOVERED
percentileRanksAggregation	org.finos.legend.engine.protocol.store.elasticsearch.v7.specification.types.aggregations.PercentileRanksAggregation	UNCOVERED
percentilesAggregateBase	org.finos.legend.engine.protocol.store.elasticsearch.v7.specification.types.aggregations.PercentilesAggregateBase	UNCOVERED
percentilesAggregation	org.finos.legend.engine.protocol.store.elasticsearch.v7.specification.types.aggregations.PercentilesAggregation	UNCOVERED
percentilesBucketAggregate	org.finos.legend.engine.protocol.store.elasticsearch.v7.specification.types.aggregations.PercentilesBucketAggregate	UNCOVERED
percentilesBucketAggregation	org.finos.legend.engine.protocol.store.elasticsearch.v7.specification.types.aggregations.PercentilesBucketAggregation	UNCOVERED
percolateQuery	org.finos.legend.engine.protocol.store.elasticsearch.v7.specification.types.querydsl.PercolateQuery	UNCOVERED
percolatorProperty	org.finos.legend.engine.protocol.store.elasticsearch.v7.specification.types.mapping.PercolatorProperty	UNCOVERED
persistence	org.finos.legend.engine.protocol.pure.v1.model.packageableElement.persistence.Persistence	COVERED
persistenceContext	org.finos.legend.engine.protocol.pure.v1.model.packageableElement.persistence.PersistenceContext	COVERED
phoneticTokenFilter	org.finos.legend.engine.protocol.store.elasticsearch.v7.specification.types.analysis.PhoneticTokenFilter	UNCOVERED
phraseSuggest	org.finos.legend.engine.protocol.store.elasticsearch.v7.specification.global.search.types.PhraseSuggest	UNCOVERED
phraseSuggester	org.finos.legend.engine.protocol.store.elasticsearch.v7.specification.global.search.types.PhraseSuggester	UNCOVERED
pinnedQuery	org.finos.legend.engine.protocol.store.elasticsearch.v7.specification.types.querydsl.PinnedQuery	UNCOVERED
pipelineAggregationBase	org.finos.legend.engine.protocol.store.elasticsearch.v7.specification.types.aggregations.PipelineAggregationBase	UNCOVERED
platform	org.finos.legend.engine.protocol.pure.v1.model.executionPlan.nodes.PureExpressionPlatformExecutionNode	UNCOVERED
platformGlobalGraphFetchExecutionNode	org.finos.legend.engine.protocol.pure.v1.model.executionPlan.nodes.graphFetch.PlatformGlobalGraphFetchExecutionNode	UNCOVERED
platformMerge	org.finos.legend.engine.protocol.pure.v1.model.executionPlan.nodes.PlatformMergeExecutionNode	UNCOVERED
platformPrimitiveQualifierLocalGraphFetchExecutionNode	org.finos.legend.engine.protocol.pure.v1.model.executionPlan.nodes.graphFetch.PlatformPrimitiveQualifierLocalGraphFetchExecutionNode	UNCOVERED
platformUnion	org.finos.legend.engine.protocol.pure.v1.model.executionPlan.nodes.PlatformUnionExecutionNode	UNCOVERED
pointProperty	org.finos.legend.engine.protocol.store.elasticsearch.v7.specification.types.mapping.PointProperty	UNCOVERED
pointer	org.finos.legend.engine.protocol.pure.v1.model.context.PureModelContextPointer	UNCOVERED
porterStemTokenFilter	org.finos.legend.engine.protocol.store.elasticsearch.v7.specification.types.analysis.PorterStemTokenFilter	UNCOVERED
positionalParameterExpression	org.finos.legend.engine.protocol.sql.metamodel.PositionalParameterExpression	UNCOVERED
predicateTokenFilter	org.finos.legend.engine.protocol.store.elasticsearch.v7.specification.types.analysis.PredicateTokenFilter	UNCOVERED
prefixQuery	org.finos.legend.engine.protocol.store.elasticsearch.v7.specification.types.querydsl.PrefixQuery	UNCOVERED
primitiveSchemaColumn	org.finos.legend.engine.protocol.sql.schema.metamodel.PrimitiveSchemaColumn	UNCOVERED
primitiveType	org.finos.legend.engine.protocol.pure.v1.model.valueSpecification.deprecated.PrimitiveType	UNCOVERED
primitiveTypeValue	org.finos.legend.engine.protocol.pure.v1.model.packageableElement.persistence.service.parameter.PrimitiveTypeValue	COVERED
processingMilestoning	org.finos.legend.engine.protocol.pure.v1.model.packageableElement.store.relational.model.milestoning.ProcessingMilestoning	COVERED
processingSnapshotMilestoning	org.finos.legend.engine.protocol.pure.v1.model.packageableElement.store.relational.model.milestoning.ProcessingSnapshotMilestoning	COVERED
processingTime	org.finos.legend.engine.protocol.pure.v1.model.packageableElement.persistence.relational.temporality.processing.ProcessingDateTime	COVERED
profile	org.finos.legend.engine.protocol.pure.m3.extension.Profile	COVERED
projectStage	org.finos.legend.engine.protocol.mongodb.schema.metamodel.aggregation.ProjectStage	UNCOVERED
properties	org.finos.legend.engine.protocol.pure.v1.model.packageableElement.authentication.vault.PropertiesFileSecret	UNCOVERED
property	org.finos.legend.engine.protocol.pure.m3.valuespecification.AppliedProperty	COVERED
propertyGraphFetchTree	org.finos.legend.engine.protocol.pure.dsl.graph.valuespecification.constant.classInstance.PropertyGraphFetchTree	COVERED
propertyPath	org.finos.legend.engine.protocol.pure.dsl.path.valuespecification.constant.classInstance.PropertyPathElement	COVERED
protocolObjectValidationContext	org.finos.legend.engine.protocol.pure.v1.model.executionPlan.nodes.ProtocolObjectValidationContext	UNCOVERED
pure	org.finos.legend.engine.protocol.pure.v1.model.context.PureSDLC	UNCOVERED
pureExp	org.finos.legend.engine.protocol.pure.v1.model.executionPlan.nodes.PureExpressionPlatformExecutionNode	UNCOVERED
pureInstance	org.finos.legend.engine.protocol.pure.v1.model.packageableElement.store.modelToModel.mapping.PureInstanceClassMapping	COVERED
pureMultiExecution	org.finos.legend.engine.protocol.pure.v1.model.packageableElement.service.PureMultiExecution	COVERED
purePropertyMapping	org.finos.legend.engine.protocol.pure.v1.model.packageableElement.store.modelToModel.mapping.PurePropertyMapping	COVERED
pureSingleExecution	org.finos.legend.engine.protocol.pure.v1.model.packageableElement.service.PureSingleExecution	COVERED
qualifiedNameReference	org.finos.legend.engine.protocol.sql.metamodel.QualifiedNameReference	UNCOVERED
qualifiedProperty	org.finos.legend.engine.protocol.pure.v1.model.valueSpecification.deprecated.AppliedQualifiedProperty	UNCOVERED
quantifiedComparisonExpression	org.finos.legend.engine.protocol.sql.metamodel.QuantifiedComparisonExpression	UNCOVERED
query	org.finos.legend.engine.protocol.sql.metamodel.Query	UNCOVERED
queryBody	org.finos.legend.engine.protocol.sql.metamodel.QueryBody	UNCOVERED
queryExprKeyValue	org.finos.legend.engine.protocol.mongodb.schema.metamodel.aggregation.QueryExprKeyValue	UNCOVERED
queryOperation	org.finos.legend.engine.protocol.deephaven.metamodel.QueryOperation	UNCOVERED
querySpecification	org.finos.legend.engine.protocol.sql.metamodel.QuerySpecification	UNCOVERED
queryStringQuery	org.finos.legend.engine.protocol.store.elasticsearch.v7.specification.types.querydsl.QueryStringQuery	UNCOVERED
queryWithScope	org.finos.legend.engine.protocol.sql.metamodel.QueryWithScope	UNCOVERED
rangeAggregate	org.finos.legend.engine.protocol.store.elasticsearch.v7.specification.types.aggregations.RangeAggregate	UNCOVERED
rangeAggregation	org.finos.legend.engine.protocol.store.elasticsearch.v7.specification.types.aggregations.RangeAggregation	UNCOVERED
rangeBucket	org.finos.legend.engine.protocol.store.elasticsearch.v7.specification.types.aggregations.RangeBucket	UNCOVERED
rangePropertyBase	org.finos.legend.engine.protocol.store.elasticsearch.v7.specification.types.mapping.RangePropertyBase	UNCOVERED
rangeQueryBase	org.finos.legend.engine.protocol.store.elasticsearch.v7.specification.types.querydsl.RangeQueryBase	UNCOVERED
rankFeatureFunctionLinear	org.finos.legend.engine.protocol.store.elasticsearch.v7.specification.types.querydsl.RankFeatureFunctionLinear	UNCOVERED
rankFeatureFunctionLogarithm	org.finos.legend.engine.protocol.store.elasticsearch.v7.specification.types.querydsl.RankFeatureFunctionLogarithm	UNCOVERED
rankFeatureFunctionSaturation	org.finos.legend.engine.protocol.store.elasticsearch.v7.specification.types.querydsl.RankFeatureFunctionSaturation	UNCOVERED
rankFeatureFunctionSigmoid	org.finos.legend.engine.protocol.store.elasticsearch.v7.specification.types.querydsl.RankFeatureFunctionSigmoid	UNCOVERED
rankFeatureProperty	org.finos.legend.engine.protocol.store.elasticsearch.v7.specification.types.mapping.RankFeatureProperty	UNCOVERED
rankFeatureQuery	org.finos.legend.engine.protocol.store.elasticsearch.v7.specification.types.querydsl.RankFeatureQuery	UNCOVERED
rankFeaturesProperty	org.finos.legend.engine.protocol.store.elasticsearch.v7.specification.types.mapping.RankFeaturesProperty	UNCOVERED
rareTermsAggregation	org.finos.legend.engine.protocol.store.elasticsearch.v7.specification.types.aggregations.RareTermsAggregation	UNCOVERED
rateAggregate	org.finos.legend.engine.protocol.store.elasticsearch.v7.specification.types.aggregations.RateAggregate	UNCOVERED
rateAggregation	org.finos.legend.engine.protocol.store.elasticsearch.v7.specification.types.aggregations.RateAggregation	UNCOVERED
recordTypeConstructor	org.finos.legend.engine.protocol.haskell.metamodel.RecordTypeConstructor	UNCOVERED
redshift	org.finos.legend.engine.protocol.pure.v1.model.packageableElement.store.relational.connection.specification.RedshiftDatasourceSpecification	COVERED
reference	org.finos.legend.engine.protocol.pure.v1.model.data.DataElementReference	COVERED
referenceDataResolver	org.finos.legend.engine.protocol.pure.v1.model.data.ReferenceDataResolver	COVERED
regExType	org.finos.legend.engine.protocol.mongodb.schema.metamodel.RegExType	UNCOVERED
regexpQuery	org.finos.legend.engine.protocol.store.elasticsearch.v7.specification.types.querydsl.RegexpQuery	UNCOVERED
relation	org.finos.legend.engine.protocol.pure.v1.model.packageableElement.mapping.relationFunction.RelationFunctionClassMapping	COVERED
relationAccessor	org.finos.legend.engine.protocol.pure.v1.model.data.relation.RelationElementsData	COVERED
relationFunctionEmbeddedPropertyMapping	org.finos.legend.engine.protocol.pure.v1.model.packageableElement.mapping.relationFunction.RelationFunctionEmbeddedPropertyMapping	COVERED
relationFunctionPropertyMapping	org.finos.legend.engine.protocol.pure.v1.model.packageableElement.mapping.relationFunction.RelationFunctionPropertyMapping	COVERED
relationType	org.finos.legend.engine.protocol.pure.m3.relation.RelationType	COVERED
relational	org.finos.legend.engine.protocol.pure.v1.model.packageableElement.store.relational.model.Database	COVERED
relationalBlock	org.finos.legend.engine.protocol.pure.v1.model.executionPlan.nodes.RelationalBlockExecutionNode	UNCOVERED
relationalCSVData	org.finos.legend.engine.protocol.pure.v1.model.packageableElement.store.relational.data.RelationalCSVData	COVERED
relationalClassInstantiation	org.finos.legend.engine.protocol.pure.v1.model.executionPlan.nodes.RelationalClassInstantiationExecutionNode	UNCOVERED
relationalClassQueryTempTableGraphFetch	org.finos.legend.engine.protocol.pure.v1.model.executionPlan.nodes.graphFetch.RelationalClassQueryTempTableGraphFetchExecutionNode	UNCOVERED
relationalCrossRootGraphFetchExecutionNode	org.finos.legend.engine.protocol.pure.v1.model.executionPlan.nodes.graphFetch.RelationalCrossRootGraphFetchExecutionNode	UNCOVERED
relationalCrossRootQueryTempTableGraphFetch	org.finos.legend.engine.protocol.pure.v1.model.executionPlan.nodes.graphFetch.RelationalCrossRootQueryTempTableGraphFetchExecutionNode	UNCOVERED
relationalDataTypeInstantiation	org.finos.legend.engine.protocol.pure.v1.model.executionPlan.nodes.RelationalDataTypeInstantiationExecutionNode	UNCOVERED
relationalGraphFetchExecutionNode	org.finos.legend.engine.protocol.pure.v1.model.executionPlan.nodes.graphFetch.RelationalGraphFetchExecutionNode	UNCOVERED
relationalLambda	org.finos.legend.engine.protocol.pure.v1.model.packageableElement.store.relational.model.operation.RelationalLambda	COVERED
relationalMapper	org.finos.legend.engine.protocol.pure.v1.model.packageableElement.mapper.RelationalMapper	COVERED
relationalPersistenceTarget	org.finos.legend.engine.protocol.pure.v1.model.packageableElement.persistence.relational.sink.RelationalPersistenceTarget	COVERED
relationalPrimitiveQueryGraphFetch	org.finos.legend.engine.protocol.pure.v1.model.executionPlan.nodes.graphFetch.RelationalPrimitiveQueryGraphFetchExecutionNode	UNCOVERED
relationalPropertyMapping	org.finos.legend.engine.protocol.pure.v1.model.packageableElement.store.relational.mapping.RelationalPropertyMapping	COVERED
relationalRelationDataInstantiation	org.finos.legend.engine.protocol.pure.v1.model.executionPlan.nodes.RelationalRelationDataInstantiationExecutionNode	UNCOVERED
relationalRootGraphFetchExecutionNode	org.finos.legend.engine.protocol.pure.v1.model.executionPlan.nodes.graphFetch.RelationalRootGraphFetchExecutionNode	UNCOVERED
relationalRootQueryTempTableGraphFetch	org.finos.legend.engine.protocol.pure.v1.model.executionPlan.nodes.graphFetch.RelationalRootQueryTempTableGraphFetchExecutionNode	UNCOVERED
relationalSave	org.finos.legend.engine.protocol.pure.v1.model.executionPlan.nodes.RelationalSaveNode	UNCOVERED
relationalSink	org.finos.legend.engine.protocol.pure.v1.model.packageableElement.persistence.persister.sink.RelationalSink	COVERED
relationalTdsInstantiation	org.finos.legend.engine.protocol.pure.v1.model.executionPlan.nodes.RelationalTdsInstantiationExecutionNode	UNCOVERED
relationalTempTableGraphFetchExecutionNode	org.finos.legend.engine.protocol.pure.v1.model.executionPlan.nodes.graphFetch.RelationalTempTableGraphFetchExecutionNode	UNCOVERED
remoteProcedureCall	org.finos.legend.engine.protocol.protobuf3.metamodel.RemoteProcedureCall	UNCOVERED
removeDuplicatesTokenFilter	org.finos.legend.engine.protocol.store.elasticsearch.v7.specification.types.analysis.RemoveDuplicatesTokenFilter	UNCOVERED
reservedFieldNames	org.finos.legend.engine.protocol.protobuf3.metamodel.ReservedFieldNames	UNCOVERED
reservedFieldRanges	org.finos.legend.engine.protocol.protobuf3.metamodel.ReservedFieldRanges	UNCOVERED
restService	org.finos.legend.engine.protocol.pure.v1.model.executionPlan.nodes.RestServiceExecutionNode	UNCOVERED
resultSet	org.finos.legend.engine.protocol.pure.v1.model.executionPlan.nodes.graphFetch.LoadFromResultSetAsValueTuplesTempTableStrategy	UNCOVERED
reverseNestedAggregate	org.finos.legend.engine.protocol.store.elasticsearch.v7.specification.types.aggregations.ReverseNestedAggregate	UNCOVERED
reverseNestedAggregation	org.finos.legend.engine.protocol.store.elasticsearch.v7.specification.types.aggregations.ReverseNestedAggregation	UNCOVERED
reverseTokenFilter	org.finos.legend.engine.protocol.store.elasticsearch.v7.specification.types.analysis.ReverseTokenFilter	UNCOVERED
rootGraphFetchTree	org.finos.legend.engine.protocol.pure.dsl.graph.valuespecification.constant.classInstance.RootGraphFetchTree	COVERED
roundWithScaleOperation	org.finos.legend.engine.protocol.deephaven.metamodel.RoundWithScaleOperation	UNCOVERED
runtime	org.finos.legend.engine.protocol.pure.v1.model.packageableElement.runtime.PackageableRuntime	COVERED
runtimeInstance	org.finos.legend.engine.protocol.pure.v1.model.valueSpecification.ClassInstanceWrapper	UNCOVERED
runtimePointer	org.finos.legend.engine.protocol.pure.v1.model.packageableElement.runtime.RuntimePointer	COVERED
sFixed32	org.finos.legend.engine.protocol.protobuf3.metamodel.SFixed32	UNCOVERED
sFixed64	org.finos.legend.engine.protocol.protobuf3.metamodel.SFixed64	UNCOVERED
sInt32	org.finos.legend.engine.protocol.protobuf3.metamodel.SInt32	UNCOVERED
sInt64	org.finos.legend.engine.protocol.protobuf3.metamodel.SInt64	UNCOVERED
samplerAggregate	org.finos.legend.engine.protocol.store.elasticsearch.v7.specification.types.aggregations.SamplerAggregate	UNCOVERED
samplerAggregation	org.finos.legend.engine.protocol.store.elasticsearch.v7.specification.types.aggregations.SamplerAggregation	UNCOVERED
scalarType	org.finos.legend.engine.protocol.protobuf3.metamodel.ScalarType	UNCOVERED
scalarTypeDefinition	org.finos.legend.engine.protocol.graphQL.metamodel.typeSystem.ScalarTypeDefinition	UNCOVERED
scaledFloatNumberProperty	org.finos.legend.engine.protocol.store.elasticsearch.v7.specification.types.mapping.ScaledFloatNumberProperty	UNCOVERED
schema	org.finos.legend.engine.protocol.pure.v1.model.packageableElement.store.relational.connection.postprocessor.SchemaNameMapper	COVERED
schemaDefinition	org.finos.legend.engine.protocol.graphQL.metamodel.typeSystem.SchemaDefinition	UNCOVERED
scriptQuery	org.finos.legend.engine.protocol.store.elasticsearch.v7.specification.types.querydsl.ScriptQuery	UNCOVERED
scriptScoreQuery	org.finos.legend.engine.protocol.store.elasticsearch.v7.specification.types.querydsl.ScriptScoreQuery	UNCOVERED
scriptedMetricAggregate	org.finos.legend.engine.protocol.store.elasticsearch.v7.specification.types.aggregations.ScriptedMetricAggregate	UNCOVERED
scriptedMetricAggregation	org.finos.legend.engine.protocol.store.elasticsearch.v7.specification.types.aggregations.ScriptedMetricAggregation	UNCOVERED
searchAsYouTypeProperty	org.finos.legend.engine.protocol.store.elasticsearch.v7.specification.types.mapping.SearchAsYouTypeProperty	UNCOVERED
searchRequest	org.finos.legend.engine.protocol.store.elasticsearch.v7.specification.global.search.SearchRequest	UNCOVERED
searchedCaseExpression	org.finos.legend.engine.protocol.sql.metamodel.SearchedCaseExpression	UNCOVERED
sectionIndex	org.finos.legend.engine.protocol.pure.v1.model.packageableElement.section.SectionIndex	COVERED
select	org.finos.legend.engine.protocol.sql.metamodel.Select	UNCOVERED
selectItem	org.finos.legend.engine.protocol.sql.metamodel.SelectItem	UNCOVERED
selectOperation	org.finos.legend.engine.protocol.deephaven.metamodel.SelectOperation	UNCOVERED
sequence	org.finos.legend.engine.protocol.pure.v1.model.executionPlan.nodes.SequenceExecutionNode	UNCOVERED
serialDifferencingAggregation	org.finos.legend.engine.protocol.store.elasticsearch.v7.specification.types.aggregations.SerialDifferencingAggregation	UNCOVERED
service	org.finos.legend.engine.protocol.pure.v1.model.packageableElement.store.service.model.Service	COVERED
serviceGroup	org.finos.legend.engine.protocol.pure.v1.model.packageableElement.store.service.model.ServiceGroup	COVERED
serviceOption	org.finos.legend.engine.protocol.protobuf3.metamodel.ServiceOption	UNCOVERED
serviceParametersResolution	org.finos.legend.engine.protocol.pure.v1.model.executionPlan.nodes.ServiceParametersResolutionExecutionNode	UNCOVERED
serviceStore	org.finos.legend.engine.protocol.pure.v1.model.packageableElement.store.service.mapping.RootServiceStoreClassMapping	COVERED
serviceTest	org.finos.legend.engine.protocol.pure.v1.model.packageableElement.service.ServiceTest	COVERED
serviceTestSuite	org.finos.legend.engine.protocol.pure.v1.model.packageableElement.service.ServiceTestSuite	COVERED
setOperation	org.finos.legend.engine.protocol.sql.metamodel.SetOperation	UNCOVERED
shapeProperty	org.finos.legend.engine.protocol.store.elasticsearch.v7.specification.types.mapping.ShapeProperty	UNCOVERED
shapeQuery	org.finos.legend.engine.protocol.store.elasticsearch.v7.specification.types.querydsl.ShapeQuery	UNCOVERED
shingleTokenFilter	org.finos.legend.engine.protocol.store.elasticsearch.v7.specification.types.analysis.ShingleTokenFilter	UNCOVERED
shortNumberProperty	org.finos.legend.engine.protocol.store.elasticsearch.v7.specification.types.mapping.ShortNumberProperty	UNCOVERED
shortType	org.finos.legend.engine.protocol.deephaven.metamodel.type.ShortType	UNCOVERED
significantLongTermsAggregate	org.finos.legend.engine.protocol.store.elasticsearch.v7.specification.types.aggregations.SignificantLongTermsAggregate	UNCOVERED
significantLongTermsBucket	org.finos.legend.engine.protocol.store.elasticsearch.v7.specification.types.aggregations.SignificantLongTermsBucket	UNCOVERED
significantStringTermsAggregate	org.finos.legend.engine.protocol.store.elasticsearch.v7.specification.types.aggregations.SignificantStringTermsAggregate	UNCOVERED
significantStringTermsBucket	org.finos.legend.engine.protocol.store.elasticsearch.v7.specification.types.aggregations.SignificantStringTermsBucket	UNCOVERED
significantTermsAggregateBase	org.finos.legend.engine.protocol.store.elasticsearch.v7.specification.types.aggregations.SignificantTermsAggregateBase	UNCOVERED
significantTermsAggregation	org.finos.legend.engine.protocol.store.elasticsearch.v7.specification.types.aggregations.SignificantTermsAggregation	UNCOVERED
significantTermsBucketBase	org.finos.legend.engine.protocol.store.elasticsearch.v7.specification.types.aggregations.SignificantTermsBucketBase	UNCOVERED
significantTextAggregation	org.finos.legend.engine.protocol.store.elasticsearch.v7.specification.types.aggregations.SignificantTextAggregation	UNCOVERED
simple	org.finos.legend.engine.protocol.pure.v1.model.executionPlan.SingleExecutionPlan	UNCOVERED
simpleCaseExpression	org.finos.legend.engine.protocol.sql.metamodel.SimpleCaseExpression	UNCOVERED
simpleMovingAverageAggregation	org.finos.legend.engine.protocol.store.elasticsearch.v7.specification.types.aggregations.SimpleMovingAverageAggregation	UNCOVERED
simpleQueryStringQuery	org.finos.legend.engine.protocol.store.elasticsearch.v7.specification.types.querydsl.SimpleQueryStringQuery	UNCOVERED
simpleValueAggregate	org.finos.legend.engine.protocol.store.elasticsearch.v7.specification.types.aggregations.SimpleValueAggregate	UNCOVERED
singleAuthScheme	org.finos.legend.engine.protocol.pure.v1.model.executionPlan.nodes.SingleAuthenticationSchemeRequirement	UNCOVERED
singleBucketAggregateBase	org.finos.legend.engine.protocol.store.elasticsearch.v7.specification.types.aggregations.SingleBucketAggregateBase	UNCOVERED
singleColumn	org.finos.legend.engine.protocol.sql.metamodel.SingleColumn	UNCOVERED
singleExecutionParameters	org.finos.legend.engine.protocol.pure.v1.model.packageableElement.service.SingleExecutionParameters	COVERED
singleExecutionTest	org.finos.legend.engine.protocol.pure.v1.model.packageableElement.service.SingleExecutionTest	COVERED
singleMetricAggregateBase	org.finos.legend.engine.protocol.store.elasticsearch.v7.specification.types.aggregations.SingleMetricAggregateBase	UNCOVERED
singleSecuritySchemeReq	org.finos.legend.engine.protocol.pure.v1.model.packageableElement.store.service.model.SingleSecuritySchemeRequirement	UNCOVERED
snapshot	org.finos.legend.engine.protocol.pure.v1.model.packageableElement.persistence.dataset.Snapshot	COVERED
snowballTokenFilter	org.finos.legend.engine.protocol.store.elasticsearch.v7.specification.types.analysis.SnowballTokenFilter	UNCOVERED
snowflake	org.finos.legend.engine.protocol.pure.v1.model.packageableElement.store.relational.connection.specification.SnowflakeDatasourceSpecification	COVERED
snowflakeApp	org.finos.legend.engine.protocol.snowflake.snowflakeApp.metamodel.SnowflakeApp	COVERED
snowflakeArtifact	org.finos.legend.engine.protocol.snowflake.snowflakeApp.deployment.SnowflakeAppArtifact	UNCOVERED
snowflakeDeploymentConfig	org.finos.legend.engine.protocol.snowflake.snowflakeApp.deployment.SnowflakeAppDeploymentConfiguration	UNCOVERED
snowflakeDeploymentConfiguration	org.finos.legend.engine.protocol.snowflake.snowflakeApp.metamodel.SnowflakeAppDeploymentConfiguration	COVERED
snowflakeDeploymentContent	org.finos.legend.engine.protocol.snowflake.snowflakeApp.deployment.SnowflakeAppContent	UNCOVERED
snowflakeM2MUdf	org.finos.legend.engine.protocol.snowflake.snowflakeM2MUdf.metamodel.SnowflakeM2MUdf	COVERED
snowflakeM2MUdfArtifact	org.finos.legend.engine.protocol.snowflake.snowflakeM2MUdf.deployment.SnowflakeM2MUdfArtifact	UNCOVERED
snowflakeM2MUdfDeploymentConfig	org.finos.legend.engine.protocol.snowflake.snowflakeM2MUdf.deployment.SnowflakeM2MUdfDeploymentConfiguration	UNCOVERED
snowflakeM2MUdfDeploymentConfiguration	org.finos.legend.engine.protocol.snowflake.snowflakeM2MUdf.metamodel.SnowflakeM2MUdfDeploymentConfiguration	COVERED
snowflakeM2MUdfDeploymentContent	org.finos.legend.engine.protocol.snowflake.snowflakeM2MUdf.deployment.SnowflakeM2MUdfContent	UNCOVERED
snowflakePublic	org.finos.legend.engine.protocol.pure.v1.model.packageableElement.store.relational.connection.authentication.SnowflakePublicAuthenticationStrategy	COVERED
sortItem	org.finos.legend.engine.protocol.sql.metamodel.SortItem	UNCOVERED
sortOperation	org.finos.legend.engine.protocol.deephaven.metamodel.SortOperation	UNCOVERED
sourceDerivedTime	org.finos.legend.engine.protocol.pure.v1.model.packageableElement.persistence.relational.temporality.sourcederived.SourceDerivedTime	COVERED
sourceFieldResultPath	org.finos.legend.engine.protocol.store.elasticsearch.v7.metamodel.tds.SourceFieldResultPath	UNCOVERED
sourceSpecifiesFromAndThruDateTime	org.finos.legend.engine.protocol.pure.v1.model.packageableElement.persistence.persister.validitymilestoning.derivation.SourceSpecifiesFromAndThruDateTime	COVERED
sourceSpecifiesFromDateTime	org.finos.legend.engine.protocol.pure.v1.model.packageableElement.persistence.persister.validitymilestoning.derivation.SourceSpecifiesFromDateTime	COVERED
sourceSpecifiesInAndOutDateTime	org.finos.legend.engine.protocol.pure.v1.model.packageableElement.persistence.persister.transactionmilestoning.derivation.SourceSpecifiesInAndOutDateTime	COVERED
sourceSpecifiesInDateTime	org.finos.legend.engine.protocol.pure.v1.model.packageableElement.persistence.persister.transactionmilestoning.derivation.SourceSpecifiesInDateTime	COVERED
sourceTimeStart	org.finos.legend.engine.protocol.pure.v1.model.packageableElement.persistence.relational.temporality.sourcederived.SourceTimeStart	COVERED
sourceTimeStartAndEnd	org.finos.legend.engine.protocol.pure.v1.model.packageableElement.persistence.relational.temporality.sourcederived.SourceTimeStartAndEnd	COVERED
spanContainingQuery	org.finos.legend.engine.protocol.store.elasticsearch.v7.specification.types.querydsl.SpanContainingQuery	UNCOVERED
spanFieldMaskingQuery	org.finos.legend.engine.protocol.store.elasticsearch.v7.specification.types.querydsl.SpanFieldMaskingQuery	UNCOVERED
spanFirstQuery	org.finos.legend.engine.protocol.store.elasticsearch.v7.specification.types.querydsl.SpanFirstQuery	UNCOVERED
spanMultiTermQuery	org.finos.legend.engine.protocol.store.elasticsearch.v7.specification.types.querydsl.SpanMultiTermQuery	UNCOVERED
spanNearQuery	org.finos.legend.engine.protocol.store.elasticsearch.v7.specification.types.querydsl.SpanNearQuery	UNCOVERED
spanNotQuery	org.finos.legend.engine.protocol.store.elasticsearch.v7.specification.types.querydsl.SpanNotQuery	UNCOVERED
spanOrQuery	org.finos.legend.engine.protocol.store.elasticsearch.v7.specification.types.querydsl.SpanOrQuery	UNCOVERED
spanTermQuery	org.finos.legend.engine.protocol.store.elasticsearch.v7.specification.types.querydsl.SpanTermQuery	UNCOVERED
spanWithinQuery	org.finos.legend.engine.protocol.store.elasticsearch.v7.specification.types.querydsl.SpanWithinQuery	UNCOVERED
spanner	org.finos.legend.engine.protocol.pure.v1.model.packageableElement.store.relational.connection.specification.SpannerDatasourceSpecification	COVERED
sql	org.finos.legend.engine.protocol.pure.v1.model.executionPlan.nodes.SQLExecutionNode	UNCOVERED
stage	org.finos.legend.engine.protocol.mongodb.schema.metamodel.aggregation.Stage	UNCOVERED
standardNumberProperty	org.finos.legend.engine.protocol.store.elasticsearch.v7.specification.types.mapping.StandardNumberProperty	UNCOVERED
standardTokenizer	org.finos.legend.engine.protocol.store.elasticsearch.v7.specification.types.analysis.StandardTokenizer	UNCOVERED
statement	org.finos.legend.engine.protocol.sql.metamodel.Statement	UNCOVERED
static	org.finos.legend.engine.protocol.pure.v1.model.packageableElement.store.relational.connection.specification.StaticDatasourceSpecification	COVERED
statsAggregate	org.finos.legend.engine.protocol.store.elasticsearch.v7.specification.types.aggregations.StatsAggregate	UNCOVERED
statsAggregation	org.finos.legend.engine.protocol.store.elasticsearch.v7.specification.types.aggregations.StatsAggregation	UNCOVERED
statsBucketAggregate	org.finos.legend.engine.protocol.store.elasticsearch.v7.specification.types.aggregations.StatsBucketAggregate	UNCOVERED
statsBucketAggregation	org.finos.legend.engine.protocol.store.elasticsearch.v7.specification.types.aggregations.StatsBucketAggregation	UNCOVERED
stemmerOverrideTokenFilter	org.finos.legend.engine.protocol.store.elasticsearch.v7.specification.types.analysis.StemmerOverrideTokenFilter	UNCOVERED
stemmerTokenFilter	org.finos.legend.engine.protocol.store.elasticsearch.v7.specification.types.analysis.StemmerTokenFilter	UNCOVERED
stopTokenFilter	org.finos.legend.engine.protocol.store.elasticsearch.v7.specification.types.analysis.StopTokenFilter	UNCOVERED
storeMappingGlobalGraphFetchExecutionNode	org.finos.legend.engine.protocol.pure.v1.model.executionPlan.nodes.graphFetch.StoreMappingGlobalGraphFetchExecutionNode	UNCOVERED
storeStreamReading	org.finos.legend.engine.protocol.pure.v1.model.executionPlan.nodes.graphFetch.store.inMemory.StoreStreamReadingExecutionNode	UNCOVERED
storedScriptId	org.finos.legend.engine.protocol.store.elasticsearch.v7.specification.types.StoredScriptId	UNCOVERED
streamingPersister	org.finos.legend.engine.protocol.pure.v1.model.packageableElement.persistence.persister.StreamingPersister	UNCOVERED
strictDate	org.finos.legend.engine.protocol.pure.m3.valuespecification.constant.datatype.primitive.CStrictDate	COVERED
strictTime	org.finos.legend.engine.protocol.pure.m3.valuespecification.constant.datatype.primitive.CStrictTime	COVERED
string	org.finos.legend.engine.protocol.pure.m3.valuespecification.constant.datatype.primitive.CString	COVERED
stringConcatenate	org.finos.legend.engine.protocol.sql.metamodel.StringConcatenate	UNCOVERED
stringLiteral	org.finos.legend.engine.protocol.protobuf3.metamodel.StringLiteral	UNCOVERED
stringRareTermsAggregate	org.finos.legend.engine.protocol.store.elasticsearch.v7.specification.types.aggregations.StringRareTermsAggregate	UNCOVERED
stringRareTermsBucket	org.finos.legend.engine.protocol.store.elasticsearch.v7.specification.types.aggregations.StringRareTermsBucket	UNCOVERED
stringSourceValue	org.finos.legend.engine.protocol.pure.v1.model.packageableElement.mapping.EnumValueMappingStringSourceValue	COVERED
stringStatsAggregate	org.finos.legend.engine.protocol.store.elasticsearch.v7.specification.types.aggregations.StringStatsAggregate	UNCOVERED
stringStatsAggregation	org.finos.legend.engine.protocol.store.elasticsearch.v7.specification.types.aggregations.StringStatsAggregation	UNCOVERED
stringTermsAggregate	org.finos.legend.engine.protocol.store.elasticsearch.v7.specification.types.aggregations.StringTermsAggregate	UNCOVERED
stringTermsBucket	org.finos.legend.engine.protocol.store.elasticsearch.v7.specification.types.aggregations.StringTermsBucket	UNCOVERED
stringType	org.finos.legend.engine.protocol.deephaven.metamodel.type.StringType	COVERED
stringTypeValue	org.finos.legend.engine.protocol.mongodb.schema.metamodel.aggregation.StringTypeValue	UNCOVERED
stringValue	org.finos.legend.engine.protocol.graphQL.metamodel.value.StringValue	UNCOVERED
subQuery	org.finos.legend.engine.protocol.pure.v1.model.executionPlan.nodes.graphFetch.LoadFromSubQueryTempTableStrategy	UNCOVERED
subTypeGraphFetchTree	org.finos.legend.engine.protocol.pure.dsl.graph.valuespecification.constant.classInstance.SubTypeGraphFetchTree	COVERED
subqueryExpression	org.finos.legend.engine.protocol.sql.metamodel.SubqueryExpression	UNCOVERED
subscriptExpression	org.finos.legend.engine.protocol.sql.metamodel.SubscriptExpression	UNCOVERED
sumAggregate	org.finos.legend.engine.protocol.store.elasticsearch.v7.specification.types.aggregations.SumAggregate	UNCOVERED
sumAggregation	org.finos.legend.engine.protocol.store.elasticsearch.v7.specification.types.aggregations.SumAggregation	UNCOVERED
sumBucketAggregation	org.finos.legend.engine.protocol.store.elasticsearch.v7.specification.types.aggregations.SumBucketAggregation	UNCOVERED
synonymGraphTokenFilter	org.finos.legend.engine.protocol.store.elasticsearch.v7.specification.types.analysis.SynonymGraphTokenFilter	UNCOVERED
synonymTokenFilter	org.finos.legend.engine.protocol.store.elasticsearch.v7.specification.types.analysis.SynonymTokenFilter	UNCOVERED
systemproperties	org.finos.legend.engine.protocol.pure.v1.model.packageableElement.authentication.vault.SystemPropertiesSecret	COVERED
tDSMetadata	org.finos.legend.engine.protocol.store.elasticsearch.v7.metamodel.executionPlan.tds.TDSMetadata	UNCOVERED
tDigestPercentileRanksAggregate	org.finos.legend.engine.protocol.store.elasticsearch.v7.specification.types.aggregations.TDigestPercentileRanksAggregate	UNCOVERED
tDigestPercentilesAggregate	org.finos.legend.engine.protocol.store.elasticsearch.v7.specification.types.aggregations.TDigestPercentilesAggregate	UNCOVERED
tTestAggregate	org.finos.legend.engine.protocol.store.elasticsearch.v7.specification.types.aggregations.TTestAggregate	UNCOVERED
tTestAggregation	org.finos.legend.engine.protocol.store.elasticsearch.v7.specification.types.aggregations.TTestAggregation	UNCOVERED
table	org.finos.legend.engine.protocol.pure.v1.model.packageableElement.store.relational.connection.postprocessor.TableNameMapper	COVERED
tableFunction	org.finos.legend.engine.protocol.sql.metamodel.TableFunction	UNCOVERED
tableSubquery	org.finos.legend.engine.protocol.sql.metamodel.TableSubquery	UNCOVERED
tds	org.finos.legend.engine.protocol.pure.v1.model.executionPlan.result.TDSResultType	UNCOVERED
tdsAggregateValue	org.finos.legend.engine.protocol.pure.v1.model.valueSpecification.ClassInstanceWrapper	UNCOVERED
tdsColumnInformation	org.finos.legend.engine.protocol.pure.v1.model.valueSpecification.ClassInstanceWrapper	UNCOVERED
tdsOlapAggregation	org.finos.legend.engine.protocol.pure.v1.model.valueSpecification.ClassInstanceWrapper	UNCOVERED
tdsOlapRank	org.finos.legend.engine.protocol.pure.v1.model.valueSpecification.ClassInstanceWrapper	UNCOVERED
tdsServiceOutput	org.finos.legend.engine.protocol.pure.v1.model.packageableElement.persistence.service.output.TdsServiceOutput	COVERED
tdsSortInformation	org.finos.legend.engine.protocol.pure.v1.model.valueSpecification.ClassInstanceWrapper	UNCOVERED
tempFile	org.finos.legend.engine.protocol.pure.v1.model.executionPlan.nodes.graphFetch.LoadFromTempFileTempTableStrategy	UNCOVERED
termQuery	org.finos.legend.engine.protocol.store.elasticsearch.v7.specification.types.querydsl.TermQuery	UNCOVERED
termSuggest	org.finos.legend.engine.protocol.store.elasticsearch.v7.specification.global.search.types.TermSuggest	UNCOVERED
termSuggester	org.finos.legend.engine.protocol.store.elasticsearch.v7.specification.global.search.types.TermSuggester	UNCOVERED
termsAggregateBase	org.finos.legend.engine.protocol.store.elasticsearch.v7.specification.types.aggregations.TermsAggregateBase	UNCOVERED
termsAggregation	org.finos.legend.engine.protocol.store.elasticsearch.v7.specification.types.aggregations.TermsAggregation	UNCOVERED
termsBucketBase	org.finos.legend.engine.protocol.store.elasticsearch.v7.specification.types.aggregations.TermsBucketBase	UNCOVERED
termsQuery	org.finos.legend.engine.protocol.store.elasticsearch.v7.specification.types.querydsl.TermsQuery	UNCOVERED
termsSetQuery	org.finos.legend.engine.protocol.store.elasticsearch.v7.specification.types.querydsl.TermsSetQuery	UNCOVERED
test	org.finos.legend.engine.protocol.pure.v1.model.packageableElement.store.relational.connection.authentication.TestDatabaseAuthenticationStrategy	COVERED
testError	org.finos.legend.engine.protocol.pure.v1.model.test.result.TestError	UNCOVERED
testExecuted	org.finos.legend.engine.protocol.pure.v1.model.test.result.TestExecuted	UNCOVERED
testExecutionPlanDebug	org.finos.legend.engine.protocol.pure.v1.model.test.result.TestExecutionPlanDebug	UNCOVERED
text	org.finos.legend.engine.protocol.pure.v1.model.context.PureModelContextText	COVERED
textProperty	org.finos.legend.engine.protocol.store.elasticsearch.v7.specification.types.mapping.TextProperty	UNCOVERED
timeStampType	org.finos.legend.engine.protocol.mongodb.schema.metamodel.TimeStampType	UNCOVERED
timestampType	org.finos.legend.engine.protocol.deephaven.metamodel.type.TimestampType	COVERED
tokenCountProperty	org.finos.legend.engine.protocol.store.elasticsearch.v7.specification.types.mapping.TokenCountProperty	UNCOVERED
topHitsAggregate	org.finos.legend.engine.protocol.store.elasticsearch.v7.specification.types.aggregations.TopHitsAggregate	UNCOVERED
topHitsAggregation	org.finos.legend.engine.protocol.store.elasticsearch.v7.specification.types.aggregations.TopHitsAggregation	UNCOVERED
topMetricsAggregate	org.finos.legend.engine.protocol.store.elasticsearch.v7.specification.types.aggregations.TopMetricsAggregate	UNCOVERED
topMetricsAggregation	org.finos.legend.engine.protocol.store.elasticsearch.v7.specification.types.aggregations.TopMetricsAggregation	UNCOVERED
trim	org.finos.legend.engine.protocol.sql.metamodel.Trim	UNCOVERED
trimTokenFilter	org.finos.legend.engine.protocol.store.elasticsearch.v7.specification.types.analysis.TrimTokenFilter	UNCOVERED
truncateTokenFilter	org.finos.legend.engine.protocol.store.elasticsearch.v7.specification.types.analysis.TruncateTokenFilter	UNCOVERED
tupleType	org.finos.legend.engine.protocol.haskell.metamodel.TupleType	UNCOVERED
type	org.finos.legend.engine.protocol.graphQL.metamodel.typeSystem.Type	UNCOVERED
typeQuery	org.finos.legend.engine.protocol.store.elasticsearch.v7.specification.types.querydsl.TypeQuery	UNCOVERED
typeSystemDefinition	org.finos.legend.engine.protocol.graphQL.metamodel.typeSystem.TypeSystemDefinition	UNCOVERED
uInt32	org.finos.legend.engine.protocol.protobuf3.metamodel.UInt32	UNCOVERED
uInt64	org.finos.legend.engine.protocol.protobuf3.metamodel.UInt64	UNCOVERED
uaxEmailUrlTokenizer	org.finos.legend.engine.protocol.store.elasticsearch.v7.specification.types.analysis.UaxEmailUrlTokenizer	UNCOVERED
union	org.finos.legend.engine.protocol.sql.metamodel.Union	UNCOVERED
unionTypeDefinition	org.finos.legend.engine.protocol.graphQL.metamodel.typeSystem.UnionTypeDefinition	UNCOVERED
uniqueTokenFilter	org.finos.legend.engine.protocol.store.elasticsearch.v7.specification.types.analysis.UniqueTokenFilter	UNCOVERED
unitInstance	org.finos.legend.engine.protocol.pure.m3.valuespecification.constant.datatype.UnitInstance	UNCOVERED
unitType	org.finos.legend.engine.protocol.pure.v1.model.valueSpecification.raw.UnitType	COVERED
unitemporalDelta	org.finos.legend.engine.protocol.pure.v1.model.packageableElement.persistence.persister.ingestmode.delta.UnitemporalDelta	COVERED
unitemporalSnapshot	org.finos.legend.engine.protocol.pure.v1.model.packageableElement.persistence.persister.ingestmode.snapshot.UnitemporalSnapshot	COVERED
unitemporalTemporality	org.finos.legend.engine.protocol.pure.v1.model.packageableElement.persistence.relational.temporality.Unitemporal	COVERED
unknownFunc	org.finos.legend.engine.protocol.pure.v1.model.valueSpecification.deprecated.UnknownAppliedFunction	UNCOVERED
unmappedRareTermsAggregate	org.finos.legend.engine.protocol.store.elasticsearch.v7.specification.types.aggregations.UnmappedRareTermsAggregate	UNCOVERED
unmappedSamplerAggregate	org.finos.legend.engine.protocol.store.elasticsearch.v7.specification.types.aggregations.UnmappedSamplerAggregate	UNCOVERED
unmappedSignificantTermsAggregate	org.finos.legend.engine.protocol.store.elasticsearch.v7.specification.types.aggregations.UnmappedSignificantTermsAggregate	UNCOVERED
unmappedTermsAggregate	org.finos.legend.engine.protocol.store.elasticsearch.v7.specification.types.aggregations.UnmappedTermsAggregate	UNCOVERED
unsignedLongNumberProperty	org.finos.legend.engine.protocol.store.elasticsearch.v7.specification.types.mapping.UnsignedLongNumberProperty	UNCOVERED
updateOperation	org.finos.legend.engine.protocol.store.elasticsearch.v7.specification.global.bulk.UpdateOperation	UNCOVERED
uppercaseTokenFilter	org.finos.legend.engine.protocol.store.elasticsearch.v7.specification.types.analysis.UppercaseTokenFilter	UNCOVERED
urlStream	org.finos.legend.engine.protocol.pure.v1.model.executionPlan.nodes.externalFormat.UrlStreamExecutionNode	UNCOVERED
userList	org.finos.legend.engine.protocol.hostedService.metamodel.control.UserList	COVERED
userListOwnership	org.finos.legend.engine.protocol.pure.v1.model.packageableElement.service.UserListOwnership	COVERED
userNamePassword	org.finos.legend.engine.protocol.pure.v1.model.packageableElement.store.relational.connection.authentication.UserNamePasswordAuthenticationStrategy	COVERED
userPassword	org.finos.legend.engine.protocol.pure.v1.model.packageableElement.authentication.specification.UserPasswordAuthenticationSpecification	COVERED
valueCountAggregate	org.finos.legend.engine.protocol.store.elasticsearch.v7.specification.types.aggregations.ValueCountAggregate	UNCOVERED
valueCountAggregation	org.finos.legend.engine.protocol.store.elasticsearch.v7.specification.types.aggregations.ValueCountAggregation	UNCOVERED
values	org.finos.legend.engine.protocol.sql.metamodel.Values	UNCOVERED
valuesList	org.finos.legend.engine.protocol.sql.metamodel.ValuesList	UNCOVERED
var	org.finos.legend.engine.protocol.pure.m3.valuespecification.Variable	COVERED
varResolution	org.finos.legend.engine.protocol.pure.v1.model.executionPlan.nodes.externalFormat.VariableResolutionExecutionNode	UNCOVERED
variable	org.finos.legend.engine.protocol.graphQL.metamodel.value.Variable	UNCOVERED
variableTypeValue	org.finos.legend.engine.protocol.mongodb.schema.metamodel.aggregation.VariableTypeValue	UNCOVERED
variableWidthHistogramAggregate	org.finos.legend.engine.protocol.store.elasticsearch.v7.specification.types.aggregations.VariableWidthHistogramAggregate	UNCOVERED
variableWidthHistogramBucket	org.finos.legend.engine.protocol.store.elasticsearch.v7.specification.types.aggregations.VariableWidthHistogramBucket	UNCOVERED
variantSchemaColumn	org.finos.legend.engine.protocol.sql.schema.metamodel.VariantSchemaColumn	UNCOVERED
versionProperty	org.finos.legend.engine.protocol.store.elasticsearch.v7.specification.types.mapping.VersionProperty	UNCOVERED
viewPipeline	org.finos.legend.engine.protocol.mongodb.schema.metamodel.aggregation.ViewPipeline	UNCOVERED
void	org.finos.legend.engine.protocol.pure.v1.model.executionPlan.result.VoidResultType	UNCOVERED
weightedAverageAggregation	org.finos.legend.engine.protocol.store.elasticsearch.v7.specification.types.aggregations.WeightedAverageAggregation	UNCOVERED
weightedAvgAggregate	org.finos.legend.engine.protocol.store.elasticsearch.v7.specification.types.aggregations.WeightedAvgAggregate	UNCOVERED
whatever	org.finos.legend.engine.protocol.pure.v1.model.valueSpecification.deprecated.Whatever	UNCOVERED
whenClause	org.finos.legend.engine.protocol.sql.metamodel.WhenClause	UNCOVERED
whitespaceTokenizer	org.finos.legend.engine.protocol.store.elasticsearch.v7.specification.types.analysis.WhitespaceTokenizer	UNCOVERED
wildcardProperty	org.finos.legend.engine.protocol.store.elasticsearch.v7.specification.types.mapping.WildcardProperty	UNCOVERED
wildcardQuery	org.finos.legend.engine.protocol.store.elasticsearch.v7.specification.types.querydsl.WildcardQuery	UNCOVERED
window	org.finos.legend.engine.protocol.sql.metamodel.Window	UNCOVERED
windowFrame	org.finos.legend.engine.protocol.sql.metamodel.WindowFrame	UNCOVERED
windowOperation	org.finos.legend.engine.protocol.deephaven.metamodel.WindowOperation	UNCOVERED
with	org.finos.legend.engine.protocol.sql.metamodel.With	UNCOVERED
withQuery	org.finos.legend.engine.protocol.sql.metamodel.WithQuery	UNCOVERED
wordDelimiterGraphTokenFilter	org.finos.legend.engine.protocol.store.elasticsearch.v7.specification.types.analysis.WordDelimiterGraphTokenFilter	UNCOVERED
wordDelimiterTokenFilter	org.finos.legend.engine.protocol.store.elasticsearch.v7.specification.types.analysis.WordDelimiterTokenFilter	UNCOVERED
workspace	org.finos.legend.engine.protocol.pure.v1.model.context.WorkspaceSDLC	UNCOVERED
wrapperQuery	org.finos.legend.engine.protocol.store.elasticsearch.v7.specification.types.querydsl.WrapperQuery	UNCOVERED
writeOperation	org.finos.legend.engine.protocol.store.elasticsearch.v7.specification.global.bulk.WriteOperation	UNCOVERED
xStore	org.finos.legend.engine.protocol.pure.v1.model.packageableElement.mapping.xStore.XStoreAssociationMapping	COVERED
xStorePropertyMapping	org.finos.legend.engine.protocol.pure.v1.model.packageableElement.mapping.xStore.XStorePropertyMapping	COVERED
