site	construct	collection	class	severity	where observed	evidence
core/src/main/java/com/legend/resolver/NavMaterializer.java:83	Set.of()	splitChains (empty arg to 10-arg navTargetMaterialized)	ITERATED-SAFE		NavMaterializer.java:1058 (debug toString), 1062, 1070	Passed via NavMaterializer.java:304 to foldProjectionCopies where it is only isEmpty()/contains()-tested plus a LEGEND_LITE_SPLIT_TRACE debug toString; it has zero elements, so no order exists.
core/src/main/java/com/legend/resolver/NavMaterializer.java:233	Set.of(x)	aliases arg of Pipelines.referencesAliasOn (singleton {sl})	LOOKUP		Pipelines.java:1389	referencesAliasOn only calls aliases.contains(pa.property()).
core/src/main/java/com/legend/resolver/NavMaterializer.java:494	Map.of()	navPrefixToClass of TemporalFrame.applyJoinTemporalFilters	LOOKUP		TemporalFrame.java:1628, 1634	The map is only isEmpty()-tested and read through navPrefixToClass::get, and passed down recursively unchanged.
core/src/main/java/com/legend/resolver/NavMaterializer.java:906	Set.of()	getOrDefault default -> navTails of 8-arg AssociationJoins.associationJoin	ITERATED-SAFE		AssociationJoins.java:1115	navTails is looped in collectTargetTails (for tail : navTails) but this default is empty; the real assocSubTails values are LinkedHashSets (NavMaterializer.java:622-624).
core/src/main/java/com/legend/resolver/NavMaterializer.java:1214	Map.of()	SubNav.children of a new embedded node	ITERATED-SAFE		NavMaterializer.java:1216, 1242; NavProvenance.java:197	Copied at once by new LinkedHashMap<>(node.children()) and SubNav children are entrySet-walked by composeSubNavPrefixes/rebaseSubNavs; empty, so nothing to order.
core/src/main/java/com/legend/resolver/NavMaterializer.java:1230	Map.of()	ctorProps return value (props -> SubNav.bindings)	ITERATED-SAFE		NavMaterializer.java:1211-1214; Substitution.java:2533	The empty fallback becomes a SubNav's bindings (and putUnderEmbedded's lookup-only bindings arg); SubNav bindings later become AssocSub.targetBindings whose keySet is looped (Substitution.java:2533), but an empty map has one order.
core/src/main/java/com/legend/resolver/GraphEmission.java:626	Map.of()	binds of inlineThis	LOOKUP		GraphEmission.java:2721-2722	inlineThis only does binds.containsKey/get and passes binds to its own recursive calls.
core/src/main/java/com/legend/resolver/GraphEmission.java:715	Set.of()	demanded of Pipelines.materialize	ITERATED-SAFE		Pipelines.java:439, 480	demanded is contains()-checked in walkJoinSlot and copied into a LinkedHashSet only when filter slots exist; empty, so order cannot vary.
core/src/main/java/com/legend/resolver/GraphEmission.java:721	Map.of()+Set.of()	prefixes/stripped of Pipelines.rewriteRowReads	LOOKUP		Pipelines.java:1151, 1158, 1163	rewriteRowReads only uses prefixes.containsKey/get and stripped.contains, passing both down recursively.
core/src/main/java/com/legend/resolver/GraphEmission.java:795	Map.of(k,v)	TemporalFrame.specs via withSpecs (singleton)	ITERATED-SAFE		TemporalFrame.java:169, 181, 1058, 2700	specs is iterated (anyMatch, entrySet copy, keySet loop) but holds exactly one entry, so only one iteration order exists (Map1 is not salted).
core/src/main/java/com/legend/resolver/GraphEmission.java:802	Set.of()	demanded of Pipelines.materialize	ITERATED-SAFE		Pipelines.java:439, 480	demanded is contains()-checked and copied into a LinkedHashSet only when filter slots exist; empty.
core/src/main/java/com/legend/resolver/GraphEmission.java:851	Map.of()+Set.of()	prefixes/stripped of Pipelines.rewriteRowReads	LOOKUP		Pipelines.java:1151, 1158, 1163	rewriteRowReads only uses containsKey/get/contains on them.
core/src/main/java/com/legend/resolver/GraphEmission.java:982	Map.of(k,v)	TemporalFrame.specs via withSpecs (singleton)	ITERATED-SAFE		TemporalFrame.java:169, 181, 1058, 2700	specs is iterated but holds exactly one entry (Map1), so only one order exists.
core/src/main/java/com/legend/resolver/GraphEmission.java:1255	Set.of()	demanded of Pipelines.materialize	ITERATED-SAFE		Pipelines.java:439, 480	demanded is contains()-checked and possibly copied into a LinkedHashSet; empty.
core/src/main/java/com/legend/resolver/GraphEmission.java:1335	Map.of()	slotPrefixes of correlatedGraphChild -> childFromRel	ITERATED-SAFE		GraphEmission.java:1411, 423, 437	Only removeAll(slotPrefixes.keySet()) (a set difference) may iterate it; otherwise containsKey/get via rewriteNavChains/rewriteRowReads; empty.
core/src/main/java/com/legend/resolver/GraphEmission.java:1360	Map.of()+Set.of()	prefixes/stripped of Pipelines.rewriteRowReads	LOOKUP		Pipelines.java:1151, 1158, 1163	rewriteRowReads only uses containsKey/get/contains on them.
core/src/main/java/com/legend/resolver/GraphEmission.java:1550	Map.of()	binds of inlineThis	LOOKUP		GraphEmission.java:2721-2722	inlineThis only does binds.containsKey/get.
core/src/main/java/com/legend/resolver/GraphEmission.java:1572	Map.of()	slotPrefixes of childFromRel	ITERATED-SAFE		GraphEmission.java:1411, 423, 437	Only removeAll(slotPrefixes.keySet()) (set difference) may iterate it; otherwise containsKey/get; empty.
core/src/main/java/com/legend/resolver/GraphEmission.java:1656	Map.of()+Set.of()	prefixes/stripped of Pipelines.rewriteRowReads	LOOKUP		Pipelines.java:1151, 1158, 1163	rewriteRowReads only uses containsKey/get/contains on them.
core/src/main/java/com/legend/resolver/GraphEmission.java:1658	Map.of(k,v)	sub of substVars (singleton)	ITERATED-SAFE		GraphEmission.java:3301	substVars uses isEmpty/getOrDefault and copies sub into a LinkedHashMap under a lambda; one entry, one order.
core/src/main/java/com/legend/resolver/GraphEmission.java:1665	Map.of()	binds of inlineThis	LOOKUP		GraphEmission.java:2721-2722	inlineThis only does binds.containsKey/get.
core/src/main/java/com/legend/resolver/GraphEmission.java:1667	Map.of(k,v)	sub of substVars (singleton)	ITERATED-SAFE		GraphEmission.java:3301	substVars copies sub into a LinkedHashMap under a lambda, else getOrDefault; one entry.
core/src/main/java/com/legend/resolver/GraphEmission.java:1668	Map.of()	binds of inlineThis	LOOKUP		GraphEmission.java:2721-2722	inlineThis only does binds.containsKey/get.
core/src/main/java/com/legend/resolver/GraphEmission.java:1670	Map.of(k,v)	sub of substVars (singleton)	ITERATED-SAFE		GraphEmission.java:3301	substVars copies sub into a LinkedHashMap under a lambda, else getOrDefault; one entry.
core/src/main/java/com/legend/resolver/GraphEmission.java:1696	Map.of(k,v)	sub of substVars (singleton)	ITERATED-SAFE		GraphEmission.java:3301	substVars copies sub into a LinkedHashMap under a lambda, else getOrDefault; one entry.
core/src/main/java/com/legend/resolver/GraphEmission.java:1697	Map.of(k,v)	sub of substVars (singleton)	ITERATED-SAFE		GraphEmission.java:3301	substVars copies sub into a LinkedHashMap under a lambda, else getOrDefault; one entry.
core/src/main/java/com/legend/resolver/GraphEmission.java:1725	Map.of()	slotPrefixes of childFromRel	ITERATED-SAFE		GraphEmission.java:1411, 423, 437	Only removeAll(slotPrefixes.keySet()) (set difference) may iterate it; otherwise containsKey/get; empty.
core/src/main/java/com/legend/resolver/GraphEmission.java:1776	Set.of()	demanded of Pipelines.materialize	ITERATED-SAFE		Pipelines.java:439, 480	demanded is contains()-checked and possibly copied into a LinkedHashSet; empty.
core/src/main/java/com/legend/resolver/GraphEmission.java:2331	Map.of(k,v)	TemporalFrame.specs via withSpecs (singleton)	ITERATED-SAFE		TemporalFrame.java:169, 181, 1058, 2700	specs is iterated but holds exactly one entry (Map1), so only one order exists.
core/src/main/java/com/legend/resolver/GraphEmission.java:2390	Set.of()	demanded of Pipelines.materialize	ITERATED-SAFE		Pipelines.java:439, 480	demanded is contains()-checked and possibly copied into a LinkedHashSet; empty.
core/src/main/java/com/legend/resolver/GraphEmission.java:2398	Map.of()+Set.of()	prefixes/stripped of Pipelines.rewriteRowReads	LOOKUP		Pipelines.java:1151, 1158, 1163	rewriteRowReads only uses containsKey/get/contains on them.
core/src/main/java/com/legend/resolver/GraphEmission.java:2423	Map.of()	binds of inlineThis	LOOKUP		GraphEmission.java:2721-2722	inlineThis only does binds.containsKey/get.
core/src/main/java/com/legend/resolver/GraphEmission.java:2604	Map.of()	binds of inlineThis	LOOKUP		GraphEmission.java:2721-2722	inlineThis only does binds.containsKey/get.
core/src/main/java/com/legend/resolver/GraphEmission.java:2792	Map.of()	binds of inlineThis (recursive call)	LOOKUP		GraphEmission.java:2721-2722	inlineThis only does binds.containsKey/get.
core/src/main/java/com/legend/resolver/GraphEmission.java:2876	Set.of(x)	aliases arg of Pipelines.referencesAliasOn (singleton {a})	LOOKUP		Pipelines.java:1389	referencesAliasOn only calls aliases.contains.
core/src/main/java/com/legend/resolver/GraphEmission.java:2966	Set.of()	demanded of Pipelines.materialize	ITERATED-SAFE		Pipelines.java:439, 480	demanded is contains()-checked and possibly copied into a LinkedHashSet; empty.
core/src/main/java/com/legend/resolver/RawGridSchema.java:99	new HashMap<>()	binders	ITERATED-SAFE		RawGridSchema.java:322	binders is only put/remove/get/containsKey/isEmpty (lines 256, 282, 284, 306, 317, 320); its one iteration is the copy new HashMap<>(binders) into another lookup-only map.
core/src/main/java/com/legend/resolver/RawGridSchema.java:322	new HashMap<>(binders)	shadowed	ITERATED-SAFE		RawGridSchema.java:322 (re-copy in a nested lambda)	shadowed gets remove(p) and replaces binders for the subtree, where it is again only get/put/remove/containsKey or re-copied at 322; nothing reads its order.
core/src/main/java/com/legend/resolver/GenericTypeReflection.java:61	Set.of()	demanded of Pipelines.materialize	ITERATED-SAFE		Pipelines.java:439, 480	demanded is contains()-checked and possibly copied into a LinkedHashSet; empty.
core/src/main/java/com/legend/resolver/NavProvenance.java:115	Set.of()	demanded of Pipelines.materialize	ITERATED-SAFE		Pipelines.java:439, 480	demanded is contains()-checked and possibly copied into a LinkedHashSet; empty.
core/src/main/java/com/legend/resolver/NavProvenance.java:156	Map.of()	AssocSub.targetMilestoneColumns	LOOKUP		Substitution.java:1252	The field's only reader is a2.targetMilestoneColumns().get(path.get(2)).
core/src/main/java/com/legend/resolver/NavProvenance.java:182	Map.of() x2	AssocSub.targetSlotPrefixes + targetMilestoneColumns	ITERATED-SAFE		Substitution.java:2599, 1439	targetSlotPrefixes keySet feeds a removeAll set difference and a LEGEND_LITE_STACKS debug print; the milestone map is get-only; both empty.
core/src/main/java/com/legend/resolver/DateSplit.java:69	new IdentityHashMap<>()	dateRenames	LOOKUP		DateSplit.java:125, 129, 131-134; SyntheticHeads.java:1781	Only put/isEmpty here and renames.get(n) in SyntheticHeads.replaceDatedNodes; never iterated.
core/src/main/java/com/legend/resolver/DateSplit.java:71	new IdentityHashMap<>()	ctxStrips	LOOKUP		DateSplit.java:107, 129, 131-134; SyntheticHeads.java:1775	Only put/isEmpty here and strips.containsKey(n) in replaceDatedNodes; never iterated.
core/src/main/java/com/legend/resolver/NavExistsMaterial.java:151	Set.of()	demanded of Pipelines.materialize (inside a TargetResolver lambda)	ITERATED-SAFE		Pipelines.java:439, 480	demanded is contains()-checked and possibly copied into a LinkedHashSet; empty.
core/src/main/java/com/legend/resolver/NavExistsMaterial.java:178	Map.of()	navPrefixToClass of TemporalFrame.applyJoinTemporalFilters	LOOKUP		TemporalFrame.java:1628, 1634	Only isEmpty() and ::get.
core/src/main/java/com/legend/resolver/CastReRoot.java:63	Set.of()	demanded of Pipelines.materialize	ITERATED-SAFE		Pipelines.java:439, 480	demanded is contains()-checked and possibly copied into a LinkedHashSet; empty.
core/src/main/java/com/legend/resolver/ChainedExists.java:133	Set.of()	demanded of Pipelines.materialize	ITERATED-SAFE		Pipelines.java:439, 480	demanded is contains()-checked and possibly copied into a LinkedHashSet; empty.
core/src/main/java/com/legend/resolver/ChainedExists.java:175	Map.of()+Set.of()	prefixes/stripped of Pipelines.rewriteRowReads	LOOKUP		Pipelines.java:1151, 1158, 1163	rewriteRowReads only uses containsKey/get/contains on them.
core/src/main/java/com/legend/resolver/ChainedExists.java:178	Map.of()+Set.of()	prefixes/stripped of Pipelines.rewriteRowReads	LOOKUP		Pipelines.java:1151, 1158, 1163	rewriteRowReads only uses containsKey/get/contains on them.
core/src/main/java/com/legend/resolver/OccurrenceBundling.java:67	Set.of(x)	aliases arg of Pipelines.referencesAliasOn (singleton {slot})	LOOKUP		Pipelines.java:1389	referencesAliasOn only calls aliases.contains.
core/src/main/java/com/legend/resolver/OccurrenceBundling.java:83	Set.of(x)	aliases arg of Pipelines.referencesAliasOn (singleton {slot})	LOOKUP		Pipelines.java:1389	referencesAliasOn only calls aliases.contains.
core/src/main/java/com/legend/resolver/OccurrenceBundling.java:124	Set.of(x)	aliases arg of Pipelines.referencesAliasOn (singleton {slot})	LOOKUP		Pipelines.java:1389	referencesAliasOn only calls aliases.contains.
core/src/main/java/com/legend/resolver/Substitution.java:170	Map.of()	Registries.inQueryReads	LOOKUP		Substitution.java:546, 627, 1094	The field's only readers are target.inQueryReads().get(n) (plus pass-through in withCallees).
core/src/main/java/com/legend/resolver/Substitution.java:176	Map.of()	Registries.NONE.assocs	ITERATED-SAFE		Substitution.java:1445, 2248, 2499; StoreResolver.java:3320	assocs keySet is iterated only into exception messages, and NONE (via NestedScope.regs) is copied into a LinkedHashMap; always empty.
core/src/main/java/com/legend/resolver/Substitution.java:177	Set.of()+Map.of() x2	Registries.NONE.assocEnds/existsSubs/aggReads	LOOKUP		Substitution.java:1615, 954-1146, 1893, 1904; StoreResolver.java:3330	assocEnds is contains()-only, existsSubs containsKey/get-only (and forwarded into another Registries), aggReads get-only.
core/src/main/java/com/legend/resolver/Substitution.java:194	Map.of()	TemporalView.NONE.headTemporalDates	LOOKUP		Substitution.java:2548	The field's only reader is target.headTemporalDates().get(head).
core/src/main/java/com/legend/resolver/Substitution.java:339	Map.of()	ExistsSub.subNavs	LOOKUP		Substitution.java:348	ExistsSub.subNavs is never read in lite, only carried along by withInnerRegs; no iteration.
core/src/main/java/com/legend/resolver/Substitution.java:366	Map.of()	ExistsSub.targetSlotPrefixes	ITERATED-SAFE		Substitution.java:2977, 3320, 3351	keySet feeds removeAll set differences; otherwise RowScope.slotPrefixes lookups; empty.
core/src/main/java/com/legend/resolver/Substitution.java:397	Map.of()	SubNav.children	ITERATED-SAFE		NavMaterializer.java:1216, 1242; NavProvenance.java:197	SubNav children are entrySet-walked by composeSubNavPrefixes/rebaseSubNavs into LinkedHashMaps; empty.
core/src/main/java/com/legend/resolver/Substitution.java:428	Map.of() x3	AssocSub.targetSlotPrefixes/targetMilestoneColumns/subNavs	ITERATED-SAFE		Substitution.java:2599; StoreResolver.java:1215	targetSlotPrefixes keySet feeds removeAll, subNavs entrySet is looped in StoreResolver, the milestone map is get-only; all empty.
core/src/main/java/com/legend/resolver/Substitution.java:436	Map.of()	AssocSub.targetMilestoneColumns	LOOKUP		Substitution.java:1252	The field's only reader is targetMilestoneColumns().get(...).
core/src/main/java/com/legend/resolver/Substitution.java:437	Map.of()	AssocSub.subNavs	ITERATED-SAFE		StoreResolver.java:1215; Substitution.java:1446	subNavs is entrySet-looped in StoreResolver and keySet-printed in an exception message; empty.
core/src/main/java/com/legend/resolver/Substitution.java:447	Map.of() x2	AssocSub.targetMilestoneColumns + subNavs	ITERATED-SAFE		StoreResolver.java:1215; Substitution.java:1252	subNavs entrySet is looped, the milestone map is get-only; both empty.
core/src/main/java/com/legend/resolver/Substitution.java:459	Map.of()	AssocSub.subNavs	ITERATED-SAFE		StoreResolver.java:1215; Substitution.java:1446	subNavs is entrySet-looped and keySet-printed in an exception message; empty.
core/src/main/java/com/legend/resolver/Substitution.java:2598	new HashSet<>(a.targetSlotAliases())	unconverted	ITERATED-SAFE		Substitution.java:2599-2600; Pipelines.java:1389	unconverted is only reduced by removeAll(a.targetSlotPrefixes().keySet()) (an order-independent set difference) and passed to referencesAliasOn, which only calls contains; never emitted.
core/src/main/java/com/legend/resolver/Substitution.java:2607	Set.of()	stripped of Pipelines.rewriteRowReads	LOOKUP		Pipelines.java:1163	rewriteRowReads only calls stripped.contains.
core/src/main/java/com/legend/resolver/Substitution.java:2789	Map.of()+Set.of()	prefixes/stripped of Pipelines.rewriteRowReads	LOOKUP		Pipelines.java:1151, 1158, 1163	rewriteRowReads only uses containsKey/get/contains on them.
core/src/main/java/com/legend/resolver/Substitution.java:2793	Map.of()+Set.of()	prefixes/stripped of Pipelines.rewriteRowReads	LOOKUP		Pipelines.java:1151, 1158, 1163	rewriteRowReads only uses containsKey/get/contains on them.
core/src/main/java/com/legend/resolver/Substitution.java:3221	Map.of()+Set.of()	prefixes/stripped of Pipelines.rewriteRowReads	LOOKUP		Pipelines.java:1151, 1158, 1163	rewriteRowReads only uses containsKey/get/contains on them.
core/src/main/java/com/legend/resolver/Substitution.java:3225	Map.of()+Set.of()	prefixes/stripped of Pipelines.rewriteRowReads	LOOKUP		Pipelines.java:1151, 1158, 1163	rewriteRowReads only uses containsKey/get/contains on them.
core/src/main/java/com/legend/resolver/Substitution.java:3242	Map.of()+Set.of()	prefixes/stripped of Pipelines.rewriteRowReads	LOOKUP		Pipelines.java:1151, 1158, 1163	rewriteRowReads only uses containsKey/get/contains on them.
core/src/main/java/com/legend/resolver/Substitution.java:3247	Map.of()+Set.of()	prefixes/stripped of Pipelines.rewriteRowReads	LOOKUP		Pipelines.java:1151, 1158, 1163	rewriteRowReads only uses containsKey/get/contains on them.
core/src/main/java/com/legend/resolver/Substitution.java:3297	Map.of()	RowScope.milestoneColumns	LOOKUP		Substitution.java:1242, 1244, 1601, 2412-2421	target.milestoneColumns() is only containsKey/get/isEmpty.
core/src/main/java/com/legend/resolver/Substitution.java:3326	Map.of()	RowScope.milestoneColumns	LOOKUP		Substitution.java:1242, 1244, 1601, 2412-2421	target.milestoneColumns() is only containsKey/get/isEmpty.
core/src/main/java/com/legend/resolver/Substitution.java:3359	Map.of()	RowScope.milestoneColumns	LOOKUP		Substitution.java:1242, 1244, 1601, 2412-2421	target.milestoneColumns() is only containsKey/get/isEmpty.
core/src/main/java/com/legend/resolver/SyntheticHeads.java:379	Set.of(x)	comparison operand {bottom}	LOOKUP		SyntheticHeads.java:379	Used only in free.equals(Set.of(bottom)), a set equality that does not depend on order.
core/src/main/java/com/legend/resolver/SyntheticHeads.java:1136	Set.of(x)	comparison operand {scope}	LOOKUP		SyntheticHeads.java:1136	Used only in reads.equals(Set.of(scope)), a set equality that does not depend on order.
core/src/main/java/com/legend/resolver/SyntheticHeads.java:1683	Map.of()+Set.of()	prefixes/stripped of Pipelines.rewriteRowReads	LOOKUP		Pipelines.java:1151, 1158, 1163	rewriteRowReads only uses containsKey/get/contains on them.
core/src/main/java/com/legend/resolver/SyntheticHeads.java:1721	Map.of()+Set.of()	prefixes/stripped of Pipelines.rewriteRowReads	LOOKUP		Pipelines.java:1151, 1158, 1163	rewriteRowReads only uses containsKey/get/contains on them.
core/src/main/java/com/legend/resolver/SyntheticHeads.java:1959	Collections.newSetFromMap(new IdentityHashMap<>())	valuesLambdas (private field)	LOOKUP		SyntheticHeads.java:747, 1248	The private field is only add()-ed (1248) and contains()-tested (747); never iterated.
core/src/main/java/com/legend/resolver/AssociationJoins.java:251	Set.of()	demanded of Pipelines.materialize (inside a TargetResolver lambda)	ITERATED-SAFE		Pipelines.java:439, 480	demanded is contains()-checked and possibly copied into a LinkedHashSet; empty.
core/src/main/java/com/legend/resolver/AssociationJoins.java:265	Map.of()	navPrefixToClass of TemporalFrame.applyJoinTemporalFilters	LOOKUP		TemporalFrame.java:1628, 1634	Only isEmpty() and ::get.
core/src/main/java/com/legend/resolver/AssociationJoins.java:407	Map.of()	navPrefixToClass of TemporalFrame.applyJoinTemporalFilters	LOOKUP		TemporalFrame.java:1628, 1634	Only isEmpty() and ::get.
core/src/main/java/com/legend/resolver/AssociationJoins.java:409	Map.of()	slotPrefixes of CorrelatedSubselects.predFilteredPipe	ITERATED-SAFE		CorrelatedSubselects.java:1918, 1939	keySet feeds a removeAll set difference, then becomes RowScope.slotPrefixes (lookup-only); empty.
core/src/main/java/com/legend/resolver/AssociationJoins.java:410	Map.of()	subNavs of CorrelatedSubselects.predFilteredPipe	ITERATED-SAFE		CorrelatedSubselects.java:1921	entrySet is looped into the navAssocs LinkedHashMap; empty.
core/src/main/java/com/legend/resolver/AssociationJoins.java:415	Map.of() x2	AssocJoin.targetSlotPrefixes + targetSubNavs	ITERATED-SAFE		StoreResolver.java:1143, 1145	targetSlotPrefixes is copied into a LinkedHashMap and targetSubNavs keySet is looped; both empty.
core/src/main/java/com/legend/resolver/AssociationJoins.java:759	Set.of()	demandedLeaves of associationJoin	ITERATED-SAFE		AssociationJoins.java:861, 902	demandedLeaves is copied into a LinkedHashSet and looped to build targetDemand; empty.
core/src/main/java/com/legend/resolver/AssociationJoins.java:773	Set.of()	navTails of 8-arg associationJoin	ITERATED-SAFE		AssociationJoins.java:1115	navTails is looped in collectTargetTails; empty.
core/src/main/java/com/legend/resolver/AssociationJoins.java:967	Set.of()	demanded of Pipelines.materialize (inside a TargetResolver lambda)	ITERATED-SAFE		Pipelines.java:439, 480	demanded is contains()-checked and possibly copied into a LinkedHashSet; empty.
core/src/main/java/com/legend/resolver/AssociationJoins.java:971	Map.of()	navPrefixToClass of TemporalFrame.applyJoinTemporalFilters	LOOKUP		TemporalFrame.java:1628, 1634	Only isEmpty() and ::get.
core/src/main/java/com/legend/resolver/AssociationJoins.java:1037	Map.of()	navPrefixToClass of TemporalFrame.applyJoinTemporalFilters	LOOKUP		TemporalFrame.java:1628, 1634	Only isEmpty() and ::get.
core/src/main/java/com/legend/resolver/AssociationJoins.java:1065	Set.of()	stripped of Pipelines.rewriteRowReads	LOOKUP		Pipelines.java:1163	rewriteRowReads only calls stripped.contains.
core/src/main/java/com/legend/resolver/AssociationJoins.java:1074	Map.of()	SubNav.children (deeper == null branch)	ITERATED-SAFE		NavMaterializer.java:1242; NavProvenance.java:197	SubNav children are entrySet-walked by composeSubNavPrefixes/rebaseSubNavs into LinkedHashMaps; empty.
core/src/main/java/com/legend/resolver/AssociationJoins.java:1318	Map.of()	RowScope.milestoneColumns	LOOKUP		Substitution.java:1242, 1244, 1601, 2412-2421	target.milestoneColumns() is only containsKey/get/isEmpty.
core/src/main/java/com/legend/resolver/AssociationJoins.java:1319	Map.of()+Set.of()	Registries.assocs + assocEnds	ITERATED-SAFE		Substitution.java:1445, 2248, 2499, 1615	assocs keySet is iterated only into exception messages, assocEnds is contains()-only; both empty.
core/src/main/java/com/legend/resolver/AssociationJoins.java:1320	Map.of() x2	Registries.existsSubs + aggReads	LOOKUP		Substitution.java:954-1146, 1893, 1904	existsSubs is containsKey/get-only, aggReads get-only.
core/src/main/java/com/legend/resolver/AssociationJoins.java:1330	Map.of() x2	RowScope.slotPrefixes + milestoneColumns	LOOKUP		Substitution.java:3476; Pipelines.java:1151, 1158	slotPrefixes only reaches rewriteRowReads (containsKey/get); milestoneColumns is containsKey/get/isEmpty-only.
core/src/main/java/com/legend/resolver/AssociationJoins.java:1331	Map.of()+Set.of()	Registries.assocs + assocEnds	ITERATED-SAFE		Substitution.java:1445, 2248, 2499, 1615	assocs keySet is iterated only into exception messages, assocEnds is contains()-only; both empty.
core/src/main/java/com/legend/resolver/AssociationJoins.java:1332	Map.of() x2	Registries.existsSubs + aggReads	LOOKUP		Substitution.java:954-1146, 1893, 1904	existsSubs is containsKey/get-only, aggReads get-only.
core/src/main/java/com/legend/resolver/AssociationJoins.java:1479	Set.of(x)	demandedLeaves of associationJoin (singleton {leafProp})	ITERATED-SAFE		AssociationJoins.java:861, 902	demandedLeaves is copied and looped to build targetDemand, but holds one element (Set12 with one element is not salted).
core/src/main/java/com/legend/resolver/AssociationJoins.java:1480	Set.of()	navTails of 8-arg associationJoin	ITERATED-SAFE		AssociationJoins.java:1115	navTails is looped in collectTargetTails; empty.
core/src/main/java/com/legend/resolver/AssociationJoins.java:1493	Map.of()	prefixes of Pipelines.rewriteRowReads	LOOKUP		Pipelines.java:1151, 1158	rewriteRowReads only uses prefixes.containsKey/get.
core/src/main/java/com/legend/resolver/AssociationJoins.java:1494	Set.of()	stripped of Pipelines.rewriteRowReads	LOOKUP		Pipelines.java:1163	rewriteRowReads only calls stripped.contains.
core/src/main/java/com/legend/resolver/AssociationJoins.java:1540	Map.of() x2	parentAssocs + targetSubNavs of 7-arg andCorrelatedIntoCondition	ITERATED-SAFE		AssociationJoins.java:1588, 1621; Substitution.java:1445	targetSubNavs entrySet is looped into the tgtAssocs LinkedHashMap; parentAssocs becomes Registries.assocs (keySet only in exception messages); both empty.
core/src/main/java/com/legend/resolver/AssociationJoins.java:1593	Set.of()+Map.of()	AssocSub.targetSlotAliases + targetSlotPrefixes	ITERATED-SAFE		Substitution.java:2597-2599, 1439-1440	aliases are contains()-checked and copied, prefixes keySet feeds removeAll, both appear in a debug toString; both empty.
core/src/main/java/com/legend/resolver/AssociationJoins.java:1594	Map.of()	AssocSub.targetMilestoneColumns	LOOKUP		Substitution.java:1252	The field's only reader is targetMilestoneColumns().get(...).
core/src/main/java/com/legend/resolver/AssociationJoins.java:1600	Map.of()	RowScope.milestoneColumns	LOOKUP		Substitution.java:1242, 1244, 1601, 2412-2421	target.milestoneColumns() is only containsKey/get/isEmpty.
core/src/main/java/com/legend/resolver/AssociationJoins.java:1601	Set.of()	Registries.assocEnds	LOOKUP		Substitution.java:1615	assocEnds is only contains()-tested.
core/src/main/java/com/legend/resolver/AssociationJoins.java:1602	Map.of() x2	Registries.existsSubs + aggReads	LOOKUP		Substitution.java:954-1146, 1893, 1904	existsSubs is containsKey/get-only, aggReads get-only.
core/src/main/java/com/legend/resolver/AssociationJoins.java:1620	Map.of() x2	RowScope.slotPrefixes + milestoneColumns	LOOKUP		Substitution.java:3476; Pipelines.java:1151, 1158	slotPrefixes only reaches rewriteRowReads (containsKey/get); milestoneColumns is containsKey/get/isEmpty-only.
core/src/main/java/com/legend/resolver/AssociationJoins.java:1621	Set.of()	Registries.assocEnds	LOOKUP		Substitution.java:1615	assocEnds is only contains()-tested.
core/src/main/java/com/legend/resolver/AssociationJoins.java:1622	Map.of() x2	Registries.existsSubs + aggReads	LOOKUP		Substitution.java:954-1146, 1893, 1904	existsSubs is containsKey/get-only, aggReads get-only.
core/src/main/java/com/legend/resolver/AssociationJoins.java:1680	Map.of()	targetSlotPrefixes of corrPredOnJoinedRowCore	ITERATED-SAFE		AssociationJoins.java:1711, 1733	keySet feeds a removeAll set difference, then RowScope.slotPrefixes (lookup-only); empty.
core/src/main/java/com/legend/resolver/AssociationJoins.java:1725	Set.of()+Map.of()	AssocSub.targetSlotAliases + targetSlotPrefixes	ITERATED-SAFE		Substitution.java:2597-2599, 1439-1440	aliases are contains()-checked and copied, prefixes keySet feeds removeAll, both appear in a debug toString; both empty.
core/src/main/java/com/legend/resolver/AssociationJoins.java:1726	Map.of()	AssocSub.targetMilestoneColumns	LOOKUP		Substitution.java:1252	The field's only reader is targetMilestoneColumns().get(...).
core/src/main/java/com/legend/resolver/AssociationJoins.java:1733	Map.of()	RowScope.milestoneColumns	LOOKUP		Substitution.java:1242, 1244, 1601, 2412-2421	target.milestoneColumns() is only containsKey/get/isEmpty.
core/src/main/java/com/legend/resolver/AssociationJoins.java:1734	Set.of()	Registries.assocEnds	LOOKUP		Substitution.java:1615	assocEnds is only contains()-tested.
core/src/main/java/com/legend/resolver/AssociationJoins.java:1735	Map.of() x2	Registries.existsSubs + aggReads	LOOKUP		Substitution.java:954-1146, 1893, 1904	existsSubs is containsKey/get-only, aggReads get-only.
core/src/main/java/com/legend/resolver/AssociationJoins.java:1746	Set.of()+Map.of()	AssocSub.targetSlotAliases + targetSlotPrefixes	ITERATED-SAFE		Substitution.java:2597-2599, 1439-1440	aliases are contains()-checked and copied, prefixes keySet feeds removeAll, both appear in a debug toString; both empty.
core/src/main/java/com/legend/resolver/AssociationJoins.java:1747	Map.of()	AssocSub.targetMilestoneColumns	LOOKUP		Substitution.java:1252	The field's only reader is targetMilestoneColumns().get(...).
core/src/main/java/com/legend/resolver/AssociationJoins.java:1757	Map.of()	RowScope.milestoneColumns	LOOKUP		Substitution.java:1242, 1244, 1601, 2412-2421	target.milestoneColumns() is only containsKey/get/isEmpty.
core/src/main/java/com/legend/resolver/AssociationJoins.java:1758	Set.of()	Registries.assocEnds	LOOKUP		Substitution.java:1615	assocEnds is only contains()-tested.
core/src/main/java/com/legend/resolver/AssociationJoins.java:1759	Map.of() x2	Registries.existsSubs + aggReads	LOOKUP		Substitution.java:954-1146, 1893, 1904	existsSubs is containsKey/get-only, aggReads get-only.
core/src/main/java/com/legend/resolver/AssociationJoins.java:1770	Map.of()+Set.of()	prefixes/stripped of Pipelines.rewriteRowReads	LOOKUP		Pipelines.java:1151, 1158, 1163	rewriteRowReads only uses containsKey/get/contains on them.
core/src/main/java/com/legend/resolver/AssociationJoins.java:1811	Set.of()	getOrDefault default -> tgtNavPaths of aggJoinMaterial	ITERATED-SAFE		AssociationJoins.java:163, 205, 1115	It reaches associationJoin's navTails loop or is copied into the predPaths LinkedHashSet; this default is empty (real values are LinkedHashSets, AssociationJoins.java:1141).
core/src/main/java/com/legend/resolver/AssociationJoins.java:2215	Map.of()+Set.of()	prefixes/stripped of Pipelines.rewriteRowReads	LOOKUP		Pipelines.java:1151, 1158, 1163	rewriteRowReads only uses containsKey/get/contains on them.
core/src/main/java/com/legend/resolver/StackBuilder.java:99	new IdentityHashMap<>()	leaves (private field)	LOOKUP		StackBuilder.java:109, 175, 177, 457, 464	The private field is only get()/put(); never iterated.
core/src/main/java/com/legend/resolver/StackBuilder.java:525	Map.of()+Set.of()	prefixes/stripped of Pipelines.rewriteRowReads	LOOKUP		Pipelines.java:1151, 1158, 1163	rewriteRowReads only uses containsKey/get/contains on them.
core/src/main/java/com/legend/resolver/StackBuilder.java:1101	Map.of()	modeledSrc	LOOKUP		StackBuilder.java:1350	modeledSrc only reaches sourceKeys, which only calls modeled.get(reads.get(k)).
core/src/main/java/com/legend/resolver/StackBuilder.java:1111	Map.of()	modeled arg of sourceKeys	LOOKUP		StackBuilder.java:1350	sourceKeys only calls modeled.get(reads.get(k)).
core/src/main/java/com/legend/resolver/StackBuilder.java:1119	Map.of()	modeled arg of sourceKeys	LOOKUP		StackBuilder.java:1350	sourceKeys only calls modeled.get(reads.get(k)).
core/src/main/java/com/legend/resolver/StackBuilder.java:1212	Map.of()	modeled	LOOKUP		StackBuilder.java:1219	modeled is only read with modeled.get(read).
core/src/main/java/com/legend/resolver/StackBuilder.java:1411	Map.of()	modeledColumns return value	LOOKUP		StackBuilder.java:1212, 1219	The private method's sole caller stores it in modeled, which is only read with get.
core/src/main/java/com/legend/resolver/StackBuilder.java:1417	Map.of()	modeledColumns return value	LOOKUP		StackBuilder.java:1212, 1219	The private method's sole caller stores it in modeled, which is only read with get.
core/src/main/java/com/legend/resolver/StackBuilder.java:1421	Map.of()	modeledColumns return value	LOOKUP		StackBuilder.java:1212, 1219	The private method's sole caller stores it in modeled, which is only read with get.
core/src/main/java/com/legend/resolver/ClassSource.java:128	Map.of()	deferredWalls arg of canonical ClassSource ctor	ITERATED-SAFE		ClassSource.java:60-61	Empty map; the compact constructor copies it into a LinkedHashMap, zero entries so no order exists.
core/src/main/java/com/legend/resolver/ClassSources.java:72	Map.of()	field jsonSources (initial value)	LOOKUP		ClassSources.java:689,937	Field is only read via jsonSources.get(classFqn) and replaced wholesale by setJsonSources; never iterated.
core/src/main/java/com/legend/resolver/ClassSources.java:100	Map.of()	default constructedRows function result	LOOKUP		ClassSources.java:117	scoped() calls rows.isEmpty() and returns early on the empty default; never iterated.
core/src/main/java/com/legend/resolver/ClassSources.java:613	Set.of()	return of ownPropertiesOf (empty)	LOOKUP		GraphEmission.java:114	Sole caller only tests own.isEmpty() / own.contains(key).
core/src/main/java/com/legend/resolver/ClassSources.java:625	Set.of()	return of ownPropertiesOf (empty)	LOOKUP		GraphEmission.java:114	Sole caller only tests own.isEmpty() / own.contains(key).
core/src/main/java/com/legend/resolver/ClassSources.java:865	Map.of() + Set.of()	prefixes/stripped args of Pipelines.rewriteRowReads	LOOKUP		Pipelines.java:1151,1158,1163	rewriteRowReads only does containsKey/get on prefixes and contains on stripped.
core/src/main/java/com/legend/resolver/SlotOrder.java:81	Set.of()	getOrDefault default of mustFollow	ITERATED-SAFE		SlotOrder.java:81-83	Empty default is addAll'ed into deps, which is then only retainAll'ed / containsAll'ed (order-free).
core/src/main/java/com/legend/resolver/SlotOrder.java:157	Set.of(other)	aliases arg of Pipelines.referencesAliasOn	LOOKUP		Pipelines.java:1389	referencesAliasOn only calls aliases.contains(); singleton.
core/src/main/java/com/legend/resolver/SubQueryLift.java:51	Set.of(2 FQNs)	private constant EXISTENCE	LOOKUP		SubQueryLift.java:87	Only use is EXISTENCE.contains(callee qualifiedName).
core/src/main/java/com/legend/resolver/Pipelines.java:259	Set.of(other)	aliases arg of referencesAliasOn	LOOKUP		Pipelines.java:1389	referencesAliasOn only calls aliases.contains(); singleton.
core/src/main/java/com/legend/resolver/Pipelines.java:355	Set.of()	demandedNavs arg (targets=null) of 5-arg materialize	LOOKUP		Pipelines.java:443,616	With targets null the copy at :443-446 is skipped; walk only calls demandedNavs.contains().
core/src/main/java/com/legend/resolver/Pipelines.java:411	Map.of()	mustFollow arg of 7-arg materialize	LOOKUP		SlotOrder.java:81	SlotOrder.byFirstRead only calls mustFollow.getOrDefault.
core/src/main/java/com/legend/resolver/Pipelines.java:427	Map.of() + Set.of()	Materialized.slotPrefixes / stripped (empty)	ITERATED-SAFE		Pipelines.java:368	Empty registries; consumers iterate slotPrefixes (innerizeValueSlots) or contains on stripped, zero elements.
core/src/main/java/com/legend/resolver/Pipelines.java:468	Set.of() x2	demanded / demandedNavs args of walk	LOOKUP		Pipelines.java:480,616	walk (and its helpers) only call demanded.contains / demandedNavs.contains or pass them down.
core/src/main/java/com/legend/resolver/Pipelines.java:748	Set.of()	demandedNavs arg of walk	LOOKUP		Pipelines.java:616	walk only calls demandedNavs.contains.
core/src/main/java/com/legend/resolver/Pipelines.java:968	Set.of()	demandedNavs arg of walk	LOOKUP		Pipelines.java:616	walk only calls demandedNavs.contains.
core/src/main/java/com/legend/resolver/AggregationAwareRouting.java:71	Set.of(6 FQNs)	private constant NO_OP_FNS	LOOKUP		AggregationAwareRouting.java:226	Only use is NO_OP_FNS.contains(fqn).
core/src/main/java/com/legend/resolver/AggregationAwareRouting.java:79	Set.of(2 FQNs)	private constant MAP_FNS	LOOKUP		AggregationAwareRouting.java:229,294	Only uses are MAP_FNS.contains(fqn).
core/src/main/java/com/legend/resolver/AggregationAwareRouting.java:119	Map.of(k,v) x2	typeExpression bindings / path env (singletons)	ITERATED-SAFE		SpecCompiler.java:268; AggregationAwareRouting.java:214,252	Singleton maps: typeExpression iterates bindings into an Env, path uses getOrDefault / copies into a lookup HashMap.
core/src/main/java/com/legend/resolver/AggregationAwareRouting.java:124	Map.of(k,v)	typeExpression bindings (singleton)	ITERATED-SAFE		SpecCompiler.java:268	Singleton; typeExpression folds entrySet into an Env, one entry so one order.
core/src/main/java/com/legend/resolver/AggregationAwareRouting.java:125	Map.of(k,v)	path env (singleton)	ITERATED-SAFE		AggregationAwareRouting.java:214,252	path only getOrDefault's env or copies it into a lookup HashMap; singleton.
core/src/main/java/com/legend/resolver/AggregationAwareRouting.java:127	Map.of(k,v)	typeExpression bindings (singleton)	ITERATED-SAFE		SpecCompiler.java:268	Singleton; typeExpression folds entrySet into an Env.
core/src/main/java/com/legend/resolver/AggregationAwareRouting.java:129	Map.of(k,v)	path env (singleton)	ITERATED-SAFE		AggregationAwareRouting.java:214,252	path only getOrDefault's env or copies it into a lookup HashMap; singleton.
core/src/main/java/com/legend/resolver/AggregationAwareRouting.java:134	Map.of(k,v)	canRewrite env (singleton)	ITERATED-SAFE		AggregationAwareRouting.java:278,285,296	canRewrite only containsKey's env, passes it to path, or copies it into a lookup HashMap.
core/src/main/java/com/legend/resolver/AggregationAwareRouting.java:142	Map.of(k,v)	canRewrite env (singleton)	ITERATED-SAFE		AggregationAwareRouting.java:278,285,296	canRewrite only containsKey's env, passes it to path, or copies it into a lookup HashMap.
core/src/main/java/com/legend/resolver/AggregationAwareRouting.java:151	Map.of(k,v)	canRewrite env (singleton)	ITERATED-SAFE		AggregationAwareRouting.java:278,285,296	canRewrite only containsKey's env, passes it to path, or copies it into a lookup HashMap.
core/src/main/java/com/legend/resolver/AggregationAwareRouting.java:203	new HashMap	local env (lambdaPath)	ITERATED-SAFE		AggregationAwareRouting.java:214,252	Only put/getOrDefault; the only iteration is new HashMap<>(env) in mapPath, building another lookup-only map.
core/src/main/java/com/legend/resolver/AggregationAwareRouting.java:252	new HashMap	local inner (mapPath)	ITERATED-SAFE		AggregationAwareRouting.java:214,252	Only put + path's getOrDefault; nested mapPath copies it into another lookup-only HashMap.
core/src/main/java/com/legend/resolver/AggregationAwareRouting.java:285	new HashMap	local inner (canRewrite TypedMap arm)	ITERATED-SAFE		AggregationAwareRouting.java:278,285,296	Only put / containsKey / getOrDefault; only iteration is a copy into another lookup-only HashMap.
core/src/main/java/com/legend/resolver/AggregationAwareRouting.java:296	new HashMap	local inner (canRewrite map/exists arm)	ITERATED-SAFE		AggregationAwareRouting.java:278,285,296	Only put / containsKey / getOrDefault; only iteration is a copy into another lookup-only HashMap.
core/src/main/java/com/legend/resolver/InnerDemand.java:486	new IdentityHashMap	local seen (lambda dedupe)	LOOKUP		InnerDemand.java:489	Only seen.put(lam) as a first-seen test; output list follows the ordered 'found' List, map never iterated.
core/src/main/java/com/legend/resolver/UnionHeads.java:130	Map.of() x2	AssocJoin.targetSlotPrefixes / targetSubNavs (empty)	ITERATED-SAFE		StoreResolver.java:1049,1143	AssocJoin maps are iterated by consumers, but these are empty.
core/src/main/java/com/legend/resolver/UnionHeads.java:151	Set.of(x)	local leaves0 (singleton)	ITERATED-SAFE		AssociationJoins.java:902	Passed via hop() as demandedLeaves of associationJoin, iterated there; singleton.
core/src/main/java/com/legend/resolver/UnionHeads.java:184	Set.of()	navTails arg of associationJoin	ITERATED-SAFE		AssociationJoins.java:1116	collectTargetTails iterates navTails; empty.
core/src/main/java/com/legend/resolver/UnionHeads.java:240	Set.of()	stripped arg of rewriteRowReads	LOOKUP		Pipelines.java:1163	rewriteRowReads only calls stripped.contains.
core/src/main/java/com/legend/resolver/UnionHeads.java:292	Map.of()	navPrefixToClass arg of applyJoinTemporalFilters	LOOKUP		TemporalFrame.java:1628,1635	applyJoinTemporalFilters only isEmpty/get/getOrDefault on its maps.
core/src/main/java/com/legend/resolver/ConstructedInstances.java:55	Set.of(28 names)	private constant ARG_FREE	LOOKUP		ConstructedInstances.java:184	Only use is ARG_FREE.contains(lowercased name).
core/src/main/java/com/legend/resolver/ConstructedInstances.java:67	new HashSet	field seen	LOOKUP		ConstructedInstances.java:92	Only seen.add(id) as a first-time guard; never iterated.
core/src/main/java/com/legend/resolver/ConstructedInstances.java:163	Map.of()	rowsFor return (unknown id)	LOOKUP		ClassSources.java:117	Only consumer (ClassSources.scoped via constructedRows) tests rows.isEmpty() and returns.
core/src/main/java/com/legend/resolver/DottedExists.java:169	Set.of()	demanded arg of 3-arg materialize	ITERATED-SAFE		Pipelines.java:439 (copied into LinkedHashSet), Pipelines.java:480 (contains)	Empty demand set; at most copied into a LinkedHashSet or contains-tested.
core/src/main/java/com/legend/resolver/DottedExists.java:181	Map.of()	navPrefixToClass arg of applyJoinTemporalFilters	LOOKUP		TemporalFrame.java:1628,1635	applyJoinTemporalFilters only isEmpty/get/getOrDefault on its maps.
core/src/main/java/com/legend/resolver/NavReducer.java:63	System.identityHashCode	fresh var name "_e"+hash (Shape.var)	LOOKUP		GraphEmission.java:2792,2749-2751	The name only binds the Shape body's own variable, which inlineThis matches by equals and replaces with the target binding (or throws a message without it); never emitted.
core/src/main/java/com/legend/resolver/NavReducer.java:75	System.identityHashCode	fresh var name "_e"+hash (Shape.var)	LOOKUP		GraphEmission.java:2792	Body is the literal 1, so the name is never read or emitted; only passed as thisVar to inlineThis.
core/src/main/java/com/legend/resolver/TemporalFrame.java:104	Map.of()	letEnv field (empty)	ITERATED-SAFE		TemporalFrame.java:1336,2648,2658	letEnv is get/containsKey'd and its keySet printed only in a LEGEND_LITE_STAMP_TRACE debug line; empty here.
core/src/main/java/com/legend/resolver/TemporalFrame.java:134	Map.of()	specs field of seed frame	ITERATED-SAFE		TemporalFrame.java:181,1058,2700	specs is iterated by nestedFrame/applyOuterNavDateFilters, but empty here.
core/src/main/java/com/legend/resolver/TemporalFrame.java:149	Map.of()	specs field of root frame	ITERATED-SAFE		TemporalFrame.java:181,1058,2700	specs is iterated later, but empty here (withSpecs replaces it).
core/src/main/java/com/legend/resolver/TemporalFrame.java:168	Map.of()	specs field of nested frame	ITERATED-SAFE		TemporalFrame.java:181,1058,2700	specs is iterated later, but empty here.
core/src/main/java/com/legend/resolver/TemporalFrame.java:176	Map.of()	specs field of nested frame	ITERATED-SAFE		TemporalFrame.java:181,1058,2700	specs is iterated later, but empty here.
core/src/main/java/com/legend/resolver/TemporalFrame.java:1607	Map.of()	navPrefixToChain arg	LOOKUP		TemporalFrame.java:1681	Only getOrDefault on navPrefixToChain.
core/src/main/java/com/legend/resolver/TemporalFrame.java:1614	Map.of() x2	midPrefixToChain / midPrefixToDim args	LOOKUP		TemporalFrame.java:1637,1647	Only get on midPrefixToChain / midPrefixToDim.
core/src/main/java/com/legend/resolver/TemporalFrame.java:2216	Set.of(slot)	aliases arg of referencesAliasOn	LOOKUP		Pipelines.java:1389	referencesAliasOn only calls aliases.contains(); singleton.
core/src/main/java/com/legend/resolver/TemporalFrame.java:2574	Map.of(k,v)	milestoneColumnsOf return (singleton)	LOOKUP		GraphEmission.java:148,186-189; Substitution.java:1242,1252,2412,2421	Callers only get/containsKey/isEmpty, directly or via AssocSub.targetMilestoneColumns / RowScope.milestoneColumns.
core/src/main/java/com/legend/resolver/TemporalFrame.java:2578	Map.of()	milestoneColumnsOf return (empty)	LOOKUP		ChainedExists.java:84-87; GraphEmission.java:186	Callers only get/containsKey/isEmpty.
core/src/main/java/com/legend/resolver/StoreResolver.java:139	Map.of()	specs of initial TemporalFrame	ITERATED-SAFE		TemporalFrame.java:181,1058,2700	specs is iterated by frame methods, but empty here.
core/src/main/java/com/legend/resolver/StoreResolver.java:296	Map.of()	Context.jsonSources (empty)	ITERATED-SAFE		ExecutionContext.java:96	Passed via SubQueryLift into ExecutionContext, which copies it into a LinkedHashMap; empty.
core/src/main/java/com/legend/resolver/StoreResolver.java:298	Map.of()	Context.jsonSources (empty)	ITERATED-SAFE		ExecutionContext.java:96	Passed via SubQueryLift into ExecutionContext, which copies it into a LinkedHashMap; empty.
core/src/main/java/com/legend/resolver/StoreResolver.java:397	Set.of()	demanded arg of 3-arg materialize	ITERATED-SAFE		Pipelines.java:439 (copied into LinkedHashSet), Pipelines.java:480 (contains)	Empty demand set; at most copied or contains-tested.
core/src/main/java/com/legend/resolver/StoreResolver.java:689	Map.of()	targetSlotPrefixes arg of andCorrelatedIntoCondition	ITERATED-SAFE		AssociationJoins.java:1573	Only keySet removeAll and RowScope lookups; empty.
core/src/main/java/com/legend/resolver/StoreResolver.java:691	Map.of()	targetSubNavs arg of andCorrelatedIntoCondition	ITERATED-SAFE		AssociationJoins.java:1588	Iterated into tgtAssocs, but empty.
core/src/main/java/com/legend/resolver/StoreResolver.java:857	Map.of() (comment)	none (comment text)	LOOKUP		-	Comment line only; no collection is created.
core/src/main/java/com/legend/resolver/StoreResolver.java:900	Set.of(alias)	demandedNavs arg of 5-arg materialize	ITERATED-SAFE		Pipelines.java:444,616	Singleton; copied into a LinkedHashSet or contains-tested.
core/src/main/java/com/legend/resolver/StoreResolver.java:907	Set.of()	demanded arg of 5-arg materialize	ITERATED-SAFE		Pipelines.java:439 (copied into LinkedHashSet), Pipelines.java:480 (contains)	Empty demand set; at most copied or contains-tested.
core/src/main/java/com/legend/resolver/StoreResolver.java:908	Set.of()	demandedNavs arg of 5-arg materialize	ITERATED-SAFE		Pipelines.java:444,616	Empty; copied into a LinkedHashSet or contains-tested.
core/src/main/java/com/legend/resolver/StoreResolver.java:923	Map.of()	local innerPrefixes (empty branch)	ITERATED-SAFE		StoreResolver.java:927-929	Copied into LinkedHashMap innerSlotOnly and passed to registerHopHeads; empty.
core/src/main/java/com/legend/resolver/StoreResolver.java:954	Map.of()	existsSubs arg of freshRowVar	ITERATED-SAFE		CorrelatedSubselects.java:1264	freshRowVar iterates existsSubs.values() into a set used only for contains; empty.
core/src/main/java/com/legend/resolver/StoreResolver.java:958	Set.of()	assocEnds arg of substitution	LOOKUP		Substitution.java:1615	Registries.assocEnds is only contains-tested.
core/src/main/java/com/legend/resolver/StoreResolver.java:959	Map.of() x3	existsSubs / aggReads / inQueryReads args of substitution	LOOKUP		Substitution.java:954,1893,546	These registries are only get/containsKey'd in Substitution.
core/src/main/java/com/legend/resolver/StoreResolver.java:975	Set.of()	stripped arg of rewriteRowReads	LOOKUP		Pipelines.java:1163	rewriteRowReads only calls stripped.contains.
core/src/main/java/com/legend/resolver/StoreResolver.java:1054	Set.of()	demanded arg of 3-arg materialize	ITERATED-SAFE		Pipelines.java:439 (copied into LinkedHashSet), Pipelines.java:480 (contains)	Empty demand set; at most copied or contains-tested.
core/src/main/java/com/legend/resolver/StoreResolver.java:1109	Map.of(hop, aj)	preJoins arg of belowScope (singleton)	ITERATED-SAFE		CorrelatedSubselects.java:1333	nestedAssocMaterials iterates preJoins.entrySet(); singleton.
core/src/main/java/com/legend/resolver/StoreResolver.java:1115	Map.of() (comment)	none (comment text)	LOOKUP		-	Comment line only; no collection is created.
core/src/main/java/com/legend/resolver/StoreResolver.java:1162	Set.of()	stripped arg of rewriteRowReads	LOOKUP		Pipelines.java:1163	rewriteRowReads only calls stripped.contains.
core/src/main/java/com/legend/resolver/StoreResolver.java:1183	Map.of() (comment)	none (comment text)	LOOKUP		-	Comment line only; no collection is created.
core/src/main/java/com/legend/resolver/StoreResolver.java:1202	Set.of()	stripped arg of rewriteRowReads	LOOKUP		Pipelines.java:1163	rewriteRowReads only calls stripped.contains.
core/src/main/java/com/legend/resolver/StoreResolver.java:1745	Map.of() (comment)	none (comment text)	LOOKUP		-	Comment line only; no collection is created.
core/src/main/java/com/legend/resolver/StoreResolver.java:1893	Set.of()	demanded arg of 3-arg materialize	ITERATED-SAFE		Pipelines.java:439 (copied into LinkedHashSet), Pipelines.java:480 (contains)	Empty demand set; at most copied or contains-tested.
core/src/main/java/com/legend/resolver/StoreResolver.java:1923	Set.of(slot)	aliases arg of referencesAliasOn	LOOKUP		Pipelines.java:1389	referencesAliasOn only calls aliases.contains(); singleton.
core/src/main/java/com/legend/resolver/StoreResolver.java:2077	new IdentityHashMap	local aggReads (JoinedPipe.aggReads)	LOOKUP		StoreResolver.java:2191,3064; Substitution.java:1893,1904	Only put at :2191 and get(n) in Substitution.rewrite/withAggReads; passed through Registries, never iterated.
core/src/main/java/com/legend/resolver/StoreResolver.java:2309	Map.of()	navPrefixToClass arg of applyJoinTemporalFilters	LOOKUP		TemporalFrame.java:1628,1635	applyJoinTemporalFilters only isEmpty/get/getOrDefault on its maps.
core/src/main/java/com/legend/resolver/StoreResolver.java:2325	Map.of()	AssocJoin.targetSubNavs (empty)	ITERATED-SAFE		StoreResolver.java:1049,1145	targetSubNavs is iterated by consumers, but empty.
core/src/main/java/com/legend/resolver/StoreResolver.java:2438	Set.of()	getOrDefault default -> demandedLeaves of associationJoin	ITERATED-SAFE		AssociationJoins.java:902	demandedLeaves iterated; the default is empty.
core/src/main/java/com/legend/resolver/StoreResolver.java:2439	Set.of()	getOrDefault default -> navTails of associationJoin	ITERATED-SAFE		AssociationJoins.java:1116	navTails iterated in collectTargetTails; the default is empty.
core/src/main/java/com/legend/resolver/StoreResolver.java:2553	Map.of()	navPrefixToClass arg of applyJoinTemporalFilters	LOOKUP		TemporalFrame.java:1628,1635	applyJoinTemporalFilters only isEmpty/get/getOrDefault on its maps.
core/src/main/java/com/legend/resolver/StoreResolver.java:2849	Set.of() / Set.of(x)	extraHeads arg of flattenSource	ITERATED-SAFE		StoreResolver.java:1005	heads.addAll(extraHeads); empty or singleton.
core/src/main/java/com/legend/resolver/StoreResolver.java:2862	Set.of()	demanded arg of 3-arg materialize	ITERATED-SAFE		Pipelines.java:439 (copied into LinkedHashSet), Pipelines.java:480 (contains)	Empty demand set; at most copied or contains-tested.
core/src/main/java/com/legend/resolver/StoreResolver.java:3287	Map.of() (comment)	none (javadoc text)	LOOKUP		-	Javadoc line only; no collection is created.
core/src/main/java/com/legend/resolver/StoreResolver.java:3294	Map.of()	preJoins arg of belowScope	ITERATED-SAFE		CorrelatedSubselects.java:1333	nestedAssocMaterials iterates preJoins.entrySet(); empty.
core/src/main/java/com/legend/resolver/StoreResolver.java:3308	Set.of()	demanded arg of 3-arg materialize	ITERATED-SAFE		Pipelines.java:439 (copied into LinkedHashSet), Pipelines.java:480 (contains)	Empty demand set; at most copied or contains-tested.
core/src/main/java/com/legend/resolver/StoreResolver.java:3312	Map.of()	existsSubs arg of freshRowVar	ITERATED-SAFE		CorrelatedSubselects.java:1264	freshRowVar iterates existsSubs.values(); empty.
core/src/main/java/com/legend/resolver/StoreResolver.java:3329	Set.of()	assocEnds arg of substitution	LOOKUP		Substitution.java:1615	Registries.assocEnds is only contains-tested.
core/src/main/java/com/legend/resolver/StoreResolver.java:3330	Map.of() x2	aggReads / inQueryReads args of substitution	LOOKUP		Substitution.java:1893,546	Only get(n) in Substitution.
core/src/main/java/com/legend/resolver/StoreResolver.java:3344	Map.of()	preJoins arg of scopeMaterials	ITERATED-SAFE		CorrelatedSubselects.java:1333	nestedAssocMaterials iterates preJoins.entrySet(); empty.
core/src/main/java/com/legend/resolver/StoreResolver.java:3366	Set.of() + Map.of()	filterPaths / parentAssocs args of registerExistsSubs	ITERATED-SAFE		StoreResolver.java:2218; Substitution.java:1445	filterPaths only contains-tested; parentAssocs ends up as Registries.assocs whose keySet may be printed in an error message; both empty.
core/src/main/java/com/legend/resolver/StoreResolver.java:3386	Map.of()	Registries.assocs (empty)	ITERATED-SAFE		StoreResolver.java:3320; Substitution.java:1445	regs().assocs() is copied into a LinkedHashMap and its keySet printed in an error message; empty.
core/src/main/java/com/legend/resolver/StoreResolver.java:3387	Set.of() + Map.of() x3	Registries.assocEnds / existsSubs / aggReads / inQueryReads	LOOKUP		Substitution.java:1615,954,1893,546	These registries are only contains/get/containsKey'd.
core/src/main/java/com/legend/resolver/StoreResolver.java:3392	Set.of()	Registries.assocEnds	LOOKUP		Substitution.java:1615	assocEnds only contains-tested.
core/src/main/java/com/legend/resolver/StoreResolver.java:3393	Map.of() x2	Registries.aggReads / inQueryReads	LOOKUP		Substitution.java:1893,546	Only get(n).
core/src/main/java/com/legend/resolver/CorrelatedSubselects.java:117	Set.of()	leaves arg of aggJoinMaterial	ITERATED-SAFE		AssociationJoins.java:191,902	leaves iterated in aggJoinMaterial/associationJoin; empty.
core/src/main/java/com/legend/resolver/CorrelatedSubselects.java:118	Set.of()	tgtNavPaths arg of aggJoinMaterial	ITERATED-SAFE		AssociationJoins.java:205,1116	Copied into LinkedHashSet / iterated as navTails; empty.
core/src/main/java/com/legend/resolver/CorrelatedSubselects.java:544	Set.of()	demanded arg of 3-arg materialize	ITERATED-SAFE		Pipelines.java:439 (copied into LinkedHashSet), Pipelines.java:480 (contains)	Empty demand set; at most copied or contains-tested.
core/src/main/java/com/legend/resolver/CorrelatedSubselects.java:893	Set.of(headAlias)	demandedNavs arg of 5-arg materialize	ITERATED-SAFE		Pipelines.java:444,616	Singleton; copied into a LinkedHashSet or contains-tested.
core/src/main/java/com/legend/resolver/CorrelatedSubselects.java:911	Set.of()	demanded arg of 3-arg materialize	ITERATED-SAFE		Pipelines.java:439 (copied into LinkedHashSet), Pipelines.java:480 (contains)	Empty demand set; at most copied or contains-tested.
core/src/main/java/com/legend/resolver/CorrelatedSubselects.java:1074	Map.of()	parentCopySlotPrefixes arg of corrPredOnJoinedRow	ITERATED-SAFE		AssociationJoins.java:1751	Only keySet removeAll and RowScope lookups; empty.
core/src/main/java/com/legend/resolver/CorrelatedSubselects.java:1075	Map.of()	parentCopySubNavs arg of corrPredOnJoinedRow	ITERATED-SAFE		AssociationJoins.java:1741	Iterated into copyAssocs; empty.
core/src/main/java/com/legend/resolver/CorrelatedSubselects.java:1081	Map.of()	parentCopySlotPrefixes (pc==null branch)	ITERATED-SAFE		AssociationJoins.java:1751	Only keySet removeAll and RowScope lookups; empty.
core/src/main/java/com/legend/resolver/CorrelatedSubselects.java:1082	Map.of()	parentCopySubNavs (pc==null branch)	ITERATED-SAFE		AssociationJoins.java:1741	Iterated into copyAssocs; empty.
core/src/main/java/com/legend/resolver/CorrelatedSubselects.java:1214	Map.of()	parentCopySlotPrefixes arg of corrPredOnJoinedRow	ITERATED-SAFE		AssociationJoins.java:1751	Only keySet removeAll and RowScope lookups; empty.
core/src/main/java/com/legend/resolver/CorrelatedSubselects.java:1215	Map.of()	parentCopySubNavs arg of corrPredOnJoinedRow	ITERATED-SAFE		AssociationJoins.java:1741	Iterated into copyAssocs; empty.
core/src/main/java/com/legend/resolver/CorrelatedSubselects.java:1221	Map.of()	parentCopySlotPrefixes (pc==null branch)	ITERATED-SAFE		AssociationJoins.java:1751	Only keySet removeAll and RowScope lookups; empty.
core/src/main/java/com/legend/resolver/CorrelatedSubselects.java:1222	Map.of()	parentCopySubNavs (pc==null branch)	ITERATED-SAFE		AssociationJoins.java:1741	Iterated into copyAssocs; empty.
core/src/main/java/com/legend/resolver/CorrelatedSubselects.java:1313	Map.of()	preJoins arg of nestedAssocMaterials	ITERATED-SAFE		CorrelatedSubselects.java:1333	preJoins.entrySet() iterated; empty.
core/src/main/java/com/legend/resolver/CorrelatedSubselects.java:1341	Map.of()	AssocSub.targetMilestoneColumns	LOOKUP		Substitution.java:1252	targetMilestoneColumns only get().
core/src/main/java/com/legend/resolver/CorrelatedSubselects.java:1420	Map.of()	AssocSub.targetMilestoneColumns	LOOKUP		Substitution.java:1252	targetMilestoneColumns only get().
core/src/main/java/com/legend/resolver/CorrelatedSubselects.java:1485	Map.of() x2	AssocJoin.targetSlotPrefixes / targetSubNavs	ITERATED-SAFE		StoreResolver.java:1049,1143	AssocJoin maps are iterated by consumers, but empty.
core/src/main/java/com/legend/resolver/CorrelatedSubselects.java:1498	Set.of(x) + Set.of()	leaves / tgtNavPaths args of aggJoinMaterial	ITERATED-SAFE		AssociationJoins.java:191,205	Singleton leaves and empty tgtNavPaths are iterated / copied; one order each.
core/src/main/java/com/legend/resolver/CorrelatedSubselects.java:1534	Map.of()	AssocJoin.targetSubNavs	ITERATED-SAFE		StoreResolver.java:1049,1145	targetSubNavs iterated by consumers; empty.
core/src/main/java/com/legend/resolver/CorrelatedSubselects.java:1544	Map.of()	AssocSub.targetMilestoneColumns	LOOKUP		Substitution.java:1252	targetMilestoneColumns only get().
core/src/main/java/com/legend/resolver/CorrelatedSubselects.java:1598	Set.of(sl)	aliases arg of referencesAliasOn	LOOKUP		Pipelines.java:1389	referencesAliasOn only calls aliases.contains(); singleton.
core/src/main/java/com/legend/resolver/CorrelatedSubselects.java:1628	Set.of(sl)	aliases arg of referencesAliasOn	LOOKUP		Pipelines.java:1389	referencesAliasOn only calls aliases.contains(); singleton.
core/src/main/java/com/legend/resolver/CorrelatedSubselects.java:1687	Set.of()	demanded arg of 3-arg materialize	ITERATED-SAFE		Pipelines.java:439 (copied into LinkedHashSet), Pipelines.java:480 (contains)	Empty demand set; at most copied or contains-tested.
core/src/main/java/com/legend/resolver/CorrelatedSubselects.java:1698	Set.of(sl)	aliases arg of referencesAliasOn	LOOKUP		Pipelines.java:1389	referencesAliasOn only calls aliases.contains(); singleton.
core/src/main/java/com/legend/resolver/CorrelatedSubselects.java:1741	Map.of()	prefixes arg of rewriteRowReads	LOOKUP		Pipelines.java:1151,1158	prefixes only containsKey/get.
core/src/main/java/com/legend/resolver/CorrelatedSubselects.java:1742	Set.of()	stripped arg of rewriteRowReads	LOOKUP		Pipelines.java:1163	stripped only contains.
core/src/main/java/com/legend/resolver/CorrelatedSubselects.java:1745	Map.of(k,v) + Set.of()	prefixes / stripped args of rewriteRowReads	LOOKUP		Pipelines.java:1151,1163	prefixes only containsKey/get, stripped only contains.
core/src/main/java/com/legend/resolver/CorrelatedSubselects.java:1766	Map.of()	prefixes arg of rewriteRowReads	LOOKUP		Pipelines.java:1151,1158	prefixes only containsKey/get.
core/src/main/java/com/legend/resolver/CorrelatedSubselects.java:1767	Set.of()	stripped arg of rewriteRowReads	LOOKUP		Pipelines.java:1163	stripped only contains.
core/src/main/java/com/legend/resolver/CorrelatedSubselects.java:1782	Map.of() + Set.of()	prefixes / stripped args of rewriteRowReads	LOOKUP		Pipelines.java:1151,1163	prefixes only containsKey/get, stripped only contains.
core/src/main/java/com/legend/resolver/CorrelatedSubselects.java:1907	Map.of()	subNavs arg of 6-arg predFilteredPipe	ITERATED-SAFE		CorrelatedSubselects.java:1921	subNavs.entrySet() iterated into navAssocs; empty.
core/src/main/java/com/legend/resolver/CorrelatedSubselects.java:1926	Set.of() + Map.of()	AssocSub.targetSlotAliases / targetSlotPrefixes	ITERATED-SAFE		Substitution.java:2598,2599	Copied into a HashSet / keySet removeAll'ed; empty.
core/src/main/java/com/legend/resolver/CorrelatedSubselects.java:1927	Map.of()	AssocSub.targetMilestoneColumns	LOOKUP		Substitution.java:1252	targetMilestoneColumns only get().
core/src/main/java/com/legend/resolver/CorrelatedSubselects.java:1939	Map.of()	RowScope.milestoneColumns	LOOKUP		Substitution.java:1242,1601,2412,2421	RowScope.milestoneColumns only get/containsKey/isEmpty.
core/src/main/java/com/legend/resolver/CorrelatedSubselects.java:1941	Set.of()	Registries.assocEnds	LOOKUP		Substitution.java:1615	assocEnds only contains-tested.
core/src/main/java/com/legend/resolver/CorrelatedSubselects.java:1942	Map.of() x2	Registries.existsSubs / aggReads	LOOKUP		Substitution.java:954,1893	Only get/containsKey.
core/src/main/java/com/legend/resolver/CorrelatedSubselects.java:1992	Map.of()	subtypeBindings return (lenient collision)	LOOKUP		CorrelatedSubselects.java:2039,2045	Callers only test stBindings.isEmpty() on this empty result.
core/src/main/java/com/legend/resolver/CorrelatedSubselects.java:2048	Set.of()	AssocSub.targetSlotAliases	ITERATED-SAFE		Substitution.java:1440,2596-2598	AssocSub.targetSlotAliases is contains-tested, copied into a HashSet used for contains, or printed in a LEGEND_LITE_STACKS debug line; empty here.
core/src/main/java/com/legend/resolver/Anchors.java:331	Set.of(3 FQNs)	private constant ONE_ELEMENT_PICKS	LOOKUP		Anchors.java:361	Only use is ONE_ELEMENT_PICKS.contains(qualifiedName).
core/src/main/java/com/legend/cache/HandleStore.java:37	ConcurrentHashMap	live	LOOKUP		-	Private field read and written only through live.compute(key.hex(), ...) at HandleStore.java:54; never iterated.
core/src/main/java/com/legend/ide/ModelOrchestrator.java:62	HashMap	cache	LOOKUP		-	Only cache.get(fqn) (ModelOrchestrator.java:96) and cache.put (108); resolveAll iterates index.fqns() in source order, never the cache.
core/src/main/java/com/legend/lexer/Lexer.java:36	HashMap	KEYWORDS	LOOKUP		-	Private; filled by put in the static block and read only by KEYWORDS.get(text) at Lexer.java:678.
core/src/main/java/com/legend/lexer/Lexer.java:109	Map.ofEntries	TILDE_COMMANDS	LOOKUP		-	Private; read only by TILDE_COMMANDS.get(candidate) at Lexer.java:624.
core/src/main/java/com/legend/lexer/Lexer.java:327	Set.of	LEXABLE_SECTIONS	ITERATED-SAFE		core/src/test/java/com/legend/parser/LexerRegistryAgreementTest.java:40	Main code only calls LEXABLE_SECTIONS.contains(kind) (Lexer.java:394); the accessor lexableSections() is iterated only by a test that copies it into a TreeSet (sorted) before comparing.
core/src/main/java/com/legend/plan/PlanText.java:658	Collectors.toSet	ids	LOOKUP		-	Only ids.contains(ec.enumMappingId()) at PlanText.java:667; the loops walk md.classBindings() and t.enumColumns() (lists), not ids.
core/src/main/java/com/legend/plan/LazyRows.java:41	Set.of	entrySet() result when there are no rows (empty)	ITERATED-SAFE		LazyRows.java:41	The Set.of() is the EMPTY entry set returned when rows() is null, so any iteration yields nothing; the other branch r.entrySet() is the computed map's own order, not this construct.
core/src/main/java/com/legend/lowering/FeatureRules.java:44	Set.of	LOWERER_CONSUMED	LOOKUP		-	Private; read only by LOWERER_CONSUMED.contains(f) at FeatureRules.java:102.
core/src/main/java/com/legend/lowering/FeatureRules.java:81	HashMap	UNDER's per-flag rule map (FunctionId -> Rule)	ESCAPES	test-only	core/src/main/java/com/legend/platform/ImplementationTable.java:82	Lowering reads it only by get (FeatureRules.java:88), but RegistryKeys.featureOverrides (RegistryKeys.java:50) freezes its keySet in hash order into a LinkedHashSet that ImplementationTable.build iterates (:82), where the only order-sensitive product is the dangling list (:84); dangling() is read only by tests (spec ImplementationTableTest.java:122 prints it into the uncommitted implementation-table.tsv, :137 asserts it empty).
core/src/main/java/com/legend/lowering/FeatureRules.java:88	Map.of	empty default of UNDER.getOrDefault	LOOKUP		-	Empty default map used only for .get(key) at FeatureRules.java:88.
core/src/main/java/com/legend/lowering/LayoutTypes.java:38	HashSet	walk	LOOKUP		-	Recursion cycle guard: only walk.add(walkKey) (LayoutTypes.java:57) and walk.remove(walkKey) (64).
core/src/main/java/com/legend/lowering/VerdictSql.java:316	Map.of	SqlSource.Table storedTypes (empty)	ITERATED-SAFE		core/src/main/java/com/legend/sql/SqlSource.java:66	Empty map copied into a LinkedHashMap by the Table record's compact constructor; zero entries, so no order exists.
core/src/main/java/com/legend/lowering/VerdictSql.java:322	Map.of	SqlSource.Table storedTypes (empty)	ITERATED-SAFE		core/src/main/java/com/legend/sql/SqlSource.java:66	Empty map copied into a LinkedHashMap by the Table record's compact constructor; zero entries, so no order exists.
core/src/main/java/com/legend/lowering/VerdictSql.java:618	Map.of	SqlSource.Table storedTypes (empty)	ITERATED-SAFE		core/src/main/java/com/legend/sql/SqlSource.java:66	Empty map copied into a LinkedHashMap by the Table record's compact constructor; zero entries, so no order exists.
core/src/main/java/com/legend/lowering/VerdictSql.java:640	Map.of	SqlSource.Table storedTypes (empty)	ITERATED-SAFE		core/src/main/java/com/legend/sql/SqlSource.java:66	Empty map copied into a LinkedHashMap by the Table record's compact constructor; zero entries, so no order exists.
core/src/main/java/com/legend/lowering/VerdictSql.java:875	Map.of	SqlSource.Table storedTypes (empty)	ITERATED-SAFE		core/src/main/java/com/legend/sql/SqlSource.java:66	Empty map copied into a LinkedHashMap by the Table record's compact constructor; zero entries, so no order exists.
core/src/main/java/com/legend/lowering/VerdictSql.java:962	Map.of	SqlSource.Table storedTypes (empty)	ITERATED-SAFE		core/src/main/java/com/legend/sql/SqlSource.java:66	Empty map copied into a LinkedHashMap by the Table record's compact constructor; zero entries, so no order exists.
core/src/main/java/com/legend/lowering/VerdictSql.java:1476	Map.of	SqlSource.Table storedTypes (empty)	ITERATED-SAFE		core/src/main/java/com/legend/sql/SqlSource.java:66	Empty map copied into a LinkedHashMap by the Table record's compact constructor; zero entries, so no order exists.
core/src/main/java/com/legend/lowering/VerdictSql.java:1645	Map.of	SqlSource.Table storedTypes (empty)	ITERATED-SAFE		core/src/main/java/com/legend/sql/SqlSource.java:66	Empty map copied into a LinkedHashMap by the Table record's compact constructor; zero entries, so no order exists.
core/src/main/java/com/legend/lowering/MixedEncoding.java:89	HashSet	kinds	LOOKUP		-	Only kinds.add(...) and kinds.size() > 1 (MixedEncoding.java:93); never iterated.
core/src/main/java/com/legend/lowering/DateShifts.java:120	Map.ofEntries	truncation table (FunctionId list -> part literal)	ITERATED-SAFE		DateShifts.java:120	Each entry does rules.put(f, ...) for the overload ids of its OWN Pure.AT_* constant (one FQN each, disjoint), so the puts commute; Scalars.RULES is read only by get/containsKey (its key order is the Scalars.java:58 row).
core/src/main/java/com/legend/lowering/DateShifts.java:279	Map.of	day-comparison table (isOnDay/isAfterDay/isOnOrAfterDay -> SqlFn)	ITERATED-SAFE		DateShifts.java:279	Three entries over disjoint FQN overload ids, each written once with a plain rules.put; insertion order cannot change any lookup.
core/src/main/java/com/legend/lowering/Aggregates.java:18	HashMap	REDUCERS	ESCAPES	test-only	core/src/main/java/com/legend/platform/ImplementationTable.java:71	Lowering reads it only by get/containsKey, but reducerKeys() (Aggregates.java:23) exposes REDUCERS.keySet() via RegistryKeys.reducers() -> PlatformRegistrations.assemble (:57) -> Registrations.loweringKeys; ImplementationTable.build iterates it (:71-72) and the only order-sensitive product is the dangling list (:74), read only by tests (asserted empty; printed into the uncommitted implementation-table.tsv).
core/src/main/java/com/legend/lowering/CalendarAgg.java:75	Map.of	SqlSource.Table storedTypes (empty)	ITERATED-SAFE		core/src/main/java/com/legend/sql/SqlSource.java:66	Empty map copied into a LinkedHashMap by the Table record's compact constructor; zero entries, so no order exists.
core/src/main/java/com/legend/lowering/CalendarAgg.java:80	Map.of	SqlSource.Table storedTypes (empty)	ITERATED-SAFE		core/src/main/java/com/legend/sql/SqlSource.java:66	Empty map copied into a LinkedHashMap by the Table record's compact constructor; zero entries, so no order exists.
core/src/main/java/com/legend/lowering/Scalars.java:58	HashMap	RULES	ESCAPES	test-only	core/src/main/java/com/legend/platform/ImplementationTable.java:71	Lowering reads it only by get (Scalars.java:315, 2555...), but ruleKeys() (Scalars.java:66) exposes RULES.keySet() via RegistryKeys.scalarRules() -> PlatformRegistrations.assemble (:56) -> ImplementationTable.build (:71-72), whose only order-sensitive product is the dangling list (:74), read only by tests; spec Claims.java:97 uses contains only.
core/src/main/java/com/legend/lowering/Scalars.java:173	Map.of	ordering comparison table (lessThan.. -> SqlFn)	ITERATED-SAFE		Scalars.java:173	Four entries over disjoint FQN overload ids (lessThan/lessThanEqual/greaterThan/greaterThanEqual plus their Lite shims), each RULES.put once; the puts commute.
core/src/main/java/com/legend/lowering/Scalars.java:388	Map.of	bit-shift table	ITERATED-SAFE		Scalars.java:388	Two entries (bitShiftLeft, bitShiftRight) over disjoint ids, each RULES.put once; the puts commute.
core/src/main/java/com/legend/lowering/Scalars.java:495	Map.ofEntries	math/string/temporal family table	ITERATED-SAFE		Scalars.java:495	Each entry calls family(semantic, ids) (Scalars.java:72), which RULES.put()s only its own Pure.AT_* constant's ids (one FQN each, disjoint) and throws only on an empty generated group; the puts commute.
core/src/main/java/com/legend/lowering/Scalars.java:554	Map.of	startsWith/endsWith guard table	ITERATED-SAFE		Scalars.java:554	Two entries over disjoint ids, each RULES.put once (the override of the line-495 registration is by statement order, not by this map's order).
core/src/main/java/com/legend/lowering/Scalars.java:563	Map.of	EXTRACT part table (dayOfYear/weekOfYear/dayOfWeekNumber/quarterNumber)	ITERATED-SAFE		Scalars.java:563	Four entries over disjoint ids, each RULES.put once; the puts commute.
core/src/main/java/com/legend/lowering/Scalars.java:637	Map.of	day-of-week shift table (mostRecentDayOfWeek/previousDayOfWeek)	ITERATED-SAFE		Scalars.java:637	Two entries over disjoint ids, each RULES.put once; the puts commute.
core/src/main/java/com/legend/lowering/Scalars.java:732	Map.of	has* precision table	ITERATED-SAFE		Scalars.java:732	Six entries (hasMonth..hasSubsecond) over disjoint ids, each RULES.put once; the puts commute.
core/src/main/java/com/legend/lowering/Scalars.java:1168	Map.of	temporal EXTRACT part table (year..second)	ITERATED-SAFE		Scalars.java:1168	Six entries over disjoint ids, each RULES.put once; the puts commute.
core/src/main/java/com/legend/lowering/Scalars.java:1718	Map.of	lpad/rpad table	ITERATED-SAFE		Scalars.java:1718	Two entries over disjoint ids, each RULES.put once; the puts commute.
core/src/main/java/com/legend/lowering/Scalars.java:1859	Map.of	minBy/maxBy table	ITERATED-SAFE		Scalars.java:1859	Two entries over disjoint ids, each RULES.put once; the puts commute.
core/src/main/java/com/legend/lowering/Scalars.java:1928	Map.of	corr/covarPopulation/covarSample table	ITERATED-SAFE		Scalars.java:1928	Three entries over disjoint ids, each RULES.put once; the puts commute.
core/src/main/java/com/legend/lowering/RelationPredicates.java:55	Set.of	outer (empty initial alias scope)	ITERATED-SAFE		RelationPredicates.java:64	Empty seed copied into the HashSet scope, which is only read by contains (RelationPredicates.java:123) inside anyMatch tests.
core/src/main/java/com/legend/lowering/Lowerer.java:194	HashMap	letBindings	ITERATED-SAFE		Lowerer.java:291	Otherwise only get/put/containsKey; its keySet is copied (Lowerer.java:291-292) into the HashSets queryScope/reserved, which TypedSubst.renameBinders reads only with contains (TypedSubst.java:96, 309-311).
core/src/main/java/com/legend/lowering/Lowerer.java:206	Set.of	features (default)	ITERATED-SAFE		core/src/main/java/com/legend/lowering/FeatureRules.java:87	Empty default; FeatureRules.select (reached via Scalars.lower) iterates it over zero elements.
core/src/main/java/com/legend/lowering/Lowerer.java:211	Set.of	features (empty branch of withFeatures)	ITERATED-SAFE		core/src/main/java/com/legend/lowering/FeatureRules.java:87	The Set.of() branch is empty; the non-empty branch is an EnumSet (ordinal order).
core/src/main/java/com/legend/lowering/Lowerer.java:2049	HashSet	leftNames	LOOKUP		-	Used only as the predicate leftNames::contains (Lowerer.java:2051).
core/src/main/java/com/legend/lowering/Windows.java:26	HashMap	FNS	ESCAPES	test-only	core/src/main/java/com/legend/platform/ImplementationTable.java:71	Lowering reads it only by get (Windows.java:105), but fnKeys() (Windows.java:43) exposes FNS.keySet() via RegistryKeys.windowFunctions() -> PlatformRegistrations.assemble (:58) -> ImplementationTable.build (:71-72), whose only order-sensitive product is the dangling list (:74), read only by tests.
core/src/main/java/com/legend/lowering/Windows.java:38	HashMap	AGGREGATES	ESCAPES	test-only	core/src/main/java/com/legend/platform/ImplementationTable.java:71	Lowering reads it only by get (Windows.java:96), but aggregateKeys() (Windows.java:48) exposes AGGREGATES.keySet() via RegistryKeys.windowAggregates() -> PlatformRegistrations.assemble (:59) -> ImplementationTable.build (:71-72), whose only order-sensitive product is the dangling list (:74), read only by tests.
core/src/main/java/com/legend/lowering/Fold.java:894	Set.of	rejected (empty)	LOOKUP		-	Empty set passed down; rejected is read only by isEmpty/contains (Fold.java:996, 1000).
core/src/main/java/com/legend/lowering/SubselectPrune.java:50	HashMap + HashSet	Refs.cols / starred / unqualified	LOOKUP		-	Filled by add/computeIfAbsent and read only by contains/getOrDefault (SubselectPrune.java:374-386, 446-484); no iteration.
core/src/main/java/com/legend/lowering/SubselectPrune.java:57	HashSet	per-alias column set in Refs.cols	LOOKUP		-	Read back as used only via used.contains(...) (SubselectPrune.java:385, 471, 484); the loops walk outputs/projections lists.
core/src/main/java/com/legend/lowering/SubselectPrune.java:382	Set.of	used (empty default)	LOOKUP		-	Empty default; used only by used.contains (SubselectPrune.java:385).
core/src/main/java/com/legend/lowering/SubselectPrune.java:449	Set.of	used (empty default)	LOOKUP		-	Empty default; used only by used.contains (SubselectPrune.java:471, 484).
core/src/main/java/com/legend/lowering/ScalarStats.java:31	Map.of	stat reduction table (stdDevSample/stdDev/stdDevPopulation/varianceSample/variancePopulation)	ITERATED-SAFE		ScalarStats.java:31	Five entries over disjoint FQN ids, each rules.put once; the puts commute.
core/src/main/java/com/legend/lowering/MatchFold.java:37	Map.of	env (single entry)	ITERATED-SAFE		core/src/main/java/com/legend/compiler/spec/typed/TypedSubst.java:58	One-entry map; env.forEach in TypedSubst.apply visits one element, so no order exists.
core/src/main/java/com/legend/lowering/SqlPostProcessors.java:212	Map.of	SqlSource.Table storedTypes (empty)	ITERATED-SAFE		core/src/main/java/com/legend/sql/SqlSource.java:66	Empty map copied into a LinkedHashMap by the Table record's compact constructor; zero entries, so no order exists.
core/src/main/java/com/legend/lineage/ScanColumns.java:68	Map.of	outer resolver env (empty)	ITERATED-SAFE		ScanColumns.java:83	Empty map copied into the LinkedHashMap env; zero entries.
core/src/main/java/com/legend/lineage/ScanRelations.java:1121	Set.of	milestoningCols result (empty)	LOOKUP		-	Empty result only meets ms.isEmpty() at ScanRelations.java:1088; the non-empty result is a TreeSet.
core/src/main/java/com/legend/lineage/ScanRelations.java:1148	Set.of	milestoningCols result (empty)	LOOKUP		-	Empty result only meets ms.isEmpty() at ScanRelations.java:1088; the non-empty result is a TreeSet.
core/src/main/java/com/legend/lineage/ScanRelations.java:1729	Set.of	pkCols result (empty)	ITERATED-SAFE		ScanRelations.java:1037	Empty set handed to addAll (ScanRelations.java:1037, 1382) adds nothing; the non-empty result is a TreeSet.
core/src/main/java/com/legend/lineage/ScanRelations.java:1983	Set.of	inline toOne/first/head/filter/toOneMany name set	LOOKUP		-	Only .contains(simple(af.function())) in the loop condition.
core/src/main/java/com/legend/lineage/ScanRelations.java:1993	Set.of	PRED_OPS	LOOKUP		-	Private; only PRED_OPS.contains at ScanRelations.java:2002.
core/src/main/java/com/legend/lineage/ScanRelations.java:2629	Set.of	OPERATORS	LOOKUP		-	Private; only OPERATORS.contains at ScanRelations.java:2662.
core/src/main/java/com/legend/compiler/element/ModelIntegrity.java:75	Set.of	priorKeys (empty)	LOOKUP		-	Read only by priorKeys.contains(key) at ModelIntegrity.java:165.
core/src/main/java/com/legend/compiler/element/ModelContext.java:48	Set.of	elementFqns() default (empty)	ITERATED-SAFE		ModelContext.java:55	Interface default returns an empty set; any iteration (e.g. the default resolutionUniverse copy at ModelContext.java:55) sees zero elements.
core/src/main/java/com/legend/compiler/element/ModelContext.java:267	Set.of	functionFqns() default (empty)	ITERATED-SAFE		ModelContext.java:267	Interface default returns an empty set; iterating it yields nothing.
core/src/main/java/com/legend/compiler/element/PureModelContext.java:83	HashMap	classCache	LOOKUP		-	Only get/put (PureModelContext.java:278, 284); shared by reference at 556.
core/src/main/java/com/legend/compiler/element/PureModelContext.java:84	HashMap	enumCache	LOOKUP		-	Only get/put (PureModelContext.java:365, 373); shared by reference at 557.
core/src/main/java/com/legend/compiler/element/PureModelContext.java:85	HashMap	functionCache	LOOKUP		-	Only get/put (PureModelContext.java:398, 403); shared by reference at 558.
core/src/main/java/com/legend/compiler/element/PureModelContext.java:487	Map.of	empty default of routedTargetClasses().getOrDefault	LOOKUP		-	Empty default used only for .get(prop).
core/src/main/java/com/legend/compiler/element/PureModelContext.java:756	Set.of	TRACKED_CLASSIFIERS	LOOKUP		-	Private; only contains at PureModelContext.java:765.
core/src/main/java/com/legend/compiler/spec/NumberKinds.java:42	Set.of	ARITHMETIC	LOOKUP		-	Private; only ARITHMETIC.contains at NumberKinds.java:56.
core/src/main/java/com/legend/compiler/ModelBuilder.java:153	HashMap	modelConnections	LOOKUP		-	Only put (ModelBuilder.java:338, 581), get (382) and containsKey (905).
core/src/main/java/com/legend/compiler/ModelBuilder.java:155	HashMap	modelChainConnections	LOOKUP		-	Only put (ModelBuilder.java:340, 583), get (384) and containsKey (906).
core/src/main/java/com/legend/compiler/ModelBuilder.java:176	HashMap	filtersByDb	LOOKUP		-	Only put (ModelBuilder.java:423) and get (959).
core/src/main/java/com/legend/compiler/ModelBuilder.java:183	HashMap	joinsByDb	LOOKUP		-	Only put (ModelBuilder.java:430) and get (999).
core/src/main/java/com/legend/compiler/ModelBuilder.java:192	HashMap	viewsByDb	LOOKUP		-	Only put (ModelBuilder.java:461) and get (1192).
core/src/main/java/com/legend/compiler/ModelBuilder.java:195	HashMap	tablesByDb	LOOKUP		-	Only put (ModelBuilder.java:413) and get (1068).
core/src/main/java/com/legend/compiler/ModelBuilder.java:196	HashMap	viewsInOrder	LOOKUP		-	Only put (ModelBuilder.java:462) and getOrDefault (1089); its values are List.copyOf(declared) in declaration order.
core/src/main/java/com/legend/compiler/ModelBuilder.java:219	Map.of	elementImports (empty)	LOOKUP		-	Read only by elementImports.getOrDefault at ModelBuilder.java:1274.
core/src/main/java/com/legend/compiler/ModelBuilder.java:416	HashMap	byName (filters of one database)	LOOKUP		-	Stored into filtersByDb and read only by byName.get(filterName) at ModelBuilder.java:960.
core/src/main/java/com/legend/compiler/ModelBuilder.java:426	HashMap	byName (joins of one database)	LOOKUP		-	Stored into joinsByDb and read only by byName.get(joinName) at ModelBuilder.java:1000.
core/src/main/java/com/legend/compiler/ModelBuilder.java:441	HashMap	byName (views of one database)	LOOKUP		-	Stored into viewsByDb and read only by byName.get(viewName) at ModelBuilder.java:1193; the putIfAbsent winner follows the declared lists, not hash order.
core/src/main/java/com/legend/compiler/ModelBuilder.java:657	HashMap	directSubclasses index	LOOKUP		-	Only index.get(fqn) at ModelBuilder.java:673; the values are ArrayLists filled in ingest order.
core/src/main/java/com/legend/compiler/ModelBuilder.java:796	HashMap	associationEndsByOwner	LOOKUP		-	Only computeIfAbsent and getOrDefault (ModelBuilder.java:805, 812).
core/src/main/java/com/legend/compiler/ModelBuilder.java:805	Map.of	empty default of idx.getOrDefault	LOOKUP		-	Empty default used only for .getOrDefault(propName, List.of()).
core/src/main/java/com/legend/compiler/ModelBuilder.java:812	HashMap	per-owner property -> ends map	LOOKUP		-	Only computeIfAbsent (812) and getOrDefault(propName) (805); the ends lists keep association order.
core/src/main/java/com/legend/compiler/element/Temporal.java:43	Set.of	inline milestoning property-name set	LOOKUP		-	Only .contains(prop).
core/src/main/java/com/legend/compiler/element/ViewSignatures.java:51	IdentityHashMap (Collections.newSetFromMap)	expanding	LOOKUP		-	Cycle guard: only expanding.add(view) (ViewSignatures.java:57) and expanding.remove(view) (73); never iterated.
core/src/main/java/com/legend/compiler/element/EqualityKeys.java:61	Map.of	typeArgs (empty)	ITERATED-SAFE		EqualityKeys.java:87	Empty map: read by getOrDefault in substitute and printed into the cycle-guard key classFqn + typeArgs as "{}"; zero entries.
core/src/main/java/com/legend/compiler/element/EqualityKeys.java:109	Map.of	typeArgsOf result (empty)	ITERATED-SAFE		EqualityKeys.java:87	Empty map: read by getOrDefault and printed as "{}" in the guard key; the non-empty result is a LinkedHashMap.
core/src/main/java/com/legend/compiler/element/EqualityKeys.java:113	Map.of	typeArgsOf result (empty)	ITERATED-SAFE		EqualityKeys.java:87	Empty map: read by getOrDefault and printed as "{}" in the guard key; the non-empty result is a LinkedHashMap.
core/src/main/java/com/legend/compiler/element/EqualityKeys.java:169	Map.of	typeArgs (empty)	ITERATED-SAFE		EqualityKeys.java:87	Empty map: read by getOrDefault and printed as "{}" in the guard key; zero entries.
core/src/main/java/com/legend/compiler/spec/Typer.java:613	Set.of	GETALL_FAMILY	LOOKUP		-	Private; only contains at Typer.java:594.
core/src/main/java/com/legend/compiler/element/type/PlatformTypes.java:133	Set.of	FUNCTION_CARRIERS	LOOKUP		-	Only contains: PlatformTypes.java:775 and, aliased as InferenceKernel.FUNCTION_CARRIER_FQNS (InferenceKernel.java:1981), contains at 119-1986.
core/src/main/java/com/legend/compiler/element/type/PlatformTypes.java:188	Set.of	RELATION_CARRIERS	LOOKUP		-	Only contains: Type.java:396, 435 and StatementExecutor.java:1493.
core/src/main/java/com/legend/compiler/element/type/PlatformTypes.java:735	Set.of	JSON_FAMILY	LOOKUP		-	Only contains at PlatformTypes.java:723, 741; no use outside the class.
core/src/main/java/com/legend/compiler/element/type/PlatformTypes.java:779	Set.of	VALUE_CARRIER_FQNS	LOOKUP		-	Private; only contains at PlatformTypes.java:776.
core/src/main/java/com/legend/compiler/spec/Overloads.java:734	Set.of	DECIMAL_CARRIER_PRODUCERS	LOOKUP		-	Private; only contains at Overloads.java:726.
core/src/main/java/com/legend/compiler/spec/PlatformConstants.java:34	Map.of	BOUNDS	LOOKUP		-	Private; only BOUNDS.get(name) at PlatformConstants.java:48.
core/src/main/java/com/legend/compiler/spec/PivotChecker.java:60	Collectors.toSet	removed	LOOKUP		-	addAll into it, then only removed.contains(c.name()) (PivotChecker.java:65); groupCols follows schema.columns() order.
core/src/main/java/com/legend/compiler/spec/ColumnsChecker.java:62	Map.of	TypedNewInstance properties (single entry "name")	ITERATED-SAFE		ColumnsChecker.java:62	One-entry map; iterating it visits one element, so no order exists.
core/src/main/java/com/legend/compiler/SymbolTable.java:41	HashMap	idByFqn	LOOKUP		-	Only get/put (SymbolTable.java:55, 60, 74); its keySet view allFqns() (101) is read only by tests with isEmpty/size/contains.
core/src/main/java/com/legend/compiler/spec/TdsDesugars.java:671	Set.of	ROW_PICK_FQNS	LOOKUP		-	Private; only contains at TdsDesugars.java:726.
core/src/main/java/com/legend/compiler/spec/TdsDesugars.java:678	Set.of	ROW_CELL_AT_FNS	LOOKUP		-	Private; only contains at TdsDesugars.java:691.
core/src/main/java/com/legend/compiler/spec/TdsDesugars.java:680	Set.of	ROW_CELL_SIZE_FNS	LOOKUP		-	Private; only contains at TdsDesugars.java:692.
core/src/main/java/com/legend/compiler/NameResolver.java:223	Set.of	Scope.typeParams (empty)	ITERATED-SAFE		NameResolver.java:2054	Empty; read by contains (NameResolver.java:324, 611) and copied by withTypeParams; zero elements.
core/src/main/java/com/legend/compiler/NameResolver.java:286	HashSet	ids (platform function ids)	ITERATED-SAFE		NameResolver.java:293	Frozen into a LinkedHashSet in hash order and merged into PLATFORM_FQNS (312); every consumer of PLATFORM_FQNS / platformFqns() only builds further lookup sets or calls contains (NameResolver.java:323/352/640/654/675, PureModelContext.resolutionUniverse contains, ModelNormalizer.java:158).
core/src/main/java/com/legend/compiler/NameResolver.java:301	HashSet	fqns (platform function FQNs)	ITERATED-SAFE		NameResolver.java:307	Frozen into a LinkedHashSet and merged into PLATFORM_FQNS (313); same contains-only consumers as the ids row.
core/src/main/java/com/legend/compiler/NameResolver.java:311	HashSet	all (becomes PLATFORM_FQNS)	ITERATED-SAFE		NameResolver.java:314	Frozen into a LinkedHashSet as PLATFORM_FQNS; consumers only copy it into other lookup sets (366, 524, ModelContext.java:56, ModelNormalizer.java:158) or call contains.
core/src/main/java/com/legend/compiler/NameResolver.java:359	HashSet	known (declared + platform FQNs)	ITERATED-SAFE		NameResolver.java:185	Becomes Scope.knownFqns, read only by contains (323, 352, 640, 654, 675); the only iteration is the copy into another lookup set at 185.
core/src/main/java/com/legend/compiler/NameResolver.java:524	HashSet	known (sectionless query universe)	ITERATED-SAFE		NameResolver.java:525	Copied into a LinkedHashSet that becomes QUERY_SCOPE.knownFqns, read only by contains.
core/src/main/java/com/legend/compiler/NameResolver.java:602	Set.of	PRIMITIVE_TYPE_NAMES	LOOKUP		-	Private; only contains at NameResolver.java:619.
core/src/main/java/com/legend/compiler/NameResolver.java:2037	Set.of	Scope.typeParams (empty)	ITERATED-SAFE		NameResolver.java:2054	Empty; read by contains and copied by withTypeParams; zero elements.
core/src/main/java/com/legend/compiler/NameResolver.java:2043	Set.of	Scope.typeParams (empty)	ITERATED-SAFE		NameResolver.java:2054	Empty; read by contains and copied by withTypeParams; zero elements.
core/src/main/java/com/legend/compiler/NameResolver.java:2054	HashSet	merged (type params)	ITERATED-SAFE		NameResolver.java:2056	Frozen into a LinkedHashSet as the child Scope.typeParams, which is read only by contains (NameResolver.java:324, 611) or copied again here.
core/src/main/java/com/legend/compiler/spec/SpecCompiler.java:48	IdentityHashMap	memo	LOOKUP		-	Only memo.get (SpecCompiler.java:84), put (110) and containsKey (132).
core/src/main/java/com/legend/compiler/TableIndex.java:31	HashMap	top	LOOKUP		-	Only putIfAbsent (filled from ordered lists) and get (TableIndex.java:87).
core/src/main/java/com/legend/compiler/TableIndex.java:32	HashMap	bare	LOOKUP		-	Only putIfAbsent (filled from ordered lists) and get (TableIndex.java:80).
core/src/main/java/com/legend/compiler/TableIndex.java:33	HashMap	bySchema	LOOKUP		-	Only computeIfAbsent and get (TableIndex.java:92).
core/src/main/java/com/legend/compiler/TableIndex.java:48	HashMap	own (one schema's tables)	LOOKUP		-	Only putIfAbsent and own.get(table) (TableIndex.java:93).
core/src/main/java/com/legend/compiler/TableIndex.java:61	HashMap	own (one schema's tabular functions)	LOOKUP		-	Only putIfAbsent and own.get(table) (TableIndex.java:93).
core/src/main/java/com/legend/compiler/spec/LambdaBodies.java:25	Map.of	ASSERT_GUARDS	LOOKUP		-	Private; only containsKey (LambdaBodies.java:100) and get (105).
core/src/main/java/com/legend/compiler/spec/LambdaBodies.java:59	Map.of	substitution env (single entry)	ITERATED-SAFE		core/src/main/java/com/legend/compiler/spec/SourceSubst.java:374	One-entry map; SourceSubst iterates entries.keySet() over one element, so no order exists.
core/src/main/java/com/legend/compiler/spec/SeededStores.java:76	Set.of	in-progress memo value (empty)	ITERATED-SAFE		SeededStores.java:93	Empty; read back as known and passed to out.addAll, which adds nothing.
core/src/main/java/com/legend/compiler/spec/SeededStores.java:89	Set.of	seeded on a type failure (empty)	ITERATED-SAFE		SeededStores.java:93	Empty; memoized and passed to out.addAll, which adds nothing.
core/src/main/java/com/legend/compiler/element/ClassLayouts.java:144	Map.of	typeArgs (empty)	LOOKUP		-	Read only by typeArgs.getOrDefault in substitute (ClassLayouts.java:244).
core/src/main/java/com/legend/compiler/spec/UserCallInliner.java:706	Set.of	systemRowClasses result (empty)	LOOKUP		-	The caller tests rows.isEmpty() (UserCallInliner.java:650) before any iteration; the non-empty result is a LinkedHashSet.
core/src/main/java/com/legend/compiler/spec/UserCallInliner.java:711	Set.of	systemRowClasses result (empty)	LOOKUP		-	The caller tests rows.isEmpty() (UserCallInliner.java:650) before any iteration.
core/src/main/java/com/legend/compiler/spec/UserCallInliner.java:722	Set.of	systemRowClasses result (empty)	LOOKUP		-	The caller tests rows.isEmpty() (UserCallInliner.java:650) before any iteration.
core/src/main/java/com/legend/compiler/spec/UserCallInliner.java:1079	Map.of	TypedNewInstance properties (single entry "values")	ITERATED-SAFE		UserCallInliner.java:1079	One-entry map; iterating it visits one element, so no order exists.
core/src/main/java/com/legend/compiler/spec/ResultEnvelopeSplice.java:57	Set.of	SIZE_FQNS	LOOKUP		-	Only contains (ResultEnvelopeSplice.java:217, 302, 316); no use outside the class.
core/src/main/java/com/legend/compiler/spec/InferenceKernel.java:2105	HashSet	seen	LOOKUP		-	Visited guard: only seen.add(sup); the result order comes from the BFS list out.
core/src/main/java/com/legend/compiler/spec/TableReferenceChecker.java:118	Collectors.toCollection(LinkedHashSet::new)	quoted	ITERATED-SAFE		core/src/main/java/com/legend/compiler/spec/typed/TypedTableReference.java:39	Not an unordered construct: the collector builds a LinkedHashSet in DDL column order, copied again into a LinkedHashSet by TypedTableReference.
core/src/main/java/com/legend/compiler/spec/TableReferenceChecker.java:119	Set.of	quoted (empty)	ITERATED-SAFE		core/src/main/java/com/legend/compiler/spec/typed/TypedTableReference.java:39	Empty set copied into a LinkedHashSet; zero elements.
core/src/main/java/com/legend/compiler/spec/TableReferenceChecker.java:126	Collectors.toMap (4-arg, LinkedHashMap::new)	stored	ITERATED-SAFE		core/src/main/java/com/legend/compiler/spec/typed/TypedTableReference.java:40	Not an unordered construct: the 4-argument toMap supplies LinkedHashMap::new (line 129), so the map keeps DDL column order; a duplicate key throws one fixed message.
core/src/main/java/com/legend/compiler/spec/TableReferenceChecker.java:129	Collectors.toMap map factory LinkedHashMap::new	stored	ITERATED-SAFE		core/src/main/java/com/legend/compiler/spec/typed/TypedTableReference.java:40	This line is the LinkedHashMap factory of the same collector: declaration order, copied into a LinkedHashMap by TypedTableReference.
core/src/main/java/com/legend/compiler/spec/TableReferenceChecker.java:130	Map.of	stored (empty)	ITERATED-SAFE		core/src/main/java/com/legend/compiler/spec/typed/TypedTableReference.java:40	Empty map copied into a LinkedHashMap; zero entries.
core/src/main/java/com/legend/compiler/spec/OrderView.java:27	Set.of	SORT_FQNS	LOOKUP		-	Only contains at OrderView.java:111; no use outside the class.
core/src/main/java/com/legend/compiler/spec/OrderView.java:38	Set.of	ORDER_DESTROYING	LOOKUP		-	Only contains at OrderView.java:124.
core/src/main/java/com/legend/compiler/spec/OrderView.java:51	Set.of	ORDER_PRESERVING	LOOKUP		-	Only contains: OrderView.java:114, AssertVerdicts.java:1055, 1098.
core/src/main/java/com/legend/compiler/spec/OrderView.java:85	Set.of	EXECUTE_FRAMES	LOOKUP		-	Only contains: OrderView.java:119, AssertVerdicts.java:1093.
core/src/main/java/com/legend/compiler/spec/OrderView.java:153	Set.of	second argument of hook.apply (empty)	ITERATED-SAFE		OrderView.java:153	Empty set handed to the splice hook; whatever the hook does, it sees zero elements.
core/src/main/java/com/legend/compiler/spec/Env.java:33	Map.of	vars and exprAliases (empty)	ITERATED-SAFE		Env.java:46	Empty maps read by get/containsKey and copied into LinkedHashMaps by with/withLet; zero entries.
core/src/main/java/com/legend/compiler/spec/typed/TypedSubst.java:45	Map.of	knownFree (empty)	LOOKUP		-	Read only by knownFree.get(name) at TypedSubst.java:60.
core/src/main/java/com/legend/compiler/spec/typed/TypedSubst.java:67	Map.of / Set.of	renames, reserved, reservedForLets (empty)	ITERATED-SAFE		TypedSubst.java:295	Empty; renames is copied (284) and iterated in captures with a boolean result, the reserved sets are read by contains.
core/src/main/java/com/legend/compiler/spec/typed/TypedSubst.java:86	Map.of / Set.of	env, free, renames, mentioned (empty)	ITERATED-SAFE		TypedSubst.java:290	Empty; env.keySet and renames.entrySet are iterated only inside captures, which returns a boolean (290-299); mentioned is read by contains.
core/src/main/java/com/legend/compiler/spec/typed/TypedSubst.java:156	Map.of / Set.of	env, free, mentioned (empty)	ITERATED-SAFE		TypedSubst.java:290	Empty; iterated only inside captures (boolean result) or read by contains.
core/src/main/java/com/legend/compiler/spec/typed/TypedSubst.java:291	Set.of	empty default of free.getOrDefault	LOOKUP		-	Empty default used only for .contains(b).
core/src/main/java/com/legend/compiler/spec/SourceSubst.java:116	Set.of	TDG_VALUE_CLASSES	LOOKUP		-	Private; only contains at SourceSubst.java:132.
core/src/main/java/com/legend/compiler/spec/SourceSubst.java:254	Set.of	bound (empty)	ITERATED-SAFE		SourceSubst.java:287	Empty; read by contains and copied into LinkedHashSets for inner scopes; zero elements.
core/src/main/java/com/legend/compiler/spec/SourceSubst.java:261	Set.of	bound (empty)	ITERATED-SAFE		SourceSubst.java:272	Empty; read by contains and copied into LinkedHashSets for let scopes; zero elements.
core/src/main/java/com/legend/compiler/spec/SourceSubst.java:343	Map.of	renames (empty)	ITERATED-SAFE		SourceSubst.java:405	Empty; copied into LinkedHashMaps and iterated only in Binder.bind with |= booleans (SourceSubst.java:205, 208).
core/src/main/java/com/legend/compiler/spec/SourceSubst.java:365	Set.of	free variables of a missing entry (empty)	ITERATED-SAFE		SourceSubst.java:375	Empty; m.addAll adds nothing and freeOf(...) is otherwise read by contains.
core/src/main/java/com/legend/compiler/spec/FunctionMatch.java:200	HashMap	memo (linearizations)	LOOKUP		-	Only get/put (FunctionMatch.java:213, 226, 240); the values are ordered List.copyOf linearizations.
core/src/main/java/com/legend/compiler/spec/typed/TypedTableReference.java:42	Set.of / Map.of	quotedColumns and storedTypes (empty)	ITERATED-SAFE		TypedTableReference.java:39	Empty; copied into a LinkedHashSet / LinkedHashMap by the compact constructor; zero elements.
core/src/main/java/com/legend/compiler/spec/StaticFold.java:85	Map.of	scope (empty)	ITERATED-SAFE		StaticFold.java:178	Empty; read by get and copied into LinkedHashMaps for inner scopes; zero entries.
core/src/main/java/com/legend/compiler/spec/StaticFold.java:92	Map.of	scope (empty)	ITERATED-SAFE		StaticFold.java:178	Empty; read by get and copied into LinkedHashMaps for inner scopes; zero entries.
core/src/main/java/com/legend/compiler/spec/typed/FreeVars.java:38	Set.of	bound (empty)	ITERATED-SAFE		FreeVars.java:186	Empty; read by contains and copied by with() into LinkedHashSets; zero elements.
core/src/main/java/com/legend/compiler/spec/typed/FreeVars.java:50	Set.of	bound (empty)	ITERATED-SAFE		FreeVars.java:186	Empty; read by contains and copied by with() into LinkedHashSets; zero elements.
core/src/main/java/com/legend/compiler/spec/typed/FreeVars.java:59	Set.of	bound (empty)	ITERATED-SAFE		FreeVars.java:186	Empty; read by contains and copied by with() into LinkedHashSets; zero elements.
core/src/main/java/com/legend/compiler/spec/typed/FreeVars.java:68	Set.of	bound (empty)	ITERATED-SAFE		FreeVars.java:186	Empty; read by contains and copied by with() into LinkedHashSets; zero elements.
core/src/main/java/com/legend/compiler/spec/typed/FreeVars.java:125	Set.of	PLAIN.knownFree (empty)	ITERATED-SAFE		FreeVars.java:143	The for-loop over knownFree feeds the ordered out set, but PLAIN's knownFree is empty, so it adds nothing.
core/src/main/java/com/legend/compiler/spec/typed/ContextReading.java:54	Set.of	shadows (empty)	ITERATED-SAFE		ContextReading.java:459	Empty; read by contains (453) and copied into a HashSet (459); zero elements.
core/src/main/java/com/legend/compiler/spec/typed/ContextReading.java:69	Set.of	ExecutionContext.features (empty)	ITERATED-SAFE		ContextReading.java:69	Empty feature set; iterating it yields nothing.
core/src/main/java/com/legend/compiler/spec/typed/ContextReading.java:351	Set.of	contextFeatures result (empty)	ITERATED-SAFE		ContextReading.java:351	Empty; the non-empty result is an EnumSet copied into a LinkedHashSet (ordinal order).
core/src/main/java/com/legend/compiler/spec/typed/ContextReading.java:356	Set.of	contextFeatures result (empty)	ITERATED-SAFE		ContextReading.java:356	Empty; the non-empty result is an EnumSet copied into a LinkedHashSet (ordinal order).
core/src/main/java/com/legend/compiler/spec/typed/ContextReading.java:360	Set.of	contextFeatures result (empty)	ITERATED-SAFE		ContextReading.java:360	Empty; the non-empty result is an EnumSet copied into a LinkedHashSet (ordinal order).
core/src/main/java/com/legend/compiler/spec/typed/ContextReading.java:386	Set.of	treeFeatures result (empty branch)	ITERATED-SAFE		ContextReading.java:386	The Set.of() branch is empty; the other branch copies an EnumSet into a LinkedHashSet (ordinal order).
core/src/main/java/com/legend/compiler/spec/typed/ContextReading.java:476	Set.of	shadows (empty)	ITERATED-SAFE		ContextReading.java:459	Empty; read by contains and copied into a HashSet; zero elements.
core/src/main/java/com/legend/compiler/spec/typed/ContextReading.java:480	Set.of	shadows (empty)	ITERATED-SAFE		ContextReading.java:459	Empty; read by contains and copied into a HashSet; zero elements.
core/src/main/java/com/legend/compiler/spec/SignatureApart.java:48	HashSet	freeTypes	LOOKUP		-	Only add (in collect) and contains in fresh() (SignatureApart.java:79, 83).
core/src/main/java/com/legend/compiler/spec/SignatureApart.java:49	HashSet	freeMults	LOOKUP		-	Only add (in collect) and contains in fresh() (SignatureApart.java:79, 83).
core/src/main/java/com/legend/compiler/spec/SignatureApart.java:77	HashMap	out (rename map)	LOOKUP		-	Only put, isEmpty, getOrDefault (SignatureApart.java:68-69) and containsKey/get (133, 156); fresh names are chosen per declared list entry, not by map order.
core/src/main/java/com/legend/compiler/spec/typed/ExecutionContext.java:76	Map.of	PostProcessors.NONE.tableReplace (empty)	ITERATED-SAFE		ExecutionContext.java:79	Empty map copied into a LinkedHashMap; zero entries.
core/src/main/java/com/legend/compiler/spec/typed/ExecutionContext.java:126	Map.of	jsonSources (empty)	ITERATED-SAFE		ExecutionContext.java:96	Empty map copied into a LinkedHashMap by the compact constructor; zero entries.
core/src/main/java/com/legend/compiler/spec/typed/ExecutionContext.java:127	Set.of	features (empty)	ITERATED-SAFE		ExecutionContext.java:127	Empty feature set; iterating it yields nothing.
core/src/main/java/com/legend/compiler/spec/typed/ExecutionContext.java:135	Set.of	features (empty)	ITERATED-SAFE		ExecutionContext.java:135	Empty feature set; iterating it yields nothing.
core/src/main/java/com/legend/validation/ValidateDesugar.java:199	Map.of	substitution env (single entry)	ITERATED-SAFE		core/src/main/java/com/legend/compiler/spec/SourceSubst.java:374	One-entry map; iterating it visits one element, so no order exists.
core/src/main/java/com/legend/validation/ValidateDesugar.java:371	Map.of	substitution env (single entry)	ITERATED-SAFE		core/src/main/java/com/legend/compiler/spec/SourceSubst.java:374	One-entry map; iterating it visits one element, so no order exists.
core/src/main/java/com/legend/platform/CoreFn.java:183	HashMap	CoreFn.BY_NAME	LOOKUP		core/src/main/java/com/legend/platform/CoreFn.java:414 (get); core/src/main/java/com/legend/compiler/BareNames.java:66 (get); spec/src/gen/java/com/legend/claims/Claims.java:109 (get)	Filled in the static block and exposed read-only via parseNames(); every reader (CoreFn.of, BareNames:66, Claims:109, FormOwnershipTest:30) only calls get.
core/src/main/java/com/legend/platform/CoreFn.java:219	HashMap	out (ownerOf) -> OWNER_OF	ITERATED-SAFE		core/src/main/java/com/legend/platform/CoreFn.java:228 (new LinkedHashMap<>(out)); OWNER_OF read only at core/src/main/java/com/legend/platform/CoreFn.java:403,431 (get)	Copied into a LinkedHashMap in hash order, but the resulting OWNER_OF is only ever read with get, so the copy order is never seen.
core/src/main/java/com/legend/platform/CoreFn.java:233	Set.of (1 element)	CoreFn.OWNS[LET] (returned by ownedFqns())	ITERATED-SAFE		core/src/main/java/com/legend/platform/CoreFn.java:221 (ownerOf loop; duplicate throw at :223-224); core/src/main/java/com/legend/platform/ImplementationTable.java:123 (forms loop -> dangling list, read only in tests); core/src/main/java/com/legend/probe/Shadow.java:80 (lookup-only FORM_AT); core/src/main/java/com/legend/compiler/BareNames.java:68 (TreeSet)	One-element Set.of, so there is only one iteration order; the other readers use lookups or sort through a TreeSet.
core/src/main/java/com/legend/platform/CoreFn.java:235	Set.of (1 element)	CoreFn.OWNS[DEACTIVATE] (returned by ownedFqns())	ITERATED-SAFE		core/src/main/java/com/legend/platform/CoreFn.java:221 (ownerOf loop; duplicate throw at :223-224); core/src/main/java/com/legend/platform/ImplementationTable.java:123 (forms loop -> dangling list, read only in tests); core/src/main/java/com/legend/probe/Shadow.java:80 (lookup-only FORM_AT); core/src/main/java/com/legend/compiler/BareNames.java:68 (TreeSet)	One-element Set.of, so there is only one iteration order; the other readers use lookups or sort through a TreeSet.
core/src/main/java/com/legend/platform/CoreFn.java:237	Set.of (1 element)	CoreFn.OWNS[GET_RELATIONAL_CSV_DATA] (returned by ownedFqns())	ITERATED-SAFE		core/src/main/java/com/legend/platform/CoreFn.java:221 (ownerOf loop; duplicate throw at :223-224); core/src/main/java/com/legend/platform/ImplementationTable.java:123 (forms loop -> dangling list, read only in tests); core/src/main/java/com/legend/probe/Shadow.java:80 (lookup-only FORM_AT); core/src/main/java/com/legend/compiler/BareNames.java:68 (TreeSet)	One-element Set.of, so there is only one iteration order; the other readers use lookups or sort through a TreeSet.
core/src/main/java/com/legend/platform/CoreFn.java:239	Set.of (1 element)	CoreFn.OWNS[GENERATE_TEST_DATA] (returned by ownedFqns())	ITERATED-SAFE		core/src/main/java/com/legend/platform/CoreFn.java:221 (ownerOf loop; duplicate throw at :223-224); core/src/main/java/com/legend/platform/ImplementationTable.java:123 (forms loop -> dangling list, read only in tests); core/src/main/java/com/legend/probe/Shadow.java:80 (lookup-only FORM_AT); core/src/main/java/com/legend/compiler/BareNames.java:68 (TreeSet)	One-element Set.of, so there is only one iteration order; the other readers use lookups or sort through a TreeSet.
core/src/main/java/com/legend/platform/CoreFn.java:241	Set.of (1 element)	CoreFn.OWNS[GENERATE_SEED_DATA_STRING] (returned by ownedFqns())	ITERATED-SAFE		core/src/main/java/com/legend/platform/CoreFn.java:221 (ownerOf loop; duplicate throw at :223-224); core/src/main/java/com/legend/platform/ImplementationTable.java:123 (forms loop -> dangling list, read only in tests); core/src/main/java/com/legend/probe/Shadow.java:80 (lookup-only FORM_AT); core/src/main/java/com/legend/compiler/BareNames.java:68 (TreeSet)	One-element Set.of, so there is only one iteration order; the other readers use lookups or sort through a TreeSet.
core/src/main/java/com/legend/platform/CoreFn.java:243	Set.of (1 element)	CoreFn.OWNS[PLAN_TEST_DATA_GENERATION] (returned by ownedFqns())	ITERATED-SAFE		core/src/main/java/com/legend/platform/CoreFn.java:221 (ownerOf loop; duplicate throw at :223-224); core/src/main/java/com/legend/platform/ImplementationTable.java:123 (forms loop -> dangling list, read only in tests); core/src/main/java/com/legend/probe/Shadow.java:80 (lookup-only FORM_AT); core/src/main/java/com/legend/compiler/BareNames.java:68 (TreeSet)	One-element Set.of, so there is only one iteration order; the other readers use lookups or sort through a TreeSet.
core/src/main/java/com/legend/platform/CoreFn.java:245	Set.of (1 element)	CoreFn.OWNS[MAY_EXECUTE_ALLOY_TEST] (returned by ownedFqns())	ITERATED-SAFE		core/src/main/java/com/legend/platform/CoreFn.java:221 (ownerOf loop; duplicate throw at :223-224); core/src/main/java/com/legend/platform/ImplementationTable.java:123 (forms loop -> dangling list, read only in tests); core/src/main/java/com/legend/probe/Shadow.java:80 (lookup-only FORM_AT); core/src/main/java/com/legend/compiler/BareNames.java:68 (TreeSet)	One-element Set.of, so there is only one iteration order; the other readers use lookups or sort through a TreeSet.
core/src/main/java/com/legend/platform/CoreFn.java:247	Set.of (1 element)	CoreFn.OWNS[MAY_EXECUTE_LEGEND_TEST] (returned by ownedFqns())	ITERATED-SAFE		core/src/main/java/com/legend/platform/CoreFn.java:221 (ownerOf loop; duplicate throw at :223-224); core/src/main/java/com/legend/platform/ImplementationTable.java:123 (forms loop -> dangling list, read only in tests); core/src/main/java/com/legend/probe/Shadow.java:80 (lookup-only FORM_AT); core/src/main/java/com/legend/compiler/BareNames.java:68 (TreeSet)	One-element Set.of, so there is only one iteration order; the other readers use lookups or sort through a TreeSet.
core/src/main/java/com/legend/platform/CoreFn.java:249	Set.of (1 element)	CoreFn.OWNS[IF] (returned by ownedFqns())	ITERATED-SAFE		core/src/main/java/com/legend/platform/CoreFn.java:221 (ownerOf loop; duplicate throw at :223-224); core/src/main/java/com/legend/platform/ImplementationTable.java:123 (forms loop -> dangling list, read only in tests); core/src/main/java/com/legend/probe/Shadow.java:80 (lookup-only FORM_AT); core/src/main/java/com/legend/compiler/BareNames.java:68 (TreeSet)	One-element Set.of, so there is only one iteration order; the other readers use lookups or sort through a TreeSet.
core/src/main/java/com/legend/platform/CoreFn.java:251	Set.of (1 element)	CoreFn.OWNS[VALIDATE] (returned by ownedFqns())	ITERATED-SAFE		core/src/main/java/com/legend/platform/CoreFn.java:221 (ownerOf loop; duplicate throw at :223-224); core/src/main/java/com/legend/platform/ImplementationTable.java:123 (forms loop -> dangling list, read only in tests); core/src/main/java/com/legend/probe/Shadow.java:80 (lookup-only FORM_AT); core/src/main/java/com/legend/compiler/BareNames.java:68 (TreeSet)	One-element Set.of, so there is only one iteration order; the other readers use lookups or sort through a TreeSet.
core/src/main/java/com/legend/platform/CoreFn.java:253	Set.of (1 element)	CoreFn.OWNS[TABLE_REFERENCE] (returned by ownedFqns())	ITERATED-SAFE		core/src/main/java/com/legend/platform/CoreFn.java:221 (ownerOf loop; duplicate throw at :223-224); core/src/main/java/com/legend/platform/ImplementationTable.java:123 (forms loop -> dangling list, read only in tests); core/src/main/java/com/legend/probe/Shadow.java:80 (lookup-only FORM_AT); core/src/main/java/com/legend/compiler/BareNames.java:68 (TreeSet)	One-element Set.of, so there is only one iteration order; the other readers use lookups or sort through a TreeSet.
core/src/main/java/com/legend/platform/CoreFn.java:255	Set.of (1 element)	CoreFn.OWNS[TABLE_TO_TDS] (returned by ownedFqns())	ITERATED-SAFE		core/src/main/java/com/legend/platform/CoreFn.java:221 (ownerOf loop; duplicate throw at :223-224); core/src/main/java/com/legend/platform/ImplementationTable.java:123 (forms loop -> dangling list, read only in tests); core/src/main/java/com/legend/probe/Shadow.java:80 (lookup-only FORM_AT); core/src/main/java/com/legend/compiler/BareNames.java:68 (TreeSet)	One-element Set.of, so there is only one iteration order; the other readers use lookups or sort through a TreeSet.
core/src/main/java/com/legend/platform/CoreFn.java:257	Set.of (2 elements)	CoreFn.OWNS[PROJECT] (returned by ownedFqns())	ESCAPES	message	core/src/main/java/com/legend/platform/CoreFn.java:221 (ownerOf loop; duplicate throw at :223-224); core/src/main/java/com/legend/platform/ImplementationTable.java:123 (forms loop -> dangling list, read only in tests); core/src/main/java/com/legend/probe/Shadow.java:80 (lookup-only FORM_AT); core/src/main/java/com/legend/compiler/BareNames.java:68 (TreeSet)	Latent: if two forms ever claim one FQN, ownerOf's static-init IllegalStateException names whichever duplicate this set yields first (no duplicate today). ImplementationTable.build also lists missing FQNs into dangling() in this order, and only tests read that list. Set.of order changes on every JVM start.
core/src/main/java/com/legend/platform/CoreFn.java:260	Set.of (3 elements)	CoreFn.OWNS[SORT] (returned by ownedFqns())	ESCAPES	message	core/src/main/java/com/legend/platform/CoreFn.java:221 (ownerOf loop; duplicate throw at :223-224); core/src/main/java/com/legend/platform/ImplementationTable.java:123 (forms loop -> dangling list, read only in tests); core/src/main/java/com/legend/probe/Shadow.java:80 (lookup-only FORM_AT); core/src/main/java/com/legend/compiler/BareNames.java:68 (TreeSet)	Latent: if two forms ever claim one FQN, ownerOf's static-init IllegalStateException names whichever duplicate this set yields first (no duplicate today). ImplementationTable.build also lists missing FQNs into dangling() in this order, and only tests read that list. Set.of order changes on every JVM start.
core/src/main/java/com/legend/platform/CoreFn.java:264	Set.of (1 element)	CoreFn.OWNS[RENAME] (returned by ownedFqns())	ITERATED-SAFE		core/src/main/java/com/legend/platform/CoreFn.java:221 (ownerOf loop; duplicate throw at :223-224); core/src/main/java/com/legend/platform/ImplementationTable.java:123 (forms loop -> dangling list, read only in tests); core/src/main/java/com/legend/probe/Shadow.java:80 (lookup-only FORM_AT); core/src/main/java/com/legend/compiler/BareNames.java:68 (TreeSet)	One-element Set.of, so there is only one iteration order; the other readers use lookups or sort through a TreeSet.
core/src/main/java/com/legend/platform/CoreFn.java:266	Set.of (3 elements)	CoreFn.OWNS[FILTER] (returned by ownedFqns())	ESCAPES	message	core/src/main/java/com/legend/platform/CoreFn.java:221 (ownerOf loop; duplicate throw at :223-224); core/src/main/java/com/legend/platform/ImplementationTable.java:123 (forms loop -> dangling list, read only in tests); core/src/main/java/com/legend/probe/Shadow.java:80 (lookup-only FORM_AT); core/src/main/java/com/legend/compiler/BareNames.java:68 (TreeSet)	Latent: if two forms ever claim one FQN, ownerOf's static-init IllegalStateException names whichever duplicate this set yields first (no duplicate today). ImplementationTable.build also lists missing FQNs into dangling() in this order, and only tests read that list. Set.of order changes on every JVM start.
core/src/main/java/com/legend/platform/CoreFn.java:270	Set.of (2 elements)	CoreFn.OWNS[MAP] (returned by ownedFqns())	ESCAPES	message	core/src/main/java/com/legend/platform/CoreFn.java:221 (ownerOf loop; duplicate throw at :223-224); core/src/main/java/com/legend/platform/ImplementationTable.java:123 (forms loop -> dangling list, read only in tests); core/src/main/java/com/legend/probe/Shadow.java:80 (lookup-only FORM_AT); core/src/main/java/com/legend/compiler/BareNames.java:68 (TreeSet)	Latent: if two forms ever claim one FQN, ownerOf's static-init IllegalStateException names whichever duplicate this set yields first (no duplicate today). ImplementationTable.build also lists missing FQNs into dangling() in this order, and only tests read that list. Set.of order changes on every JVM start.
core/src/main/java/com/legend/platform/CoreFn.java:273	Set.of (2 elements)	CoreFn.OWNS[ASC] (returned by ownedFqns())	ESCAPES	message	core/src/main/java/com/legend/platform/CoreFn.java:221 (ownerOf loop; duplicate throw at :223-224); core/src/main/java/com/legend/platform/ImplementationTable.java:123 (forms loop -> dangling list, read only in tests); core/src/main/java/com/legend/probe/Shadow.java:80 (lookup-only FORM_AT); core/src/main/java/com/legend/compiler/BareNames.java:68 (TreeSet)	Latent: if two forms ever claim one FQN, ownerOf's static-init IllegalStateException names whichever duplicate this set yields first (no duplicate today). ImplementationTable.build also lists missing FQNs into dangling() in this order, and only tests read that list. Set.of order changes on every JVM start.
core/src/main/java/com/legend/platform/CoreFn.java:276	Set.of (2 elements)	CoreFn.OWNS[DESC] (returned by ownedFqns())	ESCAPES	message	core/src/main/java/com/legend/platform/CoreFn.java:221 (ownerOf loop; duplicate throw at :223-224); core/src/main/java/com/legend/platform/ImplementationTable.java:123 (forms loop -> dangling list, read only in tests); core/src/main/java/com/legend/probe/Shadow.java:80 (lookup-only FORM_AT); core/src/main/java/com/legend/compiler/BareNames.java:68 (TreeSet)	Latent: if two forms ever claim one FQN, ownerOf's static-init IllegalStateException names whichever duplicate this set yields first (no duplicate today). ImplementationTable.build also lists missing FQNs into dangling() in this order, and only tests read that list. Set.of order changes on every JVM start.
core/src/main/java/com/legend/platform/CoreFn.java:279	Set.of (1 element)	CoreFn.OWNS[EMPTY_FIRST] (returned by ownedFqns())	ITERATED-SAFE		core/src/main/java/com/legend/platform/CoreFn.java:221 (ownerOf loop; duplicate throw at :223-224); core/src/main/java/com/legend/platform/ImplementationTable.java:123 (forms loop -> dangling list, read only in tests); core/src/main/java/com/legend/probe/Shadow.java:80 (lookup-only FORM_AT); core/src/main/java/com/legend/compiler/BareNames.java:68 (TreeSet)	One-element Set.of, so there is only one iteration order; the other readers use lookups or sort through a TreeSet.
core/src/main/java/com/legend/platform/CoreFn.java:281	Set.of (1 element)	CoreFn.OWNS[EMPTY_LAST] (returned by ownedFqns())	ITERATED-SAFE		core/src/main/java/com/legend/platform/CoreFn.java:221 (ownerOf loop; duplicate throw at :223-224); core/src/main/java/com/legend/platform/ImplementationTable.java:123 (forms loop -> dangling list, read only in tests); core/src/main/java/com/legend/probe/Shadow.java:80 (lookup-only FORM_AT); core/src/main/java/com/legend/compiler/BareNames.java:68 (TreeSet)	One-element Set.of, so there is only one iteration order; the other readers use lookups or sort through a TreeSet.
core/src/main/java/com/legend/platform/CoreFn.java:283	Set.of (2 elements)	CoreFn.OWNS[SELECT] (returned by ownedFqns())	ESCAPES	message	core/src/main/java/com/legend/platform/CoreFn.java:221 (ownerOf loop; duplicate throw at :223-224); core/src/main/java/com/legend/platform/ImplementationTable.java:123 (forms loop -> dangling list, read only in tests); core/src/main/java/com/legend/probe/Shadow.java:80 (lookup-only FORM_AT); core/src/main/java/com/legend/compiler/BareNames.java:68 (TreeSet)	Latent: if two forms ever claim one FQN, ownerOf's static-init IllegalStateException names whichever duplicate this set yields first (no duplicate today). ImplementationTable.build also lists missing FQNs into dangling() in this order, and only tests read that list. Set.of order changes on every JVM start.
core/src/main/java/com/legend/platform/CoreFn.java:286	Set.of (3 elements)	CoreFn.OWNS[DISTINCT] (returned by ownedFqns())	ESCAPES	message	core/src/main/java/com/legend/platform/CoreFn.java:221 (ownerOf loop; duplicate throw at :223-224); core/src/main/java/com/legend/platform/ImplementationTable.java:123 (forms loop -> dangling list, read only in tests); core/src/main/java/com/legend/probe/Shadow.java:80 (lookup-only FORM_AT); core/src/main/java/com/legend/compiler/BareNames.java:68 (TreeSet)	Latent: if two forms ever claim one FQN, ownerOf's static-init IllegalStateException names whichever duplicate this set yields first (no duplicate today). ImplementationTable.build also lists missing FQNs into dangling() in this order, and only tests read that list. Set.of order changes on every JVM start.
core/src/main/java/com/legend/platform/CoreFn.java:290	Set.of (2 elements)	CoreFn.OWNS[CONCATENATE] (returned by ownedFqns())	ESCAPES	message	core/src/main/java/com/legend/platform/CoreFn.java:221 (ownerOf loop; duplicate throw at :223-224); core/src/main/java/com/legend/platform/ImplementationTable.java:123 (forms loop -> dangling list, read only in tests); core/src/main/java/com/legend/probe/Shadow.java:80 (lookup-only FORM_AT); core/src/main/java/com/legend/compiler/BareNames.java:68 (TreeSet)	Latent: if two forms ever claim one FQN, ownerOf's static-init IllegalStateException names whichever duplicate this set yields first (no duplicate today). ImplementationTable.build also lists missing FQNs into dangling() in this order, and only tests read that list. Set.of order changes on every JVM start.
core/src/main/java/com/legend/platform/CoreFn.java:293	Set.of (3 elements)	CoreFn.OWNS[LIMIT] (returned by ownedFqns())	ESCAPES	message	core/src/main/java/com/legend/platform/CoreFn.java:221 (ownerOf loop; duplicate throw at :223-224); core/src/main/java/com/legend/platform/ImplementationTable.java:123 (forms loop -> dangling list, read only in tests); core/src/main/java/com/legend/probe/Shadow.java:80 (lookup-only FORM_AT); core/src/main/java/com/legend/compiler/BareNames.java:68 (TreeSet)	Latent: if two forms ever claim one FQN, ownerOf's static-init IllegalStateException names whichever duplicate this set yields first (no duplicate today). ImplementationTable.build also lists missing FQNs into dangling() in this order, and only tests read that list. Set.of order changes on every JVM start.
core/src/main/java/com/legend/platform/CoreFn.java:297	Set.of (1 element)	CoreFn.OWNS[TAKE] (returned by ownedFqns())	ITERATED-SAFE		core/src/main/java/com/legend/platform/CoreFn.java:221 (ownerOf loop; duplicate throw at :223-224); core/src/main/java/com/legend/platform/ImplementationTable.java:123 (forms loop -> dangling list, read only in tests); core/src/main/java/com/legend/probe/Shadow.java:80 (lookup-only FORM_AT); core/src/main/java/com/legend/compiler/BareNames.java:68 (TreeSet)	One-element Set.of, so there is only one iteration order; the other readers use lookups or sort through a TreeSet.
core/src/main/java/com/legend/platform/CoreFn.java:299	Set.of (2 elements)	CoreFn.OWNS[DROP] (returned by ownedFqns())	ESCAPES	message	core/src/main/java/com/legend/platform/CoreFn.java:221 (ownerOf loop; duplicate throw at :223-224); core/src/main/java/com/legend/platform/ImplementationTable.java:123 (forms loop -> dangling list, read only in tests); core/src/main/java/com/legend/probe/Shadow.java:80 (lookup-only FORM_AT); core/src/main/java/com/legend/compiler/BareNames.java:68 (TreeSet)	Latent: if two forms ever claim one FQN, ownerOf's static-init IllegalStateException names whichever duplicate this set yields first (no duplicate today). ImplementationTable.build also lists missing FQNs into dangling() in this order, and only tests read that list. Set.of order changes on every JVM start.
core/src/main/java/com/legend/platform/CoreFn.java:302	Set.of (2 elements)	CoreFn.OWNS[SLICE] (returned by ownedFqns())	ESCAPES	message	core/src/main/java/com/legend/platform/CoreFn.java:221 (ownerOf loop; duplicate throw at :223-224); core/src/main/java/com/legend/platform/ImplementationTable.java:123 (forms loop -> dangling list, read only in tests); core/src/main/java/com/legend/probe/Shadow.java:80 (lookup-only FORM_AT); core/src/main/java/com/legend/compiler/BareNames.java:68 (TreeSet)	Latent: if two forms ever claim one FQN, ownerOf's static-init IllegalStateException names whichever duplicate this set yields first (no duplicate today). ImplementationTable.build also lists missing FQNs into dangling() in this order, and only tests read that list. Set.of order changes on every JVM start.
core/src/main/java/com/legend/platform/CoreFn.java:305	Set.of (2 elements)	CoreFn.OWNS[EXTEND] (returned by ownedFqns())	ESCAPES	message	core/src/main/java/com/legend/platform/CoreFn.java:221 (ownerOf loop; duplicate throw at :223-224); core/src/main/java/com/legend/platform/ImplementationTable.java:123 (forms loop -> dangling list, read only in tests); core/src/main/java/com/legend/probe/Shadow.java:80 (lookup-only FORM_AT); core/src/main/java/com/legend/compiler/BareNames.java:68 (TreeSet)	Latent: if two forms ever claim one FQN, ownerOf's static-init IllegalStateException names whichever duplicate this set yields first (no duplicate today). ImplementationTable.build also lists missing FQNs into dangling() in this order, and only tests read that list. Set.of order changes on every JVM start.
core/src/main/java/com/legend/platform/CoreFn.java:308	Set.of (5 elements)	CoreFn.OWNS[GROUP_BY] (returned by ownedFqns())	ESCAPES	message	core/src/main/java/com/legend/platform/CoreFn.java:221 (ownerOf loop; duplicate throw at :223-224); core/src/main/java/com/legend/platform/ImplementationTable.java:123 (forms loop -> dangling list, read only in tests); core/src/main/java/com/legend/probe/Shadow.java:80 (lookup-only FORM_AT); core/src/main/java/com/legend/compiler/BareNames.java:68 (TreeSet)	Latent: if two forms ever claim one FQN, ownerOf's static-init IllegalStateException names whichever duplicate this set yields first (no duplicate today). ImplementationTable.build also lists missing FQNs into dangling() in this order, and only tests read that list. Set.of order changes on every JVM start.
core/src/main/java/com/legend/platform/CoreFn.java:314	Set.of (1 element)	CoreFn.OWNS[GROUP_BY_WITH_WINDOW_SUBSET] (returned by ownedFqns())	ITERATED-SAFE		core/src/main/java/com/legend/platform/CoreFn.java:221 (ownerOf loop; duplicate throw at :223-224); core/src/main/java/com/legend/platform/ImplementationTable.java:123 (forms loop -> dangling list, read only in tests); core/src/main/java/com/legend/probe/Shadow.java:80 (lookup-only FORM_AT); core/src/main/java/com/legend/compiler/BareNames.java:68 (TreeSet)	One-element Set.of, so there is only one iteration order; the other readers use lookups or sort through a TreeSet.
core/src/main/java/com/legend/platform/CoreFn.java:316	Set.of (1 element)	CoreFn.OWNS[AGGREGATE] (returned by ownedFqns())	ITERATED-SAFE		core/src/main/java/com/legend/platform/CoreFn.java:221 (ownerOf loop; duplicate throw at :223-224); core/src/main/java/com/legend/platform/ImplementationTable.java:123 (forms loop -> dangling list, read only in tests); core/src/main/java/com/legend/probe/Shadow.java:80 (lookup-only FORM_AT); core/src/main/java/com/legend/compiler/BareNames.java:68 (TreeSet)	One-element Set.of, so there is only one iteration order; the other readers use lookups or sort through a TreeSet.
core/src/main/java/com/legend/platform/CoreFn.java:318	Set.of (3 elements)	CoreFn.OWNS[JOIN] (returned by ownedFqns())	ESCAPES	message	core/src/main/java/com/legend/platform/CoreFn.java:221 (ownerOf loop; duplicate throw at :223-224); core/src/main/java/com/legend/platform/ImplementationTable.java:123 (forms loop -> dangling list, read only in tests); core/src/main/java/com/legend/probe/Shadow.java:80 (lookup-only FORM_AT); core/src/main/java/com/legend/compiler/BareNames.java:68 (TreeSet)	Latent: if two forms ever claim one FQN, ownerOf's static-init IllegalStateException names whichever duplicate this set yields first (no duplicate today). ImplementationTable.build also lists missing FQNs into dangling() in this order, and only tests read that list. Set.of order changes on every JVM start.
core/src/main/java/com/legend/platform/CoreFn.java:322	Set.of (2 elements)	CoreFn.OWNS[AS_OF_JOIN] (returned by ownedFqns())	ESCAPES	message	core/src/main/java/com/legend/platform/CoreFn.java:221 (ownerOf loop; duplicate throw at :223-224); core/src/main/java/com/legend/platform/ImplementationTable.java:123 (forms loop -> dangling list, read only in tests); core/src/main/java/com/legend/probe/Shadow.java:80 (lookup-only FORM_AT); core/src/main/java/com/legend/compiler/BareNames.java:68 (TreeSet)	Latent: if two forms ever claim one FQN, ownerOf's static-init IllegalStateException names whichever duplicate this set yields first (no duplicate today). ImplementationTable.build also lists missing FQNs into dangling() in this order, and only tests read that list. Set.of order changes on every JVM start.
core/src/main/java/com/legend/platform/CoreFn.java:325	Set.of (1 element)	CoreFn.OWNS[CAST] (returned by ownedFqns())	ITERATED-SAFE		core/src/main/java/com/legend/platform/CoreFn.java:221 (ownerOf loop; duplicate throw at :223-224); core/src/main/java/com/legend/platform/ImplementationTable.java:123 (forms loop -> dangling list, read only in tests); core/src/main/java/com/legend/probe/Shadow.java:80 (lookup-only FORM_AT); core/src/main/java/com/legend/compiler/BareNames.java:68 (TreeSet)	One-element Set.of, so there is only one iteration order; the other readers use lookups or sort through a TreeSet.
core/src/main/java/com/legend/platform/CoreFn.java:327	Set.of (1 element)	CoreFn.OWNS[TYPE_AS_DECLARED] (returned by ownedFqns())	ITERATED-SAFE		core/src/main/java/com/legend/platform/CoreFn.java:221 (ownerOf loop; duplicate throw at :223-224); core/src/main/java/com/legend/platform/ImplementationTable.java:123 (forms loop -> dangling list, read only in tests); core/src/main/java/com/legend/probe/Shadow.java:80 (lookup-only FORM_AT); core/src/main/java/com/legend/compiler/BareNames.java:68 (TreeSet)	One-element Set.of, so there is only one iteration order; the other readers use lookups or sort through a TreeSet.
core/src/main/java/com/legend/platform/CoreFn.java:329	Set.of (1 element)	CoreFn.OWNS[CAST_AS_DECLARED] (returned by ownedFqns())	ITERATED-SAFE		core/src/main/java/com/legend/platform/CoreFn.java:221 (ownerOf loop; duplicate throw at :223-224); core/src/main/java/com/legend/platform/ImplementationTable.java:123 (forms loop -> dangling list, read only in tests); core/src/main/java/com/legend/probe/Shadow.java:80 (lookup-only FORM_AT); core/src/main/java/com/legend/compiler/BareNames.java:68 (TreeSet)	One-element Set.of, so there is only one iteration order; the other readers use lookups or sort through a TreeSet.
core/src/main/java/com/legend/platform/CoreFn.java:331	Set.of (1 element)	CoreFn.OWNS[TO] (returned by ownedFqns())	ITERATED-SAFE		core/src/main/java/com/legend/platform/CoreFn.java:221 (ownerOf loop; duplicate throw at :223-224); core/src/main/java/com/legend/platform/ImplementationTable.java:123 (forms loop -> dangling list, read only in tests); core/src/main/java/com/legend/probe/Shadow.java:80 (lookup-only FORM_AT); core/src/main/java/com/legend/compiler/BareNames.java:68 (TreeSet)	One-element Set.of, so there is only one iteration order; the other readers use lookups or sort through a TreeSet.
core/src/main/java/com/legend/platform/CoreFn.java:333	Set.of (1 element)	CoreFn.OWNS[TO_MANY] (returned by ownedFqns())	ITERATED-SAFE		core/src/main/java/com/legend/platform/CoreFn.java:221 (ownerOf loop; duplicate throw at :223-224); core/src/main/java/com/legend/platform/ImplementationTable.java:123 (forms loop -> dangling list, read only in tests); core/src/main/java/com/legend/probe/Shadow.java:80 (lookup-only FORM_AT); core/src/main/java/com/legend/compiler/BareNames.java:68 (TreeSet)	One-element Set.of, so there is only one iteration order; the other readers use lookups or sort through a TreeSet.
core/src/main/java/com/legend/platform/CoreFn.java:335	Set.of (1 element)	CoreFn.OWNS[MATCH] (returned by ownedFqns())	ITERATED-SAFE		core/src/main/java/com/legend/platform/CoreFn.java:221 (ownerOf loop; duplicate throw at :223-224); core/src/main/java/com/legend/platform/ImplementationTable.java:123 (forms loop -> dangling list, read only in tests); core/src/main/java/com/legend/probe/Shadow.java:80 (lookup-only FORM_AT); core/src/main/java/com/legend/compiler/BareNames.java:68 (TreeSet)	One-element Set.of, so there is only one iteration order; the other readers use lookups or sort through a TreeSet.
core/src/main/java/com/legend/platform/CoreFn.java:337	Set.of (2 elements)	CoreFn.OWNS[EVAL] (returned by ownedFqns())	ESCAPES	message	core/src/main/java/com/legend/platform/CoreFn.java:221 (ownerOf loop; duplicate throw at :223-224); core/src/main/java/com/legend/platform/ImplementationTable.java:123 (forms loop -> dangling list, read only in tests); core/src/main/java/com/legend/probe/Shadow.java:80 (lookup-only FORM_AT); core/src/main/java/com/legend/compiler/BareNames.java:68 (TreeSet)	Latent: if two forms ever claim one FQN, ownerOf's static-init IllegalStateException names whichever duplicate this set yields first (no duplicate today). ImplementationTable.build also lists missing FQNs into dangling() in this order, and only tests read that list. Set.of order changes on every JVM start.
core/src/main/java/com/legend/platform/CoreFn.java:340	Set.of (1 element)	CoreFn.OWNS[TDS] (returned by ownedFqns())	ITERATED-SAFE		core/src/main/java/com/legend/platform/CoreFn.java:221 (ownerOf loop; duplicate throw at :223-224); core/src/main/java/com/legend/platform/ImplementationTable.java:123 (forms loop -> dangling list, read only in tests); core/src/main/java/com/legend/probe/Shadow.java:80 (lookup-only FORM_AT); core/src/main/java/com/legend/compiler/BareNames.java:68 (TreeSet)	One-element Set.of, so there is only one iteration order; the other readers use lookups or sort through a TreeSet.
core/src/main/java/com/legend/platform/CoreFn.java:342	Set.of (1 element)	CoreFn.OWNS[SOURCE_URL] (returned by ownedFqns())	ITERATED-SAFE		core/src/main/java/com/legend/platform/CoreFn.java:221 (ownerOf loop; duplicate throw at :223-224); core/src/main/java/com/legend/platform/ImplementationTable.java:123 (forms loop -> dangling list, read only in tests); core/src/main/java/com/legend/probe/Shadow.java:80 (lookup-only FORM_AT); core/src/main/java/com/legend/compiler/BareNames.java:68 (TreeSet)	One-element Set.of, so there is only one iteration order; the other readers use lookups or sort through a TreeSet.
core/src/main/java/com/legend/platform/CoreFn.java:344	Set.of (1 element)	CoreFn.OWNS[FLATTEN] (returned by ownedFqns())	ITERATED-SAFE		core/src/main/java/com/legend/platform/CoreFn.java:221 (ownerOf loop; duplicate throw at :223-224); core/src/main/java/com/legend/platform/ImplementationTable.java:123 (forms loop -> dangling list, read only in tests); core/src/main/java/com/legend/probe/Shadow.java:80 (lookup-only FORM_AT); core/src/main/java/com/legend/compiler/BareNames.java:68 (TreeSet)	One-element Set.of, so there is only one iteration order; the other readers use lookups or sort through a TreeSet.
core/src/main/java/com/legend/platform/CoreFn.java:346	Set.of (1 element)	CoreFn.OWNS[PIVOT] (returned by ownedFqns())	ITERATED-SAFE		core/src/main/java/com/legend/platform/CoreFn.java:221 (ownerOf loop; duplicate throw at :223-224); core/src/main/java/com/legend/platform/ImplementationTable.java:123 (forms loop -> dangling list, read only in tests); core/src/main/java/com/legend/probe/Shadow.java:80 (lookup-only FORM_AT); core/src/main/java/com/legend/compiler/BareNames.java:68 (TreeSet)	One-element Set.of, so there is only one iteration order; the other readers use lookups or sort through a TreeSet.
core/src/main/java/com/legend/platform/CoreFn.java:348	Set.of (1 element)	CoreFn.OWNS[COLUMNS] (returned by ownedFqns())	ITERATED-SAFE		core/src/main/java/com/legend/platform/CoreFn.java:221 (ownerOf loop; duplicate throw at :223-224); core/src/main/java/com/legend/platform/ImplementationTable.java:123 (forms loop -> dangling list, read only in tests); core/src/main/java/com/legend/probe/Shadow.java:80 (lookup-only FORM_AT); core/src/main/java/com/legend/compiler/BareNames.java:68 (TreeSet)	One-element Set.of, so there is only one iteration order; the other readers use lookups or sort through a TreeSet.
core/src/main/java/com/legend/platform/CoreFn.java:350	Set.of (1 element)	CoreFn.OWNS[TO_JSON] (returned by ownedFqns())	ITERATED-SAFE		core/src/main/java/com/legend/platform/CoreFn.java:221 (ownerOf loop; duplicate throw at :223-224); core/src/main/java/com/legend/platform/ImplementationTable.java:123 (forms loop -> dangling list, read only in tests); core/src/main/java/com/legend/probe/Shadow.java:80 (lookup-only FORM_AT); core/src/main/java/com/legend/compiler/BareNames.java:68 (TreeSet)	One-element Set.of, so there is only one iteration order; the other readers use lookups or sort through a TreeSet.
core/src/main/java/com/legend/platform/CoreFn.java:352	Set.of (1 element)	CoreFn.OWNS[TDS_TO_JSON_KV] (returned by ownedFqns())	ITERATED-SAFE		core/src/main/java/com/legend/platform/CoreFn.java:221 (ownerOf loop; duplicate throw at :223-224); core/src/main/java/com/legend/platform/ImplementationTable.java:123 (forms loop -> dangling list, read only in tests); core/src/main/java/com/legend/probe/Shadow.java:80 (lookup-only FORM_AT); core/src/main/java/com/legend/compiler/BareNames.java:68 (TreeSet)	One-element Set.of, so there is only one iteration order; the other readers use lookups or sort through a TreeSet.
core/src/main/java/com/legend/platform/CoreFn.java:354	Set.of (1 element)	CoreFn.OWNS[SORT_BY] (returned by ownedFqns())	ITERATED-SAFE		core/src/main/java/com/legend/platform/CoreFn.java:221 (ownerOf loop; duplicate throw at :223-224); core/src/main/java/com/legend/platform/ImplementationTable.java:123 (forms loop -> dangling list, read only in tests); core/src/main/java/com/legend/probe/Shadow.java:80 (lookup-only FORM_AT); core/src/main/java/com/legend/compiler/BareNames.java:68 (TreeSet)	One-element Set.of, so there is only one iteration order; the other readers use lookups or sort through a TreeSet.
core/src/main/java/com/legend/platform/CoreFn.java:356	Set.of (1 element)	CoreFn.OWNS[SORT_BY_REVERSED] (returned by ownedFqns())	ITERATED-SAFE		core/src/main/java/com/legend/platform/CoreFn.java:221 (ownerOf loop; duplicate throw at :223-224); core/src/main/java/com/legend/platform/ImplementationTable.java:123 (forms loop -> dangling list, read only in tests); core/src/main/java/com/legend/probe/Shadow.java:80 (lookup-only FORM_AT); core/src/main/java/com/legend/compiler/BareNames.java:68 (TreeSet)	One-element Set.of, so there is only one iteration order; the other readers use lookups or sort through a TreeSet.
core/src/main/java/com/legend/platform/CoreFn.java:358	Set.of (1 element)	CoreFn.OWNS[GET_ALL] (returned by ownedFqns())	ITERATED-SAFE		core/src/main/java/com/legend/platform/CoreFn.java:221 (ownerOf loop; duplicate throw at :223-224); core/src/main/java/com/legend/platform/ImplementationTable.java:123 (forms loop -> dangling list, read only in tests); core/src/main/java/com/legend/probe/Shadow.java:80 (lookup-only FORM_AT); core/src/main/java/com/legend/compiler/BareNames.java:68 (TreeSet)	One-element Set.of, so there is only one iteration order; the other readers use lookups or sort through a TreeSet.
core/src/main/java/com/legend/platform/CoreFn.java:360	Set.of (1 element)	CoreFn.OWNS[GET_ALL_FOR_EACH_DATE] (returned by ownedFqns())	ITERATED-SAFE		core/src/main/java/com/legend/platform/CoreFn.java:221 (ownerOf loop; duplicate throw at :223-224); core/src/main/java/com/legend/platform/ImplementationTable.java:123 (forms loop -> dangling list, read only in tests); core/src/main/java/com/legend/probe/Shadow.java:80 (lookup-only FORM_AT); core/src/main/java/com/legend/compiler/BareNames.java:68 (TreeSet)	One-element Set.of, so there is only one iteration order; the other readers use lookups or sort through a TreeSet.
core/src/main/java/com/legend/platform/CoreFn.java:362	Set.of (1 element)	CoreFn.OWNS[GET_ALL_VERSIONS] (returned by ownedFqns())	ITERATED-SAFE		core/src/main/java/com/legend/platform/CoreFn.java:221 (ownerOf loop; duplicate throw at :223-224); core/src/main/java/com/legend/platform/ImplementationTable.java:123 (forms loop -> dangling list, read only in tests); core/src/main/java/com/legend/probe/Shadow.java:80 (lookup-only FORM_AT); core/src/main/java/com/legend/compiler/BareNames.java:68 (TreeSet)	One-element Set.of, so there is only one iteration order; the other readers use lookups or sort through a TreeSet.
core/src/main/java/com/legend/platform/CoreFn.java:364	Set.of (1 element)	CoreFn.OWNS[GET_ALL_VERSIONS_IN_RANGE] (returned by ownedFqns())	ITERATED-SAFE		core/src/main/java/com/legend/platform/CoreFn.java:221 (ownerOf loop; duplicate throw at :223-224); core/src/main/java/com/legend/platform/ImplementationTable.java:123 (forms loop -> dangling list, read only in tests); core/src/main/java/com/legend/probe/Shadow.java:80 (lookup-only FORM_AT); core/src/main/java/com/legend/compiler/BareNames.java:68 (TreeSet)	One-element Set.of, so there is only one iteration order; the other readers use lookups or sort through a TreeSet.
core/src/main/java/com/legend/platform/CoreFn.java:366	Set.of (1 element)	CoreFn.OWNS[FROM] (returned by ownedFqns())	ITERATED-SAFE		core/src/main/java/com/legend/platform/CoreFn.java:221 (ownerOf loop; duplicate throw at :223-224); core/src/main/java/com/legend/platform/ImplementationTable.java:123 (forms loop -> dangling list, read only in tests); core/src/main/java/com/legend/probe/Shadow.java:80 (lookup-only FORM_AT); core/src/main/java/com/legend/compiler/BareNames.java:68 (TreeSet)	One-element Set.of, so there is only one iteration order; the other readers use lookups or sort through a TreeSet.
core/src/main/java/com/legend/platform/CoreFn.java:368	Set.of (1 element)	CoreFn.OWNS[WRITE] (returned by ownedFqns())	ITERATED-SAFE		core/src/main/java/com/legend/platform/CoreFn.java:221 (ownerOf loop; duplicate throw at :223-224); core/src/main/java/com/legend/platform/ImplementationTable.java:123 (forms loop -> dangling list, read only in tests); core/src/main/java/com/legend/probe/Shadow.java:80 (lookup-only FORM_AT); core/src/main/java/com/legend/compiler/BareNames.java:68 (TreeSet)	One-element Set.of, so there is only one iteration order; the other readers use lookups or sort through a TreeSet.
core/src/main/java/com/legend/platform/CoreFn.java:370	Set.of (1 element)	CoreFn.OWNS[FOLD] (returned by ownedFqns())	ITERATED-SAFE		core/src/main/java/com/legend/platform/CoreFn.java:221 (ownerOf loop; duplicate throw at :223-224); core/src/main/java/com/legend/platform/ImplementationTable.java:123 (forms loop -> dangling list, read only in tests); core/src/main/java/com/legend/probe/Shadow.java:80 (lookup-only FORM_AT); core/src/main/java/com/legend/compiler/BareNames.java:68 (TreeSet)	One-element Set.of, so there is only one iteration order; the other readers use lookups or sort through a TreeSet.
core/src/main/java/com/legend/platform/CoreFn.java:372	Set.of (1 element)	CoreFn.OWNS[NAVIGATE] (returned by ownedFqns())	ITERATED-SAFE		core/src/main/java/com/legend/platform/CoreFn.java:221 (ownerOf loop; duplicate throw at :223-224); core/src/main/java/com/legend/platform/ImplementationTable.java:123 (forms loop -> dangling list, read only in tests); core/src/main/java/com/legend/probe/Shadow.java:80 (lookup-only FORM_AT); core/src/main/java/com/legend/compiler/BareNames.java:68 (TreeSet)	One-element Set.of, so there is only one iteration order; the other readers use lookups or sort through a TreeSet.
core/src/main/java/com/legend/platform/CoreFn.java:374	Set.of (1 element)	CoreFn.OWNS[LEGACY_NAVIGATE] (returned by ownedFqns())	ITERATED-SAFE		core/src/main/java/com/legend/platform/CoreFn.java:221 (ownerOf loop; duplicate throw at :223-224); core/src/main/java/com/legend/platform/ImplementationTable.java:123 (forms loop -> dangling list, read only in tests); core/src/main/java/com/legend/probe/Shadow.java:80 (lookup-only FORM_AT); core/src/main/java/com/legend/compiler/BareNames.java:68 (TreeSet)	One-element Set.of, so there is only one iteration order; the other readers use lookups or sort through a TreeSet.
core/src/main/java/com/legend/platform/CoreFn.java:376	Set.of (1 element)	CoreFn.OWNS[ROUTE] (returned by ownedFqns())	ITERATED-SAFE		core/src/main/java/com/legend/platform/CoreFn.java:221 (ownerOf loop; duplicate throw at :223-224); core/src/main/java/com/legend/platform/ImplementationTable.java:123 (forms loop -> dangling list, read only in tests); core/src/main/java/com/legend/probe/Shadow.java:80 (lookup-only FORM_AT); core/src/main/java/com/legend/compiler/BareNames.java:68 (TreeSet)	One-element Set.of, so there is only one iteration order; the other readers use lookups or sort through a TreeSet.
core/src/main/java/com/legend/platform/CoreFn.java:378	Set.of (1 element)	CoreFn.OWNS[IS_DISTINCT] (returned by ownedFqns())	ITERATED-SAFE		core/src/main/java/com/legend/platform/CoreFn.java:221 (ownerOf loop; duplicate throw at :223-224); core/src/main/java/com/legend/platform/ImplementationTable.java:123 (forms loop -> dangling list, read only in tests); core/src/main/java/com/legend/probe/Shadow.java:80 (lookup-only FORM_AT); core/src/main/java/com/legend/compiler/BareNames.java:68 (TreeSet)	One-element Set.of, so there is only one iteration order; the other readers use lookups or sort through a TreeSet.
core/src/main/java/com/legend/platform/CoreFn.java:380	Set.of (1 element)	CoreFn.OWNS[GRAPH_FETCH] (returned by ownedFqns())	ITERATED-SAFE		core/src/main/java/com/legend/platform/CoreFn.java:221 (ownerOf loop; duplicate throw at :223-224); core/src/main/java/com/legend/platform/ImplementationTable.java:123 (forms loop -> dangling list, read only in tests); core/src/main/java/com/legend/probe/Shadow.java:80 (lookup-only FORM_AT); core/src/main/java/com/legend/compiler/BareNames.java:68 (TreeSet)	One-element Set.of, so there is only one iteration order; the other readers use lookups or sort through a TreeSet.
core/src/main/java/com/legend/platform/CoreFn.java:382	Set.of (1 element)	CoreFn.OWNS[GRAPH_FETCH_CHECKED] (returned by ownedFqns())	ITERATED-SAFE		core/src/main/java/com/legend/platform/CoreFn.java:221 (ownerOf loop; duplicate throw at :223-224); core/src/main/java/com/legend/platform/ImplementationTable.java:123 (forms loop -> dangling list, read only in tests); core/src/main/java/com/legend/probe/Shadow.java:80 (lookup-only FORM_AT); core/src/main/java/com/legend/compiler/BareNames.java:68 (TreeSet)	One-element Set.of, so there is only one iteration order; the other readers use lookups or sort through a TreeSet.
core/src/main/java/com/legend/platform/CoreFn.java:384	Set.of (1 element)	CoreFn.OWNS[SERIALIZE] (returned by ownedFqns())	ITERATED-SAFE		core/src/main/java/com/legend/platform/CoreFn.java:221 (ownerOf loop; duplicate throw at :223-224); core/src/main/java/com/legend/platform/ImplementationTable.java:123 (forms loop -> dangling list, read only in tests); core/src/main/java/com/legend/probe/Shadow.java:80 (lookup-only FORM_AT); core/src/main/java/com/legend/compiler/BareNames.java:68 (TreeSet)	One-element Set.of, so there is only one iteration order; the other readers use lookups or sort through a TreeSet.
core/src/main/java/com/legend/platform/CoreFn.java:386	Set.of (1 element)	CoreFn.OWNS[OVER] (returned by ownedFqns())	ITERATED-SAFE		core/src/main/java/com/legend/platform/CoreFn.java:221 (ownerOf loop; duplicate throw at :223-224); core/src/main/java/com/legend/platform/ImplementationTable.java:123 (forms loop -> dangling list, read only in tests); core/src/main/java/com/legend/probe/Shadow.java:80 (lookup-only FORM_AT); core/src/main/java/com/legend/compiler/BareNames.java:68 (TreeSet)	One-element Set.of, so there is only one iteration order; the other readers use lookups or sort through a TreeSet.
core/src/main/java/com/legend/platform/CoreFn.java:393	Set.of() (empty)	ownedFqns() default (form with no OWNS row: NEW)	ITERATED-SAFE		core/src/main/java/com/legend/compiler/BareNames.java:68 (new TreeSet); core/src/main/java/com/legend/lowering/PlatformRegistrations.java:71 (isEmpty skip)	The empty default has no elements to order; BareNames sorts ownedFqns() through a TreeSet and PlatformRegistrations skips empty ones.
core/src/main/java/com/legend/platform/ImplementationTable.java:204	Set.of() (empty)	ps (positions default)	ITERATED-SAFE		core/src/main/java/com/legend/platform/ImplementationTable.java:209 (isEmpty), :223/:232/:238 (ps in conflict text)	Empty default has no elements, so printing or iterating it has no order; non-default values are EnumSets.
core/src/main/java/com/legend/platform/ImplementationTable.java:205	Set.of() (empty)	fo (feature overrides default)	ITERATED-SAFE		core/src/main/java/com/legend/platform/ImplementationTable.java:240 (Implementation.Intrinsic(ps, fo, fs))	Empty default has no elements; non-default values are EnumSet<Feature>.
core/src/main/java/com/legend/platform/ImplementationTable.java:206	Set.of() (empty)	fs (families default)	ITERATED-SAFE		core/src/main/java/com/legend/platform/ImplementationTable.java:209 (isEmpty), :223/:232/:238 (fs in conflict text)	Empty default has no elements; non-default values are LinkedHashSets built in registration order.
core/src/main/java/com/legend/normalizer/Pipeline.java:20	HashSet	Pipeline.classSlots	LOOKUP		core/src/main/java/com/legend/normalizer/JoinChainEmission.java:435 (add); core/src/main/java/com/legend/normalizer/MappingNormalizer.java:2482,2486 (contains)	Package-private field; every use in the package is add or contains.
core/src/main/java/com/legend/normalizer/Pipeline.java:51	HashSet	Pipeline.ambiguousTables	LOOKUP		core/src/main/java/com/legend/normalizer/MappingNormalizer.java:2494 (add); core/src/main/java/com/legend/normalizer/RelOpTranslator.java:104,227 (contains via PipelineView.ambiguousTables())	Only added to and asked contains, directly or through the PipelineView accessor.
core/src/main/java/com/legend/normalizer/Pipeline.java:62	HashSet	Pipeline.droppedRoutedProps	LOOKUP		core/src/main/java/com/legend/normalizer/UnionSynthesis.java:394 (add); core/src/main/java/com/legend/normalizer/JoinChainEmission.java:49, core/src/main/java/com/legend/normalizer/MappingNormalizer.java:1831 (contains)	Only added to and asked contains.
core/src/main/java/com/legend/normalizer/Pipeline.java:115	Set.of() (empty)	aliasToTargetColumns default	ITERATED-SAFE		core/src/main/java/com/legend/normalizer/Pipeline.java:115-119 (any-match loop)	Empty default iterated in a loop that returns true on the first equalsIgnoreCase match, an anyMatch whose result does not depend on order.
core/src/main/java/com/legend/normalizer/XStorePureEnds.java:67	Map.of() (empty)	XEnd.localTypes (short constructor)	LOOKUP		none: XEnd.localTypes() is never called in lite	Empty map stored in a record component that no code reads.
core/src/main/java/com/legend/normalizer/XStorePureEnds.java:211	Map.of	rowByVar {this, that}	LOOKUP		core/src/main/java/com/legend/normalizer/XStorePureEnds.java:271,272,286,287 (containsKey/get)	renameReads only calls containsKey/get on it and passes it down the recursion.
core/src/main/java/com/legend/normalizer/XStorePureEnds.java:212	Map.of	endByVar {this, that}	LOOKUP		core/src/main/java/com/legend/normalizer/XStorePureEnds.java:273 (get)	renameReads only calls get on it and passes it down the recursion.
core/src/main/java/com/legend/normalizer/RelationReads.java:40	Map.of	rowByVar {this, that}	LOOKUP		core/src/main/java/com/legend/normalizer/RelationReads.java:98,103,108,131 (get/containsKey)	rewrite only calls containsKey/get and passes the map unchanged through its recursion.
core/src/main/java/com/legend/normalizer/RelationReads.java:41	Map.of	rfByVar {this, that}	LOOKUP		core/src/main/java/com/legend/normalizer/RelationReads.java:104 (get)	rewrite only calls get and passes the map unchanged through its recursion.
core/src/main/java/com/legend/normalizer/RelationReads.java:42	Map.of() (empty)	nestedCols	LOOKUP		core/src/main/java/com/legend/normalizer/RelationReads.java:82,85 (getOrDefault/get)	Only getOrDefault/get on nestedCols inside rewrite.
core/src/main/java/com/legend/normalizer/RelationReads.java:82	Map.of() (empty)	nestedCols getOrDefault default	LOOKUP		core/src/main/java/com/legend/normalizer/RelationReads.java:83 (containsKey)	Empty default asked only containsKey.
core/src/main/java/com/legend/normalizer/RelationReads.java:149	Map.of	binds {this}	LOOKUP		core/src/main/java/com/legend/normalizer/RelationReads.java:186 (get)	substVars only calls binds.get.
core/src/main/java/com/legend/normalizer/MappingPrePass.java:90	HashMap	declaredKeys	LOOKUP		core/src/main/java/com/legend/normalizer/MappingNormalizer.java:326,391 (getOrDefault); core/src/main/java/com/legend/normalizer/AggregateViewLift.java:44 (getOrDefault)	Stored on ResolvedMapping and read back through declaredKeys() only with getOrDefault.
core/src/main/java/com/legend/normalizer/MappingPrePass.java:102	Map.of() (empty)	ResolvedMapping.invalid	LOOKUP		core/src/main/java/com/legend/normalizer/ResolvedMapping.java:92 (get)	Private field read only by invalidReason's get; withInvalid replaces it.
core/src/main/java/com/legend/normalizer/MappingPrePass.java:134	HashMap	bySetId (resolveExtends)	LOOKUP		core/src/main/java/com/legend/normalizer/MappingPrePass.java:170 (get)	flattenExtends only calls bySetId.get(parentSetId).
core/src/main/java/com/legend/normalizer/MappingPrePass.java:231	HashMap	pureByTarget	ESCAPES	message	core/src/main/java/com/legend/normalizer/MappingPrePass.java:237 (values() loop) -> :246-250 (throw text)	Roots are walked in hash order; when a ~src cycle exists, the thrown ModelException's chain text depends on which root comes first. Every order still throws.
core/src/main/java/com/legend/normalizer/UnionSynthesis.java:488	HashSet	seenSets	LOOKUP		core/src/main/java/com/legend/normalizer/UnionSynthesis.java:489 (add)	Only add() as a loop guard.
core/src/main/java/com/legend/normalizer/UnionSynthesis.java:660	HashSet	seen	LOOKUP		core/src/main/java/com/legend/normalizer/UnionSynthesis.java:667 (add)	Only add() as a BFS visited guard.
core/src/main/java/com/legend/normalizer/LiftedViews.java:50	IdentityHashMap	LiftedViews.owners	LOOKUP		core/src/main/java/com/legend/normalizer/LiftedViews.java:67-113 (get/put/add/remove); iteration uses the order list (:146, :163)	Private field used only by get/put (or add/remove for expanding); liftAll and functions() iterate the separate ordered list 'order'.
core/src/main/java/com/legend/normalizer/LiftedViews.java:53	IdentityHashMap	LiftedViews.functions	LOOKUP		core/src/main/java/com/legend/normalizer/LiftedViews.java:67-113 (get/put/add/remove); iteration uses the order list (:146, :163)	Private field used only by get/put (or add/remove for expanding); liftAll and functions() iterate the separate ordered list 'order'.
core/src/main/java/com/legend/normalizer/LiftedViews.java:55	IdentityHashMap	LiftedViews.walls	LOOKUP		core/src/main/java/com/legend/normalizer/LiftedViews.java:67-113 (get/put/add/remove); iteration uses the order list (:146, :163)	Private field used only by get/put (or add/remove for expanding); liftAll and functions() iterate the separate ordered list 'order'.
core/src/main/java/com/legend/normalizer/LiftedViews.java:57	Collections.newSetFromMap(IdentityHashMap)	LiftedViews.expanding	LOOKUP		core/src/main/java/com/legend/normalizer/LiftedViews.java:67-113 (get/put/add/remove); iteration uses the order list (:146, :163)	Private field used only by get/put (or add/remove for expanding); liftAll and functions() iterate the separate ordered list 'order'.
core/src/main/java/com/legend/normalizer/DeclaredCoercions.java:55	Set.of	inline numeric-kind set	LOOKUP		core/src/main/java/com/legend/normalizer/DeclaredCoercions.java:57 (contains)	Created and immediately asked contains(simple).
core/src/main/java/com/legend/normalizer/DeclaredCoercions.java:176	Set.of	numeric	LOOKUP		core/src/main/java/com/legend/normalizer/DeclaredCoercions.java:177,211 (contains)	Only contains().
core/src/main/java/com/legend/normalizer/RelOpTranslator.java:47	Map.of	DYNA_HASH_TYPES	LOOKUP		core/src/main/java/com/legend/normalizer/RelOpTranslator.java:247 (containsKey), :255 (get)	Private constant read only by containsKey/get.
core/src/main/java/com/legend/normalizer/RelOpTranslator.java:77	Set.of() (empty)	PipelineView.NONE.ambiguousTables()	LOOKUP		core/src/main/java/com/legend/normalizer/RelOpTranslator.java:104,227 (contains)	Every ambiguousTables() caller only asks contains.
core/src/main/java/com/legend/normalizer/AssociationSynthesis.java:90	HashSet	routedUnionGroups	LOOKUP		core/src/main/java/com/legend/normalizer/AssociationSynthesis.java:145 (add), :151 (contains)	Only add/contains.
core/src/main/java/com/legend/normalizer/AssociationSynthesis.java:181	HashSet	ownClasses	LOOKUP		core/src/main/java/com/legend/normalizer/AssociationSynthesis.java:186 (add), :203 (contains)	Only add/contains (add's boolean result used as a guard); never iterated.
core/src/main/java/com/legend/normalizer/AssociationSynthesis.java:182	HashSet	ownMapped	LOOKUP		core/src/main/java/com/legend/normalizer/AssociationSynthesis.java:188 (add), :213 (contains)	Only add/contains (add's boolean result used as a guard); never iterated.
core/src/main/java/com/legend/normalizer/AssociationSynthesis.java:183	HashSet	ownSetIds	LOOKUP		core/src/main/java/com/legend/normalizer/AssociationSynthesis.java:189 (add), :204 (contains)	Only add/contains (add's boolean result used as a guard); never iterated.
core/src/main/java/com/legend/normalizer/AssociationSynthesis.java:199	HashSet	hoisted	LOOKUP		core/src/main/java/com/legend/normalizer/AssociationSynthesis.java:205 (add)	Only add/contains (add's boolean result used as a guard); never iterated.
core/src/main/java/com/legend/normalizer/AssociationSynthesis.java:226	HashSet	seen (lineageOf)	LOOKUP		core/src/main/java/com/legend/normalizer/AssociationSynthesis.java:228 (add)	Only add/contains (add's boolean result used as a guard); never iterated.
core/src/main/java/com/legend/normalizer/AssociationSynthesis.java:261	HashSet	have	LOOKUP		core/src/main/java/com/legend/normalizer/AssociationSynthesis.java:263,:271,:278 (add)	Only add/contains (add's boolean result used as a guard); never iterated.
core/src/main/java/com/legend/normalizer/StoreSubstitutionRewrite.java:40	Collectors.toMap (HashMap)	substitution map m	LOOKUP		core/src/main/java/com/legend/normalizer/StoreSubstitutionRewrite.java:82 (getOrDefault in db())	applyWith threads m through the rewrite helpers, whose only map access is db()'s getOrDefault; the merge (a,b)->b runs over a sequential List stream.
core/src/main/java/com/legend/normalizer/StoreSubstitutionRewrite.java:214	Set.of() (empty)	recorder.entrySet()	LOOKUP		core/src/main/java/com/legend/normalizer/StoreSubstitutionRewrite.java:82 (getOrDefault, overridden)	The recording map is only reached through db()'s getOrDefault, which the anonymous class overrides; entrySet() is never called.
core/src/main/java/com/legend/normalizer/StoreSubstitutionRewrite.java:286	Map.of() (empty)	deep (incFqn == null)	ITERATED-SAFE		core/src/main/java/com/legend/normalizer/StoreSubstitutionRewrite.java:294 (entrySet loop)	Empty map: the loop runs zero times.
core/src/main/java/com/legend/normalizer/StoreSubstitutionRewrite.java:287	Map.of() (empty)	deep (getOrDefault default)	ITERATED-SAFE		core/src/main/java/com/legend/normalizer/StoreSubstitutionRewrite.java:294 (entrySet loop)	Empty default: the loop runs zero times; real values come from the LinkedHashMap 'out'.
core/src/main/java/com/legend/normalizer/ModelJoinNesting.java:58	Set.of	endVars {aVar, bVar}	LOOKUP		core/src/main/java/com/legend/normalizer/ModelJoinNesting.java:178 (contains)	collectNestedHops only asks endVars.contains.
core/src/main/java/com/legend/normalizer/ModelJoinNesting.java:65	Map.of() (empty)	nestedCols default	LOOKUP		core/src/main/java/com/legend/normalizer/ModelJoinNesting.java:66 (containsKey)	Empty default asked only containsKey.
core/src/main/java/com/legend/normalizer/ModelJoinNesting.java:116	Map.of	rowByVar for nested cond	LOOKUP		core/src/main/java/com/legend/normalizer/RelationReads.java:98,103,108,131 (get/containsKey)	Passed to RelationReads.rewrite, which only calls containsKey/get.
core/src/main/java/com/legend/normalizer/ModelJoinNesting.java:117	Map.of	rfByVar for nested cond	LOOKUP		core/src/main/java/com/legend/normalizer/RelationReads.java:104 (get)	Passed to RelationReads.rewrite, which only calls get.
core/src/main/java/com/legend/normalizer/ModelJoinNesting.java:118	Map.of() (empty)	nestedCols	LOOKUP		core/src/main/java/com/legend/normalizer/RelationReads.java:82,85 (getOrDefault/get)	Passed to RelationReads.rewrite, which only calls getOrDefault/get.
core/src/main/java/com/legend/normalizer/DynaFnArms.java:35	Collections.unmodifiableSet(EnumSet.of) (ordered: ordinal)	DynaFnArms.ARMS	ITERATED-SAFE		spec/src/test/java/com/legend/generators/DynaFnRegistryTest.java:86 (per-element assert), :134 (TreeSet)	EnumSet iterates in ordinal order, so this is not an unordered construct; it is read only in a test (contains, a per-element assert, and a TreeSet comparison).
core/src/main/java/com/legend/normalizer/DynaFnArms.java:49	Map.of	DynaFnArms.LANDINGS	ITERATED-SAFE		spec/src/test/java/com/legend/generators/DynaFnRegistryTest.java:145 (values() -> TreeSet)	Its only reader adds values() into a TreeSet before comparing; no main-code use.
core/src/main/java/com/legend/normalizer/MappingNormalizer.java:188	Map.of() (empty)	resolvedStores default for normalizeMapping	ITERATED-SAFE		core/src/main/java/com/legend/model/MappingDefinition.java:117 (LinkedHashMap copy); core/src/main/java/com/legend/MetamodelSeeds.java:180 (TreeMap)	Empty default copied by MappingDefinition (zero elements); its one iterating reader sorts via TreeMap anyway.
core/src/main/java/com/legend/normalizer/MappingNormalizer.java:272	HashMap	mappingsPerClass	LOOKUP		core/src/main/java/com/legend/normalizer/MappingNormalizer.java:274 (merge), :293 (get)	Only merge/get.
core/src/main/java/com/legend/normalizer/MappingNormalizer.java:278	HashSet	unionRooted	LOOKUP		core/src/main/java/com/legend/normalizer/MappingNormalizer.java:282 (add), :294 (contains)	Only add/contains.
core/src/main/java/com/legend/normalizer/MappingNormalizer.java:279	HashSet	mixedUnionRooted	LOOKUP		core/src/main/java/com/legend/normalizer/MappingNormalizer.java:286 (add only)	Write-only: added to but never read.
core/src/main/java/com/legend/normalizer/MappingNormalizer.java:511	Map.of() (empty)	ClassBinding.Relational.propertyPins	ITERATED-SAFE		core/src/main/java/com/legend/model/MappingDefinition.java:287 (forEach copy)	Empty map: the constructor's forEach copy runs zero times.
core/src/main/java/com/legend/normalizer/MappingNormalizer.java:1088	Map.of	rowByVar {aVar, bVar}	LOOKUP		core/src/main/java/com/legend/normalizer/MappingNormalizer.java:1099 -> RelationReads.java:98,103,108,131 (get/containsKey)	Used only as RelationReads.rewrite's lookup map.
core/src/main/java/com/legend/normalizer/MappingNormalizer.java:1089	Map.of	rfByVar {aVar, bVar}	LOOKUP		core/src/main/java/com/legend/normalizer/ModelJoinNesting.java:62 (get); core/src/main/java/com/legend/normalizer/RelationReads.java:104 (get)	Passed to ModelJoinNesting.compose and RelationReads.rewrite, both of which only call get.
core/src/main/java/com/legend/normalizer/MappingNormalizer.java:2740	Set.of	PRIMITIVE_TYPE_NAMES	LOOKUP		core/src/main/java/com/legend/normalizer/MappingNormalizer.java:2767,2769 (contains)	Private constant read only by contains.
core/src/main/java/com/legend/normalizer/GroupBySynthesis.java:50	HashSet	claimed	LOOKUP		core/src/main/java/com/legend/normalizer/GroupBySynthesis.java:60 (contains), :61 (add)	Only contains/add; the loop order is the key list's.
core/src/main/java/com/legend/normalizer/GroupBySynthesis.java:147	HashSet	claimedKeys	LOOKUP		core/src/main/java/com/legend/normalizer/GroupBySynthesis.java:171 (contains), :185 (add)	Only contains/add.
core/src/main/java/com/legend/normalizer/MappingClosures.java:52	HashMap	MappingClosures.surfaces	LOOKUP		core/src/main/java/com/legend/normalizer/MappingClosures.java:79 (get), :82 (put)	Private memo map, get/put only.
core/src/main/java/com/legend/normalizer/MappingClosures.java:53	HashMap	MappingClosures.closures	LOOKUP		core/src/main/java/com/legend/normalizer/MappingClosures.java:66 (get), :69 (put)	Private memo map, get/put only.
core/src/main/java/com/legend/normalizer/MappingClosures.java:117	Map.of() (empty)	ClassMapping.Relational.propertyTargetSets (JSON identity set)	ITERATED-SAFE		core/src/main/java/com/legend/model/ClassMapping.java:263 (LinkedHashMap copy); core/src/main/java/com/legend/normalizer/MappingNormalizer.java:1932 (entrySet loop)	Empty map: the constructor copy and the later entrySet loop see zero elements.
core/src/main/java/com/legend/normalizer/MappingClosures.java:134	HashMap	Closure.pairEntries (memo by class)	LOOKUP		core/src/main/java/com/legend/normalizer/MappingClosures.java:387 (get), :397 (put)	Private memo map, get/put only; the cached values are LinkedHashMaps.
core/src/main/java/com/legend/normalizer/MappingClosures.java:150	HashSet	seen (mappings())	LOOKUP		core/src/main/java/com/legend/normalizer/MappingClosures.java:151, :163 (add)	Only add() as a visited guard; output order comes from the include List walk.
core/src/main/java/com/legend/normalizer/MappingClosures.java:177	HashMap	relationalSets (by class)	LOOKUP		core/src/main/java/com/legend/normalizer/MappingClosures.java:181 (computeIfAbsent), :187 (getOrDefault)	Only computeIfAbsent/getOrDefault; each value list is built in mappings() then declaration order.
core/src/main/java/com/legend/normalizer/MappingClosures.java:198	HashSet	seen (walkSets)	LOOKUP		core/src/main/java/com/legend/normalizer/MappingClosures.java:207 (add)	Only add() as a visited guard.
core/src/main/java/com/legend/normalizer/MappingClosures.java:273	HashSet	seen (duplicateIds -> walkIds)	LOOKUP		core/src/main/java/com/legend/normalizer/MappingClosures.java:280 (add)	Only add() as a visited guard; dups is a List filled in include order.
core/src/main/java/com/legend/normalizer/MappingClosures.java:287	HashSet	own (walkIds)	LOOKUP		core/src/main/java/com/legend/normalizer/MappingClosures.java:297 (add)	Only add() to detect an id declared twice.
core/src/main/java/com/legend/normalizer/MappingClosures.java:310	HashSet	seen (roots())	LOOKUP		core/src/main/java/com/legend/normalizer/MappingClosures.java:312, :325 (add)	Only add() as a visited guard.
core/src/main/java/com/legend/normalizer/MappingClosures.java:353	HashSet	seen (enumerationMappings())	LOOKUP		core/src/main/java/com/legend/normalizer/MappingClosures.java:354, :373 (add)	Only add() as a visited guard.
core/src/main/java/com/legend/normalizer/MappingClosures.java:390	HashSet	seen (pairEntries())	LOOKUP		core/src/main/java/com/legend/normalizer/MappingClosures.java:391, :404 (add)	Only add() as a visited guard.
core/src/main/java/com/legend/normalizer/ImplicitInheritance.java:40	HashMap (copy of visibleSets())	bySetId (apply)	ITERATED-SAFE		core/src/main/java/com/legend/normalizer/ImplicitInheritance.java:43 (values() loop) -> byClass lists -> :205-216 nearestMappedAncestor (size check at :213)	Hash order only sets the order inside each byClass list, and nearestMappedAncestor uses only the filtered count (1 -> that element, more -> null), never the order.
core/src/main/java/com/legend/normalizer/ImplicitInheritance.java:42	HashMap	byClass	LOOKUP		core/src/main/java/com/legend/normalizer/ImplicitInheritance.java:205-206 (getOrDefault)	Read only with getOrDefault (list order is covered under line 40).
core/src/main/java/com/legend/normalizer/ImplicitInheritance.java:70	HashSet	own	LOOKUP		core/src/main/java/com/legend/normalizer/ImplicitInheritance.java:72 (add), :78 (contains)	Only add/contains.
core/src/main/java/com/legend/normalizer/ImplicitInheritance.java:121	HashMap (copy of visibleSets())	bySetId (implicitOpsForRoutedTargets)	ITERATED-SAFE		core/src/main/java/com/legend/normalizer/ImplicitInheritance.java:123 (values() loop -> mappedClasses.add); :143, :175 (get)	Its iteration only fills the HashSet mappedClasses, which is used only for contains; the other uses are get.
core/src/main/java/com/legend/normalizer/ImplicitInheritance.java:122	HashSet	mappedClasses	LOOKUP		core/src/main/java/com/legend/normalizer/ImplicitInheritance.java:124 (add), :144, :171 (contains)	Only add/contains.
core/src/main/java/com/legend/normalizer/ImplicitInheritance.java:159	HashMap	ownerByProp	LOOKUP		core/src/main/java/com/legend/normalizer/UnionSynthesis.java:266-268 (get/put in recordOwner); core/src/main/java/com/legend/normalizer/ImplicitInheritance.java:165 (getOrDefault)	Filled by recordOwner (get/put) and read with getOrDefault.
core/src/main/java/com/legend/normalizer/ResolvedMapping.java:62	HashMap	byClass -> ResolvedMapping.ownByClass	LOOKUP		core/src/main/java/com/legend/normalizer/ResolvedMapping.java:145,172,182 (getOrDefault)	Private field read only with getOrDefault; each value list is in declaration order.
core/src/main/java/com/legend/normalizer/ResolvedMapping.java:63	HashMap	byId -> ResolvedMapping.ownById	LOOKUP		core/src/main/java/com/legend/normalizer/ResolvedMapping.java:121 (get)	Private field read only with get (putIfAbsent keeps the first in declaration order).
core/src/main/java/com/legend/normalizer/ResolvedMapping.java:129	HashSet	seen (closure())	LOOKUP		core/src/main/java/com/legend/normalizer/ResolvedMapping.java:130, :132 (add)	Only add() as a dedupe guard; output order is closure.mappings() List order.
core/src/main/java/com/legend/normalizer/ResolvedMapping.java:234	HashSet	seen (memberOrdinal)	LOOKUP		core/src/main/java/com/legend/normalizer/ResolvedMapping.java:236 (add)	Only add() as an extends-cycle guard.
core/src/main/java/com/legend/protocol/Wire.java:31	HashSet	taken	LOOKUP		Wire.java:71,89,97,271,273	Only add/size/contains; done() iterates obj.fields().keySet() (the JSON object), never taken.
core/src/main/java/com/legend/protocol/ProtocolUpgrade.java:171	Set.of	SPECIAL	LOOKUP		ProtocolUpgrade.java:132	Private; only SPECIAL.contains(type).
core/src/main/java/com/legend/protocol/ProtocolUpgrade.java:177	Set.of	OLDER_POINTERS	LOOKUP		ProtocolUpgrade.java:190	Private; only OLDER_POINTERS.contains(t).
core/src/main/java/com/legend/protocol/DatasourceReader.java:22	Map.ofEntries	SPECS	LOOKUP		DatasourceReader.java:56 -> Wire.java:343	Private; only Wire.rule(SPECS,...), which does table.get(type) and names only the missing type in its refusal.
core/src/main/java/com/legend/protocol/ElasticsearchComposer.java:26	Map.ofEntries	PROPERTY_TYPES	LOOKUP		ElasticsearchComposer.java:58	Private; only PROPERTY_TYPES.get(p.wireKey()).
core/src/main/java/com/legend/protocol/PersistenceOutputComposer.java:39	Map.of	SERVICE_OUTPUTS	LOOKUP		PersistenceComposer.java:49	Private; every use passes it to rule/optional/prefixed, which end in PersistenceComposer.rule: table.get(node.kind()) only.
core/src/main/java/com/legend/protocol/PersistenceOutputComposer.java:46	Map.of	DATASET_TYPES	LOOKUP		PersistenceComposer.java:49	Private; every use passes it to rule/optional/prefixed, which end in PersistenceComposer.rule: table.get(node.kind()) only.
core/src/main/java/com/legend/protocol/PersistenceOutputComposer.java:52	Map.of	PARTITIONINGS	LOOKUP		PersistenceComposer.java:49	Private; every use passes it to rule/optional/prefixed, which end in PersistenceComposer.rule: table.get(node.kind()) only.
core/src/main/java/com/legend/protocol/PersistenceOutputComposer.java:57	Map.of	EMPTY_DATASET_HANDLINGS	LOOKUP		PersistenceComposer.java:49	Private; every use passes it to rule/optional/prefixed, which end in PersistenceComposer.rule: table.get(node.kind()) only.
core/src/main/java/com/legend/protocol/PersistenceOutputComposer.java:61	Map.of	ACTION_INDICATORS	LOOKUP		PersistenceComposer.java:49	Private; every use passes it to rule/optional/prefixed, which end in PersistenceComposer.rule: table.get(node.kind()) only.
core/src/main/java/com/legend/protocol/PersistenceOutputComposer.java:65	Map.of	DEDUPLICATIONS	LOOKUP		PersistenceComposer.java:49	Private; every use passes it to rule/optional/prefixed, which end in PersistenceComposer.rule: table.get(node.kind()) only.
core/src/main/java/com/legend/protocol/PersistenceOutputComposer.java:123	Map.of	TEMPORALITIES	LOOKUP		PersistenceComposer.java:49	Private; every use passes it to rule/optional/prefixed, which end in PersistenceComposer.rule: table.get(node.kind()) only.
core/src/main/java/com/legend/protocol/PersistenceOutputComposer.java:134	Map.of	TEMPORAL_AUDITINGS	LOOKUP		PersistenceComposer.java:49	Private; every use passes it to rule/optional/prefixed, which end in PersistenceComposer.rule: table.get(node.kind()) only.
core/src/main/java/com/legend/protocol/PersistenceOutputComposer.java:138	Map.of	UPDATES_HANDLINGS	LOOKUP		PersistenceComposer.java:49	Private; every use passes it to rule/optional/prefixed, which end in PersistenceComposer.rule: table.get(node.kind()) only.
core/src/main/java/com/legend/protocol/PersistenceOutputComposer.java:143	Map.of	APPEND_STRATEGIES	LOOKUP		PersistenceComposer.java:49	Private; every use passes it to rule/optional/prefixed, which end in PersistenceComposer.rule: table.get(node.kind()) only.
core/src/main/java/com/legend/protocol/PersistenceOutputComposer.java:148	Map.of	PROCESSING_DIMENSIONS	LOOKUP		PersistenceComposer.java:49	Private; every use passes it to rule/optional/prefixed, which end in PersistenceComposer.rule: table.get(node.kind()) only.
core/src/main/java/com/legend/protocol/PersistenceOutputComposer.java:157	Map.of	SOURCE_DERIVED_DIMENSIONS	LOOKUP		PersistenceComposer.java:49	Private; every use passes it to rule/optional/prefixed, which end in PersistenceComposer.rule: table.get(node.kind()) only.
core/src/main/java/com/legend/protocol/PersistenceOutputComposer.java:162	Map.of	SOURCE_TIME_FIELDS	LOOKUP		PersistenceComposer.java:49	Private; every use passes it to rule/optional/prefixed, which end in PersistenceComposer.rule: table.get(node.kind()) only.
core/src/main/java/com/legend/protocol/MappingReader.java:56	Map.of	ASSOCIATIONS	LOOKUP		MappingReader.java:74 -> Wire.java:343	Private; only Wire.rule get.
core/src/main/java/com/legend/protocol/RelationalOperations.java:29	Map.of	INFIX	LOOKUP		RelationalOperations.java:88	Private; only INFIX.get(name).
core/src/main/java/com/legend/protocol/RelationalOperations.java:33	Map.of	POSTFIX	LOOKUP		RelationalOperations.java:83	Private; only POSTFIX.get(name).
core/src/main/java/com/legend/protocol/RelationalOperations.java:34	Set.of	BOOLEAN	LOOKUP		RelationalOperations.java:77	Private; only BOOLEAN.contains(name).
core/src/main/java/com/legend/protocol/ConnectionReader.java:84	Map.of	VALUES	LOOKUP		ConnectionReader.java:105 -> Wire.java:343	Private; only Wire.rule get.
core/src/main/java/com/legend/protocol/ConnectionReader.java:191	Map.ofEntries	STRATEGIES	LOOKUP		ConnectionReader.java:214 -> Wire.java:343	Private; only Wire.rule get.
core/src/main/java/com/legend/protocol/ConnectionReader.java:222	Map.of	AUTH_SPECS	LOOKUP		ConnectionReader.java:234 -> Wire.java:343	Private; only Wire.rule get.
core/src/main/java/com/legend/protocol/SpecIslandReader.java:51	Map.of	islands (argument building CLASS_INSTANCES)	ITERATED-SAFE		SpecIslandReader.java:70	Copied by new LinkedHashMap<>(islands) then putAll(OlderSpecReader.KINDS) (disjoint keys); the result CLASS_INSTANCES is only read by Wire.rule get at SpecIslandReader.java:85.
core/src/main/java/com/legend/protocol/SpecIslandReader.java:169	Set.of	OLDER_CLASS_POINTERS	LOOKUP		SpecIslandReader.java:126	Private; only contains.
core/src/main/java/com/legend/protocol/OlderSpecReader.java:53	Set.of	WRAPPED	ITERATED-SAFE		OlderSpecReader.java:87	Iterated to all.put(kind, OlderSpecReader::wrapped) - same value per distinct key, after every other put, so the map content is order-free; that map (ProtocolReader.SPECS) is only read by Wire.rule get (ProtocolReader.java:104); the other use is contains at :104.
core/src/main/java/com/legend/protocol/OlderSpecReader.java:60	Set.of	VALUES_LISTS	LOOKUP		OlderSpecReader.java:126	Private; only contains.
core/src/main/java/com/legend/protocol/OlderSpecReader.java:64	Set.of	OWN_MULTIPLICITY	LOOKUP		OlderSpecReader.java:104	Private; only contains.
core/src/main/java/com/legend/protocol/OlderSpecReader.java:292	Map.ofEntries	KINDS	ITERATED-SAFE		SpecIslandReader.java:71	Package-private; its only reader is all.putAll(OlderSpecReader.KINDS) into CLASS_INSTANCES (keys disjoint from the islands), which is only read by Wire.rule get at SpecIslandReader.java:85.
core/src/main/java/com/legend/protocol/ElementFamilies.java:133	Set.of	NOT_IN_FREE_SECTIONS	LOOKUP		ModelComposer.java:95	Package-private; only use repo-wide is contains.
core/src/main/java/com/legend/protocol/PureComposer.java:70	Map.ofEntries	SPECIAL_INFIX	LOOKUP		PureComposer.java:381,391,533	Private; only get/containsKey.
core/src/main/java/com/legend/protocol/PureComposer.java:76	Set.of	CORE_FUNCTIONS_WITH_PREFIX_RENDERING	LOOKUP		PureComposer.java:395	Private; only contains.
core/src/main/java/com/legend/protocol/PureComposer.java:344	Set.of	inline literal set	LOOKUP		PureComposer.java:344	Built and immediately asked .contains(function) on the same line; never stored or iterated.
core/src/main/java/com/legend/protocol/PureComposer.java:375	Set.of	inline literal set	LOOKUP		PureComposer.java:375	Built and immediately asked .contains(function) on the same line; never stored or iterated.
core/src/main/java/com/legend/protocol/PureComposer.java:486	Set.of	inline literal set	LOOKUP		PureComposer.java:486	Built and immediately asked .contains(function) on the same line; never stored or iterated.
core/src/main/java/com/legend/protocol/TailEmitter.java:1041	Map.ofEntries	PERSISTENCE_TYPES	ITERATED-SAFE		PersistenceReader.java:212	kindOf iterates keySet() to find the kind whose forward() _type equals wireType; the answer is the unique match, and the only order-dependent text (the two-kinds refusal at PersistenceReader.java:221-223) cannot fire: no slot maps two kinds to one _type in any gf/tgt context (all 68 entries checked); every other use is get (TailEmitter.java:1187-1192, PersistenceReader.java:236-241).
core/src/main/java/com/legend/protocol/TailEmitter.java:1277	Set.of	SPANLESS_LEAVES	LOOKUP		TailEmitter.java:1313	Private; only contains.
core/src/main/java/com/legend/protocol/PropertyMappingReader.java:57	Map.of	RELATIONAL	LOOKUP		PropertyMappingReader.java:65 -> Wire.java:343	Private; only Wire.rule get.
core/src/main/java/com/legend/protocol/DeephavenComposer.java:25	Map.of	COLUMN_TYPES	LOOKUP		DeephavenComposer.java:63	Private; only get.
core/src/main/java/com/legend/protocol/MongoComposer.java:32	Map.of	SCALARS	LOOKUP		MongoComposer.java:71	Private; only get.
core/src/main/java/com/legend/protocol/MongoComposer.java:39	Map.of	SCHEMA_PRINTERS	LOOKUP		MongoComposer.java:75	Private; only get.
core/src/main/java/com/legend/protocol/GqlReader.java:29	Map.of	DEFINITIONS	LOOKUP		GqlReader.java:50 -> Wire.java:343	Private; only Wire.rule get.
core/src/main/java/com/legend/protocol/GqlReader.java:140	Map.of	VALUES	LOOKUP		GqlReader.java:153 -> Wire.java:343	Private; only Wire.rule get.
core/src/main/java/com/legend/protocol/FunctionTestReader.java:107	Map.of	PAYLOADS	LOOKUP		FunctionTestReader.java:119 -> Wire.java:343	Private; only Wire.rule get.
core/src/main/java/com/legend/protocol/ProtocolReader.java:108	Map.ofEntries	current (argument to OlderSpecReader.withOlder, building SPECS)	ITERATED-SAFE		OlderSpecReader.java:71	Copied by new LinkedHashMap<>(current); the resulting SPECS is private and only read by Wire.rule get at ProtocolReader.java:104.
core/src/main/java/com/legend/protocol/PersistencePersisterComposer.java:35	Map.of	PERSISTERS	LOOKUP		PersistencePersisterComposer.java:114 -> PersistenceComposer.java:49	Private; every use goes through apply/optional to PersistenceComposer.rule: table.get(node.kind()) only.
core/src/main/java/com/legend/protocol/PersistencePersisterComposer.java:41	Map.of	SINKS	LOOKUP		PersistencePersisterComposer.java:114 -> PersistenceComposer.java:49	Private; every use goes through apply/optional to PersistenceComposer.rule: table.get(node.kind()) only.
core/src/main/java/com/legend/protocol/PersistencePersisterComposer.java:47	Map.of	TARGET_SHAPES	LOOKUP		PersistencePersisterComposer.java:114 -> PersistenceComposer.java:49	Private; every use goes through apply/optional to PersistenceComposer.rule: table.get(node.kind()) only.
core/src/main/java/com/legend/protocol/PersistencePersisterComposer.java:51	Map.of	DEDUPLICATION_STRATEGIES	LOOKUP		PersistencePersisterComposer.java:114 -> PersistenceComposer.java:49	Private; every use goes through apply/optional to PersistenceComposer.rule: table.get(node.kind()) only.
core/src/main/java/com/legend/protocol/PersistencePersisterComposer.java:59	Map.of	INGEST_MODES	LOOKUP		PersistencePersisterComposer.java:114 -> PersistenceComposer.java:49	Private; every use goes through apply/optional to PersistenceComposer.rule: table.get(node.kind()) only.
core/src/main/java/com/legend/protocol/PersistencePersisterComposer.java:69	Map.of	AUDITINGS	LOOKUP		PersistencePersisterComposer.java:114 -> PersistenceComposer.java:49	Private; every use goes through apply/optional to PersistenceComposer.rule: table.get(node.kind()) only.
core/src/main/java/com/legend/protocol/PersistencePersisterComposer.java:74	Map.of	TRANSACTION_MILESTONINGS	LOOKUP		PersistencePersisterComposer.java:114 -> PersistenceComposer.java:49	Private; every use goes through apply/optional to PersistenceComposer.rule: table.get(node.kind()) only.
core/src/main/java/com/legend/protocol/PersistencePersisterComposer.java:85	Map.of	TRANSACTION_DERIVATIONS	LOOKUP		PersistencePersisterComposer.java:114 -> PersistenceComposer.java:49	Private; every use goes through apply/optional to PersistenceComposer.rule: table.get(node.kind()) only.
core/src/main/java/com/legend/protocol/PersistencePersisterComposer.java:91	Map.of	VALIDITY_MILESTONINGS	LOOKUP		PersistencePersisterComposer.java:114 -> PersistenceComposer.java:49	Private; every use goes through apply/optional to PersistenceComposer.rule: table.get(node.kind()) only.
core/src/main/java/com/legend/protocol/PersistencePersisterComposer.java:96	Map.of	VALIDITY_DERIVATIONS	LOOKUP		PersistencePersisterComposer.java:114 -> PersistenceComposer.java:49	Private; every use goes through apply/optional to PersistenceComposer.rule: table.get(node.kind()) only.
core/src/main/java/com/legend/protocol/PersistencePersisterComposer.java:102	Map.of	MERGE_STRATEGIES	LOOKUP		PersistencePersisterComposer.java:114 -> PersistenceComposer.java:49	Private; every use goes through apply/optional to PersistenceComposer.rule: table.get(node.kind()) only.
core/src/main/java/com/legend/protocol/StoreReader.java:188	Map.of	REL_OPS	LOOKUP		StoreReader.java:206,222 -> Wire.java:343	Private; only Wire.rule get.
core/src/main/java/com/legend/protocol/ActivatorReader.java:25	Map.of	KINDS	LOOKUP		ActivatorReader.java:47	Package-private; only KINDS.get(wireType) (ElementFamilies.java:181 mentions it in a comment only).
core/src/main/java/com/legend/protocol/ActivatorReader.java:35	Map.of	CONFIGS	LOOKUP		ActivatorReader.java:57	Private; only get.
core/src/main/java/com/legend/protocol/PersistenceReader.java:191	Map.of	TARGET_SCALARS	LOOKUP		PersistenceReader.java:186	Private; only get.
core/src/main/java/com/legend/protocol/EmbeddedDataReader.java:63	Map.of	VALUES	LOOKUP		EmbeddedDataReader.java:77 -> Wire.java:343	Private; only Wire.rule get.
core/src/main/java/com/legend/protocol/ModelComposer.java:76	IdentityHashMap (Collections.newSetFromMap)	toCompose	ITERATED-SAFE		ModelComposer.java:117	Iterated only to refuse a leftover element; leftovers can only be elements whose typeOf is in NOT_IN_FREE_SECTIONS = {"DeephavenApp"} (every other family is drained by the EXTENSIONS/CORE loops, unknown types throw earlier in family()), so the throw happens iff one exists and its text is always _type 'DeephavenApp'; all other uses are contains/remove (:94,101,107,112,238).
core/src/main/java/com/legend/protocol/ServiceStoreComposer.java:27	Set.of	SIMPLE_TYPES	LOOKUP		ServiceStoreComposer.java:107	Private; only contains.
core/src/main/java/com/legend/protocol/ClassMappingReader.java:28	Map.of	CLASS_MAPPINGS	LOOKUP		ClassMappingReader.java:41 -> Wire.java:343	Private; only Wire.rule get.
core/src/main/java/com/legend/protocol/DatabaseComposer.java:25	Map.ofEntries	PLAIN_TYPES	LOOKUP		DatabaseComposer.java:201	Private; only get.
core/src/main/java/com/legend/protocol/DatabaseComposer.java:32	Map.of	SIZED_TYPES	LOOKUP		DatabaseComposer.java:205	Private; only get.
core/src/main/java/com/legend/protocol/DatabaseComposer.java:35	Map.of	SCALED_TYPES	LOOKUP		DatabaseComposer.java:209	Private; only get.
core/src/main/java/com/legend/protocol/ModelReader.java:142	Map.ofEntries	ELEMENTS	LOOKUP		ModelReader.java:186 -> Wire.java:343	Private; only Wire.rule get.
core/src/main/java/com/legend/parser/TokenStreamCursor.java:116	EnumSet (wrapped unmodifiableSet)	IDENTIFIER_TOKENS	LOOKUP		TokenStreamCursor.java:529,556; ElementParser.java:2823-2832; PmcdParser.java:375,454; ModelIndexer.java:169,175	Every use repo-wide is contains; it is an EnumSet (ordinal order) in any case.
core/src/main/java/com/legend/parser/TokenStreamCursor.java:1159	Set.of	DECLARATION_HEADS	LOOKUP		TokenStreamCursor.java:1145; ElementParser.java:588	Every use repo-wide is contains.
core/src/main/java/com/legend/parser/PmcdParser.java:58	Set.of	IMPORT_AWARE	LOOKUP		PmcdParser.java:155,198,304	Private; only contains.
core/src/main/java/com/legend/parser/PmcdParser.java:699	Map.of	MARKERS	LOOKUP		PmcdParser.java:396	Private; only get.
core/src/main/java/com/legend/parser/PmcdParser.java:719	Set.of	CONNECTION_FLAVORS	LOOKUP		PmcdParser.java:334	Private; only contains.
core/src/main/java/com/legend/parser/section/GenerationSpecificationSectionGrammar.java:40	Map.of (empty)	fields (GenericSectionElementDefinition)	ITERATED-SAFE		model/GenericSectionElementDefinition.java:30	Empty map; the record constructor copies it into a LinkedHashMap - no elements, so no order to observe.
core/src/main/java/com/legend/parser/section/DataQualityValidationSectionGrammar.java:59	Map.of (empty)	fields (GenericSectionElementDefinition)	ITERATED-SAFE		model/GenericSectionElementDefinition.java:30	Empty map; the record constructor copies it into a LinkedHashMap - no elements, so no order to observe.
core/src/main/java/com/legend/parser/section/DeephavenSectionGrammar.java:27	Set.of	kinds of the private APP FunctionActivatorSectionGrammar	LOOKUP		FunctionActivatorSectionGrammar.java:178	Single element; kinds is only asked contains (the kinds() accessor's one caller, PmcdParser.java:361, is also contains).
core/src/main/java/com/legend/parser/section/DeephavenSectionGrammar.java:30	Map.of	COLUMN_TYPES	LOOKUP		DeephavenSectionGrammar.java:97	Private; only get.
core/src/main/java/com/legend/parser/section/DeephavenSectionGrammar.java:57	Map.of (empty)	fields (GenericSectionElementDefinition)	ITERATED-SAFE		model/GenericSectionElementDefinition.java:30	Empty map; the record constructor copies it into a LinkedHashMap - no elements, so no order to observe.
core/src/main/java/com/legend/parser/GqlParser.java:109	Set.of	EXEC_LOCATIONS	LOOKUP		GqlParser.java:138	Private; only contains.
core/src/main/java/com/legend/parser/GqlParser.java:113	Set.of	TYPE_SYSTEM_LOCATIONS	LOOKUP		GqlParser.java:140	Private; only contains.
core/src/main/java/com/legend/model/MappingDefinition.java:53	Map.of (empty)	resolvedStores (argument)	ITERATED-SAFE		MappingDefinition.java:117	Empty map copied into a LinkedHashMap by the compact constructor; nothing to order.
core/src/main/java/com/legend/model/MappingDefinition.java:77	Map.of (empty) x3	NormalizationFacts.NONE poisons/mixedUnions/unionKeyThreads	ITERATED-SAFE		MappingDefinition.java:96,97,99	Empty maps copied by the NormalizationFacts constructor; nothing to order.
core/src/main/java/com/legend/model/MappingDefinition.java:78	Map.of (empty) x2	NormalizationFacts.NONE unionMembers/routedTargetClasses	ITERATED-SAFE		MappingDefinition.java:88,93	Empty maps copied (LinkedHashMap / forEach) by the constructor; nothing to order.
core/src/main/java/com/legend/model/MappingDefinition.java:88	Map.of (empty)	unionMembers (null default)	LOOKUP		PureModelContext.java:480	Empty default; the field is only read with get.
core/src/main/java/com/legend/model/MappingDefinition.java:90	Map.of (empty)	routedTargetClasses (null default)	LOOKUP		PureModelContext.java:487	Empty default; the field is only read with getOrDefault.
core/src/main/java/com/legend/model/MappingDefinition.java:96	Map.of (empty)	poisons (null default)	LOOKUP		PureModelContext.java:512,519,527	Empty default; the field is only read with get.
core/src/main/java/com/legend/model/MappingDefinition.java:97	Map.of (empty)	mixedUnions (null default)	LOOKUP		PureModelContext.java:496	Empty default; the field is only read with get.
core/src/main/java/com/legend/model/MappingDefinition.java:99	Map.of (empty)	unionKeyThreads (null default)	LOOKUP		PureModelContext.java:503	Empty default; the field is only read with get.
core/src/main/java/com/legend/model/MappingDefinition.java:117	Map.of (empty)	resolvedStores (null default)	ITERATED-SAFE		MetamodelSeeds.java:180	Empty default; the one iteration goes through new TreeMap<>(resolved) (sorted) anyway.
core/src/main/java/com/legend/model/MappingDefinition.java:284	Map.of (empty)	propertyPins (null default)	LOOKUP		StackBuilder.java:1361	Empty default; the field is only read with getOrDefault.
core/src/main/java/com/legend/parser/section/DiagramSectionGrammar.java:111	Map.of (empty)	fields (GenericSectionElementDefinition)	ITERATED-SAFE		model/GenericSectionElementDefinition.java:30	Empty map; the record constructor copies it into a LinkedHashMap - no elements, so no order to observe.
core/src/main/java/com/legend/parser/ElementParser.java:271	HashMap	offsets (-> ParsedModel.elementOffsets)	ITERATED-SAFE		ParsedModel.java:49	Only putIfAbsent here; ParsedModel copies it (in hash order) into a LinkedHashMap, but every reader of elementOffsets() only gets (Compiler.java:83,198,520; tests) or re-copies it into another ParsedModel (Compiler.java:286,329,398,443; KnowledgeLayer.java:479; NameResolver.java:250); the one test iteration (parser-equivalence Sectionize.java:77) only gets and sorts by offset.
core/src/main/java/com/legend/parser/ElementParser.java:275	HashMap	elementImports (-> ParsedModel.elementImports)	ITERATED-SAFE		ParsedModel.java:51	Only putIfAbsent here; copied into ParsedModel's LinkedHashMap, then only get/getOrDefault (Compiler.java:202, NameResolver.java:218, ModelNormalizer.java:169, ModelBuilder.java:1274, PureTests.java:97) or re-copied into another ParsedModel.
core/src/main/java/com/legend/parser/ElementParser.java:422	Map.of (empty)	elementSources (argument)	ITERATED-SAFE		ParsedModel.java:53	Empty map copied by the record constructor; nothing to order.
core/src/main/java/com/legend/parser/QuotedSpecParser.java:21	Set.of	COMPILE_LEGEND_GRAMMAR	LOOKUP		QuotedSpecParser.java:85	Private; only contains.
core/src/main/java/com/legend/parser/section/QueryPostProcessorSectionGrammar.java:147	Map.of (empty)	fields (GenericSectionElementDefinition)	ITERATED-SAFE		model/GenericSectionElementDefinition.java:30	Empty map; the record constructor copies it into a LinkedHashMap - no elements, so no order to observe.
core/src/main/java/com/legend/parser/section/ExternalFormatSectionGrammar.java:46	Map.of (empty)	fields (GenericSectionElementDefinition)	ITERATED-SAFE		model/GenericSectionElementDefinition.java:30	Empty map; the record constructor copies it into a LinkedHashMap - no elements, so no order to observe.
core/src/main/java/com/legend/parser/SectionGrammarRegistry.java:75	Set.of	kinds of the Snowflake FunctionActivatorSectionGrammar	LOOKUP		FunctionActivatorSectionGrammar.java:178; PmcdParser.java:361	Stored as kinds; only uses are kinds.contains(kind) and ag.kinds().contains(...) (the only kinds() caller of this class).
core/src/main/java/com/legend/parser/SectionGrammarRegistry.java:80	Set.of	kinds of the MemSql FunctionActivatorSectionGrammar	LOOKUP		FunctionActivatorSectionGrammar.java:178; PmcdParser.java:361	Stored as kinds; only uses are kinds.contains(kind) and ag.kinds().contains(...) (the only kinds() caller of this class).
core/src/main/java/com/legend/parser/SectionGrammarRegistry.java:84	Set.of	kinds of the BigQuery FunctionActivatorSectionGrammar	LOOKUP		FunctionActivatorSectionGrammar.java:178; PmcdParser.java:361	Stored as kinds; only uses are kinds.contains(kind) and ag.kinds().contains(...) (the only kinds() caller of this class).
core/src/main/java/com/legend/parser/SectionGrammarRegistry.java:88	Set.of	kinds of the HostedService FunctionActivatorSectionGrammar	LOOKUP		FunctionActivatorSectionGrammar.java:178; PmcdParser.java:361	Stored as kinds; only uses are kinds.contains(kind) and ag.kinds().contains(...) (the only kinds() caller of this class).
core/src/main/java/com/legend/parser/SectionGrammarRegistry.java:93	Set.of	kinds of the FunctionJar FunctionActivatorSectionGrammar	LOOKUP		FunctionActivatorSectionGrammar.java:178; PmcdParser.java:361	Stored as kinds; only uses are kinds.contains(kind) and ag.kinds().contains(...) (the only kinds() caller of this class).
core/src/main/java/com/legend/parser/section/TextSectionGrammar.java:33	Map.of (empty)	fields (GenericSectionElementDefinition)	ITERATED-SAFE		model/GenericSectionElementDefinition.java:30	Empty map; the record constructor copies it into a LinkedHashMap - no elements, so no order to observe.
core/src/main/java/com/legend/parser/section/ElasticsearchSectionGrammar.java:43	Map.of (empty)	fields (GenericSectionElementDefinition)	ITERATED-SAFE		model/GenericSectionElementDefinition.java:30	Empty map; the record constructor copies it into a LinkedHashMap - no elements, so no order to observe.
core/src/main/java/com/legend/parser/section/FileGenerationSectionGrammar.java:45	Map.of (empty)	fields (GenericSectionElementDefinition)	ITERATED-SAFE		model/GenericSectionElementDefinition.java:30	Empty map; the record constructor copies it into a LinkedHashMap - no elements, so no order to observe.
core/src/main/java/com/legend/parser/section/FunctionActivatorSectionGrammar.java:28	Set.of	STRING_KEYS	LOOKUP		FunctionActivatorSectionGrammar.java:214	Private; only contains.
core/src/main/java/com/legend/parser/section/FunctionActivatorSectionGrammar.java:31	Set.of	BOOLEAN_KEYS	LOOKUP		FunctionActivatorSectionGrammar.java:216	Private; only contains.
core/src/main/java/com/legend/parser/section/FunctionActivatorSectionGrammar.java:36	Set.of	DEPLOYMENT_CONFIG_KINDS	LOOKUP		FunctionActivatorSectionGrammar.java:184	Private; only contains.
core/src/main/java/com/legend/parser/section/FunctionActivatorSectionGrammar.java:164	Map.of (empty) x2	PFunctionActivator scalars/booleans	ITERATED-SAFE		protocol/Protocol.java:1821-1822	Empty maps copied into LinkedHashMaps by the record constructor; nothing to order.
core/src/main/java/com/legend/parser/section/PersistenceSectionGrammar.java:183	Map.ofEntries	REQUIRED_FIELDS	LOOKUP		PersistenceSectionGrammar.java:356	Private; only get (values are ordered Lists).
core/src/main/java/com/legend/parser/section/PersistenceSectionGrammar.java:270	Map.ofEntries	PERMITTED_FIELDS	LOOKUP		PersistenceSectionGrammar.java:338	Private; only get.
core/src/main/java/com/legend/parser/section/PersistenceSectionGrammar.java:303	Map.of	CHILD_KINDS	LOOKUP		PersistenceSectionGrammar.java:349	Private; only get.
core/src/main/java/com/legend/parser/section/PersistenceSectionGrammar.java:316	Map.of	SLOT_KINDS	LOOKUP		PersistenceSectionGrammar.java:329	Private; only get.
core/src/main/java/com/legend/model/NormalizedModel.java:42	Map.of (empty)	legacySurfaces (argument)	ITERATED-SAFE		NormalizedModel.java:51	Empty map copied by the record constructor; nothing to order.
core/src/main/java/com/legend/model/NormalizedModel.java:51	Map.of (empty)	legacySurfaces (null default)	ITERATED-SAFE		PureModelContext.java:179; Compiler.java:458	Empty default; iterated (values().forEach, union) but has no elements.
core/src/main/java/com/legend/parser/section/ServiceStoreSectionGrammar.java:47	Map.of (empty)	fields (GenericSectionElementDefinition)	ITERATED-SAFE		model/GenericSectionElementDefinition.java:30	Empty map; the record constructor copies it into a LinkedHashMap - no elements, so no order to observe.
core/src/main/java/com/legend/model/FromProtocol.java:415	Map.of (one entry)	fields (GenericSectionElementDefinition)	ITERATED-SAFE		model/GenericSectionElementDefinition.java:30	A one-entry map copied into a LinkedHashMap by the record constructor; one entry has only one order.
core/src/main/java/com/legend/model/FromProtocol.java:426	Map.of (one entry)	fields (GenericSectionElementDefinition)	ITERATED-SAFE		model/GenericSectionElementDefinition.java:30	A one-entry map copied into a LinkedHashMap by the record constructor; one entry has only one order.
core/src/main/java/com/legend/model/FromProtocol.java:430	Map.of (one entry)	fields (GenericSectionElementDefinition)	ITERATED-SAFE		model/GenericSectionElementDefinition.java:30	A one-entry map copied into a LinkedHashMap by the record constructor; one entry has only one order.
core/src/main/java/com/legend/model/FromProtocol.java:436	Map.of (one entry)	fields (GenericSectionElementDefinition)	ITERATED-SAFE		model/GenericSectionElementDefinition.java:30	A one-entry map copied into a LinkedHashMap by the record constructor; one entry has only one order.
core/src/main/java/com/legend/model/FromProtocol.java:509	Map.of (one entry)	fields (GenericSectionElementDefinition)	ITERATED-SAFE		model/GenericSectionElementDefinition.java:30	A one-entry map copied into a LinkedHashMap by the record constructor; one entry has only one order.
core/src/main/java/com/legend/model/FromProtocol.java:518	Map.of (one entry)	fields (GenericSectionElementDefinition)	ITERATED-SAFE		model/GenericSectionElementDefinition.java:30	A one-entry map copied into a LinkedHashMap by the record constructor; one entry has only one order.
core/src/main/java/com/legend/model/FromProtocol.java:527	Map.of (one entry)	fields (GenericSectionElementDefinition)	ITERATED-SAFE		model/GenericSectionElementDefinition.java:30	A one-entry map copied into a LinkedHashMap by the record constructor; one entry has only one order.
core/src/main/java/com/legend/model/FromProtocol.java:537	Map.of (one entry)	fields (GenericSectionElementDefinition)	ITERATED-SAFE		model/GenericSectionElementDefinition.java:30	A one-entry map copied into a LinkedHashMap by the record constructor; one entry has only one order.
core/src/main/java/com/legend/parser/section/ConnectionSectionGrammar.java:44	Set.of	DATABASE_TYPES	LOOKUP		ConnectionSectionGrammar.java:535	Private; only contains.
core/src/main/java/com/legend/parser/section/ConnectionSectionGrammar.java:807	Set.of	allowed (table mapper keys)	LOOKUP		ConnectionSectionGrammar.java:810	Local; only allowed.contains(k) (the loop iterates kv, not allowed).
core/src/main/java/com/legend/parser/section/ConnectionSectionGrammar.java:808	Set.of	allowed (schema mapper keys)	LOOKUP		ConnectionSectionGrammar.java:810	Local; only allowed.contains(k).
core/src/main/java/com/legend/model/RuntimeDefinition.java:65	Map.of (empty)	connectionBindings (null default)	ITERATED-SAFE		Compiler.java:608	Empty default; iterated (into a TreeSet) but has no elements.
core/src/main/java/com/legend/model/RuntimeDefinition.java:70	Map.of (empty)	connectionIds (null default)	ITERATED-SAFE		NameResolver.java:1363; ServiceTestRunner.java:422	Empty default; iterated but has no elements.
core/src/main/java/com/legend/model/RuntimeDefinition.java:81	Map.of (empty)	connectionIds (argument)	ITERATED-SAFE		RuntimeDefinition.java:71	Empty map copied into a LinkedHashMap by the constructor; nothing to order.
core/src/main/java/com/legend/parser/section/MongoDBSectionGrammar.java:41	Map.of (empty)	fields (GenericSectionElementDefinition)	ITERATED-SAFE		model/GenericSectionElementDefinition.java:30	Empty map; the record constructor copies it into a LinkedHashMap - no elements, so no order to observe.
core/src/main/java/com/legend/model/ClassMapping.java:263	Map.of (empty)	propertyTargetSets (null default)	ITERATED-SAFE		MappingNormalizer.java:1932	Empty default; iterated but has no elements.
core/src/main/java/com/legend/model/ParsedModel.java:48	Map.of (empty)	elementOffsets (null default)	ITERATED-SAFE		ParsedModel.java:49 (re-copy, e.g. via Compiler.java:286)	Empty default; only copied or read with get; no elements.
core/src/main/java/com/legend/model/ParsedModel.java:50	Map.of (empty)	elementImports (null default)	ITERATED-SAFE		ParsedModel.java:51 (re-copy)	Empty default; only copied or read with get; no elements.
core/src/main/java/com/legend/model/ParsedModel.java:52	Map.of (empty)	elementSources (null default)	ITERATED-SAFE		ParsedModel.java:53 (re-copy); ManifestWorldCensusTest.java:197	Empty default; copied/iterated but has no elements.
core/src/main/java/com/legend/model/ParsedModel.java:79	Map.of (empty)	elementSources (argument)	ITERATED-SAFE		ParsedModel.java:53	Empty map copied by the record constructor; nothing to order.
core/src/main/java/com/legend/model/ParsedModel.java:94	Map.of (empty)	elementImports (argument)	ITERATED-SAFE		ParsedModel.java:51	Empty map copied by the record constructor; nothing to order.
core/src/main/java/com/legend/model/ParsedModel.java:107	Map.of (empty)	elementOffsets (argument)	ITERATED-SAFE		ParsedModel.java:49	Empty map copied by the record constructor; nothing to order.
json/src/main/java/com/legend/json/Json.java:72	Map.of (in a Javadoc comment)	payload (documentation example)	LOOKUP		none (comment)	NOT CODE: a Javadoc <pre> usage example, nothing runs; note the example itself, if followed, would print keys in Map.of order (Json.writeValue iterates m.entrySet() at Json.java:371).
wasm/src/main/java/conformance/Ordering.java:33	HashMap	map	ESCAPES	test-only	Ordering.java:51	Printed on purpose: String.join(",", map.keySet()) goes into the conformance output that //wasm:conformance_jvm and the TeaVM module compare line by line.
wasm/src/main/java/conformance/Ordering.java:37	HashSet	set	ESCAPES	test-only	Ordering.java:51	Printed on purpose: String.join(",", set) in the conformance output.
wasm/src/main/java/conformance/Ordering.java:38	Collectors.toSet	collected	ESCAPES	test-only	Ordering.java:52	Printed on purpose: String.join(",", collected) in the conformance output.
wasm/src/main/java/conformance/Ordering.java:40	Collectors.toMap	toMap	ESCAPES	test-only	Ordering.java:52	Printed on purpose: String.join(",", toMap.keySet()) in the conformance output.
wasm/src/main/java/conformance/Ordering.java:44	HashSet	longs	ESCAPES	test-only	Ordering.java:53	Printed on purpose: + longs (AbstractCollection.toString iterates) in the conformance output.
wasm/src/main/java/conformance/Ordering.java:45	HashSet	ints	ESCAPES	test-only	Ordering.java:53	Printed on purpose: + ints in the conformance output.
wasm/src/main/java/conformance/Ordering.java:57	HashMap	colliding	ESCAPES	test-only	Ordering.java:66	Printed on purpose: String.join(",", colliding.keySet()) for hash-colliding keys in the conformance output.
core/src/main/java/com/legend/LiteralFold.java:46	Set.of	ADMITTED	LOOKUP		never iterated; only reader is core/src/test/java/com/legend/ConstantPlanParityTest.java:86 assertEquals	Public constant with no main-code reader; the one test compares it by Set.equals.
core/src/main/java/com/legend/MetamodelSeeds.java:179	Map.of	resolved (empty fallback of resolvedStores)	ITERATED-SAFE		core/src/main/java/com/legend/MetamodelSeeds.java:180 new TreeMap<>(resolved).entrySet()	The map is wrapped in a TreeMap before it is iterated, so rows are emitted in sorted key order.
core/src/main/java/com/legend/PlanAllocations.java:231	Map.of	planParams (empty)	ITERATED-SAFE		core/src/main/java/com/legend/StatementExecutor.java:570 planParams.values().forEach(lw::bindPlanParam)	Empty plan-parameter map: the only iteration (binding each parameter into the Lowerer) binds nothing.
core/src/main/java/com/legend/ExecuteOptions.java:38	Set.of	NONE.features (empty)	ITERATED-SAFE		core/src/main/java/com/legend/StatementExecutor.java:739 and :1126 addAll into an EnumSet	Empty, and every reader merges the options' features into an EnumSet (ordinal order).
core/src/main/java/com/legend/ExecuteOptions.java:39	Set.of	PCT_RENDER.features (empty)	ITERATED-SAFE		core/src/main/java/com/legend/StatementExecutor.java:739 and :1126 addAll into an EnumSet	Empty, and every reader merges the options' features into an EnumSet (ordinal order).
core/src/main/java/com/legend/ExecuteOptions.java:58	Set.of	recording(...).features (empty)	ITERATED-SAFE		core/src/main/java/com/legend/StatementExecutor.java:739 and :1126 addAll into an EnumSet	Empty, and every reader merges the options' features into an EnumSet (ordinal order).
core/src/main/java/com/legend/SqlTextVerdicts.java:579	Map.of	planBindings (empty)	LOOKUP		never iterated: goldenPlan is null here, so core/src/main/java/com/legend/SqlTextVerdicts.java:1450 verifyPlan (its only reader) is not reached	The empty plan bindings ride rowsLegAndVerdict next to a null goldenPlan and are never read.
core/src/main/java/com/legend/SqlTextVerdicts.java:1321	Map.of	planBindings (empty)	LOOKUP		never iterated: goldenPlan is null here, so core/src/main/java/com/legend/SqlTextVerdicts.java:1450 verifyPlan (its only reader) is not reached	The empty plan bindings ride rowsLegAndVerdict next to a null goldenPlan and are never read.
core/src/main/java/com/legend/SqlTextVerdicts.java:1458	Set.of	boundVars (empty)	LOOKUP		core/src/main/java/com/legend/compiler/spec/ResultEnvelopeSplice.java:161-185 isEmpty/contains	The splice hook only asks its bound-variable set isEmpty and contains.
core/src/main/java/com/legend/SqlTextVerdicts.java:1562	Set.of	boundVars (empty)	LOOKUP		core/src/main/java/com/legend/compiler/spec/ResultEnvelopeSplice.java:161-185 isEmpty/contains	The splice hook only asks its bound-variable set isEmpty and contains.
core/src/main/java/com/legend/Compiler.java:236	Set.of	Layer.adopted (empty)	LOOKUP		core/src/main/java/com/legend/compiler/element/PureModelContext.java:119-125 without(): isEmpty, else removeAll	Only isEmpty and a set difference (removeAll), neither order-sensitive.
core/src/main/java/com/legend/AssertVerdicts.java:929	Set.of	boundVars (empty)	LOOKUP		core/src/main/java/com/legend/compiler/spec/ResultEnvelopeSplice.java:161-185 isEmpty/contains	The splice hook only asks its bound-variable set isEmpty and contains.
core/src/main/java/com/legend/AssertVerdicts.java:934	Set.of	boundVars (empty)	LOOKUP		core/src/main/java/com/legend/compiler/spec/ResultEnvelopeSplice.java:161-185 isEmpty/contains	The splice hook only asks its bound-variable set isEmpty and contains.
core/src/main/java/com/legend/StatementExecutor.java:226	Map.of	ExecEnv.tableReplace (empty)	ITERATED-SAFE		core/src/main/java/com/legend/StatementExecutor.java:400 copied into a LinkedHashMap; SqlPostProcessors.apply	Empty rename map: the copies and rename passes over it have no elements to order.
core/src/main/java/com/legend/StatementExecutor.java:521	Map.of	planParams (empty)	ITERATED-SAFE		core/src/main/java/com/legend/StatementExecutor.java:570 planParams.values().forEach(lw::bindPlanParam)	Empty plan-parameter map: the only iteration (binding each parameter into the Lowerer) binds nothing.
core/src/main/java/com/legend/StatementExecutor.java:624	Map.of	nativeRoutines() result (5 routines)	LOOKUP		core/src/main/java/com/legend/compiler/spec/NativeDispatch.java:93 routines.get(fqn)	Handed to NativeDispatch.stage, whose only use of it is routines.get(fqn).
core/src/main/java/com/legend/StatementExecutor.java:769	Map.of	planParams (empty)	ITERATED-SAFE		core/src/main/java/com/legend/StatementExecutor.java:570 planParams.values().forEach(lw::bindPlanParam)	Empty plan-parameter map: the only iteration (binding each parameter into the Lowerer) binds nothing.
core/src/main/java/com/legend/StatementExecutor.java:784	Map.of	planParams (empty)	ITERATED-SAFE		core/src/main/java/com/legend/StatementExecutor.java:570 planParams.values().forEach(lw::bindPlanParam)	Empty plan-parameter map: the only iteration (binding each parameter into the Lowerer) binds nothing.
core/src/main/java/com/legend/StatementExecutor.java:880	Map.of	planParams (empty)	ITERATED-SAFE		core/src/main/java/com/legend/StatementExecutor.java:570 planParams.values().forEach(lw::bindPlanParam)	Empty plan-parameter map: the only iteration (binding each parameter into the Lowerer) binds nothing.
core/src/main/java/com/legend/StatementExecutor.java:906	Map.of	planParams (empty)	ITERATED-SAFE		core/src/main/java/com/legend/StatementExecutor.java:570 planParams.values().forEach(lw::bindPlanParam)	Empty plan-parameter map: the only iteration (binding each parameter into the Lowerer) binds nothing.
core/src/main/java/com/legend/StatementExecutor.java:1128	Set.of	featuresOf() result (empty branch)	ITERATED-SAFE		core/src/main/java/com/legend/lowering/Lowerer.java:210-212 requireConsumed + contains; core/src/main/java/com/legend/StatementExecutor.java:578 and :1115 contains	The empty branch has no elements; the other branch is a LinkedHashSet over an EnumSet (ordinal order).
core/src/main/java/com/legend/StatementExecutor.java:1387	Map.of	planParams (empty)	ITERATED-SAFE		core/src/main/java/com/legend/StatementExecutor.java:570 planParams.values().forEach(lw::bindPlanParam)	Empty plan-parameter map: the only iteration (binding each parameter into the Lowerer) binds nothing.
core/src/main/java/com/legend/StatementExecutor.java:1736	Set.of	registeredRoutineKeys() result	LOOKUP		only reader core/src/test/java/com/legend/NativeRegistryGovernanceTest.java:39-41 assertEquals	Governance surface compared by Set.equals only; never iterated.
core/src/main/java/com/legend/StatementExecutor.java:2612	Map.of	frames (empty fallback)	LOOKUP		core/src/main/java/com/legend/sql/FrameCtes.java:27-28 definitions.isEmpty() returns q	WireTypes.reconcile passes it to FrameCtes.attach, which returns at isEmpty before any iteration.
core/src/main/java/com/legend/StatementExecutor.java:3049	Map.ofEntries	DATATYPE_LITERALS	LOOKUP		core/src/main/java/com/legend/StatementExecutor.java:3038 get	Private constant read only by get(classFqn).
core/src/main/java/com/legend/test/PureTestRunner.java:113	HashMap	setupPrograms	LOOKUP		core/src/main/java/com/legend/test/PureTestRunner.java:164 put, :221 computeIfAbsent, :377 get	Never iterated.
core/src/main/java/com/legend/test/PureTestRunner.java:119	HashMap	setupStores	LOOKUP		core/src/main/java/com/legend/test/PureTestRunner.java:249 put, :309 getOrDefault	Never iterated itself (its value sets are walked at :309 by an any-match loop).
core/src/main/java/com/legend/test/PureTestRunner.java:240	HashMap	fixturesByStore index	LOOKUP		core/src/main/java/com/legend/test/PureTestRunner.java:251 computeIfAbsent, :294 getOrDefault	Never iterated; provideFixture looks one store up and requires exactly one setup.
core/src/main/java/com/legend/test/PureTestRunner.java:309	Set.of	getOrDefault default (empty)	ITERATED-SAFE		core/src/main/java/com/legend/test/PureTestRunner.java:308-313	The loop returns false as soon as any store's tables intersect (an any-match), so the result does not depend on order; the default is empty anyway.
core/src/main/java/com/legend/test/PureTestRunner.java:470	HashMap	declinedAhead	LOOKUP		core/src/main/java/com/legend/test/PureTestRunner.java:485 get, :496 put	Keyed by verdict index; put and get only.
core/src/main/java/com/legend/test/PureTestRunner.java:471	HashMap	refereedAhead	LOOKUP		core/src/main/java/com/legend/test/PureTestRunner.java:485 get, :507 put	Keyed by verdict index; put and get only.
core/src/main/java/com/legend/test/PureTestRunner.java:472	HashMap	unjudgedAhead	LOOKUP		core/src/main/java/com/legend/test/PureTestRunner.java:486 get, :502 put	Keyed by verdict index; put and get only.
core/src/main/java/com/legend/test/ServiceTestRunner.java:424	Map.of	RuntimeDefinition.connectionBindings (one entry)	ITERATED-SAFE		core/src/main/java/com/legend/model/RuntimeDefinition.java:100-104 deepCopy iterates into a LinkedHashMap	A single entry: there is no order to observe.
core/src/main/java/com/legend/test/ServiceTestRunner.java:452	Map.of	builder envelope {_type: json} (one entry)	ITERATED-SAFE		serialized as a JSON tree by the runner	A single key: its object's key order cannot vary.
core/src/main/java/com/legend/server/LegendHttpServer.java:62	Set.of	Origins.LOOPBACK extra origins (empty)	ITERATED-SAFE		core/src/main/java/com/legend/server/LegendHttpServer.java:70 copied into a LinkedHashSet; :89 contains	Empty, and the copy is only asked contains.
core/src/main/java/com/legend/server/SavedQueries.java:77	Map.of	CONTEXT_FIELDS[dataSpaceExecutionContext] (one entry)	ITERATED-SAFE		core/src/main/java/com/legend/server/SavedQueries.java:361 required.forEach(nonEmpty)	A single required field: the first-missing-field refusal meets the same field every run.
core/src/main/java/com/legend/server/SavedQueries.java:130	Map.of	refusal body {message} (one entry)	ITERATED-SAFE		json/src/main/java/com/legend/json/Json.java:370-379 writeValue iterates entrySet	A single key: the JSON text cannot vary.
core/src/main/java/com/legend/server/SavedQueries.java:134	Map.of	HTTP 500 body {code, message, status}	ESCAPES	output	json/src/main/java/com/legend/json/Json.java:371 for (e : m.entrySet()) writes the keys; sent by core/src/main/java/com/legend/server/LegendHttpServer.java:123	A three-key Map.of serialized by Json.toCompact in its iteration order, so the 500 answer's key order varies between JVM runs.
core/src/main/java/com/legend/server/SavedQueries.java:561	Files.list	files (query-store directory listing)	ITERATED-SAFE		core/src/main/java/com/legend/server/SavedQueries.java:562 .sorted(), then :572 out.sort by createdAt	Sorted by path, then stably by creation time.
core/src/main/java/com/legend/server/PureLspServer.java:24	HashMap	documents	ESCAPES	output	core/src/main/java/com/legend/server/PureLspServer.java:154 for (entry : documents.entrySet()) notifications.add(...); joined into the HTTP answer at core/src/main/java/com/legend/server/LegendHttpServer.java:177	With two or more open documents the publishDiagnostics notifications are returned in HashMap order of their URIs.
core/src/main/java/com/legend/server/serial/SerializerRegistry.java:19	ConcurrentHashMap	SERIALIZERS	ESCAPES	message	core/src/main/java/com/legend/server/serial/SerializerRegistry.java:49 "Available formats: " + availableFormats() (keySet toString)	The unknown-format error lists the registered formats in hash order; otherwise get/containsKey only (get is called only by tests today).
core/src/main/java/com/legend/server/PureV1Api.java:235	Map.of	{returnType} (one entry)	ITERATED-SAFE		Json.toCompact	A single key: the JSON text cannot vary.
core/src/main/java/com/legend/server/PureV1Api.java:507	Map.of	enumMapping (empty)	ITERATED-SAFE		serialized as {}	Empty: serializes to {} every time.
core/src/main/java/com/legend/server/PureV1Api.java:560	Set.of	NOT_IN_A_PLAN	LOOKUP		core/src/main/java/com/legend/server/PureV1Api.java:595 contains	Private constant read only by contains; the output map it filters is a TreeMap.
core/src/main/java/com/legend/exec/DynamicPivot.java:75	Set.of	integral key types	LOOKUP		core/src/main/java/com/legend/exec/DynamicPivot.java:77 contains	Built and asked contains in one expression.
core/src/main/java/com/legend/exec/SystemDatabase.java:70	HashMap	sessions	LOOKUP		core/src/main/java/com/legend/exec/SystemDatabase.java:96 get, :99 put	Never iterated.
core/src/main/java/com/legend/exec/SystemDatabase.java:71	ConcurrentHashMap	rows	LOOKUP		core/src/main/java/com/legend/exec/SystemDatabase.java:121 computeIfAbsent	Never iterated.
core/src/main/java/com/legend/exec/VerdictBatch.java:246	HashMap	rows	LOOKUP		core/src/main/java/com/legend/exec/VerdictBatch.java:256 put, :277 get	Keyed by statement index and read back by index; roots are reported in body (list) order.
core/src/main/java/com/legend/exec/Census.java:67	ConcurrentHashMap	KEYED	ITERATED-SAFE		core/src/main/java/com/legend/exec/Census.java:117 and :131 forEach into a TreeMap	Both iterations fill a TreeMap; the rest is computeIfAbsent/get.
core/src/main/java/com/legend/builtin/SystemMetamodel.java:1513	LinkedHashSet collector (ordered)	Fqns.ALL	ITERATED-SAFE		core/src/main/java/com/legend/Compiler.java:363 copied into a HashSet (a separate construct)	Ordered construct (insertion order of the ELEMENTS list); its only reader copies it into a name-resolution set.
core/src/main/java/com/legend/builtin/SystemMetamodel.java:1518	LinkedHashSet collector (ordered)	Fqns.NOT_FUNCTIONS	LOOKUP		core/src/main/java/com/legend/builtin/SystemMetamodel.java:1571 contains	Ordered anyway, and only asked contains.
core/src/main/java/com/legend/exec/SqlTypeCensus.java:75	ConcurrentHashMap	CLASSES	ESCAPES	test-only	core/src/main/java/com/legend/exec/SqlTypeCensus.java:1015-1019 sorted by count only, then limit(top); printed by pct/src/test/java/org/finos/legend/lite/pct/PctCensusGate.java:247 and channelb/ChannelBDiff.java:90	Classes with equal counts keep hash order, and a tie at the limit decides which classes are listed: census output only.
core/src/main/java/com/legend/exec/SqlTypeCensus.java:79	ConcurrentHashMap	SAMPLES	ITERATED-SAFE		core/src/main/java/com/legend/exec/SqlTypeCensus.java:941 forEach into a TreeMap; :837 computeIfAbsent; :935 getOrDefault	Its only iteration fills a TreeMap.
core/src/main/java/com/legend/exec/SqlTypeCensus.java:111	ConcurrentHashMap	NUL_CLASSES	ESCAPES	test-only	core/src/main/java/com/legend/exec/SqlTypeCensus.java:182-184 sorted by count only	Ties keep hash order in nullableDifferentialReport, a census report (no caller in the repo today).
core/src/main/java/com/legend/exec/SqlTypeCensus.java:113	ConcurrentHashMap	NUL_SAMPLES	LOOKUP		core/src/main/java/com/legend/exec/SqlTypeCensus.java:150 computeIfAbsent, :187 getOrDefault	Never iterated.
core/src/main/java/com/legend/exec/SqlTypeCensus.java:131	ConcurrentHashMap	SLACK_CLASSES	ESCAPES	test-only	core/src/main/java/com/legend/exec/SqlTypeCensus.java:524-526 sorted by count only	Ties keep hash order in slackReport, a census report (no caller in the repo today).
core/src/main/java/com/legend/exec/SqlTypeCensus.java:133	ConcurrentHashMap	SLACK_SAMPLES	LOOKUP		core/src/main/java/com/legend/exec/SqlTypeCensus.java:499 computeIfAbsent, :529 getOrDefault	Never iterated.
core/src/main/java/com/legend/builtin/NativeFn.java:60	HashMap	m (index() result)	ITERATED-SAFE		core/src/main/java/com/legend/builtin/NativeFn.java:64 copied into a LinkedHashMap and returned	The hash order is frozen into the returned map, but index() has no caller anywhere in the repo.
core/src/main/java/com/legend/builtin/NativeFn.java:71	HashMap	out (indexById() result -> every BY_ID)	ITERATED-SAFE		core/src/main/java/com/legend/builtin/NativeFn.java:79 copied into a LinkedHashMap; every BY_ID (core/src/main/java/com/legend/builtin/NativeFn.java:212-1097) is read only by get	The frozen hash order reaches the BY_ID maps, which are only looked up; the duplicate check walks the ordered enum values.
core/src/main/java/com/legend/builtin/DynaFnDecisions.java:43	Map.ofEntries	BY_MEMBER	LOOKUP		core/src/main/java/com/legend/builtin/DynaFnDecisions.java:245 and :257 get	Private, get only (Declarations walks DynaFn.values(), an enum array).
core/src/main/java/com/legend/builtin/DynaFnDecisions.java:239	Map.of	RESIDUE	LOOKUP		core/src/main/java/com/legend/builtin/DynaFnDecisions.java:262 getOrDefault	Package-private; the only code reader is getOrDefault (tests name it only inside strings).
core/src/main/java/com/legend/builtin/Pure.java:533	LinkedHashSet collector (ordered)	INTERNAL_DESUGAR	ITERATED-SAFE		core/src/main/java/com/legend/platform/CoreFn.java:421 contains; tests: NativeCatalogGovernanceTest.java:98 message, :151 TreeSet union	Ordered construct (insertion order of a Stream.of list); main code only asks contains.
core/src/main/java/com/legend/builtin/Pure.java:545	LinkedHashSet collector (ordered)	ENGINE_VOCAB_SHIMS	ITERATED-SAFE		tests only: NativeCatalogGovernanceTest.java:119 message, :151 TreeSet union; DynaFnRegistryTest.java:148 TreeSet	Ordered construct (insertion order of a Stream.of list); no main-code reader.
core/src/main/java/com/legend/builtin/Pure.java:560	Set.of	LITE_SURFACE	ESCAPES	test-only	core/src/test/java/com/legend/builtin/NativeCatalogGovernanceTest.java:164 for (bare : LITE_SURFACE) assertTrue; :125 "LITE_SURFACE grew: " + set	Main code only asks contains (core/src/main/java/com/legend/builtin/Pure.java:632); in tests the first failing name and the printed set follow Set.of order, which varies between JVM runs.
core/src/main/java/com/legend/builtin/Pure.java:569	Map.of	liteSurfaceFunctions() result	ESCAPES	test-only	core/src/test/java/com/legend/builtin/EngineHandlersTest.java:98 forEach assertTrue	Main code sorts it first (core/src/main/java/com/legend/builtin/EngineHandlers.java:78 new TreeMap); only a test iterates it unsorted, so which failing pair it reports first varies between JVM runs.
core/src/main/java/com/legend/builtin/Pure.java:1497	Map.of	WALLED_NATIVES	ESCAPES	test-only	core/src/main/java/com/legend/lowering/PlatformRegistrations.java:76 keySet loop -> LinkedHashMap -> core/src/main/java/com/legend/platform/ImplementationTable.java:139 -> refuse() :262 dangling.add -> spec/src/test/java/com/legend/generators/ImplementationTableTest.java:122/137	The Map.of key order is frozen into Registrations.walledNatives; it reaches only the dangling list (refused is lookup-only), printed to implementation-table.tsv and an assertion message when 2+ walled natives dangle; varies between JVM runs.
core/src/main/java/com/legend/probe/Shadow.java:63	ConcurrentHashMap.newKeySet	SEEN	LOOKUP		core/src/main/java/com/legend/probe/Shadow.java:262 add	Dedupe of probe lines by add only; lines are written in call order.
core/src/main/java/com/legend/probe/Shadow.java:66	WeakHashMap (synchronized)	TABLES	LOOKUP		core/src/main/java/com/legend/probe/Shadow.java:109 computeIfAbsent	Never iterated.
core/src/main/java/com/legend/probe/Shadow.java:68	ConcurrentHashMap	ROWS	LOOKUP		core/src/main/java/com/legend/probe/Shadow.java:145 computeIfAbsent	Never iterated.
core/src/main/java/com/legend/probe/Shadow.java:112	System.identityHashCode	the model's identity hash (a value)	ESCAPES	test-only	core/src/main/java/com/legend/probe/Shadow.java:112 written into the DUPLICATES line of shadow.tsv	The probe line carries a per-run identity hash; probe output only (LL_SHADOW-gated).
core/src/main/java/com/legend/sql/RawSql.java:53	Set.of	QUERY_KEYWORDS	LOOKUP		core/src/main/java/com/legend/sql/RawSql.java:70 contains	Private, contains only.
core/src/main/java/com/legend/sql/dialect/AnsiSqlRenderer.java:57	Map.ofEntries	INFIX	LOOKUP		core/src/main/java/com/legend/sql/dialect/AnsiSqlRenderer.java:573 and :676 get	Private, get only.
core/src/main/java/com/legend/sql/SqlTyping.java:673	Set.of	whereNullRejections() result (empty)	LOOKUP		core/src/main/java/com/legend/lowering/Fold.java:996-1000 isEmpty/contains	The read door only asks the rejected-name set isEmpty and contains.
core/src/main/java/com/legend/sql/dialect/CarrierStrategies.java:762	Map.of	LIST_REDUCERS	LOOKUP		core/src/main/java/com/legend/sql/dialect/CarrierStrategies.java:802 get	Private, get only.
core/src/main/java/com/legend/sql/dialect/H2.java:38	Set.of	AggregatesDeliverDouble fns {AVG}	ITERATED-SAFE		core/src/main/java/com/legend/sql/dialect/AggregatesDeliverDouble.java:34 copied into a LinkedHashSet; :39 contains	One element, copied into a set that is only asked contains.
core/src/main/java/com/legend/sql/dialect/StoredReads.java:49	HashMap	read	LOOKUP		core/src/main/java/com/legend/sql/dialect/StoredReads.java:57-145 clear/put/get/containsKey/isEmpty	Never iterated itself; its value maps are the :62 site.
core/src/main/java/com/legend/sql/dialect/StoredReads.java:62	HashMap	cols (a read table's columns)	ESCAPES	message	core/src/main/java/com/legend/sql/dialect/StoredReads.java:97 read.get(t.alias()).keySet() in the DialectCapability text	The hash order is frozen into the LinkedHashMap kept in read, and the PIVOT refusal lists the column names in it; the other iteration (:113) only fills a lookup map.
core/src/main/java/com/legend/sql/dialect/StoredReads.java:108	HashMap	unqualified	LOOKUP		core/src/main/java/com/legend/sql/dialect/StoredReads.java:183-186 containsKey/get	Lookup only; the refusal is raised for the first expression in clause (List) order, not map order.
core/src/main/java/com/legend/sql/dialect/DuckDb.java:116	Map.of	CATALOG_ALIASES (one entry)	ITERATED-SAFE		core/src/main/java/com/legend/sql/dialect/CatalogRules.java:35 copied into a LinkedHashMap; :41 get	One entry, copied into a map that is only looked up.
core/src/main/java/com/legend/sql/dialect/Lexicon.java:25	Set.of	DUCKDB reservedWords	ITERATED-SAFE		core/src/main/java/com/legend/sql/dialect/Lexicon.java:19 copied into a LinkedHashSet; readers only contains (core/src/main/java/com/legend/sql/dialect/AnsiSqlRenderer.java:1506, H2.java:166, DdlSpelling.java:74)	The record copies the words into a set that is only asked contains (also DuckDbKeywordsTest.java:31).
core/src/main/java/com/legend/sql/dialect/Lexicon.java:50	Set.of	SQLITE reservedWords	ITERATED-SAFE		core/src/main/java/com/legend/sql/dialect/Lexicon.java:19 copied into a LinkedHashSet; readers only contains (core/src/main/java/com/legend/sql/dialect/AnsiSqlRenderer.java:1506, H2.java:166, DdlSpelling.java:74)	The record copies the words into a set that is only asked contains.
core/src/main/java/com/legend/sql/dialect/Lexicon.java:77	Set.of	H2_ENGINE_TEXT reservedWords	ITERATED-SAFE		core/src/main/java/com/legend/sql/dialect/Lexicon.java:19 copied into a LinkedHashSet; readers only contains (core/src/main/java/com/legend/sql/dialect/AnsiSqlRenderer.java:1506, H2.java:166, DdlSpelling.java:74); core/src/main/java/com/legend/sql/dialect/Lexicon.java:98 streamed into the H2 lexicon	Copied into lookup-only sets (its own and H2's); every reader asks contains.
core/src/main/java/com/legend/sql/dialect/Lexicon.java:100	LinkedHashSet collector (ordered)	H2 reservedWords	ITERATED-SAFE		core/src/main/java/com/legend/sql/dialect/Lexicon.java:19 copied into a LinkedHashSet; readers only contains (core/src/main/java/com/legend/sql/dialect/AnsiSqlRenderer.java:1506, H2.java:166, DdlSpelling.java:74)	Carries H2_ENGINE_TEXT's frozen order plus right, but the set is only asked contains.
core/src/main/java/com/legend/sql/dialect/Lexicon.java:102	Set.of	ENGINE_STYLE reservedWords (empty)	ITERATED-SAFE		core/src/main/java/com/legend/sql/dialect/Lexicon.java:19 copied into a LinkedHashSet; readers only contains (core/src/main/java/com/legend/sql/dialect/AnsiSqlRenderer.java:1506, H2.java:166, DdlSpelling.java:74)	Empty.
core/src/main/java/com/legend/sql/dialect/Lexicon.java:109	Set.of	POSTGRES reservedWords	ITERATED-SAFE		core/src/main/java/com/legend/sql/dialect/Lexicon.java:19 copied into a LinkedHashSet; readers only contains (core/src/main/java/com/legend/sql/dialect/AnsiSqlRenderer.java:1506, H2.java:166, DdlSpelling.java:74)	The record copies the words into a set that is only asked contains.
core/src/main/java/com/legend/sql/dialect/WholePartitionOrderedSets.java:30	Set.of	ORDERED_SETS	LOOKUP		core/src/main/java/com/legend/sql/dialect/WholePartitionOrderedSets.java:50 and :60 contains	Private, contains only.
core/src/main/java/com/legend/sql/dialect/Postgres.java:69	Map.of	CATALOG_RULES aliases and refused (both empty)	ITERATED-SAFE		core/src/main/java/com/legend/sql/dialect/CatalogRules.java:35-36 copied	Empty.
core/src/main/java/com/legend/sql/dialect/Postgres.java:287	Map.of	structParams (one entry)	LOOKUP		core/src/main/java/com/legend/sql/dialect/Postgres.java:263-265 containsKey/get	containsKey and get only.
core/src/main/java/com/legend/sql/dialect/Postgres.java:1111	Set.of	DATE_GRAINED	LOOKUP		core/src/main/java/com/legend/sql/dialect/Postgres.java:1100 contains	Private, contains only.
core/src/main/java/com/legend/sql/dialect/Postgres.java:1112	Set.of	TIME_GRAINED	LOOKUP		core/src/main/java/com/legend/sql/dialect/Postgres.java:1103 contains	Private, contains only.
core/src/main/java/com/legend/sql/dialect/Postgres.java:1145	Map.of	PARTS_PER_YEAR	LOOKUP		core/src/main/java/com/legend/sql/dialect/Postgres.java:1124 get	Private, get only.
core/src/main/java/com/legend/sql/dialect/Postgres.java:1146	Map.of	EPOCH_SCALE	LOOKUP		core/src/main/java/com/legend/sql/dialect/Postgres.java:1125 get	Private, get only.
core/src/main/java/com/legend/sql/dialect/Postgres.java:1168	Map.of	INTERVAL_UNITS	LOOKUP		core/src/main/java/com/legend/sql/dialect/Postgres.java:1161 get	Private, get only.
core/src/main/java/com/legend/sql/dialect/Postgres.java:1174	Map.of	CALENDAR_UNITS	LOOKUP		core/src/main/java/com/legend/sql/dialect/Postgres.java:932 get	Private, get only.
core/src/main/java/com/legend/sql/dialect/Postgres.java:1366	EnumSet.of	ordered-set aggregate functions	LOOKUP		core/src/main/java/com/legend/sql/dialect/Postgres.java:1366-1367 contains	An EnumSet (ordinal order) asked contains in place.
core/src/main/java/com/legend/sql/dialect/Postgres.java:1379	Set.of	DOUBLE_AGGREGATES	ITERATED-SAFE		core/src/main/java/com/legend/sql/dialect/Postgres.java:162 into AggregatesDeliverDouble (LinkedHashSet copy, contains); :509 and :1372 contains	Only membership is ever asked of it or its copy.
core/src/main/java/com/legend/sql/dialect/Postgres.java:1413	Map.of	FRAME_QUALIFIERS	LOOKUP		core/src/main/java/com/legend/sql/dialect/Postgres.java:1403 get	Private, get only.
core/src/main/java/com/legend/sql/dialect/Postgres.java:1416	Map.of	FRAME_DAYS_PER	LOOKUP		core/src/main/java/com/legend/sql/dialect/Postgres.java:1408 getOrDefault	Private, getOrDefault only.
core/src/main/java/com/legend/sql/dialect/RootNumericTypes.java:49	HashMap	labels	LOOKUP		core/src/main/java/com/legend/sql/dialect/RootNumericTypes.java:55 get	Filled from the ordered outputs list and read by get; projections are walked in list order.
sdlc-server/src/main/java/com/legend/sdlc/Classifiers.java:17	Map.ofEntries	BY_TYPE	LOOKUP		sdlc-server/src/main/java/com/legend/sdlc/Classifiers.java:62 get	Private, get only.
core/src/main/java/com/legend/sql/dialect/EngineStyleH2.java:551	HashSet	rootConsumed	LOOKUP		core/src/main/java/com/legend/sql/dialect/EngineStyleH2.java:357 clear, :559 add	Never iterated.
core/src/main/java/com/legend/sql/dialect/EngineStyleH2.java:556	HashSet	placeholders	LOOKUP		core/src/main/java/com/legend/sql/dialect/EngineStyleH2.java:358 clear, :538 add, :1260 contains	Never iterated.
core/src/main/java/com/legend/sql/dialect/EngineStyleH2.java:1800	Set.of	date_trunc units {week, month, quarter, year}	LOOKUP		core/src/main/java/com/legend/sql/dialect/EngineStyleH2.java:1800-1801 contains	Asked contains in place.
warehouse/src/main/java/com/legend/warehouse/sqlapi/NativeBinding.java:26	Map.of	json(token) headers {Authorization, Content-Type}	ITERATED-SAFE		warehouse/src/main/java/com/legend/warehouse/sqlapi/SqlApiBinding.java:26 Map.copyOf; warehouse/src/main/java/com/legend/warehouse/client/WarehouseClient.java:148 c.headers().forEach(b::header)	The JDK's HttpRequest.Builder keeps headers in a case-insensitive TreeMap (jdk.internal.net.http.common.HttpHeadersBuilder, checked in the pinned JDK 25 src.zip), so the request's headers go out sorted whatever the map's order.
warehouse/src/main/java/com/legend/warehouse/sqlapi/NativeBinding.java:31	Map.of	login headers (one entry)	ITERATED-SAFE		warehouse/src/main/java/com/legend/warehouse/sqlapi/SqlApiBinding.java:26 Map.copyOf; warehouse/src/main/java/com/legend/warehouse/client/WarehouseClient.java:148 c.headers().forEach(b::header)	A single header; and the JDK sorts headers anyway.
warehouse/src/main/java/com/legend/warehouse/sqlapi/NativeBinding.java:37	Map.of	refresh headers (one entry)	ITERATED-SAFE		warehouse/src/main/java/com/legend/warehouse/sqlapi/SqlApiBinding.java:26 Map.copyOf; warehouse/src/main/java/com/legend/warehouse/client/WarehouseClient.java:148 c.headers().forEach(b::header)	A single header; and the JDK sorts headers anyway.
warehouse/src/main/java/com/legend/warehouse/server/Statements.java:149	ConcurrentHashMap	runs	ITERATED-SAFE		warehouse/src/main/java/com/legend/warehouse/server/Statements.java:546 forgetOld loop	Each expired run is forgotten on its own (cancel, remove, free): the side effects commute.
warehouse/src/main/java/com/legend/warehouse/server/Statements.java:155	HashSet	o (normalized owners)	ITERATED-SAFE		warehouse/src/main/java/com/legend/warehouse/server/Statements.java:158 Set.copyOf	Copied into owners, which is only asked contains.
warehouse/src/main/java/com/legend/warehouse/server/Statements.java:158	Set.copyOf	owners	LOOKUP		warehouse/src/main/java/com/legend/warehouse/server/Statements.java:302 contains	Private, contains only.
warehouse/src/main/java/com/legend/warehouse/server/ResultEncoder.java:52	Set.of	SCALARS	LOOKUP		warehouse/src/main/java/com/legend/warehouse/server/ResultEncoder.java:45 contains	Private, contains only.
sdlc-server/src/main/java/com/legend/sdlc/Sdlc.java:64	Set.of	JAVA_KEYWORDS	LOOKUP		sdlc-server/src/main/java/com/legend/sdlc/Sdlc.java:1551 contains	Private, contains only.
sdlc-server/src/main/java/com/legend/sdlc/Sdlc.java:78	HashMap	derived (entity cache)	LOOKUP		sdlc-server/src/main/java/com/legend/sdlc/Sdlc.java:1346 get, :1353 put	Never iterated.
sdlc-server/src/main/java/com/legend/sdlc/Sdlc.java:132	Map.of	query (empty, no query string)	LOOKUP		getOrDefault/firstOrNull/intParam lookups; Sdlc.java never iterates the query map	Request parameters are only looked up by name.
sdlc-server/src/main/java/com/legend/sdlc/Sdlc.java:388	HashSet	onLine	LOOKUP		sdlc-server/src/main/java/com/legend/sdlc/Sdlc.java:389 contains	Membership only; the merge base is the first hit in the workspace history List.
sdlc-server/src/main/java/com/legend/sdlc/Sdlc.java:740	HashSet	base	LOOKUP		sdlc-server/src/main/java/com/legend/sdlc/Sdlc.java:742 contains	Membership only; output follows the git.history List.
sdlc-server/src/main/java/com/legend/sdlc/Sdlc.java:755	HashSet	revisionIds	LOOKUP		sdlc-server/src/main/java/com/legend/sdlc/Sdlc.java:767 isEmpty and contains (noneMatch over commitsOf)	Membership only.
sdlc-server/src/main/java/com/legend/sdlc/Sdlc.java:758	HashSet	types	LOOKUP		sdlc-server/src/main/java/com/legend/sdlc/Sdlc.java:770 isEmpty and contains	Membership only.
sdlc-server/src/main/java/com/legend/sdlc/Sdlc.java:1104	Map.of	q (empty)	LOOKUP		sdlc-server/src/main/java/com/legend/sdlc/Sdlc.java:1068-1070 intParam lookups in versionsOf	Only looked up by name.
sdlc-server/src/main/java/com/legend/sdlc/Sdlc.java:1252	Map.of	q (empty)	LOOKUP		sdlc-server/src/main/java/com/legend/sdlc/Sdlc.java:1068-1070 intParam lookups in versionsOf	Only looked up by name.
sdlc-server/src/main/java/com/legend/sdlc/Sdlc.java:1386	HashSet	stereotypes	LOOKUP		sdlc-server/src/main/java/com/legend/sdlc/Sdlc.java:1404-1409 isEmpty and contains	Membership only; entities are walked in List order.
sdlc-server/src/main/java/com/legend/sdlc/Sdlc.java:1481	HashSet	seen (entity paths)	LOOKUP		sdlc-server/src/main/java/com/legend/sdlc/Sdlc.java:1501 add	A dedupe by add; the duplicate reported is met in the changes array's order.
warehouse/src/main/java/com/legend/warehouse/server/WarehouseServer.java:82	Map.of	Config.postgres (empty)	ITERATED-SAFE		warehouse/src/main/java/com/legend/warehouse/server/WarehouseServer.java:171 forEach	Empty.
warehouse/src/main/java/com/legend/warehouse/server/WarehouseServer.java:108	Map.copyOf	Config.postgres	ESCAPES	behaviour	warehouse/src/main/java/com/legend/warehouse/server/WarehouseServer.java:171 config.postgres().forEach -> attach LinkedHashMap -> warehouse/src/main/java/com/legend/warehouse/server/Catalogs.java:55-61 openAttached in that order (AttachFailed thrown at :98)	withPostgres re-copies the caller's LinkedHashMap with Map.copyOf, so Postgres catalogs attach in an order that varies between JVM runs and, with two failing, which AttachFailed is thrown first (password asked, error that stops the server) varies.
warehouse/src/main/java/com/legend/warehouse/server/WarehouseServer.java:189	Set.copyOf	allowedOrigins	LOOKUP		warehouse/src/main/java/com/legend/warehouse/server/WarehouseServer.java:219 contains	Private, contains only.
warehouse/src/main/java/com/legend/warehouse/server/WarehouseServer.java:581	Map.of	SITE_TYPES	LOOKUP		warehouse/src/main/java/com/legend/warehouse/server/WarehouseServer.java:616 get	Private, get only.
warehouse/src/main/java/com/legend/warehouse/server/WarehouseServer.java:802	Files.walk	walk (temporary data dir)	ITERATED-SAFE		warehouse/src/main/java/com/legend/warehouse/server/WarehouseServer.java:803 sorted(reverseOrder())	Sorted before deleting.
warehouse/src/main/java/com/legend/warehouse/server/WarehouseServer.java:960	Map.copyOf	Config.postgres	ESCAPES	behaviour	warehouse/src/main/java/com/legend/warehouse/server/WarehouseServer.java:171 config.postgres().forEach -> attach LinkedHashMap -> warehouse/src/main/java/com/legend/warehouse/server/Catalogs.java:55-61 openAttached in that order (AttachFailed thrown at :98)	The command line's ordered LinkedHashMap (warehouse/src/main/java/com/legend/warehouse/server/WarehouseServer.java:850) becomes a Map.copyOf here, so the attach order and which failing Postgres catalog is reported or asked for first vary between JVM runs.
depot-server/src/main/java/com/legend/depot/Resolver.java:40	HashSet	Node.excluded (roots)	ITERATED-SAFE		depot-server/src/main/java/com/legend/depot/Resolver.java:59 contains; :61 copied into a new HashSet	Membership only, plus copies into other lookup sets.
depot-server/src/main/java/com/legend/depot/Resolver.java:61	HashSet	excluded (children)	ITERATED-SAFE		depot-server/src/main/java/com/legend/depot/Resolver.java:59 contains; :61 copied again one level down	Membership only, plus copies into other lookup sets.
warehouse/src/main/java/com/legend/warehouse/server/duck/Collect.java:120	Map.of	texts (empty)	ITERATED-SAFE		warehouse/src/main/java/com/legend/warehouse/server/duck/ArrowStreams.java:80-83 isEmpty guard	Empty.
warehouse/src/main/java/com/legend/warehouse/server/Authorizer.java:47	Set.of	GENERATORS	LOOKUP		warehouse/src/main/java/com/legend/warehouse/server/Authorizer.java:173 contains	Private, contains only.
warehouse/src/main/java/com/legend/warehouse/server/Authorizer.java:48	Set.of	NEVER	LOOKUP		warehouse/src/main/java/com/legend/warehouse/server/Authorizer.java:172 contains	Private, contains only.
warehouse/src/main/java/com/legend/warehouse/server/Authorizer.java:49	Set.of	DENIED_FUNCTIONS	LOOKUP		warehouse/src/main/java/com/legend/warehouse/server/Authorizer.java:179 contains	Private, contains only.
warehouse/src/main/java/com/legend/warehouse/server/Authorizer.java:55	Set.of	STRUCTURE	LOOKUP		warehouse/src/main/java/com/legend/warehouse/server/Authorizer.java:151 contains	Private, contains only.
warehouse/src/main/java/com/legend/warehouse/server/Authorizer.java:72	Set.copyOf	builtins	LOOKUP		warehouse/src/main/java/com/legend/warehouse/server/Authorizer.java:182 contains	Private, contains only.
warehouse/src/main/java/com/legend/warehouse/server/Authorizer.java:77	HashSet	out (DuckDB builtin function names)	ITERATED-SAFE		warehouse/src/main/java/com/legend/warehouse/server/WarehouseServer.java:181 -> warehouse/src/main/java/com/legend/warehouse/server/Authorizer.java:72 Set.copyOf	Copied into a set that is only asked contains.
warehouse/src/main/java/com/legend/warehouse/server/Authorizer.java:98	Set.of	ctes (empty root scope)	ITERATED-SAFE		warehouse/src/main/java/com/legend/warehouse/server/Authorizer.java:165 contains; copies at :122, :126, :138, :140	Empty; scopes are only copied and asked contains.
warehouse/src/main/java/com/legend/warehouse/server/Authorizer.java:122	HashSet	growing (CTE scope)	ITERATED-SAFE		warehouse/src/main/java/com/legend/warehouse/server/Authorizer.java:165 contains; copies at :122, :126, :138, :140	Copied into other scope sets and asked contains; the walk's order comes from the JSON tree, not the sets.
warehouse/src/main/java/com/legend/warehouse/server/Authorizer.java:126	HashSet	inner (CTE scope)	ITERATED-SAFE		warehouse/src/main/java/com/legend/warehouse/server/Authorizer.java:165 contains; copies at :122, :126, :138, :140	Only copied and asked contains.
warehouse/src/main/java/com/legend/warehouse/server/Authorizer.java:138	HashSet	outside (recursive CTE scope)	ITERATED-SAFE		warehouse/src/main/java/com/legend/warehouse/server/Authorizer.java:165 contains; copies at :122, :126, :138, :140	Only copied and asked contains.
warehouse/src/main/java/com/legend/warehouse/server/Authorizer.java:140	HashSet	inside (recursive CTE scope)	ITERATED-SAFE		warehouse/src/main/java/com/legend/warehouse/server/Authorizer.java:165 contains; copies at :122, :126, :138, :140	Only copied and asked contains.
warehouse/src/main/java/com/legend/warehouse/server/Sessions.java:61	ConcurrentHashMap	open	ITERATED-SAFE		warehouse/src/main/java/com/legend/warehouse/server/Sessions.java:97 closeIdle, :114 close	Each session is closed on its own: the side effects commute.
warehouse/src/main/java/com/legend/warehouse/server/Grants.java:69	HashSet	out (principals closure)	LOOKUP		callers only contains: warehouse/src/main/java/com/legend/warehouse/server/Grants.java:82, :94, :108 (via Authorizer, Statements, WarehouseServer)	Returned as a membership set; never iterated by any caller.
warehouse/src/main/java/com/legend/warehouse/server/Grants.java:73	Set.of	getOrDefault default (empty)	ITERATED-SAFE		warehouse/src/main/java/com/legend/warehouse/server/Grants.java:73 todo.addAll	Empty; and the closure computed is the same set whatever order roles are visited.
warehouse/src/main/java/com/legend/warehouse/server/Grants.java:159	HashSet	roles	ITERATED-SAFE		warehouse/src/main/java/com/legend/warehouse/server/Grants.java:169 Set.copyOf	Copied into Snapshot.roles, which is only asked contains (:118).
warehouse/src/main/java/com/legend/warehouse/server/Grants.java:161	HashMap	rolesOf	ITERATED-SAFE		warehouse/src/main/java/com/legend/warehouse/server/Grants.java:169 Map.copyOf	Copied into Snapshot.rolesOf, which is only read by getOrDefault (:73).
warehouse/src/main/java/com/legend/warehouse/server/Grants.java:163	HashSet	each role-member set (rolesOf values)	ITERATED-SAFE		warehouse/src/main/java/com/legend/warehouse/server/Grants.java:73 todo.addAll in principals()	Visit order changes, but the transitive-closure set it builds is the same.
warehouse/src/main/java/com/legend/warehouse/server/Grants.java:169	Set.copyOf / Map.copyOf	Snapshot.roles, Snapshot.rolesOf	LOOKUP		warehouse/src/main/java/com/legend/warehouse/server/Grants.java:118 contains, :73 getOrDefault	Lookup only.
warehouse/src/main/java/com/legend/warehouse/server/Identity.java:46	HashMap	users	ITERATED-SAFE		warehouse/src/main/java/com/legend/warehouse/server/Identity.java:71 keySet loop returning on the first equalsIgnoreCase match	An any-match: the answer does not depend on order.
core/src/main/java/com/legend/sql/dialect/SourceSpelling.java:37	HashMap	scope	LOOKUP		core/src/main/java/com/legend/sql/dialect/SourceSpelling.java:45 put, :58 get	Never iterated.
sdlc-server/src/main/java/com/legend/sdlc/server/GitStorage.java:102	Files.walk	files (storage keys)	ITERATED-SAFE		sdlc-server/src/main/java/com/legend/sdlc/server/GitStorage.java:141-143 kept filtered, then Collections.sort(kept)	The keys are sorted before they are returned.
sdlc-server/src/main/java/com/legend/sdlc/server/GitStorage.java:113	Files.walk	files (storage keys)	ITERATED-SAFE		sdlc-server/src/main/java/com/legend/sdlc/server/GitStorage.java:141-143 kept filtered, then Collections.sort(kept)	The keys are sorted before they are returned.
sdlc-server/src/main/java/com/legend/sdlc/server/GitStorage.java:123	Files.walk	files (storage keys)	ITERATED-SAFE		sdlc-server/src/main/java/com/legend/sdlc/server/GitStorage.java:141-143 kept filtered, then Collections.sort(kept)	The keys are sorted before they are returned.
sdlc-server/src/main/java/com/legend/sdlc/server/GitStorage.java:131	Files.walk	files (storage keys)	ITERATED-SAFE		sdlc-server/src/main/java/com/legend/sdlc/server/GitStorage.java:141-143 kept filtered, then Collections.sort(kept)	The keys are sorted before they are returned.
depot-server/src/main/java/com/legend/depot/Depot.java:56	Map.of	query (empty, no query string)	LOOKUP		depot-server/src/main/java/com/legend/depot/Depot.java:300-306 bool/first lookups	Request parameters are only looked up by name.
depot-server/src/main/java/com/legend/depot/Depot.java:208	HashSet	direct	LOOKUP		depot-server/src/main/java/com/legend/depot/Depot.java:213 contains (removeIf over the ordered members list)	Membership only.
depot-server/src/main/java/com/legend/depot/Depot.java:271	Map.of	excludedDependencies (empty)	ITERATED-SAFE		serialized as {}	Empty.
depot-server/src/main/java/com/legend/depot/Depot.java:272	Map.of	dependencyExclusions (empty)	ITERATED-SAFE		serialized as {}	Empty.
warehouse/src/main/java/com/legend/warehouse/sqlapi/SqlApiBinding.java:26	Map.copyOf	HttpCall.headers	ITERATED-SAFE		warehouse/src/main/java/com/legend/warehouse/client/WarehouseClient.java:148 and warehouse/src/test/java/com/legend/warehouse/WarehouseServerTest.java:70 forEach(b::header)	The JDK's HttpRequest.Builder keeps headers in a case-insensitive TreeMap (jdk.internal.net.http.common.HttpHeadersBuilder, checked in the pinned JDK 25 src.zip), so the request's headers go out sorted whatever the map's order.
warehouse/src/main/java/com/legend/warehouse/server/Catalogs.java:34	HashMap	attached	LOOKUP		warehouse/src/main/java/com/legend/warehouse/server/Catalogs.java:101 put, :131 and :137 get, :162 clear	Never iterated.
warehouse/src/main/java/com/legend/warehouse/server/Catalogs.java:37	Map.of	attach (empty)	ITERATED-SAFE		warehouse/src/main/java/com/legend/warehouse/server/Catalogs.java:55 loop	Empty.
testing/src/main/java/com/legend/testing/SourceWalk.java:24	Files.walk	walk	ITERATED-SAFE		testing/src/main/java/com/legend/testing/SourceWalk.java:26 sorted by relative path	Sorted by '/'-separated relative path.
warehouse/src/main/java/com/legend/warehouse/server/ResultStore.java:30	Files.walk	old (spilled results)	ITERATED-SAFE		warehouse/src/main/java/com/legend/warehouse/server/ResultStore.java:31 sorted(reverseOrder())	Sorted before deleting.
warehouse/src/main/java/com/legend/warehouse/server/ResultStore.java:107	Files.list	fs (one result's chunk files)	ITERATED-SAFE		warehouse/src/main/java/com/legend/warehouse/server/ResultStore.java:108 deleteIfExists each	Deleting the files of one flat directory commutes.
warehouse/src/main/java/com/legend/warehouse/server/duck/Database.java:150	HashSet	out (DuckDB keywords)	ITERATED-SAFE		warehouse/src/main/java/com/legend/warehouse/server/duck/Database.java:168 Set.copyOf	Copied into a set that is only asked contains.
warehouse/src/main/java/com/legend/warehouse/server/duck/Database.java:168	Set.copyOf	Database.keywords	LOOKUP		warehouse/src/main/java/com/legend/warehouse/server/duck/TypeNames.java:126 contains	Only asked contains.
warehouse/src/main/java/com/legend/warehouse/server/duck/AuthenticatedUser.java:40	ConcurrentHashMap	PRINCIPALS	LOOKUP		warehouse/src/main/java/com/legend/warehouse/server/duck/AuthenticatedUser.java:81 put, :109/:115/:133 get, :120 remove	Never iterated.
warehouse/src/main/java/com/legend/warehouse/server/duck/AuthenticatedUser.java:43	ConcurrentHashMap	C_NAMES	LOOKUP		warehouse/src/main/java/com/legend/warehouse/server/duck/AuthenticatedUser.java:139 computeIfAbsent	Never iterated.
warehouse/src/main/java/com/legend/warehouse/server/duck/AuthenticatedUser.java:81	ConcurrentHashMap	per-database connection -> principal map	LOOKUP		warehouse/src/main/java/com/legend/warehouse/server/duck/AuthenticatedUser.java:111 put, :116 remove, :134 get	Never iterated.
testing/src/main/java/com/legend/testing/SourceFiles.java:47	HashMap	paths (PATHS)	LOOKUP		testing/src/main/java/com/legend/testing/SourceFiles.java:113 get	Only get; listings use the TreeMap FILES.
core/src/main/java/com/legend/builtin/NativeFn.java:1182	new java.util.HashMap<>()	m (static-init local, copied into BY_PROPERTY)	ITERATED-SAFE		core/src/main/java/com/legend/builtin/NativeFn.java:1186 (LinkedHashMap copy); BY_PROPERTY read only at :1195	m is iterated only by new LinkedHashMap<>(m) into the private BY_PROPERTY, whose sole use is BY_PROPERTY.get(...) in of(), so the copied order is never observed.
core/src/main/java/com/legend/compiler/element/ClassLayouts.java:84	new java.util.concurrent.ConcurrentHashMap<>()	LayoutMemo.plain	LOOKUP		no iteration; ClassLayouts.java:93 get, :98 putIfAbsent	Private memo field of a private class; its only uses are table.get(t) and table.putIfAbsent(t, computed) in layoutOf.
core/src/main/java/com/legend/compiler/element/ClassLayouts.java:86	new java.util.concurrent.ConcurrentHashMap<>()	LayoutMemo.identity	LOOKUP		no iteration; ClassLayouts.java:93 get, :98 putIfAbsent	Same memo as .plain for the identity lane: only get and putIfAbsent.
core/src/main/java/com/legend/compiler/NameResolver.java:185	new java.util.HashSet<>(knownFqns(...))	known (becomes Scope.knownFqns)	LOOKUP		no iteration; Scope.knownFqns() read only by contains at NameResolver.java:323,352,640,654,675	known is passed to resolve() and stored in the Scope record; a repo-wide grep finds knownFqns() used only with contains(), and withTypeParams only forwards it.
core/src/main/java/com/legend/compiler/NameResolver.java:1262	new java.util.IdentityHashMap<>()	resolvedViews	LOOKUP		no iteration; put at NameResolver.java:1285, get at :1267	Identity memo of resolved schema views; filled by resolveSchema and only read by get when resolving db.views().
core/src/main/java/com/legend/compiler/spec/AsOfJoinChecker.java:77	new java.util.HashSet<>()	leftNames	LOOKUP		no iteration; add at AsOfJoinChecker.java:80, contains at :83	Filled from the left schema's columns and only used as a contains predicate for prefixedUnion.
core/src/main/java/com/legend/compiler/spec/NavigateChecker.java:212	new java.util.HashSet<>()	done	LOOKUP		no iteration; add at NavigateChecker.java:215	Seen-check (done.add) while walking the ordered list typed; the set itself is never read otherwise.
core/src/main/java/com/legend/compiler/spec/NewChecker.java:89	new java.util.HashSet<>()	supplied	LOOKUP		no iteration; add at NewChecker.java:92, contains at :110	Supplied property keys, only consulted by contains while walking the class hierarchy.
core/src/main/java/com/legend/compiler/spec/NewChecker.java:97	new java.util.HashSet<>()	seenClasses	LOOKUP		no iteration; add at NewChecker.java:101	Visited-set for the ArrayDeque hierarchy walk; walk order comes from the deque, the set is only add-checked.
core/src/main/java/com/legend/compiler/spec/NewChecker.java:206	new java.util.HashSet<>()	dseen	LOOKUP		no iteration; add at NewChecker.java:210	Visited-set for the defaults walk over the ArrayDeque dwalk; only add-checked.
core/src/main/java/com/legend/ConnectionLets.java:34	new java.util.HashSet<>()	connNames	LOOKUP		no iteration; add at ConnectionLets.java:35,44; contains at :57,69,84	Passed to rootsOnly/references/readOutsideConnArg, which only call names.contains(...).
core/src/main/java/com/legend/exec/CanonicalDivergence.java:363	new java.util.concurrent.ConcurrentHashMap<>()	SQL_CENSUS	ITERATED-SAFE		core/src/main/java/com/legend/exec/CanonicalDivergence.java:479 (new TreeMap<>(SQL_CENSUS))	Private; written only by merge() and read only through a TreeMap copy in sqlCensus(), so readers see sorted keys.
core/src/main/java/com/legend/exec/CanonicalDivergence.java:533	new java.util.concurrent.ConcurrentHashMap<>()	V7_FORMS	ITERATED-SAFE		core/src/main/java/com/legend/exec/CanonicalDivergence.java:628,743 (sums), :790 (sorted by key)	values() is iterated only to sum counters, and v7Report streams entrySet() through sorted(Map.Entry.comparingByKey()) before emitting.
core/src/main/java/com/legend/exec/CanonicalDivergence.java:535	new java.util.concurrent.ConcurrentHashMap<>()	V7_DECLINES	ITERATED-SAFE		core/src/main/java/com/legend/exec/CanonicalDivergence.java:637,711,721,731 (filtered sums), :803 (sorted by key)	Every read is a mapToLong(...).sum() or a stream sorted by key before out.add; the size-cap check depends on arrival, not hash order.
core/src/main/java/com/legend/exec/CanonicalDivergence.java:697	new java.util.concurrent.ConcurrentHashMap<>() (via Collections.newSetFromMap)	QUARANTINED_WALL_TESTS	LOOKUP		no iteration; add at CanonicalDivergence.java:701, size at :706	Private set only added to and counted with size().
core/src/main/java/com/legend/lowering/ExistsJoinForm.java:249	new java.util.HashSet<>(flat)	(anonymous set of flat)	LOOKUP		no iteration; Set.equals at ExistsJoinForm.java:250	Built only to compare with another HashSet by equals(), which is order-independent; the returned value is the ordered `reordered` tree.
core/src/main/java/com/legend/lowering/ExistsJoinForm.java:250	new java.util.HashSet<>(local)	(anonymous set of local)	LOOKUP		no iteration; argument of Set.equals at ExistsJoinForm.java:249-250	The other side of the order-independent equals() comparison.
core/src/main/java/com/legend/lowering/LiteralSpelling.java:559	new java.util.HashSet<>()	kinds	LOOKUP		no iteration; add at LiteralSpelling.java:568, size at :575	Only used to count distinct numeric kinds (kinds.size() < 2); spelled elements come from the ordered list.
core/src/main/java/com/legend/lowering/VerdictSql.java:1060	new java.util.HashMap<>()	hoisted	LOOKUP		no iteration; get at VerdictSql.java:1070, putIfAbsent at :1077	Dedupe map from CTE body to first hoisted name, walked in statement order; never iterated.
core/src/main/java/com/legend/lowering/VerdictSql.java:1096	new java.util.HashMap<>()	byLabel	LOOKUP		no iteration; put at VerdictSql.java:1098, size at :1100, get at :1102	Projections are re-emitted in the order of outs via byLabel.get(...), never in map order.
core/src/main/java/com/legend/MetamodelSeeds.java:175	new java.util.HashSet<>(extent(...))	dbs	LOOKUP		no iteration; contains at MetamodelSeeds.java:181	Membership test only; the rows are produced while iterating a TreeMap copy of resolvedStores.
core/src/main/java/com/legend/MetamodelSeeds.java:286	new java.util.HashMap<>()	ownSets	LOOKUP		no iteration; merge at MetamodelSeeds.java:288, get at :303	Per-class count of own sets, read by get for the root flag; rows follow md.classBindings() order.
core/src/main/java/com/legend/MetamodelSeeds.java:345	new java.util.HashMap<>()	SetGraph.includeOrder	LOOKUP		no iteration; computeIfAbsent at MetamodelSeeds.java:351, getOrDefault at :371	Private field keyed by mapping; the ordered ArrayList value is iterated, never the map.
core/src/main/java/com/legend/MetamodelSeeds.java:346	new java.util.HashMap<>()	SetGraph.byKey	LOOKUP		no iteration; putIfAbsent at MetamodelSeeds.java:354, get at :372	Private field read only by get in superOf.
core/src/main/java/com/legend/MetamodelSeeds.java:732	new java.util.HashMap<>()	out (return of legacySets)	LOOKUP		no iteration; sole caller OpSeeds.java:140 does .get(owner.id())	legacySets' result is cached in legacyByMapping and only read by get(owner.id()).
core/src/main/java/com/legend/normalizer/StoreSubstitutionRewrite.java:258	new java.util.HashSet<>()	listed	LOOKUP		no iteration; add at StoreSubstitutionRewrite.java:263	Duplicate-include check over the ordered md.includes(); the first duplicate met in list order throws.
core/src/main/java/com/legend/parser/ElementParser.java:1520	new java.util.HashSet<>()	seenKeys	LOOKUP		no iteration; TokenStreamCursor.once at ElementParser.java:1524,1527	once() only does seen.add(key) and throws on a duplicate (TokenStreamCursor.java:300-317).
core/src/main/java/com/legend/parser/section/ConnectionSectionGrammar.java:192	new java.util.HashSet<>()	seenKeys	LOOKUP		no iteration; once at ConnectionSectionGrammar.java:195	Only passed to TokenStreamCursor.once, which does seen.add(key) and throws on a duplicate (TokenStreamCursor.java:300-317).
core/src/main/java/com/legend/parser/section/ConnectionSectionGrammar.java:269	new java.util.HashSet<>()	seenKeys2	LOOKUP		no iteration; once at ConnectionSectionGrammar.java:272	Only passed to TokenStreamCursor.once, which does seen.add(key) and throws on a duplicate (TokenStreamCursor.java:300-317).
core/src/main/java/com/legend/parser/section/ConnectionSectionGrammar.java:314	new java.util.HashSet<>()	seenKeys3	LOOKUP		no iteration; once at ConnectionSectionGrammar.java:317	Only passed to TokenStreamCursor.once, which does seen.add(key) and throws on a duplicate (TokenStreamCursor.java:300-317).
core/src/main/java/com/legend/parser/section/ConnectionSectionGrammar.java:400	new java.util.HashSet<>()	seenKeys4	LOOKUP		no iteration; once at ConnectionSectionGrammar.java:404	Only passed to TokenStreamCursor.once, which does seen.add(key) and throws on a duplicate (TokenStreamCursor.java:300-317).
core/src/main/java/com/legend/parser/section/ConnectionSectionGrammar.java:514	new java.util.HashSet<>()	seenKeys	LOOKUP		no iteration; never referenced after the declaration (method parseRelationalConnectionBody uses seenKeys5)	Dead local: grep finds no other use of this seenKeys in its method.
core/src/main/java/com/legend/parser/section/ConnectionSectionGrammar.java:515	new java.util.HashSet<>()	seenKeys5	LOOKUP		no iteration; once at ConnectionSectionGrammar.java:519	Only passed to TokenStreamCursor.once, which does seen.add(key) and throws on a duplicate (TokenStreamCursor.java:300-317).
core/src/main/java/com/legend/parser/section/ConnectionSectionGrammar.java:572	new java.util.HashSet<>()	seenGk	LOOKUP		no iteration; add at ConnectionSectionGrammar.java:577	Duplicate-key check: !seenGk.add(gk) throws for the key just parsed, never iterated.
core/src/main/java/com/legend/parser/section/ConnectionSectionGrammar.java:764	new java.util.HashSet<>()	seenKeys6	LOOKUP		no iteration; once at ConnectionSectionGrammar.java:767	Only passed to TokenStreamCursor.once, which does seen.add(key) and throws on a duplicate (TokenStreamCursor.java:300-317).
core/src/main/java/com/legend/parser/section/ConnectionSectionGrammar.java:791	new java.util.HashMap<>()	kv	ESCAPES	message	core/src/main/java/com/legend/parser/section/ConnectionSectionGrammar.java:809 (for (String k : kv.keySet()))	The loop throws c.error("unknown " + flavor + " mapper key: " + k) for the first unknown key in hash order, so with two unknown keys the message names whichever hashes first (the throw itself and its cursor position do not depend on order).
core/src/main/java/com/legend/parser/section/ConnectionSectionGrammar.java:792	new java.util.HashSet<>()	seenKeys7	LOOKUP		no iteration; once at ConnectionSectionGrammar.java:795	Only passed to TokenStreamCursor.once, which does seen.add(key) and throws on a duplicate (TokenStreamCursor.java:300-317).
core/src/main/java/com/legend/parser/section/ConnectionSectionGrammar.java:843	new java.util.HashSet<>()	seenKeys8	LOOKUP		no iteration; once at ConnectionSectionGrammar.java:846	Only passed to TokenStreamCursor.once, which does seen.add(key) and throws on a duplicate (TokenStreamCursor.java:300-317).
core/src/main/java/com/legend/parser/section/ConnectionSectionGrammar.java:887	new java.util.HashSet<>()	seenKeys10	LOOKUP		no iteration; once at ConnectionSectionGrammar.java:890	Only passed to TokenStreamCursor.once, which does seen.add(key) and throws on a duplicate (TokenStreamCursor.java:300-317).
core/src/main/java/com/legend/parser/section/ConnectionSectionGrammar.java:923	new java.util.HashSet<>()	seenKeys12	LOOKUP		no iteration; once at ConnectionSectionGrammar.java:926	Only passed to TokenStreamCursor.once, which does seen.add(key) and throws on a duplicate (TokenStreamCursor.java:300-317).
core/src/main/java/com/legend/parser/section/ConnectionSectionGrammar.java:955	new java.util.HashSet<>()	seenKeys13	LOOKUP		no iteration; once at ConnectionSectionGrammar.java:958	Only passed to TokenStreamCursor.once, which does seen.add(key) and throws on a duplicate (TokenStreamCursor.java:300-317).
core/src/main/java/com/legend/parser/section/ConnectionSectionGrammar.java:986	new java.util.HashSet<>()	seenKeys14	LOOKUP		no iteration; once at ConnectionSectionGrammar.java:989	Only passed to TokenStreamCursor.once, which does seen.add(key) and throws on a duplicate (TokenStreamCursor.java:300-317).
core/src/main/java/com/legend/parser/section/ConnectionSectionGrammar.java:1016	new java.util.HashSet<>()	seenEh	LOOKUP		no iteration; once at ConnectionSectionGrammar.java:1019	Only passed to TokenStreamCursor.once, which does seen.add(key) and throws on a duplicate (TokenStreamCursor.java:300-317).
core/src/main/java/com/legend/parser/section/ConnectionSectionGrammar.java:1054	new java.util.HashSet<>()	seenKeys9	LOOKUP		no iteration; once at ConnectionSectionGrammar.java:1057	Only passed to TokenStreamCursor.once, which does seen.add(key) and throws on a duplicate (TokenStreamCursor.java:300-317).
core/src/main/java/com/legend/parser/section/ConnectionSectionGrammar.java:1113	new java.util.HashSet<>()	seenKeys15	LOOKUP		no iteration; once at ConnectionSectionGrammar.java:1116	Only passed to TokenStreamCursor.once, which does seen.add(key) and throws on a duplicate (TokenStreamCursor.java:300-317).
core/src/main/java/com/legend/parser/section/ConnectionSectionGrammar.java:1156	new java.util.HashSet<>()	seenKeys16	LOOKUP		no iteration; once at ConnectionSectionGrammar.java:1159	Only passed to TokenStreamCursor.once, which does seen.add(key) and throws on a duplicate (TokenStreamCursor.java:300-317).
core/src/main/java/com/legend/parser/section/ConnectionSectionGrammar.java:1183	new java.util.HashSet<>()	seenKeys17	LOOKUP		no iteration; once at ConnectionSectionGrammar.java:1186	Only passed to TokenStreamCursor.once, which does seen.add(key) and throws on a duplicate (TokenStreamCursor.java:300-317).
core/src/main/java/com/legend/parser/section/ConnectionSectionGrammar.java:1207	new java.util.HashSet<>()	seenKeys18	LOOKUP		no iteration; once at ConnectionSectionGrammar.java:1210	Only passed to TokenStreamCursor.once, which does seen.add(key) and throws on a duplicate (TokenStreamCursor.java:300-317).
core/src/main/java/com/legend/parser/section/ConnectionSectionGrammar.java:1238	new java.util.HashSet<>()	seenKeys19	LOOKUP		no iteration; once at ConnectionSectionGrammar.java:1241	Only passed to TokenStreamCursor.once, which does seen.add(key) and throws on a duplicate (TokenStreamCursor.java:300-317).
core/src/main/java/com/legend/parser/section/ConnectionSectionGrammar.java:1278	new java.util.HashSet<>()	seenKeys20	LOOKUP		no iteration; once at ConnectionSectionGrammar.java:1281	Only passed to TokenStreamCursor.once, which does seen.add(key) and throws on a duplicate (TokenStreamCursor.java:300-317).
core/src/main/java/com/legend/parser/section/ConnectionSectionGrammar.java:1300	new java.util.HashSet<>()	seenKeys21	LOOKUP		no iteration; once at ConnectionSectionGrammar.java:1303	Only passed to TokenStreamCursor.once, which does seen.add(key) and throws on a duplicate (TokenStreamCursor.java:300-317).
core/src/main/java/com/legend/parser/section/ConnectionSectionGrammar.java:1402	new java.util.HashSet<>()	seenKeys11	LOOKUP		no iteration; once at ConnectionSectionGrammar.java:1405	Only passed to TokenStreamCursor.once, which does seen.add(key) and throws on a duplicate (TokenStreamCursor.java:300-317).
core/src/main/java/com/legend/parser/section/ConnectionSectionGrammar.java:1458	new java.util.HashSet<>()	seen	LOOKUP		no iteration; once at ConnectionSectionGrammar.java:1461	Only passed to TokenStreamCursor.once, which does seen.add(key) and throws on a duplicate (TokenStreamCursor.java:300-317).
core/src/main/java/com/legend/parser/section/ConnectionSectionGrammar.java:1497	new java.util.HashSet<>()	seen	LOOKUP		no iteration; once at ConnectionSectionGrammar.java:1500	Only passed to TokenStreamCursor.once, which does seen.add(key) and throws on a duplicate (TokenStreamCursor.java:300-317).
core/src/main/java/com/legend/parser/section/ConnectionSectionGrammar.java:1531	new java.util.HashSet<>()	seen	LOOKUP		no iteration; once at ConnectionSectionGrammar.java:1534	Only passed to TokenStreamCursor.once, which does seen.add(key) and throws on a duplicate (TokenStreamCursor.java:300-317).
core/src/main/java/com/legend/parser/section/ConnectionSectionGrammar.java:1565	new java.util.HashSet<>()	seen	LOOKUP		no iteration; once at ConnectionSectionGrammar.java:1568	Only passed to TokenStreamCursor.once, which does seen.add(key) and throws on a duplicate (TokenStreamCursor.java:300-317).
core/src/main/java/com/legend/parser/section/ConnectionSectionGrammar.java:1612	new java.util.HashSet<>()	seen	LOOKUP		no iteration; once at ConnectionSectionGrammar.java:1615	Only passed to TokenStreamCursor.once, which does seen.add(key) and throws on a duplicate (TokenStreamCursor.java:300-317).
core/src/main/java/com/legend/parser/section/ConnectionSectionGrammar.java:1651	new java.util.HashSet<>()	seen	LOOKUP		no iteration; once at ConnectionSectionGrammar.java:1654	Only passed to TokenStreamCursor.once, which does seen.add(key) and throws on a duplicate (TokenStreamCursor.java:300-317).
core/src/main/java/com/legend/parser/section/ConnectionSectionGrammar.java:1684	new java.util.HashSet<>()	seen	LOOKUP		no iteration; once at ConnectionSectionGrammar.java:1687	Only passed to TokenStreamCursor.once, which does seen.add(key) and throws on a duplicate (TokenStreamCursor.java:300-317).
core/src/main/java/com/legend/parser/section/ConnectionSectionGrammar.java:1700	new java.util.HashSet<>()	seenSsl	LOOKUP		no iteration; once at ConnectionSectionGrammar.java:1703	Only passed to TokenStreamCursor.once, which does seen.add(key) and throws on a duplicate (TokenStreamCursor.java:300-317).
core/src/main/java/com/legend/parser/section/ConnectionSectionGrammar.java:1743	new java.util.HashSet<>()	seenTk	LOOKUP		no iteration; once at ConnectionSectionGrammar.java:1746	Only passed to TokenStreamCursor.once, which does seen.add(key) and throws on a duplicate (TokenStreamCursor.java:300-317).
core/src/main/java/com/legend/parser/section/ConnectionSectionGrammar.java:1774	new java.util.HashSet<>()	seenWif	LOOKUP		no iteration; once at ConnectionSectionGrammar.java:1777	Only passed to TokenStreamCursor.once, which does seen.add(key) and throws on a duplicate (TokenStreamCursor.java:300-317).
core/src/main/java/com/legend/parser/section/ConnectionSectionGrammar.java:1832	new java.util.HashSet<>()	seen	LOOKUP		no iteration; once at ConnectionSectionGrammar.java:1835	Only passed to TokenStreamCursor.once, which does seen.add(key) and throws on a duplicate (TokenStreamCursor.java:300-317).
core/src/main/java/com/legend/parser/section/ConnectionSectionGrammar.java:1865	new java.util.HashSet<>()	seenEs	LOOKUP		no iteration; once at ConnectionSectionGrammar.java:1869	Only passed to TokenStreamCursor.once, which does seen.add(key) and throws on a duplicate (TokenStreamCursor.java:300-317).
core/src/main/java/com/legend/parser/section/ConnectionSectionGrammar.java:2181	new java.util.HashSet<>()	seen	LOOKUP		no iteration; once at ConnectionSectionGrammar.java:2184	Only passed to TokenStreamCursor.once, which does seen.add(key) and throws on a duplicate (TokenStreamCursor.java:300-317).
core/src/main/java/com/legend/parser/section/ConnectionSectionGrammar.java:2224	new java.util.HashSet<>()	seen	LOOKUP		no iteration; once at ConnectionSectionGrammar.java:2227	Only passed to TokenStreamCursor.once, which does seen.add(key) and throws on a duplicate (TokenStreamCursor.java:300-317).
core/src/main/java/com/legend/parser/section/ConnectionSectionGrammar.java:2241	new java.util.HashSet<>()	seenIdp	LOOKUP		no iteration; once at ConnectionSectionGrammar.java:2245	Only passed to TokenStreamCursor.once, which does seen.add(key) and throws on a duplicate (TokenStreamCursor.java:300-317).
core/src/main/java/com/legend/parser/section/ConnectionSectionGrammar.java:2276	new java.util.HashSet<>()	seenW	LOOKUP		no iteration; once at ConnectionSectionGrammar.java:2280	Only passed to TokenStreamCursor.once, which does seen.add(key) and throws on a duplicate (TokenStreamCursor.java:300-317).
core/src/main/java/com/legend/parser/section/ConnectionSectionGrammar.java:2336	new java.util.HashSet<>()	seen	LOOKUP		no iteration; once at ConnectionSectionGrammar.java:2339	Only passed to TokenStreamCursor.once, which does seen.add(key) and throws on a duplicate (TokenStreamCursor.java:300-317).
core/src/main/java/com/legend/parser/section/ElasticsearchSectionGrammar.java:51	new java.util.HashSet<>()	seenKeys	LOOKUP		no iteration; once at ElasticsearchSectionGrammar.java:54	Only passed to TokenStreamCursor.once, which does seen.add(key) and throws on a duplicate (TokenStreamCursor.java:300-317).
core/src/main/java/com/legend/parser/section/ElasticsearchSectionGrammar.java:145	new java.util.HashSet<>()	names	LOOKUP		no iteration; add at ElasticsearchSectionGrammar.java:147	Duplicate-name check over the ordered list `into`; the first duplicate in list order throws.
core/src/main/java/com/legend/parser/section/ExternalFormatSectionGrammar.java:66	new java.util.HashSet<>()	seenKeys	LOOKUP		no iteration; once at ExternalFormatSectionGrammar.java:70	Only passed to TokenStreamCursor.once, which does seen.add(key) and throws on a duplicate (TokenStreamCursor.java:300-317).
core/src/main/java/com/legend/parser/section/ExternalFormatSectionGrammar.java:116	new java.util.HashSet<>()	seenSchemaKeys	LOOKUP		no iteration; once at ExternalFormatSectionGrammar.java:121	Only passed to TokenStreamCursor.once, which does seen.add(key) and throws on a duplicate (TokenStreamCursor.java:300-317).
core/src/main/java/com/legend/parser/section/ExternalFormatSectionGrammar.java:158	new java.util.HashSet<>()	seenKeys2	LOOKUP		no iteration; once at ExternalFormatSectionGrammar.java:161	Only passed to TokenStreamCursor.once, which does seen.add(key) and throws on a duplicate (TokenStreamCursor.java:300-317).
core/src/main/java/com/legend/parser/section/GenerationSpecificationSectionGrammar.java:49	new java.util.HashSet<>()	seenKeys	LOOKUP		no iteration; once at GenerationSpecificationSectionGrammar.java:52	Only passed to TokenStreamCursor.once, which does seen.add(key) and throws on a duplicate (TokenStreamCursor.java:300-317).
core/src/main/java/com/legend/parser/section/ServiceStoreSectionGrammar.java:78	new java.util.HashSet<>()	ids	LOOKUP		no iteration; add at ServiceStoreSectionGrammar.java:81	Seen-check over the ordered elements list; duplicates are collected in the ArrayList dup (element order) that the message prints.
core/src/main/java/com/legend/platform/ImplementationTable.java:165	new java.util.HashSet<>()	catalogFqns	LOOKUP		no iteration; add at ImplementationTable.java:167,178; contains at :244	Only added to and tested with contains while building rows in declarations.ids() order.
core/src/main/java/com/legend/resolver/Anchors.java:67	new java.util.IdentityHashMap<>()	memo	LOOKUP		no iteration; get at Anchors.java:71, put at :128	Private identity memo of anchored(); only get/put (the class doc says it is never iterated).
core/src/main/java/com/legend/resolver/Anchors.java:133	new java.util.IdentityHashMap<>()	spaceMemo	LOOKUP		no iteration; get at Anchors.java:141, put at :148	Private identity memo of spaceOf(); only get/put.
core/src/main/java/com/legend/resolver/ElementReferences.java:219	new java.util.HashSet<>()	seen (argument of declaringDatabase)	LOOKUP		no iteration; add at ElementReferences.java:226	Cycle guard for the include walk; only seen.add(dbFqn), the walk follows the ordered db.includes().
core/src/main/java/com/legend/server/DiagramService.java:243	new java.util.HashSet<>()	fqns	ESCAPES	output	core/src/main/java/com/legend/server/DiagramService.java:257 (for (String fqn : fqns) ... return fqn)	For a written name that is neither an exact FQN nor in the referencing package, the first class FQN in hash order with that simple name wins, and it becomes the generalisation parent / association source/target that toJson emits in the HTTP diagram answer.
core/src/main/java/com/legend/sql/dialect/EngineStyleH2.java:393	new java.util.HashSet<>()	phCols	LOOKUP		no iteration; add at EngineStyleH2.java:399, contains at :409	Placeholder-owned column names, only tested with contains while mapping s.outputs() in order.
core/src/main/java/com/legend/sql/dialect/StableScanOrder.java:43	new java.util.HashMap<>()	cteOrds	LOOKUP		no iteration; clear :48, put :66, get :123,164,440	Private per-statement map read only by cteOrds.get(c.name()); the ordered List values are iterated, never the map.
core/src/main/java/com/legend/sql/dialect/StableScanOrder.java:87	new java.util.HashSet<>()	out (return of framesNeedingOrder, local needs)	LOOKUP		no iteration; add at StableScanOrder.java:108, contains at :59	Returned to rewriteRoot as needs, used only in needs.contains(c.name()) while walking w.ctes() in order.
core/src/main/java/com/legend/SqlTextVerdicts.java:708	new java.util.HashSet<>()	seenVars	LOOKUP		no iteration; add at SqlTextVerdicts.java:736	Visited-set (seenVars.add(tv.name())) for the work-list walk; the walk order comes from the work list, not the set.
core/src/main/java/com/legend/SqlTextVerdicts.java:933	new java.util.HashSet<>()	seenVars	LOOKUP		no iteration; add at SqlTextVerdicts.java:943	Visited-set (seenVars.add(tv.name())) for the work-list walk; the walk order comes from the work list, not the set.
core/src/main/java/com/legend/SqlTextVerdicts.java:1269	new java.util.HashSet<>()	seenVars	LOOKUP		no iteration; add at SqlTextVerdicts.java:1289	Visited-set (seenVars.add(tv.name())) for the work-list walk; the walk order comes from the work list, not the set.
core/src/main/java/com/legend/SqlTextVerdicts.java:1495	new java.util.HashSet<>()	seenVars	LOOKUP		no iteration; add at SqlTextVerdicts.java:1516	Visited-set (seenVars.add(tv.name())) for the work-list walk; the walk order comes from the work list, not the set.
core/src/main/java/com/legend/StatementExecutor.java:1917	new java.util.HashSet<>()	Established.done	LOOKUP		no iteration; contains at StatementExecutor.java:1886, add at :1907	Set of established SeedSources per session, only tested and added to.
core/src/main/java/com/legend/StatementExecutor.java:1921	new java.util.HashMap<>()	Established.wireTypes	LOOKUP		no iteration; returned by wireMemo (:1968) and used only by computeIfAbsent at exec/WireTypes.java:66,109	Memo of reported column types per SQL text; WireTypes only calls memo.computeIfAbsent(...).
core/src/main/java/com/legend/StatementExecutor.java:1962	new java.util.WeakHashMap<>() (in Collections.synchronizedMap)	ESTABLISHED	LOOKUP		no iteration; computeIfAbsent at StatementExecutor.java:1884,1968, get at :1974	Private per-connection state map, only computeIfAbsent and get.
core/src/main/java/com/legend/StatementExecutor.java:3140	new java.util.HashSet<>()	needed	LOOKUP		no iteration; add via collectVariableRefs, contains at StatementExecutor.java:3150	Free-variable names; the kept lets follow body order, the set is only tested with contains.
core/src/main/java/com/legend/testdatagen/TestDataGenerator.java:981	new java.util.HashSet<>()	textCols	LOOKUP		no iteration; add at TestDataGenerator.java:988, contains at :994	Text-column names from the metadata read; projections follow the sorted list cs, the set is only tested with contains.
core/src/main/java/com/legend/builtin/DynaFn.java:333	HashMap	m (static init of BY_NAME)	ITERATED-SAFE		DynaFn.java:337 (copy into LinkedHashMap); BY_NAME read only by get at DynaFn.java:344	m is filled from values() and copied once into BY_NAME, a private map whose only use is BY_NAME.get(dynaName), so its order is never observed.
core/src/main/java/com/legend/compiler/BareNames.java:101	HashMap	at	LOOKUP		none (get/put at BareNames.java:103,106)	Memo of natives per FQN; the output list is built in tiered(name) order, the map is only get/put.
core/src/main/java/com/legend/compiler/BareNames.java:117	HashSet	seen	LOOKUP		none (add at BareNames.java:119)	Dedupe guard while iterating the ordered catalogTiered list; the set itself is never iterated.
core/src/main/java/com/legend/compiler/element/ModelIntegrity.java:118	HashSet	propertyNames	LOOKUP		none (add at ModelIntegrity.java:120)	Duplicate-property check over the ordered cd.properties() list; only add is called.
core/src/main/java/com/legend/compiler/element/ModelIntegrity.java:162	HashSet	seen	LOOKUP		none (add at ModelIntegrity.java:165)	Duplicate-signature check over the ordered functions stream; only add is called.
core/src/main/java/com/legend/compiler/element/ModelIntegrity.java:244	HashSet	seen	LOOKUP		none (add at ModelIntegrity.java:246)	Duplicate-enum-value check over the ordered ed.values() list; only add is called.
core/src/main/java/com/legend/compiler/element/ModelIntegrity.java:265	HashSet	acyclic	LOOKUP		none (contains/add in walkSupers ModelIntegrity.java:274,294)	Memo of classes proven acyclic; walkSupers only calls contains and add, the cycle path is a separate LinkedHashSet.
core/src/main/java/com/legend/compiler/element/PureModelContext.java:86	ConcurrentHashMap	derivedCache	LOOKUP		none (get/putIfAbsent at PureModelContext.java:267-271; shared by reference at :559)	The derived-fact memo is only get/putIfAbsent; no code iterates it.
core/src/main/java/com/legend/compiler/element/PureModelContext.java:104	IdentityHashMap (newSetFromMap)	CheckedLayer.elements	ITERATED-SAFE		PureModelContext.java:123 (addAll into another identity set)	Read only by contains (PureModelContext.java:108, the fresh predicate in ModelIntegrity); the one iteration copies it into another identity set used the same way.
core/src/main/java/com/legend/compiler/element/PureModelContext.java:105	HashSet	CheckedLayer.signatureKeys	ITERATED-SAFE		PureModelContext.java:124 (addAll into another HashSet), :125 removeAll	signatureKeys() is consumed at ModelIntegrity.java:75 as priorKeys, used only by priorKeys.contains (ModelIntegrity.java:165); copies/removals commute.
core/src/main/java/com/legend/compiler/element/PureModelContext.java:198	ConcurrentHashMap	Reach.of	LOOKUP		none (get at PureModelContext.java:234, putIfAbsent at :256)	Per-class reach memo; only get/putIfAbsent, never iterated.
core/src/main/java/com/legend/compiler/element/PureModelContext.java:238	HashSet	out (reach walk)	ITERATED-SAFE		PureModelContext.java:255 (copy into LinkedHashSet -> Walked.classes)	Walked.classes() (private record) is read only by contains at PureModelContext.java:220-221; the failure field comes from the ordered ArrayDeque walk, not from this set.
core/src/main/java/com/legend/compiler/element/PureModelContext.java:322	HashSet	all (resolutionUniverse iterator)	ITERATED-SAFE		PureModelContext.java:324 (iterator()); no lite caller iterates	The only consumers of resolutionUniverse() (Compiler.java:654, ChannelB.java:274) pass it to NameResolver, whose Scope.knownFqns is used only via contains (NameResolver.java:323,352,640,654,675); nothing calls iterator().
core/src/main/java/com/legend/compiler/element/PureModelContext.java:329	HashSet	all (resolutionUniverse size)	LOOKUP		none (size at PureModelContext.java:331)	Built only to answer size(), which does not depend on order.
core/src/main/java/com/legend/compiler/element/PureModelContext.java:338	HashSet	out (elementFqns() return)	ESCAPES	behaviour	ClassMapping.java:74-76 (first match wins), reached via StoreResolver.java:612 -> GenericTypeReflection.java:63 -> :94	elementFqns() is passed as modelFqns to GenericTypeReflection.rawTypeProjection, whose classOfWitnessPrefix returns the FIRST element whose re-mangled prefix equals the witness; two FQNs that mangle alike (my::A__B and my::A::B, the TextSurgeryPinTest case) pick by HashSet order and the emitted rawType cell (simpleName "A__B" vs "B") changes. Other callers (ScanRelations.java:2084 unique-match, UserCallInliner.java:741 map build, PureModelContext.java:443 package index) are order-independent.
core/src/main/java/com/legend/compiler/element/PureModelContext.java:459	HashSet	packages	LOOKUP		none (isEmpty/add/contains at PureModelContext.java:442,451,455)	Package index built once from elementFqns() and only asked contains.
core/src/main/java/com/legend/compiler/element/PureModelContext.java:722	HashSet	seen (milestoningWithIncludes)	LOOKUP		none (add at PureModelContext.java:739)	Cycle guard over the ordered db.includes() list; only add is called.
core/src/main/java/com/legend/compiler/element/PureModelContext.java:806	HashSet	out (functionFqns() return)	ITERATED-SAFE		Compiler.java:824 (new TreeSet), EagerCorpusCompileProbe.java:34,56 (counts/TreeMap merge)	Every caller sorts it into a TreeSet first (Compiler.java:824, ManifestWorldCensusTest.java:249, OurResolutions.java:99, SpecBodyCensusTest.java:166) or only counts/merges into TreeMaps (EagerCorpusCompileProbe).
core/src/main/java/com/legend/compiler/element/Temporal.java:119	HashSet	seen	LOOKUP		none (add at Temporal.java:123)	Cycle guard in a BFS over an ordered ArrayDeque; only add is called.
core/src/main/java/com/legend/compiler/element/type/Type.java:602	HashSet	seen	LOOKUP		none (add at Type.java:604)	Duplicate-column check over the ordered columns list; only add is called.
core/src/main/java/com/legend/compiler/element/type/Type.java:609	HashSet	dynSeen	LOOKUP		none (add at Type.java:611)	Duplicate dynamic-column check over the ordered dynamicColumns list; only add is called.
core/src/main/java/com/legend/compiler/KnowledgeLayer.java:52	ConcurrentHashMap	reach	LOOKUP		none (get at KnowledgeLayer.java:121, putIfAbsent at :135)	Per-class reach memo; only get/putIfAbsent, never iterated.
core/src/main/java/com/legend/compiler/KnowledgeLayer.java:56	HashMap	derived	LOOKUP		none (get/put at KnowledgeLayer.java:65,68)	Derived-fact memo keyed by Class; only get/put.
core/src/main/java/com/legend/compiler/KnowledgeLayer.java:125	HashSet	out (reach walk)	ITERATED-SAFE		KnowledgeLayer.java:134 (copy into LinkedHashSet)	The frozen copy is returned by the private reach(), whose only use is reach(child).contains(parent) at KnowledgeLayer.java:117.
core/src/main/java/com/legend/compiler/KnowledgeLayer.java:217	HashSet	seen (lineage)	LOOKUP		none (add at KnowledgeLayer.java:222)	Cycle guard; the lineage list is built in ArrayDeque BFS order.
core/src/main/java/com/legend/compiler/KnowledgeLayer.java:251	HashSet	visited (propertyType)	LOOKUP		none (add at KnowledgeLayer.java:256)	Recursion cycle guard; only add is called.
core/src/main/java/com/legend/compiler/KnowledgeLayer.java:281	HashSet	visited (propertyDef)	LOOKUP		none (add at KnowledgeLayer.java:286)	Recursion cycle guard; only add is called.
core/src/main/java/com/legend/compiler/KnowledgeLayer.java:316	HashSet	visited (derivedInline)	LOOKUP		none (add at KnowledgeLayer.java:321)	Recursion cycle guard; only add is called.
core/src/main/java/com/legend/compiler/KnowledgeLayer.java:377	HashSet	seen (columnKind)	LOOKUP		none (add at KnowledgeLayer.java:382)	Recursion cycle guard through views; only add is called.
core/src/main/java/com/legend/compiler/spec/Env.java:115	HashSet	seen	LOOKUP		none (add at Env.java:117)	Alias-chain cycle guard; only add is called.
core/src/main/java/com/legend/compiler/spec/InferenceKernel.java:852	HashSet	resolving	LOOKUP		none (add/remove at InferenceKernel.java:892,899)	Cycle guard during type resolution; only add/remove.
core/src/main/java/com/legend/compiler/spec/InferenceKernel.java:863	HashSet	rigid frame (copy of names)	LOOKUP		none (contains at InferenceKernel.java:872)	Pushed on rigidFrames and only asked contains via isRigid.
core/src/main/java/com/legend/compiler/spec/InferenceKernel.java:1028	HashSet	seen	LOOKUP		none (add at InferenceKernel.java:1029)	Multiplicity-variable chain cycle guard; only add is called.
core/src/main/java/com/legend/compiler/spec/SeededStores.java:45	HashMap	lets (top-level)	LOOKUP		none (get at SeededStores.java:65)	Let-name to store-ref map; collect only calls lets.get; output set is a LinkedHashSet.
core/src/main/java/com/legend/compiler/spec/SeededStores.java:79	HashMap	bodyLets	LOOKUP		none (put at SeededStores.java:83, get at :65)	Callee let map; only put/get.
core/src/main/java/com/legend/compiler/spec/typed/ContextReading.java:447	IdentityHashMap (newSetFromMap)	lambdaBound	LOOKUP		none (add at ContextReading.java:454, contains at :472)	Identity membership set; never iterated.
core/src/main/java/com/legend/compiler/spec/typed/ContextReading.java:449	IdentityHashMap (newSetFromMap)	scoped	LOOKUP		none (add at ContextReading.java:55,475,479)	Identity "already scoped" guard; only add.
core/src/main/java/com/legend/compiler/spec/typed/ContextReading.java:459	HashSet	inner (shadows)	ITERATED-SAFE		ContextReading.java:459 (copied again by a nested lambda)	Used as shadows: contains at ContextReading.java:453; its only iteration is the copy into another HashSet for a nested lambda.
core/src/main/java/com/legend/compiler/spec/typed/ContextReading.java:654	HashMap	lets	LOOKUP		none (put at ContextReading.java:700, get at :1011)	Raw let map for constant folding; only put/get.
core/src/main/java/com/legend/compiler/spec/typed/ContextReading.java:709	HashMap	inner (nested helper lets)	LOOKUP		none (put at ContextReading.java:700, get at :1011)	Fresh let scope for a nested helper body; only put/get.
core/src/main/java/com/legend/compiler/spec/typed/ContextReading.java:905	IdentityHashMap (newSetFromMap)	seen (timeZone walk)	LOOKUP		none (add at ContextReading.java:908)	Identity cycle guard over an ordered ArrayDeque walk; only add.
core/src/main/java/com/legend/compiler/TableIndex.java:58	IdentityHashMap (newSetFromMap)	inSchemas	LOOKUP		none (add at TableIndex.java:64, contains at :69)	Identity membership of schema-owned tabular functions; never iterated.
core/src/main/java/com/legend/exec/SqlTypeCensus.java:392	HashSet	WireWatch.valued	LOOKUP		none (add at SqlTypeCensus.java:431, contains at :477,:494)	Columns that delivered a value; only add/contains.
core/src/main/java/com/legend/exec/SqlTypeCensus.java:397	HashMap	WireWatch.required	LOOKUP		none (put at SqlTypeCensus.java:260, containsKey at :443, get at :465)	Watched required columns by index; only put/containsKey/get.
core/src/main/java/com/legend/exec/SqlTypeCensus.java:399	HashSet	WireWatch.nulled	ESCAPES	test-only	SqlTypeCensus.java:464 (for col : w.nulled) -> sample() at :836-842	Iteration order decides which witnesses enter the per-class SAMPLES list (capped at 3, insertion-ordered) when two columns share a class; only the census report reads it (counters commute).
core/src/main/java/com/legend/exec/SqlTypeCensus.java:403	HashMap	WireWatch.loose	ESCAPES	test-only	SqlTypeCensus.java:491 (for c : w.loose.values()) -> SLACK_SAMPLES ws.add at :499-503 -> slackReport :529	Iteration order decides which witnesses enter SLACK_SAMPLES (capped at 3, printed in insertion order by slackReport); counters commute.
core/src/main/java/com/legend/exec/SqlTypeCensus.java:405	HashSet	WireWatch.looseNulled	LOOKUP		none (add at SqlTypeCensus.java:447, contains at :492)	Only add/contains.
core/src/main/java/com/legend/lowering/Fold.java:1217	HashSet	floatCols	LOOKUP		none (isEmpty at Fold.java:1223, contains at :1230)	Projections are walked in list order; the set is only asked contains.
core/src/main/java/com/legend/lowering/Render.java:94	HashMap	byName	LOOKUP		none (get at Render.java:103)	relCols are produced in inner.outputs() order; the map is only get.
core/src/main/java/com/legend/lowering/Render.java:165	HashMap	byName	LOOKUP		none (get at Render.java:173)	relCols are produced in inner.outputs() order; the map is only get.
core/src/main/java/com/legend/lowering/Render.java:395	HashMap	byName	LOOKUP		none (get at Render.java:404)	relCols are produced in inner.outputs() order; the map is only get.
core/src/main/java/com/legend/lowering/Render.java:815	HashMap	byName	LOOKUP		none (get at Render.java:825)	relCols are produced in cols (outputs) order; the map is only get.
core/src/main/java/com/legend/lowering/SqlPostProcessors.java:49	HashSet	seen	LOOKUP		none (add at SqlPostProcessors.java:76)	Let-chase cycle guard; renames go into a LinkedHashMap in tree order.
core/src/main/java/com/legend/lowering/SqlPostProcessors.java:180	HashMap	levelIndex	LOOKUP		none (getOrDefault/put at SqlPostProcessors.java:208-209)	Per-level counter; CTE names come from the ordered tree walk, the map is only getOrDefault/put.
core/src/main/java/com/legend/normalizer/MappingNormalizer.java:496	HashSet	seen	LOOKUP		none (add at MappingNormalizer.java:500,579)	Cycle guard for chained source functions in inlineRootSource; only add.
core/src/main/java/com/legend/normalizer/MappingNormalizer.java:2614	HashSet	seen	LOOKUP		none (add at MappingNormalizer.java:2615)	View-chain cycle guard; only add.
core/src/main/java/com/legend/normalizer/ModelNormalizer.java:157	HashSet	universe	ITERATED-SAFE		ModelNormalizer.java:162 (copy into LinkedHashSet)	The copy is passed to NameResolver.resolveQueryIn (ModelNormalizer.java:174), whose Scope.knownFqns is used only via contains.
core/src/main/java/com/legend/OpSeeds.java:132	HashMap	legacyByMapping	LOOKUP		none (computeIfAbsent at OpSeeds.java:139)	Memo of legacy sets per mapping; rows are emitted in graph.sets()/chain order.
core/src/main/java/com/legend/parser/section/DataQualityValidationSectionGrammar.java:86	HashSet	seenKeys	LOOKUP		none (TokenStreamCursor.once at :91)	once() only calls seen.add to reject a duplicated field.
core/src/main/java/com/legend/parser/section/DataQualityValidationSectionGrammar.java:200	HashSet	seenKeys2	LOOKUP		none (once at :203, contains at :220)	Duplicate-field guard plus a contains("validations") check.
core/src/main/java/com/legend/parser/section/DataQualityValidationSectionGrammar.java:250	HashSet	seen	LOOKUP		none (once at :254)	once() only calls seen.add.
core/src/main/java/com/legend/parser/section/DataQualityValidationSectionGrammar.java:285	HashSet	seenTest	LOOKUP		none (once at :288)	once() only calls seen.add.
core/src/main/java/com/legend/parser/section/DataQualityValidationSectionGrammar.java:389	HashSet	seenKeys3	LOOKUP		none (once at :392)	once() only calls seen.add.
core/src/main/java/com/legend/parser/section/DataQualityValidationSectionGrammar.java:459	HashSet	seen	LOOKUP		none (once at :463)	once() only calls seen.add.
core/src/main/java/com/legend/parser/section/DataSpaceSectionGrammar.java:97	HashSet	seenKeys	LOOKUP		none (once at :105)	once() only calls seen.add.
core/src/main/java/com/legend/parser/section/DataSpaceSectionGrammar.java:208	HashSet	seen	LOOKUP		none (once at :211)	once() only calls seen.add.
core/src/main/java/com/legend/parser/section/DataSpaceSectionGrammar.java:267	HashSet	seenKeys2	LOOKUP		none (once at :270)	once() only calls seen.add.
core/src/main/java/com/legend/parser/section/DataSpaceSectionGrammar.java:326	HashSet	seen	LOOKUP		none (once at :329)	once() only calls seen.add.
core/src/main/java/com/legend/parser/section/DataSpaceSectionGrammar.java:373	HashSet	seen	LOOKUP		none (once at :376)	once() only calls seen.add.
core/src/main/java/com/legend/parser/section/DataSpaceSectionGrammar.java:398	HashSet	seen	LOOKUP		none (once at :401)	once() only calls seen.add.
core/src/main/java/com/legend/parser/section/DataSpaceSectionGrammar.java:426	HashSet	seen	LOOKUP		none (once at :429)	once() only calls seen.add.
core/src/main/java/com/legend/parser/section/DataSpaceSectionGrammar.java:468	HashSet	seenKeys3	LOOKUP		none (once at :472)	once() only calls seen.add.
core/src/main/java/com/legend/parser/section/DataSpaceSectionGrammar.java:572	HashSet	seenKeys4	LOOKUP		none (once at :576)	once() only calls seen.add.
core/src/main/java/com/legend/parser/section/DataSpaceSectionGrammar.java:652	HashSet	seenKeys5	LOOKUP		none (once at :656)	once() only calls seen.add.
core/src/main/java/com/legend/parser/section/DiagramSectionGrammar.java:184	HashSet	seenKeys	LOOKUP		none (add at :191)	Duplicate-field guard; only add.
core/src/main/java/com/legend/parser/section/DiagramSectionGrammar.java:241	HashSet	seenKeys2	LOOKUP		none (add at :248)	Duplicate-field guard; only add.
core/src/main/java/com/legend/parser/section/DiagramSectionGrammar.java:303	HashSet	seenKeys3	LOOKUP		none (add at :310)	Duplicate-field guard; only add.
core/src/main/java/com/legend/parser/section/FunctionActivatorSectionGrammar.java:204	HashSet	seenKeys	LOOKUP		none (once at :211)	once() only calls seen.add.
core/src/main/java/com/legend/parser/section/QueryPostProcessorSectionGrammar.java:58	HashSet	seenKeys	LOOKUP		none (once at :61)	once() only calls seen.add.
core/src/main/java/com/legend/parser/SpecParser.java:236	HashMap	root constStrings scope	LOOKUP		none (get at SpecParser.java:258, put at :464)	Scope maps are only get/put; the ordered ArrayDeque of scopes is what is iterated.
core/src/main/java/com/legend/parser/SpecParser.java:267	HashMap	scope (lambda const scope)	LOOKUP		none (put at SpecParser.java:269,464, get at :258)	Shadow map per lambda; only get/put.
core/src/main/java/com/legend/plan/PlanText.java:599	HashSet	seen (enumMappingOf)	LOOKUP		none (add at PlanText.java:609)	Include-cycle guard; search walks ordered lists.
core/src/main/java/com/legend/protocol/ModelComposer.java:144	HashSet	named	LOOKUP		none (addAll at ModelComposer.java:146, contains at :152)	Membership of section-named paths; only addAll/contains.
core/src/main/java/com/legend/resolver/ClassSources.java:320	IdentityHashMap	routedSources	LOOKUP		none (computeIfAbsent at ClassSources.java:301)	Per-route-list memo; only computeIfAbsent, never iterated.
core/src/main/java/com/legend/resolver/ClassSources.java:1396	HashSet	viewIds	LOOKUP		none (add at ClassSources.java:1400, isEmpty at :1404, contains at :1406)	Filter set over the ordered local list; only add/isEmpty/contains.
core/src/main/java/com/legend/resolver/ObjectReferenceDecode.java:110	HashSet	seen	LOOKUP		none (add at ObjectReferenceDecode.java:139)	Include-cycle guard; JSON is built from a LinkedHashMap.
core/src/main/java/com/legend/sql/dialect/CatalogModel.java:95	HashSet	seen	LOOKUP		none (add at CatalogModel.java:97)	Case-insensitive duplicate-column check over the ordered columns list; only add.
core/src/main/java/com/legend/sql/SqlTyping.java:604	HashSet	rejected	ITERATED-SAFE		SqlTyping.java:657 (intersects loop)	Iterated only in intersects(), an any-match returning a boolean; otherwise isEmpty (:606) and passed down unchanged.
core/src/main/java/com/legend/sql/SqlTyping.java:610	HashMap	tree	LOOKUP		none (filled by putAll at SqlTyping.java:646-647, get at :615)	Outputs are walked in list order and look up nullability by name; only get.
core/src/main/java/com/legend/sql/SqlTyping.java:636	HashMap	left	ITERATED-SAFE		SqlTyping.java:646 (out.putAll(left)), :641 replaceAll	Keys are unique, so putAll into another lookup map and per-entry replaceAll cannot depend on order; left-before-right precedence comes from statement order, not iteration.
core/src/main/java/com/legend/sql/SqlTyping.java:637	HashMap	right	ITERATED-SAFE		SqlTyping.java:647 (out.putAll(right)), :644 replaceAll	Same as left: putAll into a lookup map plus per-entry replaceAll; order unobservable.
core/src/main/java/com/legend/sql/SqlTyping.java:675	HashSet	out (whereNullRejections() return)	LOOKUP		none (Fold.java:562,580 -> sideRejected isEmpty/contains at Fold.java:996-1000)	The returned set is only asked isEmpty/contains by Fold.sourceColumn's sideRejected.
core/src/main/java/com/legend/test/PureTestRunner.java:401	HashMap	bodyShapes	LOOKUP		none (put at PureTestRunner.java:432, get at :404)	Census map read by bodyShape(fqn) get only; never iterated.
core/src/main/java/com/legend/AssertVerdicts.java:1021	new java.util.HashSet<>()	seen (sortKeys cycle guard)	LOOKUP		none: only seen.add at AssertVerdicts.java:1102	The fresh set is threaded through sortKeys' recursion and used only as `if (!seen.add(v.name())) return null;` to stop let cycles.
core/src/main/java/com/legend/AssertVerdicts.java:1143	new java.util.HashSet<>()	seen (chaseLets)	LOOKUP		none: only seen.add at AssertVerdicts.java:1145	Local cycle guard in `while (s instanceof TypedVariable v && seen.add(v.name()))`; never iterated or returned.
core/src/main/java/com/legend/BodyCompiler.java:57	new java.util.HashMap<>()	effectMemo	LOOKUP		none: StatementEffects.java:45-69 get/put only	Passed to StatementEffects.containsEffect, which only memo.get(key)/memo.put(key, ...) by FunctionId; never iterated.
core/src/main/java/com/legend/builtin/Pure.java:600	new java.util.HashMap<>()	Index.CLASS_BY_FQN	LOOKUP		Pure.java:647 get; keySet exposed by nativeClassFqns() at Pure.java:734 but that method has no caller in any source tree	Filled at 620, read by get in findNativeClass; the unmodifiable keySet view nativeClassFqns() returns is never called (grep finds only its declaration), so the hash order is latent, never observed today.
core/src/main/java/com/legend/builtin/Pure.java:601	new java.util.HashMap<>()	Index.ENUM_BY_FQN	LOOKUP		Pure.java:682 get; keySet exposed by nativeEnumFqns() at Pure.java:739 but that method has no caller	Filled at 623, read by get in findNativeEnum; nativeEnumFqns() (the only iteration path) has no caller anywhere, so never iterated today.
core/src/main/java/com/legend/builtin/Pure.java:602	new java.util.HashMap<>()	Index.FN_BY_FQN	LOOKUP		none: computeIfAbsent at 626, getOrDefault at 729	Private holder-class map read only by nativeFunctionsAt's getOrDefault; the value lists are ArrayLists filled in catalog (ALL) order.
core/src/main/java/com/legend/builtin/Pure.java:616	new java.util.HashMap<>()	Index.FN_BY_ID	LOOKUP		none: put at 627, get at 642	Private holder-class map read only by nativeFunctionById's get.
core/src/main/java/com/legend/builtin/Pure.java:657	new java.util.HashMap<>()	out (SubclassIndex.build)	ITERATED-SAFE		Pure.java:668 out.forEach copies into another HashMap (frozen)	Its only iteration builds the unordered `frozen` map; each per-key list was filled in ALL_CLASSES order, not hash order.
core/src/main/java/com/legend/builtin/Pure.java:667	new java.util.HashMap<>()	frozen	ITERATED-SAFE		Pure.java:669 new LinkedHashMap<>(frozen) freezes hash order into DIRECT, whose only reader is DIRECT.get at Pure.java:676	DIRECT is private to the private SubclassIndex class and is read only by directNativeSubclasses via get(fqn), so the frozen hash order is never observed.
core/src/main/java/com/legend/builtin/Subsumed.java:116	new java.util.HashMap<>()	m (-> BY_FQN)	ITERATED-SAFE		Subsumed.java:120 copy into LinkedHashMap BY_FQN; BY_FQN read only by get at Subsumed.java:125	The hash order is copied into private BY_FQN, whose sole use is Subsumed.of's BY_FQN.get(calleeFqn).
core/src/main/java/com/legend/Compiler.java:150	new java.util.HashMap<>()	offsets (-> ParsedModel.elementOffsets)	ITERATED-SAFE		ParsedModel.java:49 copies it into a LinkedHashMap; every reader of elementOffsets() uses get (Compiler.java:83,198,520; PreludeGenerator.java:892) or hands it to another ParsedModel copy	No keySet/entrySet/values/forEach or method ref on elementOffsets exists anywhere; the only iterations are ParsedModel's copy constructors.
core/src/main/java/com/legend/Compiler.java:152	new java.util.HashMap<>()	elementImports (-> ParsedModel.elementImports)	ITERATED-SAFE		ParsedModel.java:51 copy; readers get/getOrDefault: Compiler.java:202, NameResolver.java:218, ModelNormalizer.java:169, ModelBuilder.java:1274 (via the field set at 224), ChannelB.java:270	Every consumer of elementImports() looks one element key up; nothing iterates it beyond the LinkedHashMap copies in ParsedModel.
core/src/main/java/com/legend/Compiler.java:153	new java.util.HashMap<>()	elementSources (-> ParsedModel.elementSources)	ITERATED-SAFE		ParsedModel.java:53 copy; readers get: Compiler.java:518, PreludeGenerator.java:891	Only ever looked up by element key for error attribution; iterated only by ParsedModel's copy constructors.
core/src/main/java/com/legend/Compiler.java:155	new java.util.HashMap<>()	seen (dedupe key -> source)	LOOKUP		none: putIfAbsent at 184	First-definition-wins is decided by the sources/elements list order; the map is only asked putIfAbsent, and `duplicates` is appended in that list order.
core/src/main/java/com/legend/Compiler.java:296	new java.util.HashMap<>()	own (boot system functions by id)	LOOKUP		none: put at 301, get at 308	Local to the boot lambda; only put and get by FunctionId.
core/src/main/java/com/legend/Compiler.java:297	new java.util.HashSet<>()	adopted (boot)	LOOKUP		none: add at 311, contains at 321	Local to the boot lambda and not returned (Boot carries no adopted set); only add/contains while building lists in element order.
core/src/main/java/com/legend/Compiler.java:363	new java.util.HashSet<>(SystemMetamodel.elementFqns())	out (-> BootFqns.ALL)	ITERATED-SAFE		Compiler.java:366 copy into LinkedHashSet ALL; ALL is addAll'd into HashSet `known` at NameResolver.java:186, read only by Scope.knownFqns().contains (NameResolver.java:323,352,640,654,675)	bootFqns() has two callers (Compiler.java:225,501), both resolveAlongside, which merges it into a lookup-only HashSet.
core/src/main/java/com/legend/Compiler.java:418	new java.util.HashSet<>()	adopted (normalizeWithSystem -> Layer.adopted)	ITERATED-SAFE		PureModelContext.java:125 signatureKeys.removeAll(adopted)	Used by add (427), isEmpty (442) and contains (451) here, then only by CheckedLayer.without (Compiler.java:226,503) as removeAll, a set difference whose result does not depend on order.
core/src/main/java/com/legend/Compiler.java:701	new java.util.HashMap<>()	memo	LOOKUP		none: StatementEffects.java:45-69 get/put	Passed only to StatementEffects.containsEffect, a get/put memo keyed by FunctionId.
core/src/main/java/com/legend/Compiler.java:702	new java.util.HashMap<>()	verdictMemo	LOOKUP		none: StatementEffects.java:133-148 get/put	Passed only to StatementEffects.callsVerdict, a get/put memo keyed by FunctionId.
core/src/main/java/com/legend/Compiler.java:703	new java.util.HashMap<>()	storeMemo	LOOKUP		none: SeededStores.java:74-91 get/put	Passed only to SeededStores.of, which memo.get/memo.put per callee; the stored sets are LinkedHashSets and the result `stores` is a LinkedHashSet.
core/src/main/java/com/legend/compiler/element/FunctionCompiler.java:44	new java.util.HashMap<>()	at (per-FQN overload cache)	LOOKUP		none: get at 46, put at 49	Only get/put; the returned `all` list is built in BareNames.tiered order, not the map's.
core/src/main/java/com/legend/compiler/element/FunctionCompiler.java:73	new java.util.HashSet<>()	catalogIds	LOOKUP		none: add at 75, contains at 78	Membership filter only; `all` keeps catalog then model-declaration order.
core/src/main/java/com/legend/compiler/element/ModelContext.java:55	new java.util.HashSet<>(elementFqns())	u (default resolutionUniverse)	ITERATED-SAFE		ModelContext.java:57 copy into LinkedHashSet; callers Compiler.java:654 and ChannelB.java:274 pass it to NameResolver.resolveQueryIn, whose Scope uses knownFqns only via contains	resolutionUniverse() has two callers, both feeding Scope.preludeOf(imports, universe) where the set is only asked contains (PureModelContext also overrides it with a contains-only view).
core/src/main/java/com/legend/compiler/element/ModelContext.java:372	new java.util.HashSet<>()	visited (isSubtype)	LOOKUP		none: visited.add at 422	Inheritance-cycle guard only; the answer is a boolean reachability.
core/src/main/java/com/legend/compiler/element/ModelContext.java:380	new java.util.HashSet<>()	visited (isDeclaredSubtype)	LOOKUP		none: visited.add at 387	Inheritance-cycle guard only; the answer is a boolean reachability.
core/src/main/java/com/legend/compiler/ModelBuilder.java:112	new java.util.HashSet<>()	registeredElements	LOOKUP		none: add at 398	Duplicate-registration test `if (!registeredElements.add(id))`; ordered iteration uses the separate LinkedHashSet elementOrder.
core/src/main/java/com/legend/compiler/ModelBuilder.java:159	new java.util.HashSet<>()	foreignConnections	LOOKUP		none: add at 585, contains at 907	Private field used only for membership.
core/src/main/java/com/legend/compiler/ModelBuilder.java:169	new java.util.HashMap<>()	functionsById	LOOKUP		none: computeIfAbsent at 602, get at 923, containsKey at 929	Private field; only keyed reads/writes.
core/src/main/java/com/legend/compiler/ModelBuilder.java:552	new java.util.HashMap<>()	idOwner	LOOKUP		none: putIfAbsent at 558	The collision error names `prev` and the current class mapping, both fixed by md.classMappings() list order, not by the map.
core/src/main/java/com/legend/compiler/ModelBuilder.java:944	new java.util.HashSet<>()	seen (findFilter)	LOOKUP		none: seen.add at 954	Include-cycle guard only; the include walk order is the includes list.
core/src/main/java/com/legend/compiler/ModelBuilder.java:982	new java.util.HashSet<>()	seen (findJoin)	LOOKUP		none: seen.add at 994	Include-cycle guard only.
core/src/main/java/com/legend/compiler/ModelBuilder.java:1029	new java.util.HashSet<>()	seen (indexedView via findView)	LOOKUP		none: seen.add at 1187	Include-cycle guard only.
core/src/main/java/com/legend/compiler/ModelBuilder.java:1039	new java.util.HashSet<>()	seen (findTableDefinition)	LOOKUP		none: seen.add at 1044	Include-cycle guard only.
core/src/main/java/com/legend/compiler/ModelBuilder.java:1180	new java.util.HashSet<>()	seen (indexedView via viewLift)	LOOKUP		none: seen.add at 1187	Include-cycle guard only.
core/src/main/java/com/legend/compiler/spec/Bindings.java:29	new java.util.HashSet<>()	rigid	ITERATED-SAFE		Bindings.java:91 c.rigid.addAll(rigid) into the copy's HashSet	Otherwise only add (46) and contains (50); the one iteration fills another lookup-only set.
core/src/main/java/com/legend/compiler/spec/OrderView.java:90	new java.util.HashSet<>()	seen	LOOKUP		none: seen.add at 137	Let-cycle guard; the hook receives java.util.Set.of(), never this set (OrderView.java:153).
core/src/main/java/com/legend/compiler/spec/OrderView.java:100	new java.util.HashSet<>()	seen	LOOKUP		none: seen.add at 137	Same recursion as line 90: cycle guard only.
core/src/main/java/com/legend/compiler/spec/SourceSubst.java:353	new java.util.HashMap<>()	Call.free	LOOKUP		none: computeIfAbsent at 363	Private memo; mentioned() iterates entries.keySet(), not this map.
core/src/main/java/com/legend/compiler/spec/UserCallInliner.java:115	new java.util.IdentityHashMap<>()	reducedTerms	LOOKUP		none: merge at 221, compute at 228, containsKey at 1151	Identity-keyed counter, documented and verified never iterated.
core/src/main/java/com/legend/compiler/spec/UserCallInliner.java:654	new java.util.HashSet<>()	visited (argument)	LOOKUP		none: declaredSubtype (UserCallInliner.java:730-732) ignores the parameter	The set is passed and discarded: declaredSubtype just returns ctx.isDeclaredSubtype(cls, sup).
core/src/main/java/com/legend/compiler/spec/UserCallInliner.java:715	new java.util.HashSet<>()	visited (argument)	LOOKUP		none: declaredSubtype (UserCallInliner.java:730-732) ignores the parameter	The set is never touched; `out` is a LinkedHashSet filled in md.classBindings() order.
core/src/main/java/com/legend/compiler/spec/UserCallInliner.java:742	new java.util.HashSet<>()	anc (one class's declared ancestors)	LOOKUP		none: add at 747, contains at 675	Stored as a value of declaredAncestors and read only with anc.contains(armType) && anc.contains(ct.fqn()).
core/src/main/java/com/legend/compiler/spec/UserCallInliner.java:768	new java.util.HashMap<>()	declaredAncestors	ITERATED-SAFE		UserCallInliner.java:674 loop over values() that sets `related = true; break;` on the first match	The iteration is an anyMatch whose boolean result does not depend on order.
core/src/main/java/com/legend/exec/InstanceIds.java:24	new java.util.IdentityHashMap<>()	ids	LOOKUP		none: computeIfAbsent and size at 30	Ids are numbered by the order idOf is called (typed-tree walk), never by iterating the map.
core/src/main/java/com/legend/lineage/ScanRelations.java:1961	new java.util.HashMap<>()	scope	ITERATED-SAFE		ScanRelations.java:2029 new HashMap<>(scope) copy into another lookup-only map	Otherwise put("this") and containsKey/get at 2052/2059; the result lists follow the body's walk order.
core/src/main/java/com/legend/lineage/ScanRelations.java:2029	new java.util.HashMap<>(scope)	inner	ITERATED-SAFE		ScanRelations.java:2029 (recursive copy) only	put of the lambda param, then passed as scope to scopedChains where it is only containsKey/get (2052/2059) or copied again.
core/src/main/java/com/legend/lineage/ScanRelations.java:2349	new java.util.HashSet<>()	seen (propertyTargetClass)	LOOKUP		none: seen.add at 2364	BFS visit guard; the walk order is the ArrayDeque fed in superClasses() list order.
core/src/main/java/com/legend/lowering/Lowerer.java:291	new java.util.HashSet<>(letBindings.keySet())	queryScope	LOOKUP		none: TypedSubst.renameBinders uses it via isEmpty/contains only (TypedSubst.java:83,101,280,307-308)	Fresh names are minted by counting k upward and testing contains, so the result is independent of set order.
core/src/main/java/com/legend/lowering/Lowerer.java:292	new java.util.HashSet<>(letBindings.keySet())	reserved	LOOKUP		none: TypedSubst.renameBinders uses it via isEmpty/contains only (TypedSubst.java:83,101,280,307-308)	Same as queryScope: add/addAll here, contains in the renamer.
core/src/main/java/com/legend/lowering/Lowerer.java:815	new java.util.IdentityHashMap<>()	calCtx	LOOKUP		none: put at CalendarAgg.java:87, get at Lowerer.java:1123	Filled per agg by joinCalendars and read per agg by aggCols' cal.get(a); the join order comes from CalendarAgg's own LinkedHashMap byKey.
core/src/main/java/com/legend/lowering/Lowerer.java:1612	new java.util.IdentityHashMap<>()	whereZones	LOOKUP		none: whereZones::get at 1556, getOrDefault/put at WhereMerge.java:40/52	Identity registry of WHERE splits; only keyed reads/writes.
core/src/main/java/com/legend/lowering/RelationPredicates.java:64	new java.util.HashSet<>(outer)	scope	ITERATED-SAFE		RelationPredicates.java:64 (recursive copy via readsUnbound(sub.inner(), scope) at 115)	Otherwise add (101) and contains (123); the copy builds another lookup-only set and the result is a boolean.
core/src/main/java/com/legend/lowering/RelationPredicates.java:86	new java.util.HashSet<>()	scope (frameAliases return)	LOOKUP		none: callers GraphAggDecorrelate.java:40,77 use outer.contains/inner.contains (96,97,101,202)	Returned set is only asked contains by its two callers.
core/src/main/java/com/legend/model/DatabaseDefinition.java:70	Collections.newSetFromMap(new java.util.IdentityHashMap<>())	owned (tables)	LOOKUP		none: addAll at 72, contains at 76	Membership filter; `out` follows the `tables` list order.
core/src/main/java/com/legend/model/DatabaseDefinition.java:86	Collections.newSetFromMap(new java.util.IdentityHashMap<>())	owned (views)	LOOKUP		none: addAll at 88, contains at 92	Membership filter; `out` follows the `views` list order.
core/src/main/java/com/legend/model/MappingDefinition.java:138	new java.util.HashMap<>()	AssociationBindings.byAssociation	LOOKUP		none: putIfAbsent at 143, get at 129	Private field; list order comes from `all`.
core/src/main/java/com/legend/model/MappingDefinition.java:173	new java.util.HashMap<>()	ClassBindings.byClass	ITERATED-SAFE		MappingDefinition.java:188 byClass.replaceAll((k, v) -> List.copyOf(v))	replaceAll rewrites each value independently (commutes); otherwise computeIfAbsent (184) and get (207), lists in declaration order.
core/src/main/java/com/legend/model/MappingDefinition.java:174	new java.util.HashMap<>()	ClassBindings.bySetId	LOOKUP		none: putIfAbsent at 185, get at 213	First-in-declaration-order wins via putIfAbsent over the `all` list; read only by get.
core/src/main/java/com/legend/model/MappingDefinition.java:175	new java.util.HashMap<>()	ClassBindings.byFunction	LOOKUP		none: putIfAbsent at 186, get at 218	Private field; keyed reads only.
core/src/main/java/com/legend/model/MappingDefinition.java:177	new java.util.IdentityHashMap<>()	ClassBindings.position	LOOKUP		none: put at 183, get via position::get at 227	Used only as the sort key that restores declaration order in ofClasses.
core/src/main/java/com/legend/model/MappingDefinition.java:455	new java.util.HashSet<>()	seen (withIncludes)	LOOKUP		none: add at 456 and 474	Include-cycle guard; `out` is depth-first in includes() list order.
core/src/main/java/com/legend/normalizer/MappingLedger.java:74	new java.util.HashSet<>()	out (mappedInClosure)	ITERATED-SAFE		MappingLedger.java:80 copy into LinkedHashSet; the ledger reads it only via contains at MappingLedger.java:69	Sole main caller MappingNormalizer.java:183 hands it to the MappingLedger constructor, whose private field is used only by isMapped's contains.
core/src/main/java/com/legend/normalizer/ViewRelation.java:94	new java.util.HashSet<>()	ones	LOOKUP		none: add at 97, contains at 287	Passed to declaredOne, which only asks ones.contains(column).
core/src/main/java/com/legend/parser/section/FileGenerationSectionGrammar.java:71	new java.util.HashSet<>()	namedSeen	LOOKUP		none: add at 83	Duplicate-key test only; the error names the current key.
core/src/main/java/com/legend/parser/section/MongoDBSectionGrammar.java:92	new java.util.HashSet<>()	seenKeys	LOOKUP		none: TokenStreamCursor.once at 96 (seen.add at TokenStreamCursor.java:302)	Duplicate-key test only.
core/src/main/java/com/legend/parser/section/PersistenceSectionGrammar.java:93	new java.util.HashSet<>()	seen	LOOKUP		none: add at 98, contains at 153	Required-field check iterates the fixed array {"doc","trigger","service"}, not the set.
core/src/main/java/com/legend/parser/section/PersistenceSectionGrammar.java:357	new java.util.HashSet<>()	walked	LOOKUP		none: add at 360, contains at 380 and 386	Loops iterate the `ordered` list and node.entries(), not the set.
core/src/main/java/com/legend/parser/section/PersistenceSectionGrammar.java:378	new java.util.HashSet<>()	seen	LOOKUP		none: add at 380	Duplicate check while iterating node.entries() in order.
core/src/main/java/com/legend/parser/section/PersistenceSectionGrammar.java:746	new java.util.HashSet<>()	seenKeys	LOOKUP		none: add at 751	Duplicate-key test only.
core/src/main/java/com/legend/parser/section/PersistenceSectionGrammar.java:803	new java.util.HashSet<>()	seenBatchKeys	LOOKUP		none: add at 808	Duplicate-key test only.
core/src/main/java/com/legend/parser/section/PersistenceSectionGrammar.java:884	new java.util.HashSet<>()	seenCtx	LOOKUP		none: add at 889	Duplicate-key test only.
core/src/main/java/com/legend/parser/section/ServiceSectionGrammar.java:126	new java.util.HashSet<>()	seenKeys	LOOKUP		none: add at 130	Duplicate-key test only.
core/src/main/java/com/legend/parser/section/ServiceSectionGrammar.java:415	new java.util.HashSet<>()	seenPvKeys	LOOKUP		none: add at 419, contains at 531 and 535	Duplicate and required-key tests only.
core/src/main/java/com/legend/parser/section/ServiceSectionGrammar.java:550	new java.util.HashSet<>()	seenKeys	LOOKUP		none: add at 554	Duplicate-key test only.
core/src/main/java/com/legend/parser/section/ServiceSectionGrammar.java:661	new java.util.HashSet<>()	seenSuiteKeys	LOOKUP		none: add at 666	Duplicate-key test only.
core/src/main/java/com/legend/parser/section/ServiceSectionGrammar.java:862	new java.util.HashSet<>()	seenTestKeys	LOOKUP		none: add at 866	Duplicate-key test only.
core/src/main/java/com/legend/parser/section/ServiceSectionGrammar.java:1043	new java.util.HashSet<>()	seenExecKeys	LOOKUP		none: add at 1047	Duplicate-key test only.
core/src/main/java/com/legend/parser/section/ServiceSectionGrammar.java:1097	new java.util.HashSet<>()	seenMultiKeys	LOOKUP		none: add at 1102	Duplicate-key test only.
core/src/main/java/com/legend/parser/section/ServiceSectionGrammar.java:1170	new java.util.HashSet<>()	seenKeys	LOOKUP		none: add at 1174	Duplicate-key test only.
core/src/main/java/com/legend/parser/section/TextSectionGrammar.java:42	new java.util.HashSet<>()	seenKeys	LOOKUP		none: TokenStreamCursor.once at 45 (seen.add at TokenStreamCursor.java:313)	Duplicate-key test only.
core/src/main/java/com/legend/parser/ServiceStubDataParser.java:49	new java.util.HashSet<>()	seenReq	LOOKUP		none: add at 54	Duplicate-key test only.
core/src/main/java/com/legend/parser/ServiceStubDataParser.java:165	new java.util.HashSet<>()	names	LOOKUP		none: add at 177	Duplicate-name test; `out` is a list in source order.
core/src/main/java/com/legend/probe/Shadow.java:78	new java.util.HashMap<>()	out (-> Sink.FORM_AT)	ITERATED-SAFE		Shadow.java:84 copy into LinkedHashMap FORM_AT; FORM_AT read only by get at Shadow.java:229	The hash order is frozen into FORM_AT and never iterated (probe tooling in any case).
core/src/main/java/com/legend/resolver/InnerDemand.java:751	new java.util.IdentityHashMap<>()	out (inQueryReads)	LOOKUP		none: put in collectInQuery; consumers Substitution.java:546,627,1094 call get	Returned through InnerDemand.inQueryReads -> StoreResolver.inQueryReadsFor -> Substitution.Registries; every reader is inQueryReads().get(n).
core/src/main/java/com/legend/resolver/StoreResolver.java:194	new java.util.HashSet<>(letBindings.keySet())	queryScope	LOOKUP		none: TypedSubst.renameBinders uses it via isEmpty/contains only (TypedSubst.java:83,101,280,307-308)	add here, contains in the renamer; fresh names come from a counter.
core/src/main/java/com/legend/resolver/StoreResolver.java:195	new java.util.HashSet<>(letBindings.keySet())	reserved	LOOKUP		none: TypedSubst.renameBinders uses it via isEmpty/contains only (TypedSubst.java:83,101,280,307-308)	add/addAll here, contains in the renamer.
core/src/main/java/com/legend/resolver/StoreResolver.java:1492	new java.util.HashSet<>()	fetched	ITERATED-SAFE		StoreResolver.java:1498 fetched.stream().allMatch(elements()::intrinsicClass)	allMatch plus isEmpty: the decision and the fixed error text do not depend on order.
core/src/main/java/com/legend/setup/Ddl.java:126	new java.util.HashSet<>()	inSchemas	LOOKUP		none: add at 129, contains at 133	Membership filter; the DDL lines follow defaults.values() order, not this set.
core/src/main/java/com/legend/sql/dialect/Postgres.java:1180	new java.util.HashMap<>()	m (-> BUCKET_ORIGINS)	ITERATED-SAFE		Postgres.java:1185 copy into LinkedHashMap BUCKET_ORIGINS; read only by get at Postgres.java:927	Private constant whose single use is BUCKET_ORIGINS.get(unit).
sdlc-server/src/main/java/com/legend/sdlc/Git.java:36	new java.util.HashMap<>()	children (pending-child counts)	LOOKUP		none: merge at 45 and 63	Counts only; the history order comes from the PriorityQueue (time, then discovery index).
sdlc-server/src/main/java/com/legend/sdlc/Git.java:50	new java.util.HashMap<>()	found (discovery index)	LOOKUP		none: put at 51, getOrDefault at 55	Filled by iterating commits.keySet() (a LinkedHashMap, ordered); read only as the tie-break key.
sdlc-server/src/main/java/com/legend/sdlc/Git.java:71	new java.util.HashSet<>()	seen (reaches)	LOOKUP		none: seen.add at 77	Visit guard for a boolean reachability answer.
